time_step,state,pattern,status,mapped_to,probability,path_probability,decision,confidence,distance
1,abb,bba,known,bba,0.32642487046632124,0.32642487046632124,normal,0.32642487046632124,0
2,bba,bab,known,bab,0.46994535519125685,0.15340185169455534,normal,0.46994535519125685,0
3,bab,abb,known,abb,0.4972677595628415,0.07628179510494282,normal,0.4972677595628415,0
4,abb,bba,known,bba,0.32642487046632124,0.02490027508606942,normal,0.32642487046632124,0
5,bba,bab,known,bab,0.46994535519125685,0.011701768619682897,normal,0.46994535519125685,0
6,bab,aba,known,aba,0.4426229508196721,0.005179471356253085,normal,0.4426229508196721,0
7,aba,baa,known,baa,0.5355191256830601,0.0027737059722011057,normal,0.5355191256830601,0
8,baa,aab,known,aab,0.30198019801980197,0.0008376042787339972,normal,0.30198019801980197,0
9,aab,aba,known,aba,0.4744897959183674,0.00039743468327684564,normal,0.4744897959183674,0
10,aba,baa,known,baa,0.5355191256830601,0.0002128338741045403,normal,0.5355191256830601,0
11,baa,aab,known,aab,0.30198019801980197,6.427161544741068e-05,normal,0.30198019801980197,0
12,aab,aba,known,aba,0.4744897959183674,3.049622569698568e-05,normal,0.4744897959183674,0
13,aba,baa,known,baa,0.5355191256830601,1.6331312121883044e-05,normal,0.5355191256830601,0
14,baa,aab,known,aab,0.30198019801980197,4.931732868489434e-06,normal,0.30198019801980197,0
15,aab,abb,known,abb,0.49489795918367346,2.440704531854465e-06,normal,0.49489795918367346,0
16,abb,bbb,known,bbb,0.5647668393782384,1.378428984311589e-06,normal,0.5647668393782384,0
17,bbb,bbb,known,bbb,0.6860670194003528,9.456946647217075e-07,normal,0.6860670194003528,0
18,bbb,bbb,known,bbb,0.6860670194003528,6.488099198884377e-07,normal,0.6860670194003528,0
19,bbb,bbc,known,bbc,0.13403880070546736,8.696570354765656e-08,anomaly,0.13403880070546736,0
20,bbc,bcb,known,bcb,0.5798319327731093,5.042549197301095e-08,normal,0.5798319327731093,0
21,bcb,cbb,known,cbb,0.5491803278688525,2.7692688214686345e-08,normal,0.5491803278688525,0
22,cbb,bbb,known,bbb,0.6238532110091743,1.7276172464207997e-08,normal,0.6238532110091743,0
23,bbb,bba,known,bba,0.1781305114638448,3.0774134371869623e-09,anomaly,0.1781305114638448,0
24,bba,bab,known,bab,0.46994535519125685,1.4462161508091735e-09,normal,0.46994535519125685,0
25,bab,abb,known,abb,0.4972677595628415,7.191566651564743e-10,normal,0.4972677595628415,0
26,abb,bbb,known,bbb,0.5647668393782384,4.061558367982161e-10,normal,0.5647668393782384,0
27,bbb,bbc,known,bbc,0.13403880070546736,5.4440641263958416e-11,anomaly,0.13403880070546736,0
28,bbc,bcb,known,bcb,0.5798319327731093,3.1566422245488494e-11,normal,0.5798319327731093,0
29,bcb,cba,known,cba,0.1557377049180328,4.916082152985913e-12,anomaly,0.1557377049180328,0
30,cba,bab,known,bab,0.5666666666666667,2.7857798866920172e-12,normal,0.5666666666666667,0
31,bab,aba,known,aba,0.4426229508196721,1.2330501137817125e-12,normal,0.4426229508196721,0
32,aba,bab,known,bab,0.4371584699453552,5.390383011067595e-13,normal,0.4371584699453552,0
33,bab,abb,known,abb,0.4972677595628415,2.6804636830991864e-13,normal,0.4972677595628415,0
34,abb,bbc,known,bbc,0.09844559585492228,2.63879844450179e-14,anomaly,0.09844559585492228,0
35,bbc,bcb,known,bcb,0.5798319327731093,1.5300596022741473e-14,normal,0.5798319327731093,0
36,bcb,cbb,known,cbb,0.5491803278688525,8.402786340358022e-15,normal,0.5491803278688525,0
37,cbb,bbb,known,bbb,0.6238532110091743,5.242105239856381e-15,normal,0.6238532110091743,0
38,bbb,bbb,known,bbb,0.6860670194003528,3.596435517291238e-15,normal,0.6860670194003528,0
39,bbb,bbb,known,bbb,0.6860670194003528,2.467395795813566e-15,normal,0.6860670194003528,0
40,bbb,bba,known,bba,0.1781305114638448,4.3951847509201083e-16,anomaly,0.1781305114638448,0
41,bba,baa,known,baa,0.5027322404371585,2.2096010769653003e-16,normal,0.5027322404371585,0
42,baa,aaa,known,aaa,0.6633663366336634,1.4657749718482686e-16,normal,0.6633663366336634,0
43,aaa,aaa,known,aaa,0.9110671936758893,1.3354194901621577e-16,normal,0.9110671936758893,0
44,aaa,aaa,known,aaa,0.9110671936758893,1.2166568872821238e-16,normal,0.9110671936758893,0
45,aaa,aab,known,aab,0.08827404479578392,1.0739922456904122e-17,anomaly,0.08827404479578392,0
46,aab,abc,known,abc,0.030612244897959183,3.2877313643584047e-19,anomaly,0.030612244897959183,0
47,abc,bcb,known,bcb,0.9444444444444444,3.105079621894049e-19,normal,0.9444444444444444,0
48,bcb,cbb,known,cbb,0.5491803278688525,1.7052486448106664e-19,normal,0.5491803278688525,0
49,cbb,bbb,known,bbb,0.6238532110091743,1.0638248426341772e-19,normal,0.6238532110091743,0
50,bbb,bba,known,bba,0.1781305114638448,1.8949966332637018e-20,anomaly,0.1781305114638448,0
51,bba,bab,known,bab,0.46994535519125685,8.905448659053462e-21,normal,0.46994535519125685,0
52,bab,abb,known,abb,0.4972677595628415,4.428392502589426e-21,normal,0.4972677595628415,0
53,abb,bbb,known,bbb,0.5647668393782384,2.5010092372137175e-21,normal,0.5647668393782384,0
54,bbb,bbb,known,bbb,0.6860670194003528,1.715859952867965e-21,normal,0.6860670194003528,0
55,bbb,bbb,known,bbb,0.6860670194003528,1.1771949235725546e-21,normal,0.6860670194003528,0
56,bbb,bbc,known,bbc,0.13403880070546736,1.5778979575222955e-22,anomaly,0.13403880070546736,0
57,bbc,bca,known,bca,0.04201680672268908,6.629823350934016e-24,anomaly,0.04201680672268908,0
58,bca,cac,known,cac,0.4666666666666667,3.0939175637692075e-24,normal,0.4666666666666667,0
59,cac,aca,known,aca,0.3076923076923077,9.5197463500591e-25,normal,0.3076923076923077,0
60,aca,cab,known,cab,0.5454545454545454,5.192588918214054e-25,normal,0.5454545454545454,0
61,cab,aba,known,aba,0.5384615384615384,2.7960094174998754e-25,normal,0.5384615384615384,0
62,aba,bab,known,bab,0.4371584699453552,1.2222991989070494e-25,normal,0.4371584699453552,0
63,bab,aba,known,aba,0.4426229508196721,5.410176782047596e-26,normal,0.4426229508196721,0
64,aba,bab,known,bab,0.4371584699453552,2.3651046041738123e-26,normal,0.4371584699453552,0
65,bab,aba,known,aba,0.4426229508196721,1.0468495788966054e-26,normal,0.4426229508196721,0
66,aba,baa,known,baa,0.5355191256830601,5.606079712123898e-27,normal,0.5355191256830601,0
67,baa,aab,known,aab,0.30198019801980197,1.692925061581969e-27,normal,0.30198019801980197,0
68,aab,aba,known,aba,0.4744897959183674,8.03275666975118e-28,normal,0.4744897959183674,0
69,aba,bab,known,bab,0.4371584699453552,3.5115876151917724e-28,normal,0.4371584699453552,0
70,bab,abb,known,abb,0.4972677595628415,1.7461993059150344e-28,normal,0.4972677595628415,0
71,abb,bba,known,bba,0.32642487046632124,5.700028822416952e-29,normal,0.32642487046632124,0
72,bba,bab,known,bab,0.46994535519125685,2.678702069551136e-29,normal,0.46994535519125685,0
73,bab,aba,known,aba,0.4426229508196721,1.1856550143914864e-29,normal,0.4426229508196721,0
74,aba,baa,known,baa,0.5355191256830601,6.349409366686649e-30,normal,0.5355191256830601,0
75,baa,aab,known,aab,0.30198019801980197,1.91739589786082e-30,normal,0.30198019801980197,0
76,aab,aba,known,aba,0.4744897959183674,9.097847882706952e-31,normal,0.4744897959183674,0
77,aba,bab,known,bab,0.4371584699453552,3.97720126019976e-31,normal,0.4371584699453552,0
78,bab,aba,known,aba,0.4426229508196721,1.7604005577933366e-31,normal,0.4426229508196721,0
79,aba,baa,known,baa,0.5355191256830601,9.42728167561459e-32,normal,0.5355191256830601,0
80,baa,aab,known,aab,0.30198019801980197,2.8468523871905445e-32,normal,0.30198019801980197,0
81,aab,aba,known,aba,0.4744897959183674,1.3508024082077584e-32,normal,0.4744897959183674,0
82,aba,baa,known,baa,0.5355191256830601,7.233805246139909e-33,normal,0.5355191256830601,0
83,baa,aaa,known,aaa,0.6633663366336634,4.798662886053207e-33,normal,0.6633663366336634,0
84,aaa,aaa,known,aaa,0.9110671936758893,4.371904328993139e-33,normal,0.9110671936758893,0
85,aaa,aaa,known,aaa,0.9110671936758893,3.9830986080352506e-33,normal,0.9110671936758893,0
86,aaa,aaa,known,aaa,0.9110671936758893,3.628870470957017e-33,normal,0.9110671936758893,0
87,aaa,aaa,known,aaa,0.9110671936758893,3.306144836188112e-33,normal,0.9110671936758893,0
88,aaa,aaa,known,aaa,0.9110671936758893,3.012120097791936e-33,normal,0.9110671936758893,0
89,aaa,aaa,known,aaa,0.9110671936758893,2.7442438045100443e-33,normal,0.9110671936758893,0
90,aaa,aaa,known,aaa,0.9110671936758893,2.5001905017374118e-33,normal,0.9110671936758893,0
91,aaa,aaa,known,aaa,0.9110671936758893,2.2778415440730174e-33,normal,0.9110671936758893,0
92,aaa,aaa,known,aaa,0.9110671936758893,2.0752667031969583e-33,normal,0.9110671936758893,0
93,aaa,aaa,known,aaa,0.9110671936758893,1.8907074114106674e-33,normal,0.9110671936758893,0
94,aaa,aaa,known,aaa,0.9110671936758893,1.7225614953761218e-33,normal,0.9110671936758893,0
95,aaa,aaa,known,aaa,0.9110671936758893,1.5693692675264664e-33,normal,0.9110671936758893,0
96,aaa,aaa,known,aaa,0.9110671936758893,1.4298008544065236e-33,normal,0.9110671936758893,0
97,aaa,aaa,known,aaa,0.9110671936758893,1.3026446519395403e-33,normal,0.9110671936758893,0
98,aaa,aaa,known,aaa,0.9110671936758893,1.1867968073994625e-33,normal,0.9110671936758893,0
99,aaa,aaa,known,aaa,0.9110671936758893,1.0812516367809333e-33,normal,0.9110671936758893,0
100,aaa,aaa,known,aaa,0.9110671936758893,9.850928943794668e-34,normal,0.9110671936758893,0
101,aaa,aaa,known,aaa,0.9110671936758893,8.9748581879236e-34,normal,0.9110671936758893,0
102,aaa,aaa,known,aaa,0.9110671936758893,8.176698862910631e-34,normal,0.9110671936758893,0
103,aaa,aaa,known,aaa,0.9110671936758893,7.449522086564824e-34,normal,0.9110671936758893,0
104,aaa,aaa,known,aaa,0.9110671936758893,6.787015181633169e-34,normal,0.9110671936758893,0
105,aaa,aaa,known,aaa,0.9110671936758893,6.1834268749661874e-34,normal,0.9110671936758893,0
106,aaa,aaa,known,aaa,0.9110671936758893,5.633517370275518e-34,normal,0.9110671936758893,0
107,aaa,aab,known,aab,0.08827404479578392,4.972933647015279e-35,anomaly,0.08827404479578392,0
108,aab,aba,known,aba,0.4744897959183674,2.3596062712878622e-35,normal,0.4744897959183674,0
109,aba,baa,known,baa,0.5355191256830601,1.2636142873563416e-35,normal,0.5355191256830601,0
110,baa,aaa,known,aaa,0.6633663366336634,8.382391807215336e-36,normal,0.6633663366336634,0
111,aaa,aaa,known,aaa,0.9110671936758893,7.636922180091441e-36,normal,0.9110671936758893,0
112,aaa,aaa,known,aaa,0.9110671936758893,6.957749258937063e-36,normal,0.9110671936758893,0
113,aaa,aaa,known,aaa,0.9110671936758893,6.338977091640289e-36,normal,0.9110671936758893,0
114,aaa,aaa,known,aaa,0.9110671936758893,5.7752340696564685e-36,normal,0.9110671936758893,0
115,aaa,aaa,known,aaa,0.9110671936758893,5.261626296663304e-36,normal,0.9110671936758893,0
116,aaa,aab,known,aab,0.08827404479578392,4.6446503541033115e-37,anomaly,0.08827404479578392,0
117,aab,aba,known,aba,0.4744897959183674,2.203839198630653e-37,normal,0.4744897959183674,0
118,aba,bab,known,bab,0.4371584699453552,9.63426972078974e-38,normal,0.4371584699453552,0
119,bab,aba,known,aba,0.4426229508196721,4.264348892808574e-38,normal,0.4426229508196721,0
120,aba,baa,known,baa,0.5355191256830601,2.283640390684373e-38,normal,0.5355191256830601,0
121,baa,aaa,known,aaa,0.6633663366336634,1.5148901601569604e-38,normal,0.6633663366336634,0
122,aaa,aaa,known,aaa,0.9110671936758893,1.3801667269414204e-38,normal,0.9110671936758893,0
123,aaa,aaa,known,aaa,0.9110671936758893,1.2574246267193574e-38,normal,0.9110671936758893,0
124,aaa,aaa,known,aaa,0.9110671936758893,1.1455983259241575e-38,normal,0.9110671936758893,0
125,aaa,aaa,known,aaa,0.9110671936758893,1.043717051879519e-38,normal,0.9110671936758893,0
126,aaa,aaa,known,aaa,0.9110671936758893,9.508963654475459e-39,normal,0.9110671936758893,0
127,aaa,aaa,known,aaa,0.9110671936758893,8.663304831448985e-39,normal,0.9110671936758893,0
128,aaa,aaa,known,aaa,0.9110671936758893,7.892852820747e-39,normal,0.9110671936758893,0
129,aaa,aaa,known,aaa,0.9110671936758893,7.190919269494796e-39,normal,0.9110671936758893,0
130,aaa,aaa,known,aaa,0.9110671936758893,6.5514106388085e-39,normal,0.9110671936758893,0
131,aaa,aaa,known,aaa,0.9110671936758893,5.968775305317625e-39,normal,0.9110671936758893,0
132,aaa,aaa,known,aaa,0.9110671936758893,5.437955367097677e-39,normal,0.9110671936758893,0
133,aaa,aaa,known,aaa,0.9110671936758893,4.9543427356364214e-39,normal,0.9110671936758893,0
134,aaa,aaa,known,aaa,0.9110671936758893,4.513739132664803e-39,normal,0.9110671936758893,0
135,aaa,aaa,known,aaa,0.9110671936758893,4.112319644581964e-39,normal,0.9110671936758893,0
136,aaa,aaa,known,aaa,0.9110671936758893,3.74659951808752e-39,normal,0.9110671936758893,0
137,aaa,aab,known,aab,0.08827404479578392,3.307274936915202e-40,anomaly,0.08827404479578392,0
138,aab,aba,known,aba,0.4744897959183674,1.5692682098628257e-40,normal,0.4744897959183674,0
139,aba,baa,known,baa,0.5355191256830601,8.403731397079614e-41,normal,0.5355191256830601,0
140,baa,aaa,known,aaa,0.6633663366336634,5.574752510934002e-41,normal,0.6633663366336634,0
141,aaa,aaa,known,aaa,0.9110671936758893,5.078974125574258e-41,normal,0.9110671936758893,0
142,aaa,aaa,known,aaa,0.9110671936758893,4.627286703339393e-41,normal,0.9110671936758893,0
143,aaa,aaa,known,aaa,0.9110671936758893,4.2157691111451783e-41,normal,0.9110671936758893,0
144,aaa,aaa,known,aaa,0.9110671936758893,3.8408489332765357e-41,normal,0.9110671936758893,0
145,aaa,aaa,known,aaa,0.9110671936758893,3.4992714589732863e-41,normal,0.9110671936758893,0
146,aaa,aaa,known,aaa,0.9110671936758893,3.1880714280369267e-41,normal,0.9110671936758893,0
147,aaa,aaa,known,aaa,0.9110671936758893,2.904547289179888e-41,normal,0.9110671936758893,0
148,aaa,aaa,known,aaa,0.9110671936758893,2.6462377476520323e-41,normal,0.9110671936758893,0
149,aaa,aaa,known,aaa,0.9110671936758893,2.410900398552543e-41,normal,0.9110671936758893,0
150,aaa,aaa,known,aaa,0.9110671936758893,2.1964922603413484e-41,normal,0.9110671936758893,0
151,aaa,aaa,known,aaa,0.9110671936758893,2.001152039560003e-41,normal,0.9110671936758893,0
152,aaa,aaa,known,aaa,0.9110671936758893,1.823183972800714e-41,normal,0.9110671936758893,0
153,aaa,aaa,known,aaa,0.9110671936758893,1.6610431056544055e-41,normal,0.9110671936758893,0
154,aaa,aab,known,aab,0.08827404479578392,1.4662699351626503e-42,anomaly,0.08827404479578392,0
155,aab,aba,known,aba,0.4744897959183674,6.957301222965637e-43,normal,0.4744897959183674,0
156,aba,bab,known,bab,0.4371584699453552,3.0414431575806063e-43,normal,0.4371584699453552,0
157,bab,abb,known,abb,0.4972677595628415,1.5124116248078425e-43,normal,0.4972677595628415,0
158,abb,bbb,known,bbb,0.5647668393782384,8.541599331816312e-44,normal,0.5647668393782384,0
159,bbb,bbb,known,bbb,0.6860670194003528,5.860109594491262e-44,normal,0.6860670194003528,0
160,bbb,bba,known,bba,0.1781305114638448,1.0438643193009126e-44,anomaly,0.1781305114638448,0
161,bba,bab,known,bab,0.46994535519125685,4.905591883053469e-45,normal,0.46994535519125685,0
162,bab,abb,known,abb,0.4972677595628415,2.4393926850156595e-45,normal,0.4972677595628415,0
163,abb,bba,known,bba,0.32642487046632124,7.962784412227282e-46,normal,0.32642487046632124,0
164,bba,bab,known,bab,0.46994535519125685,3.742073548915554e-46,normal,0.46994535519125685,0
165,bab,aba,known,aba,0.4426229508196721,1.656327636405245e-46,normal,0.4426229508196721,0
166,aba,baa,known,baa,0.5355191256830601,8.869951276924263e-47,normal,0.5355191256830601,0
167,baa,aab,known,aab,0.30198019801980197,2.6785496430315843e-47,normal,0.30198019801980197,0
168,aab,abb,known,abb,0.49489795918367346,1.3256087519084881e-47,normal,0.49489795918367346,0
169,abb,bbb,known,bbb,0.5647668393782384,7.486598650674881e-48,normal,0.5647668393782384,0
170,bbb,bbb,known,bbb,0.6860670194003528,5.136308421715218e-48,normal,0.6860670194003528,0
171,bbb,bbb,known,bbb,0.6860670194003528,3.52385180960709e-48,normal,0.6860670194003528,0
172,bbb,bba,known,bba,0.1781305114638448,6.277055251681059e-49,anomaly,0.1781305114638448,0
173,bba,baa,known,baa,0.5027322404371585,3.1556780500254505e-49,normal,0.5027322404371585,0
174,baa,aaa,known,aaa,0.6633663366336634,2.0933705876406454e-49,normal,0.6633663366336634,0
175,aaa,aab,known,aab,0.08827404479578392,1.8479028902756685e-50,anomaly,0.08827404479578392,0
176,aab,abb,known,abb,0.49489795918367346,9.1452336916704e-51,normal,0.49489795918367346,0
177,abb,bbb,known,bbb,0.5647668393782384,5.1649247274200705e-51,normal,0.5647668393782384,0
178,bbb,bbb,known,bbb,0.6860670194003528,3.5434845131682673e-51,normal,0.6860670194003528,0
179,bbb,bbb,known,bbb,0.6860670194003528,2.431067858240663e-51,normal,0.6860670194003528,0
180,bbb,bbb,known,bbb,0.6860670194003528,1.667875479463171e-51,normal,0.6860670194003528,0
181,bbb,bba,known,bba,0.1781305114638448,2.9709951221478e-52,anomaly,0.1781305114638448,0
182,bba,bab,known,bab,0.46994535519125685,1.3962053579492395e-52,normal,0.46994535519125685,0
183,bab,abb,known,abb,0.4972677595628415,6.942879102370535e-53,normal,0.4972677595628415,0
184,abb,bbb,known,bbb,0.5647668393782384,3.9211078868310276e-53,normal,0.5647668393782384,0
185,bbb,bbb,known,bbb,0.6860670194003528,2.6901428006653786e-53,normal,0.6860670194003528,0
186,bbb,bbb,known,bbb,0.6860670194003528,1.8456182530138136e-53,normal,0.6860670194003528,0
187,bbb,bbb,known,bbb,0.6860670194003528,1.2662178137960732e-53,normal,0.6860670194003528,0
188,bbb,bbb,known,bbb,0.6860670194003528,8.687102814227028e-54,normal,0.6860670194003528,0
189,bbb,bbb,known,bbb,0.6860670194003528,5.959934734981153e-54,normal,0.6860670194003528,0
190,bbb,bbb,known,bbb,0.6860670194003528,4.088914659449151e-54,normal,0.6860670194003528,0
191,bbb,bbb,known,bbb,0.6860670194003528,2.805269492990688e-54,normal,0.6860670194003528,0
192,bbb,bbb,known,bbb,0.6860670194003528,1.9246028796708599e-54,normal,0.6860670194003528,0
193,bbb,bbc,known,bbc,0.13403880070546736,2.5797146182537097e-55,anomaly,0.13403880070546736,0
194,bbc,bcb,known,bcb,0.5798319327731093,1.4958009131050923e-55,normal,0.5798319327731093,0
195,bcb,cbb,known,cbb,0.5491803278688525,8.214644358855835e-56,normal,0.5491803278688525,0
196,cbb,bbb,known,bbb,0.6238532110091743,5.124732260570613e-56,normal,0.6238532110091743,0
197,bbb,bbc,known,bbc,0.13403880070546736,6.869129661435036e-57,anomaly,0.13403880070546736,0
198,bbc,bcb,known,bcb,0.5798319327731093,3.9829407280589704e-57,normal,0.5798319327731093,0
199,bcb,cbc,known,cbc,0.29508196721311475,1.1752939853288765e-57,normal,0.29508196721311475,0
200,cbc,bcb,known,bcb,0.4861111111111111,5.7132346509042605e-58,normal,0.4861111111111111,0
201,bcb,cbb,known,cbb,0.5491803278688525,3.137596078775291e-58,normal,0.5491803278688525,0
202,cbb,bba,known,bba,0.1651376146788991,5.181351322748188e-59,anomaly,0.1651376146788991,0
203,bba,bab,known,bab,0.46994535519125685,2.4349519877395854e-59,normal,0.46994535519125685,0
204,bab,abb,known,abb,0.4972677595628415,1.2108231195863512e-59,normal,0.4972677595628415,0
205,abb,bbb,known,bbb,0.5647668393782384,6.838327462948823e-60,normal,0.5647668393782384,0
206,bbb,bba,known,bba,0.1781305114638448,1.2181147685323299e-60,anomaly,0.1781305114638448,0
207,bba,bab,known,bab,0.46994535519125685,5.724473775616414e-61,normal,0.46994535519125685,0
208,bab,aba,known,aba,0.4426229508196721,2.5337834744531667e-61,normal,0.4426229508196721,0
209,aba,baa,known,baa,0.5355191256830601,1.3568895109093462e-61,normal,0.5355191256830601,0
210,baa,aaa,known,aaa,0.6633663366336634,9.001148240685762e-62,normal,0.6633663366336634,0
211,aaa,aaa,known,aaa,0.9110671936758893,8.200650867502245e-62,normal,0.9110671936758893,0
212,aaa,aaa,known,aaa,0.9110671936758893,7.4713439721710174e-62,normal,0.9110671936758893,0
213,aaa,aaa,known,aaa,0.9110671936758893,6.80689638571312e-62,normal,0.9110671936758893,0
214,aaa,aaa,known,aaa,0.9110671936758893,6.2015399877742064e-62,normal,0.9110671936758893,0
215,aaa,aaa,known,aaa,0.9110671936758893,5.650019633130255e-62,normal,0.9110671936758893,0
216,aaa,aaa,known,aaa,0.9110671936758893,5.147547531369659e-62,normal,0.9110671936758893,0
217,aaa,aaa,known,aaa,0.9110671936758893,4.689761683718206e-62,normal,0.9110671936758893,0
218,aaa,aaa,known,aaa,0.9110671936758893,4.27268801619386e-62,normal,0.9110671936758893,0
219,aaa,aaa,known,aaa,0.9110671936758893,3.892705880366342e-62,normal,0.9110671936758893,0
220,aaa,aaa,known,aaa,0.9110671936758893,3.5465166222309956e-62,normal,0.9110671936758893,0
221,aaa,aaa,known,aaa,0.9110671936758893,3.2311149463408873e-62,normal,0.9110671936758893,0
222,aaa,aaa,known,aaa,0.9110671936758893,2.9437628266070138e-62,normal,0.9110671936758893,0
223,aaa,aaa,known,aaa,0.9110671936758893,2.6819657372842556e-62,normal,0.9110671936758893,0
224,aaa,aaa,known,aaa,0.9110671936758893,2.443450997802454e-62,normal,0.9110671936758893,0
225,aaa,aaa,known,aaa,0.9110671936758893,2.2261480434524332e-62,normal,0.9110671936758893,0
226,aaa,aaa,known,aaa,0.9110671936758893,2.02817045065528e-62,normal,0.9110671936758893,0
227,aaa,aaa,known,aaa,0.9110671936758893,1.8477995607748698e-62,normal,0.9110671936758893,0
228,aaa,aaa,known,aaa,0.9110671936758893,1.6834695603107014e-62,normal,0.9110671936758893,0
229,aaa,aaa,known,aaa,0.9110671936758893,1.533753887951054e-62,normal,0.9110671936758893,0
230,aaa,aaa,known,aaa,0.9110671936758893,1.397352850485051e-62,normal,0.9110671936758893,0
231,aaa,aaa,known,aaa,0.9110671936758893,1.27308234006642e-62,normal,0.9110671936758893,0
232,aaa,aaa,known,aaa,0.9110671936758893,1.1598635548826474e-62,normal,0.9110671936758893,0
233,aaa,aaa,known,aaa,0.9110671936758893,1.0567136339938743e-62,normal,0.9110671936758893,0
234,aaa,aaa,known,aaa,0.9110671936758893,9.627371250418498e-63,normal,0.9110671936758893,0
235,aaa,aaa,known,aaa,0.9110671936758893,8.771182107594718e-63,normal,0.9110671936758893,0
236,aaa,aaa,known,aaa,0.9110671936758893,7.991136267986492e-63,normal,0.9110671936758893,0
237,aaa,aaa,known,aaa,0.9110671936758893,7.280462093956072e-63,normal,0.9110671936758893,0
238,aaa,aaa,known,aaa,0.9110671936758893,6.632990168604247e-63,normal,0.9110671936758893,0
239,aaa,aaa,known,aaa,0.9110671936758893,6.043099738590035e-63,normal,0.9110671936758893,0
240,aaa,aaa,known,aaa,0.9110671936758893,5.505669919940723e-63,normal,0.9110671936758893,0
241,aaa,aaa,known,aaa,0.9110671936758893,5.016035243266152e-63,normal,0.9110671936758893,0
242,aaa,aaa,known,aaa,0.9110671936758893,4.56994515246185e-63,normal,0.9110671936758893,0
243,aaa,aaa,known,aaa,0.9110671936758893,4.163527105306152e-63,normal,0.9110671936758893,0
244,aaa,aaa,known,aaa,0.9110671936758893,3.7932529556247746e-63,normal,0.9110671936758893,0
245,aaa,aaa,known,aaa,0.9110671936758893,3.455908325183836e-63,normal,0.9110671936758893,0
246,aaa,aaa,known,aaa,0.9110671936758893,3.14856469942638e-63,normal,0.9110671936758893,0
247,aaa,aaa,known,aaa,0.9110671936758893,2.868554004813362e-63,normal,0.9110671936758893,0
248,aaa,aaa,known,aaa,0.9110671936758893,2.613445447073043e-63,normal,0.9110671936758893,0
249,aaa,aaa,known,aaa,0.9110671936758893,2.381024409289867e-63,normal,0.9110671936758893,0
250,aaa,aaa,known,aaa,0.9110671936758893,2.1692732266455112e-63,normal,0.9110671936758893,0
251,aaa,aaa,known,aaa,0.9110671936758893,1.9763536709161672e-63,normal,0.9110671936758893,0
252,aaa,aaa,known,aaa,0.9110671936758893,1.8005909926726344e-63,normal,0.9110671936758893,0
253,aaa,aaa,known,aaa,0.9110671936758893,1.6404593826523407e-63,normal,0.9110671936758893,0
254,aaa,aaa,known,aaa,0.9110671936758893,1.49456872609235e-63,normal,0.9110671936758893,0
255,aaa,aaa,known,aaa,0.9110671936758893,1.361652535036706e-63,normal,0.9110671936758893,0
256,aaa,aaa,known,aaa,0.9110671936758893,1.2405569538575523e-63,normal,0.9110671936758893,0
257,aaa,aaa,known,aaa,0.9110671936758893,1.1302307425461098e-63,normal,0.9110671936758893,0
258,aaa,aaa,known,aaa,0.9110671936758893,1.0297161508177008e-63,normal,0.9110671936758893,0
259,aaa,aaa,known,aaa,0.9110671936758893,9.381406038082215e-64,normal,0.9110671936758893,0
260,aaa,aaa,known,aaa,0.9110671936758893,8.547091271849606e-64,normal,0.9110671936758893,0
261,aaa,aaa,known,aaa,0.9110671936758893,7.786974459135708e-64,normal,0.9110671936758893,0
262,aaa,aaa,known,aaa,0.9110671936758893,7.094456967710595e-64,normal,0.9110671936758893,0
263,aaa,aaa,known,aaa,0.9110671936758893,6.46352700022645e-64,normal,0.9110671936758893,0
264,aaa,aaa,known,aaa,0.9110671936758893,5.8887074053446506e-64,normal,0.9110671936758893,0
265,aaa,aaa,known,aaa,0.9110671936758893,5.3650081301657786e-64,normal,0.9110671936758893,0
266,aaa,aaa,known,aaa,0.9110671936758893,4.887882901198466e-64,normal,0.9110671936758893,0
267,aaa,aaa,known,aaa,0.9110671936758893,4.4531897578112505e-64,normal,0.9110671936758893,0
268,aaa,aaa,known,aaa,0.9110671936758893,4.0571550955553094e-64,normal,0.9110671936758893,0
269,aaa,aaa,known,aaa,0.9110671936758893,3.69634090721541e-64,normal,0.9110671936758893,0
270,aaa,aaa,known,aaa,0.9110671936758893,3.367614937206134e-64,normal,0.9110671936758893,0
271,aaa,aaa,known,aaa,0.9110671936758893,3.0681234902213984e-64,normal,0.9110671936758893,0
272,aaa,aaa,known,aaa,0.9110671936758893,2.795266658087084e-64,normal,0.9110671936758893,0
273,aaa,aaa,known,aaa,0.9110671936758893,2.5466757497591814e-64,normal,0.9110671936758893,0
274,aaa,aaa,known,aaa,0.9110671936758893,2.3201927285355388e-64,normal,0.9110671936758893,0
275,aaa,aaa,known,aaa,0.9110671936758893,2.1138514779740778e-64,normal,0.9110671936758893,0
276,aaa,aaa,known,aaa,0.9110671936758893,1.925860733885474e-64,normal,0.9110671936758893,0
277,aaa,aaa,known,aaa,0.9110671936758893,1.7545885342316275e-64,normal,0.9110671936758893,0
278,aaa,aaa,known,aaa,0.9110671936758893,1.598548051938301e-64,normal,0.9110671936758893,0
279,aaa,aaa,known,aaa,0.9110671936758893,1.4563846876354875e-64,normal,0.9110671936758893,0
280,aaa,aaa,known,aaa,0.9110671936758893,1.3268643102766001e-64,normal,0.9110671936758893,0
281,aaa,aaa,known,aaa,0.9110671936758893,1.2088625435523964e-64,normal,0.9110671936758893,0
282,aaa,aaa,known,aaa,0.9110671936758893,1.1013550050941793e-64,normal,0.9110671936758893,0
283,aaa,aaa,known,aaa,0.9110671936758893,1.0034084137320487e-64,normal,0.9110671936758893,0
284,aaa,aaa,known,aaa,0.9110671936758893,9.141724876096332e-65,normal,0.9110671936758893,0
285,aaa,aaa,known,aaa,0.9110671936758893,8.328725628222153e-65,normal,0.9110671936758893,0
286,aaa,aaa,known,aaa,0.9110671936758893,7.588028685000815e-65,normal,0.9110671936758893,0
287,aaa,aaa,known,aaa,0.9110671936758893,6.91320399957584e-65,normal,0.9110671936758893,0
288,aaa,aaa,known,aaa,0.9110671936758893,6.298393367202494e-65,normal,0.9110671936758893,0
289,aaa,aaa,known,aaa,0.9110671936758893,5.738259569724011e-65,normal,0.9110671936758893,0
290,aaa,aaa,known,aaa,0.9110671936758893,5.2279400427722705e-65,normal,0.9110671936758893,0
291,aaa,aaa,known,aaa,0.9110671936758893,4.763004663474341e-65,normal,0.9110671936758893,0
292,aaa,aaa,known,aaa,0.9110671936758893,4.339417292216742e-65,normal,0.9110671936758893,0
293,aaa,aab,known,aab,0.08827404479578392,3.8305791644074e-66,anomaly,0.08827404479578392,0
294,aab,abb,known,abb,0.49489795918367346,1.8957458109567234e-66,normal,0.49489795918367346,0
295,abb,bbb,known,bbb,0.5647668393782384,1.070654369918564e-66,normal,0.5647668393782384,0
296,bbb,bba,known,bba,0.1781305114638448,1.907162105145943e-67,anomaly,0.1781305114638448,0
297,bba,baa,known,baa,0.5027322404371585,9.587918779968675e-68,normal,0.5027322404371585,0
298,baa,aab,known,aab,0.30198019801980197,2.8953616117727187e-68,normal,0.30198019801980197,0
299,aab,abb,known,abb,0.49489795918367346,1.43290855276507e-68,normal,0.49489795918367346,0
300,abb,bbb,known,bbb,0.5647668393782384,8.092592344631742e-69,normal,0.5647668393782384,0
301,bbb,bba,known,bba,0.1781305114638448,1.4415376134176472e-69,anomaly,0.1781305114638448,0
302,bba,bab,known,bab,0.46994535519125685,6.774439057591129e-70,normal,0.46994535519125685,0
303,bab,abb,known,abb,0.4972677595628415,3.368710132463348e-70,normal,0.4972677595628415,0
304,abb,bbc,known,bbc,0.09844559585492228,3.3163467625286847e-71,anomaly,0.09844559585492228,0
305,bbc,bcb,known,bcb,0.5798319327731093,1.922923753062851e-71,normal,0.5798319327731093,0
306,bcb,cbc,known,cbc,0.29508196721311475,5.674201238546118e-72,normal,0.29508196721311475,0
307,cbc,bcb,known,bcb,0.4861111111111111,2.758292268737696e-72,normal,0.4861111111111111,0
308,bcb,cba,known,cba,0.1557377049180328,4.2957010742636254e-73,anomaly,0.1557377049180328,0
309,cba,bab,known,bab,0.5666666666666667,2.4342306087493878e-73,normal,0.5666666666666667,0
310,bab,abb,known,abb,0.4972677595628415,1.2104644010721e-73,normal,0.4972677595628415,0
311,abb,bbb,known,bbb,0.5647668393782384,6.836301539733622e-74,normal,0.5647668393782384,0
312,bbb,bbb,known,bbb,0.6860670194003528,4.690161021087088e-74,normal,0.6860670194003528,0
313,bbb,bbb,known,bbb,0.6860670194003528,3.2177647922449335e-74,normal,0.6860670194003528,0
314,bbb,bbb,known,bbb,0.6860670194003528,2.207602300146877e-74,normal,0.6860670194003528,0
315,bbb,bbb,known,bbb,0.6860670194003528,1.5145631300831306e-74,normal,0.6860670194003528,0
316,bbb,bbb,known,bbb,0.6860670194003528,1.0390918123498022e-74,normal,0.6860670194003528,0
317,bbb,bbb,known,bbb,0.6860670194003528,7.128866225821395e-75,normal,0.6860670194003528,0
318,bbb,bbc,known,bbc,0.13403880070546736,9.555446792988112e-76,anomaly,0.13403880070546736,0
319,bbc,bcc,known,bcc,0.3277310924369748,3.131617016189381e-76,normal,0.3277310924369748,0
320,bcc,ccb,known,ccb,0.6229508196721312,1.9508433871343686e-76,normal,0.6229508196721312,0
321,ccb,cbb,known,cbb,0.5294117647058824,1.0327994402476069e-76,normal,0.5294117647058824,0
322,cbb,bbb,known,bbb,0.6238532110091743,6.443152471269475e-77,normal,0.6238532110091743,0
323,bbb,bbb,known,bbb,0.6860670194003528,4.420434411505866e-77,normal,0.6860670194003528,0
324,bbb,bbc,known,bbc,0.13403880070546736,5.925097271154247e-78,anomaly,0.13403880070546736,0
325,bbc,bcc,known,bcc,0.3277310924369748,1.9418386014707196e-78,normal,0.3277310924369748,0
326,bcc,ccb,known,ccb,0.6229508196721312,1.2096699484571696e-78,normal,0.6229508196721312,0
327,ccb,cbb,known,cbb,0.5294117647058824,6.40413502124384e-79,normal,0.5294117647058824,0
328,cbb,bbb,known,bbb,0.6238532110091743,3.9952401967392764e-79,normal,0.6238532110091743,0
329,bbb,bbb,known,bbb,0.6860670194003528,2.7410025335653945e-79,normal,0.6860670194003528,0
330,bbb,bbc,known,bbc,0.13403880070546736,3.67400692329753e-80,anomaly,0.13403880070546736,0
331,bbc,bcd,known,bcd,0.05042016806722689,1.8524404655281664e-81,anomaly,0.05042016806722689,0
332,bcd,cdb,known,cdb,0.15384615384615385,2.8499084085048715e-82,anomaly,0.15384615384615385,0
333,cdb,dbb,known,dbb,1.0,2.8499084085048715e-82,normal,1.0,0
334,dbb,bbb,known,bbb,0.3333333333333333,9.499694695016238e-83,normal,0.3333333333333333,0
335,bbb,bbc,known,bbc,0.13403880070546736,1.273327683988067e-83,anomaly,0.13403880070546736,0
336,bbc,bcb,known,bcb,0.5798319327731093,7.383160520603078e-84,normal,0.5798319327731093,0
337,bcb,cbc,known,cbc,0.29508196721311475,2.1786375306697605e-84,normal,0.29508196721311475,0
338,cbc,bcc,known,bcc,0.2777777777777778,6.051770918527112e-85,normal,0.2777777777777778,0
339,bcc,ccb,known,ccb,0.6229508196721312,3.769955654164431e-85,normal,0.6229508196721312,0
340,ccb,cbd,known,cbd,0.029411764705882353,1.1088104865189501e-86,anomaly,0.029411764705882353,0
341,cbd,bdb,known,bdb,0.0,1.1088104865189501e-90,anomaly,0.0,0
342,bdb,dba,unseen,aba,0.0,1.1088104865189502e-94,anomaly,0.0,1
343,aba,bac,known,bac,0.0273224043715847,3.029536848412432e-96,anomaly,0.0273224043715847,0
344,bac,acb,known,acb,0.6,1.8177221090474591e-96,normal,0.6,0
345,acb,cbb,known,cbb,0.1875,3.408228954463986e-97,anomaly,0.1875,0
346,cbb,bbb,known,bbb,0.6238532110091743,2.1262345770967988e-97,normal,0.6238532110091743,0
347,bbb,bbb,known,bbb,0.6860670194003528,1.4587394188547703e-97,normal,0.6860670194003528,0
348,bbb,bbb,known,bbb,0.6860670194003528,1.000793005175495e-97,normal,0.6860670194003528,0
349,bbb,bbb,known,bbb,0.6860670194003528,6.866110740974736e-98,normal,0.6860670194003528,0
350,bbb,bbb,known,bbb,0.6860670194003528,4.7106121309332844e-98,normal,0.6860670194003528,0
351,bbb,bbc,known,bbc,0.13403880070546736,6.314048006189234e-99,anomaly,0.13403880070546736,0
352,bbc,bcc,known,bcc,0.3277310924369748,2.0693098507679003e-99,normal,0.3277310924369748,0
353,bcc,ccb,known,ccb,0.6229508196721312,1.2890782676914789e-99,normal,0.6229508196721312,0
354,ccb,cbd,known,cbd,0.029411764705882353,3.79140666968082e-101,anomaly,0.029411764705882353,0
355,cbd,bdc,known,bdc,1.0,3.79140666968082e-101,normal,1.0,0
356,bdc,dcb,known,dcb,0.0,3.79140666968082e-105,anomaly,0.0,0
357,dcb,cbd,known,cbd,0.0,3.7914066696808202e-109,anomaly,0.0,0
358,cbd,bdb,known,bdb,0.0,3.7914066696808204e-113,anomaly,0.0,0
359,bdb,dbc,known,dbc,0.0,3.791406669680821e-117,anomaly,0.0,0
360,dbc,bcc,known,bcc,0.5,1.8957033348404105e-117,normal,0.5,0
361,bcc,ccb,known,ccb,0.6229508196721312,1.1809299462940262e-117,normal,0.6229508196721312,0
362,ccb,cbc,known,cbc,0.3382352941176471,3.994321877170971e-118,normal,0.3382352941176471,0
363,cbc,bcb,known,bcb,0.4861111111111111,1.9416842458469998e-118,normal,0.4861111111111111,0
364,bcb,cbc,known,cbc,0.29508196721311475,5.729560069712459e-119,normal,0.29508196721311475,0
365,cbc,bcb,known,bcb,0.4861111111111111,2.7852028116657786e-119,normal,0.4861111111111111,0
366,bcb,cbb,known,cbb,0.5491803278688525,1.529578593291862e-119,normal,0.5491803278688525,0
367,cbb,bbb,known,bbb,0.6238532110091743,9.542325169160241e-120,normal,0.6238532110091743,0
368,bbb,bba,known,bba,0.1781305114638448,1.699779262936833e-120,anomaly,0.1781305114638448,0
369,bba,bac,known,bac,0.0273224043715847,4.644205636439435e-122,anomaly,0.0273224043715847,0
370,bac,acb,known,acb,0.6,2.7865233818636605e-122,normal,0.6,0
371,acb,cbb,known,cbb,0.1875,5.2247313409943635e-123,anomaly,0.1875,0
372,cbb,bbd,known,bbd,0.009174311926605505,4.793331505499417e-125,anomaly,0.009174311926605505,0
373,bbd,bdc,known,bdc,0.2,9.586663010998834e-126,normal,0.2,0
374,bdc,dcb,known,dcb,0.0,9.586663010998834e-130,anomaly,0.0,0
375,dcb,cbc,known,cbc,0.5,4.793331505499417e-130,normal,0.5,0
376,cbc,bcb,known,bcb,0.4861111111111111,2.3300917040622167e-130,normal,0.4861111111111111,0
377,bcb,cbc,known,cbc,0.29508196721311475,6.875680438216377e-131,normal,0.29508196721311475,0
378,cbc,bcd,known,bcd,0.09722222222222222,6.684689314932589e-132,anomaly,0.09722222222222222,0
379,bcd,cdd,known,cdd,0.3076923076923077,2.0568274815177198e-132,normal,0.3076923076923077,0
380,cdd,dde,known,dde,0.0,2.05682748151772e-136,anomaly,0.0,0
381,dde,dee,known,dee,0.7391304347826086,1.5202637906870103e-136,normal,0.7391304347826086,0
382,dee,eee,known,eee,0.8148148148148148,1.2387334590783045e-136,normal,0.8148148148148148,0
383,eee,eee,known,eee,0.9853836784409257,1.2206277325144316e-136,normal,0.9853836784409257,0
384,eee,eee,known,eee,0.9853836784409257,1.202786645072077e-136,normal,0.9853836784409257,0
385,eee,eee,known,eee,0.9853836784409257,1.1852063287007433e-136,normal,0.9853836784409257,0
386,eee,eee,known,eee,0.9853836784409257,1.1678829718866033e-136,normal,0.9853836784409257,0
387,eee,eee,known,eee,0.9853836784409257,1.1508128188261414e-136,normal,0.9853836784409257,0
388,eee,eee,known,eee,0.9853836784409257,1.1339921686118738e-136,normal,0.9853836784409257,0
389,eee,eee,known,eee,0.9853836784409257,1.1174173744299705e-136,normal,0.9853836784409257,0
390,eee,eee,known,eee,0.9853836784409257,1.1010848427696055e-136,normal,0.9853836784409257,0
391,eee,eee,known,eee,0.9853836784409257,1.0849910326438623e-136,normal,0.9853836784409257,0
392,eee,eee,known,eee,0.9853836784409257,1.0691324548220274e-136,normal,0.9853836784409257,0
393,eee,eee,known,eee,0.9853836784409257,1.053505671073106e-136,normal,0.9853836784409257,0
394,eee,eee,known,eee,0.9853836784409257,1.0381072934203932e-136,normal,0.9853836784409257,0
395,eee,eee,known,eee,0.9853836784409257,1.0229339834069403e-136,normal,0.9853836784409257,0
396,eee,eee,known,eee,0.9853836784409257,1.0079824513717596e-136,normal,0.9853836784409257,0
397,eee,eee,known,eee,0.9853836784409257,9.93249455736606e-137,normal,0.9853836784409257,0
398,eee,eee,known,eee,0.9853836784409257,9.78731802303184e-137,normal,0.9853836784409257,0
399,eee,eee,known,eee,0.9853836784409257,9.644263435606284e-137,normal,0.9853836784409257,0
400,eee,eed,known,eed,0.014007308160779537,1.350901699262756e-138,anomaly,0.014007308160779537,0
401,eed,edd,known,edd,0.5714285714285714,7.719438281501462e-139,normal,0.5714285714285714,0
402,edd,ddd,known,ddd,0.6956521739130435,5.370044021914061e-139,normal,0.6956521739130435,0
403,ddd,ddd,known,ddd,0.7407407407407407,3.977810386603007e-139,normal,0.7407407407407407,0
404,ddd,dde,known,dde,0.2222222222222222,8.839578636895572e-140,normal,0.2222222222222222,0
405,dde,ded,known,ded,0.21739130434782608,1.921647529759907e-140,normal,0.21739130434782608,0
406,ded,ede,known,ede,0.4166666666666667,8.006864707332946e-141,normal,0.4166666666666667,0
407,ede,dee,known,dee,0.5882352941176471,4.7099204160782036e-141,normal,0.5882352941176471,0
408,dee,eee,known,eee,0.8148148148148148,3.837712931619277e-141,normal,0.8148148148148148,0
409,eee,eee,known,eee,0.9853836784409257,3.781619685359312e-141,normal,0.9853836784409257,0
410,eee,eee,known,eee,0.9853836784409257,3.726346316023975e-141,normal,0.9853836784409257,0
411,eee,eee,known,eee,0.9853836784409257,3.6718808400284964e-141,normal,0.9853836784409257,0
412,eee,eee,known,eee,0.9853836784409257,3.618211448944036e-141,normal,0.9853836784409257,0
413,eee,eee,known,eee,0.9853836784409257,3.565326506937546e-141,normal,0.9853836784409257,0
414,eee,eee,known,eee,0.9853836784409257,3.5132145482490553e-141,normal,0.9853836784409257,0
415,eee,eee,known,eee,0.9853836784409257,3.461864274705829e-141,normal,0.9853836784409257,0
416,eee,eee,known,eee,0.9853836784409257,3.4112645532728567e-141,normal,0.9853836784409257,0
417,eee,eee,known,eee,0.9853836784409257,3.3614044136391487e-141,normal,0.9853836784409257,0
418,eee,eee,known,eee,0.9853836784409257,3.312273045839307e-141,normal,0.9853836784409257,0
419,eee,eee,known,eee,0.9853836784409257,3.2638597979098653e-141,normal,0.9853836784409257,0
420,eee,eee,known,eee,0.9853836784409257,3.2161541735798796e-141,normal,0.9853836784409257,0
421,eee,eee,known,eee,0.9853836784409257,3.169145829995277e-141,normal,0.9853836784409257,0
422,eee,eed,known,eed,0.014007308160779537,4.4391202247193285e-143,anomaly,0.014007308160779537,0
423,eed,ede,known,ede,0.42857142857142855,1.9024800963082836e-143,normal,0.42857142857142855,0
424,ede,dee,known,dee,0.5882352941176471,1.1191059390048727e-143,normal,0.5882352941176471,0
425,dee,eed,known,eed,0.18518518518518517,2.072418405564579e-144,anomaly,0.18518518518518517,0
426,eed,edd,known,edd,0.5714285714285714,1.184239088894045e-144,normal,0.5714285714285714,0
427,edd,ddd,known,ddd,0.6956521739130435,8.238184966219443e-145,normal,0.6956521739130435,0
428,ddd,ddd,known,ddd,0.7407407407407407,6.102359234236624e-145,normal,0.7407407407407407,0
429,ddd,dde,known,dde,0.2222222222222222,1.3560798298303607e-145,normal,0.2222222222222222,0
430,dde,ded,known,ded,0.21739130434782608,2.9479996300660015e-146,normal,0.21739130434782608,0
431,ded,edd,known,edd,0.5833333333333334,1.7196664508718342e-146,normal,0.5833333333333334,0
432,edd,ddd,known,ddd,0.6956521739130435,1.1962897049543194e-146,normal,0.6956521739130435,0
433,ddd,ddd,known,ddd,0.7407407407407407,8.861405221883847e-147,normal,0.7407407407407407,0
434,ddd,ddd,known,ddd,0.7407407407407407,6.564003868062109e-147,normal,0.7407407407407407,0
435,ddd,dde,known,dde,0.2222222222222222,1.458667526236024e-147,normal,0.2222222222222222,0
436,dde,ded,known,ded,0.21739130434782608,3.171016361382661e-148,normal,0.21739130434782608,0
437,ded,ede,known,ede,0.4166666666666667,1.3212568172427755e-148,normal,0.4166666666666667,0
438,ede,dee,known,dee,0.5882352941176471,7.772098924957504e-149,normal,0.5882352941176471,0
439,dee,eee,known,eee,0.8148148148148148,6.332821346261669e-149,normal,0.8148148148148148,0
440,eee,eee,known,eee,0.9853836784409257,6.2402587930885385e-149,normal,0.9853836784409257,0
441,eee,eed,known,eed,0.014007308160779537,8.740922791780534e-151,anomaly,0.014007308160779537,0
442,eed,ede,known,ede,0.42857142857142855,3.746109767905943e-151,normal,0.42857142857142855,0
443,ede,ded,known,ded,0.4117647058823529,1.5425157867848e-151,normal,0.4117647058823529,0
444,ded,ede,known,ede,0.4166666666666667,6.427149111603334e-152,normal,0.4166666666666667,0
445,ede,ded,known,ded,0.4117647058823529,2.646473163601373e-152,normal,0.4117647058823529,0
446,ded,ede,known,ede,0.4166666666666667,1.102697151500572e-152,normal,0.4166666666666667,0
447,ede,dee,known,dee,0.5882352941176471,6.486453832356307e-153,normal,0.5882352941176471,0
448,dee,eee,known,eee,0.8148148148148148,5.28525867821625e-153,normal,0.8148148148148148,0
449,eee,eee,known,eee,0.9853836784409257,5.208007637852553e-153,normal,0.9853836784409257,0
450,eee,eee,known,eee,0.9853836784409257,5.131885723535584e-153,normal,0.9853836784409257,0
451,eee,eee,known,eee,0.9853836784409257,5.056876431595965e-153,normal,0.9853836784409257,0
452,eee,eee,known,eee,0.9853836784409257,4.982963499587254e-153,normal,0.9853836784409257,0
453,eee,eee,known,eee,0.9853836784409257,4.910130902760156e-153,normal,0.9853836784409257,0
454,eee,eee,known,eee,0.9853836784409257,4.838362850588266e-153,normal,0.9853836784409257,0
455,eee,eed,known,eed,0.014007308160779537,6.777243944185756e-155,anomaly,0.014007308160779537,0
456,eed,edd,known,edd,0.5714285714285714,3.872710825249003e-155,normal,0.5714285714285714,0
457,edd,ddd,known,ddd,0.6956521739130435,2.6940597045210455e-155,normal,0.6956521739130435,0
458,ddd,ddd,known,ddd,0.7407407407407407,1.9955997811267004e-155,normal,0.7407407407407407,0
459,ddd,ddd,known,ddd,0.7407407407407407,1.478222060093852e-155,normal,0.7407407407407407,0
460,ddd,ddd,known,ddd,0.7407407407407407,1.0949793037732237e-155,normal,0.7407407407407407,0
461,ddd,ddd,known,ddd,0.7407407407407407,8.110957805727582e-156,normal,0.7407407407407407,0
462,ddd,dde,known,dde,0.2222222222222222,1.8024350679394627e-156,normal,0.2222222222222222,0
463,dde,dee,known,dee,0.7391304347826086,1.3322346154335158e-156,normal,0.7391304347826086,0
464,dee,eee,known,eee,0.8148148148148148,1.0855245014643462e-156,normal,0.8148148148148148,0
465,eee,eee,known,eee,0.9853836784409257,1.0696581262906894e-156,normal,0.9853836784409257,0
466,eee,eed,known,eed,0.014007308160779537,1.4983031001635721e-158,anomaly,0.014007308160779537,0
467,eed,edd,known,edd,0.5714285714285714,8.561732000934697e-159,normal,0.5714285714285714,0
468,edd,ddd,known,ddd,0.6956521739130435,5.955987478911094e-159,normal,0.6956521739130435,0
469,ddd,ddd,known,ddd,0.7407407407407407,4.4118425769711803e-159,normal,0.7407407407407407,0
470,ddd,ddd,known,ddd,0.7407407407407407,3.2680315384971704e-159,normal,0.7407407407407407,0
471,ddd,dde,known,dde,0.2222222222222222,7.262292307771489e-160,normal,0.2222222222222222,0
472,dde,dee,known,dee,0.7391304347826086,5.367781270961535e-160,normal,0.7391304347826086,0
473,dee,eee,known,eee,0.8148148148148148,4.3737477022649546e-160,normal,0.8148148148148148,0
474,eee,eee,known,eee,0.9853836784409257,4.3098195994303877e-160,normal,0.9853836784409257,0
475,eee,eee,known,eee,0.9853836784409257,4.246825890303512e-160,normal,0.9853836784409257,0
476,eee,eee,known,eee,0.9853836784409257,4.184752917485434e-160,normal,0.9853836784409257,0
477,eee,eed,known,eed,0.014007308160779537,5.861712369193969e-162,anomaly,0.014007308160779537,0
478,eed,edd,known,edd,0.5714285714285714,3.349549925253697e-162,normal,0.5714285714285714,0
479,edd,dde,known,dde,0.21739130434782608,7.281630272290645e-163,normal,0.21739130434782608,0
480,dde,ded,known,ded,0.21739130434782608,1.5829631026718794e-163,normal,0.21739130434782608,0
481,ded,edd,known,edd,0.5833333333333334,9.23395143225263e-164,normal,0.5833333333333334,0
482,edd,dde,known,dde,0.21739130434782608,2.007380746141876e-164,normal,0.21739130434782608,0
483,dde,ded,known,ded,0.21739130434782608,4.363871187264948e-165,normal,0.21739130434782608,0
484,ded,edd,known,edd,0.5833333333333334,2.545591525904553e-165,normal,0.5833333333333334,0
485,edd,ddd,known,ddd,0.6956521739130435,1.7708462788901237e-165,normal,0.6956521739130435,0
486,ddd,ddd,known,ddd,0.7407407407407407,1.3117379843630545e-165,normal,0.7407407407407407,0
487,ddd,ddd,known,ddd,0.7407407407407407,9.716577661948551e-166,normal,0.7407407407407407,0
488,ddd,ddd,known,ddd,0.7407407407407407,7.197464934776704e-166,normal,0.7407407407407407,0
489,ddd,dde,known,dde,0.2222222222222222,1.599436652172601e-166,normal,0.2222222222222222,0
490,dde,dee,known,dee,0.7391304347826086,1.1821923081275746e-166,normal,0.7391304347826086,0
491,dee,eee,known,eee,0.8148148148148148,9.632678066224682e-167,normal,0.8148148148148148,0
492,eee,eee,known,eee,0.9853836784409257,9.4918837461337e-167,normal,0.9853836784409257,0
493,eee,eee,known,eee,0.9853836784409257,9.35314732109886e-167,normal,0.9853836784409257,0
494,eee,eed,known,eed,0.014007308160779537,1.310124167998013e-168,anomaly,0.014007308160779537,0
495,eed,edd,known,edd,0.5714285714285714,7.486423817131503e-169,normal,0.5714285714285714,0
496,edd,ddd,known,ddd,0.6956521739130435,5.2079470032219146e-169,normal,0.6956521739130435,0
497,ddd,ddd,known,ddd,0.7407407407407407,3.857738520905122e-169,normal,0.7407407407407407,0
498,ddd,ddd,known,ddd,0.7407407407407407,2.857584089559349e-169,normal,0.7407407407407407,0
499,ddd,ddd,known,ddd,0.7407407407407407,2.1167289552291475e-169,normal,0.7407407407407407,0
500,ddd,ddc,known,ddc,0.037037037037037035,7.839736871219064e-171,anomaly,0.037037037037037035,0
501,ddc,dcd,known,dcd,0.4,3.135894748487626e-171,normal,0.4,0
502,dcd,cdc,known,cdc,0.375,1.1759605306828598e-171,normal,0.375,0
503,cdc,dcd,known,dcd,0.23529411764705882,2.7669659545479055e-172,normal,0.23529411764705882,0
504,dcd,cdd,known,cdd,0.625,1.729353721592441e-172,normal,0.625,0
505,cdd,ddd,known,ddd,0.4166666666666667,7.205640506635171e-173,normal,0.4166666666666667,0
506,ddd,ddd,known,ddd,0.7407407407407407,5.3375114863964226e-173,normal,0.7407407407407407,0
507,ddd,ddd,known,ddd,0.7407407407407407,3.953712212145498e-173,normal,0.7407407407407407,0
508,ddd,ddd,known,ddd,0.7407407407407407,2.9286757127003688e-173,normal,0.7407407407407407,0
509,ddd,ddd,known,ddd,0.7407407407407407,2.1693894168150878e-173,normal,0.7407407407407407,0
510,ddd,ddd,known,ddd,0.7407407407407407,1.6069551235667316e-173,normal,0.7407407407407407,0
511,ddd,ddd,known,ddd,0.7407407407407407,1.1903371285679492e-173,normal,0.7407407407407407,0
512,ddd,ddd,known,ddd,0.7407407407407407,8.81731206346629e-174,normal,0.7407407407407407,0
513,ddd,dde,known,dde,0.2222222222222222,1.9594026807702867e-174,normal,0.2222222222222222,0
514,dde,dee,known,dee,0.7391304347826086,1.448254155351951e-174,normal,0.7391304347826086,0
515,dee,eed,known,eed,0.18518518518518517,2.68195213954065e-175,anomaly,0.18518518518518517,0
516,eed,edd,known,edd,0.5714285714285714,1.5325440797375143e-175,normal,0.5714285714285714,0
517,edd,ddd,known,ddd,0.6956521739130435,1.0661176206869665e-175,normal,0.6956521739130435,0
518,ddd,ddd,known,ddd,0.7407407407407407,7.897167560644196e-176,normal,0.7407407407407407,0
519,ddd,ddd,known,ddd,0.7407407407407407,5.84975374862533e-176,normal,0.7407407407407407,0
520,ddd,ddd,known,ddd,0.7407407407407407,4.333150924907652e-176,normal,0.7407407407407407,0
521,ddd,ddd,known,ddd,0.7407407407407407,3.20974142585752e-176,normal,0.7407407407407407,0
522,ddd,dde,known,dde,0.2222222222222222,7.132758724127822e-177,normal,0.2222222222222222,0
523,dde,ded,known,ded,0.21739130434782608,1.550599722636483e-177,normal,0.21739130434782608,0
524,ded,edd,known,edd,0.5833333333333334,9.045165048712818e-178,normal,0.5833333333333334,0
525,edd,ddc,known,ddc,0.08695652173913043,7.86536091192419e-179,anomaly,0.08695652173913043,0
526,ddc,dcc,known,dcc,0.5,3.932680455962095e-179,normal,0.5,0
527,dcc,ccd,known,ccd,0.125,4.915850569952619e-180,anomaly,0.125,0
528,ccd,cdd,known,cdd,0.2727272727272727,1.340686519077987e-180,normal,0.2727272727272727,0
529,cdd,dde,known,dde,0.0,1.340686519077987e-184,anomaly,0.0,0
530,dde,ded,known,ded,0.21739130434782608,2.914535911039102e-185,normal,0.21739130434782608,0
531,ded,edc,unseen,bdc,0.0,2.9145359110391023e-189,anomaly,0.0,1
532,bdc,dcc,known,dcc,1.0,2.9145359110391023e-189,normal,1.0,0
533,dcc,ccc,known,ccc,0.8125,2.3680604277192707e-189,normal,0.8125,0
534,ccc,ccd,known,ccd,0.1111111111111111,2.6311782530214116e-190,anomaly,0.1111111111111111,0
535,ccd,cdd,known,cdd,0.2727272727272727,7.175940690058394e-191,normal,0.2727272727272727,0
536,cdd,ddd,known,ddd,0.4166666666666667,2.989975287524331e-191,normal,0.4166666666666667,0
537,ddd,ddd,known,ddd,0.7407407407407407,2.2147965092772823e-191,normal,0.7407407407407407,0
538,ddd,ddd,known,ddd,0.7407407407407407,1.6405900068720607e-191,normal,0.7407407407407407,0
539,ddd,ddc,known,ddc,0.037037037037037035,6.076259284711335e-193,anomaly,0.037037037037037035,0
540,ddc,dcd,known,dcd,0.4,2.430503713884534e-193,normal,0.4,0
541,dcd,cdd,known,cdd,0.625,1.5190648211778338e-193,normal,0.625,0
542,cdd,ddd,known,ddd,0.4166666666666667,6.329436754907641e-194,normal,0.4166666666666667,0
543,ddd,dde,known,dde,0.2222222222222222,1.4065415010905867e-194,normal,0.2222222222222222,0
544,dde,dee,known,dee,0.7391304347826086,1.0396176312408684e-194,normal,0.7391304347826086,0
545,dee,eed,known,eed,0.18518518518518517,1.9252178356312375e-195,anomaly,0.18518518518518517,0
546,eed,edd,known,edd,0.5714285714285714,1.1001244775035642e-195,normal,0.5714285714285714,0
547,edd,dde,known,dde,0.21739130434782608,2.391574951094705e-196,normal,0.21739130434782608,0
548,dde,ded,known,ded,0.21739130434782608,5.1990759806406626e-197,normal,0.21739130434782608,0
549,ded,ede,known,ede,0.4166666666666667,2.166281658600276e-197,normal,0.4166666666666667,0
550,ede,dee,known,dee,0.5882352941176471,1.2742833285883977e-197,normal,0.5882352941176471,0
551,dee,eee,known,eee,0.8148148148148148,1.038304934405361e-197,normal,0.8148148148148148,0
552,eee,eee,known,eee,0.9853836784409257,1.0231287356077187e-197,normal,0.9853836784409257,0
553,eee,eee,known,eee,0.9853836784409257,1.0081743570117471e-197,normal,0.9853836784409257,0
554,eee,eee,known,eee,0.9853836784409257,9.934385564220505e-198,normal,0.9853836784409257,0
555,eee,eee,known,eee,0.9853836784409257,9.789181390322032e-198,normal,0.9853836784409257,0
556,eee,eee,known,eee,0.9853836784409257,9.646099567320979e-198,normal,0.9853836784409257,0
557,eee,eee,known,eee,0.9853836784409257,9.505109074254167e-198,normal,0.9853836784409257,0
558,eee,eed,known,eed,0.014007308160779537,1.3314099190490002e-199,anomaly,0.014007308160779537,0
559,eed,edd,known,edd,0.5714285714285714,7.608056680280001e-200,normal,0.5714285714285714,0
560,edd,ddd,known,ddd,0.6956521739130435,5.292561168890436e-200,normal,0.6956521739130435,0
561,ddd,ddd,known,ddd,0.7407407407407407,3.920415680659582e-200,normal,0.7407407407407407,0
562,ddd,ddd,known,ddd,0.7407407407407407,2.9040116153033936e-200,normal,0.7407407407407407,0
563,ddd,ddd,known,ddd,0.7407407407407407,2.1511197150395507e-200,normal,0.7407407407407407,0
564,ddd,ddd,known,ddd,0.7407407407407407,1.5934220111404078e-200,normal,0.7407407407407407,0
565,ddd,ddd,known,ddd,0.7407407407407407,1.1803126008447465e-200,normal,0.7407407407407407,0
566,ddd,dde,known,dde,0.2222222222222222,2.622916890766103e-201,normal,0.2222222222222222,0
567,dde,ded,known,ded,0.21739130434782608,5.701993240795876e-202,normal,0.21739130434782608,0
568,ded,ede,known,ede,0.4166666666666667,2.375830516998282e-202,normal,0.4166666666666667,0
569,ede,ded,known,ded,0.4117647058823529,9.78283154058116e-203,normal,0.4117647058823529,0
570,ded,edd,known,edd,0.5833333333333334,5.706651732005677e-203,normal,0.5833333333333334,0
571,edd,ddd,known,ddd,0.6956521739130435,3.969844683134384e-203,normal,0.6956521739130435,0
572,ddd,ddd,known,ddd,0.7407407407407407,2.940625691210655e-203,normal,0.7407407407407407,0
573,ddd,dde,known,dde,0.2222222222222222,6.5347237582459e-204,normal,0.2222222222222222,0
574,dde,ded,known,ded,0.21739130434782608,1.4205921213578043e-204,normal,0.21739130434782608,0
575,ded,ede,known,ede,0.4166666666666667,5.919133838990851e-205,normal,0.4166666666666667,0
576,ede,ded,known,ded,0.4117647058823529,2.43729040429035e-205,normal,0.4117647058823529,0
577,ded,edd,known,edd,0.5833333333333334,1.4217527358360377e-205,normal,0.5833333333333334,0
578,edd,ddd,known,ddd,0.6956521739130435,9.890453814511567e-206,normal,0.6956521739130435,0
579,ddd,ddd,known,ddd,0.7407407407407407,7.326262084823383e-206,normal,0.7407407407407407,0
580,ddd,ddd,known,ddd,0.7407407407407407,5.426860803572876e-206,normal,0.7407407407407407,0
581,ddd,ddd,known,ddd,0.7407407407407407,4.019896891535464e-206,normal,0.7407407407407407,0
582,ddd,ddd,known,ddd,0.7407407407407407,2.9777014011373804e-206,normal,0.7407407407407407,0
583,ddd,ddc,known,ddc,0.037037037037037035,1.1028523707916223e-207,anomaly,0.037037037037037035,0
584,ddc,dcd,known,dcd,0.4,4.411409483166489e-208,normal,0.4,0
585,dcd,cdc,known,cdc,0.375,1.6542785561874333e-208,normal,0.375,0
586,cdc,dcd,known,dcd,0.23529411764705882,3.892420132205725e-209,normal,0.23529411764705882,0
587,dcd,cdc,known,cdc,0.375,1.459657549577147e-209,normal,0.375,0
588,cdc,dcd,known,dcd,0.23529411764705882,3.434488351946228e-210,normal,0.23529411764705882,0
589,dcd,cdd,known,cdd,0.625,2.1465552199663926e-210,normal,0.625,0
590,cdd,ddd,known,ddd,0.4166666666666667,8.943980083193303e-211,normal,0.4166666666666667,0
591,ddd,ddd,known,ddd,0.7407407407407407,6.625170431995039e-211,normal,0.7407407407407407,0
592,ddd,ddd,known,ddd,0.7407407407407407,4.907533653329658e-211,normal,0.7407407407407407,0
593,ddd,ddd,known,ddd,0.7407407407407407,3.635210113577524e-211,normal,0.7407407407407407,0
594,ddd,ddd,known,ddd,0.7407407407407407,2.6927482322796474e-211,normal,0.7407407407407407,0
595,ddd,ddc,known,ddc,0.037037037037037035,9.973141601035731e-213,anomaly,0.037037037037037035,0
596,ddc,dcc,known,dcc,0.5,4.9865708005178654e-213,normal,0.5,0
597,dcc,ccc,known,ccc,0.8125,4.0515887754207655e-213,normal,0.8125,0
598,ccc,ccd,known,ccd,0.1111111111111111,4.501765306023073e-214,anomaly,0.1111111111111111,0
599,ccd,cdd,known,cdd,0.2727272727272727,1.2277541743699289e-214,normal,0.2727272727272727,0
600,cdd,ddd,known,ddd,0.4166666666666667,5.115642393208037e-215,normal,0.4166666666666667,0
601,ddd,ddd,known,ddd,0.7407407407407407,3.7893647357096565e-215,normal,0.7407407407407407,0
602,ddd,ddd,known,ddd,0.7407407407407407,2.806936841266412e-215,normal,0.7407407407407407,0
603,ddd,ddc,known,ddc,0.037037037037037035,1.0396062375060785e-216,anomaly,0.037037037037037035,0
604,ddc,dcd,known,dcd,0.4,4.158424950024314e-217,normal,0.4,0
605,dcd,cdc,known,cdc,0.375,1.5594093562591176e-217,normal,0.375,0
606,cdc,dcc,known,dcc,0.4117647058823529,6.421097349302248e-218,normal,0.4117647058823529,0
607,dcc,ccc,known,ccc,0.8125,5.217141596308077e-218,normal,0.8125,0
608,ccc,ccd,known,ccd,0.1111111111111111,5.796823995897863e-219,anomaly,0.1111111111111111,0
609,ccd,cdd,known,cdd,0.2727272727272727,1.5809519988812353e-219,normal,0.2727272727272727,0
610,cdd,ddd,known,ddd,0.4166666666666667,6.58729999533848e-220,normal,0.4166666666666667,0
611,ddd,ddc,known,ddc,0.037037037037037035,2.4397407390142516e-221,anomaly,0.037037037037037035,0
612,ddc,dcc,known,dcc,0.5,1.2198703695071258e-221,normal,0.5,0
613,dcc,ccc,known,ccc,0.8125,9.911446752245396e-222,normal,0.8125,0
614,ccc,ccc,known,ccc,0.5277777777777778,5.231041341462848e-222,normal,0.5277777777777778,0
615,ccc,ccd,known,ccd,0.1111111111111111,5.812268157180942e-223,anomaly,0.1111111111111111,0
616,ccd,cdd,known,cdd,0.2727272727272727,1.5851640428675296e-223,normal,0.2727272727272727,0
617,cdd,ddd,known,ddd,0.4166666666666667,6.604850178614707e-224,normal,0.4166666666666667,0
618,ddd,ddd,known,ddd,0.7407407407407407,4.892481613788671e-224,normal,0.7407407407407407,0
619,ddd,ddd,known,ddd,0.7407407407407407,3.624060454658275e-224,normal,0.7407407407407407,0
620,ddd,ddd,known,ddd,0.7407407407407407,2.684489225672796e-224,normal,0.7407407407407407,0
621,ddd,ddd,known,ddd,0.7407407407407407,1.9885105375354044e-224,normal,0.7407407407407407,0
622,ddd,ddc,known,ddc,0.037037037037037035,7.36485384272372e-226,anomaly,0.037037037037037035,0
623,ddc,dcd,known,dcd,0.4,2.9459415370894882e-226,normal,0.4,0
624,dcd,cdd,known,cdd,0.625,1.84121346068093e-226,normal,0.625,0
625,cdd,ddd,known,ddd,0.4166666666666667,7.671722752837209e-227,normal,0.4166666666666667,0
626,ddd,ddd,known,ddd,0.7407407407407407,5.682757594694228e-227,normal,0.7407407407407407,0
627,ddd,ddd,known,ddd,0.7407407407407407,4.2094500701438724e-227,normal,0.7407407407407407,0
628,ddd,dde,known,dde,0.2222222222222222,9.354333489208605e-228,normal,0.2222222222222222,0
629,dde,ded,known,ded,0.21739130434782608,2.0335507585236097e-228,normal,0.21739130434782608,0
630,ded,edd,known,edd,0.5833333333333334,1.1862379424721057e-228,normal,0.5833333333333334,0
631,edd,ddd,known,ddd,0.6956521739130435,8.25209003458856e-229,normal,0.6956521739130435,0
632,ddd,ddd,known,ddd,0.7407407407407407,6.1126592848804146e-229,normal,0.7407407407407407,0
633,ddd,ddd,known,ddd,0.7407407407407407,4.527895766578085e-229,normal,0.7407407407407407,0
634,ddd,ddd,known,ddd,0.7407407407407407,3.353996864131914e-229,normal,0.7407407407407407,0
635,ddd,ddd,known,ddd,0.7407407407407407,2.4844421215791956e-229,normal,0.7407407407407407,0
636,ddd,ddd,known,ddd,0.7407407407407407,1.840327497466071e-229,normal,0.7407407407407407,0
637,ddd,ddc,known,ddc,0.037037037037037035,6.816027768392855e-231,anomaly,0.037037037037037035,0
638,ddc,dcd,known,dcd,0.4,2.726411107357142e-231,normal,0.4,0
639,dcd,cdd,known,cdd,0.625,1.7040069420982137e-231,normal,0.625,0
640,cdd,ddd,known,ddd,0.4166666666666667,7.100028925409224e-232,normal,0.4166666666666667,0
641,ddd,ddd,known,ddd,0.7407407407407407,5.259280685488314e-232,normal,0.7407407407407407,0
642,ddd,ddd,known,ddd,0.7407407407407407,3.895763470732084e-232,normal,0.7407407407407407,0
643,ddd,ddd,known,ddd,0.7407407407407407,2.8857507190608027e-232,normal,0.7407407407407407,0
644,ddd,ddd,known,ddd,0.7407407407407407,2.137593125230224e-232,normal,0.7407407407407407,0
645,ddd,ddd,known,ddd,0.7407407407407407,1.583402314985351e-232,normal,0.7407407407407407,0
646,ddd,ddd,known,ddd,0.7407407407407407,1.1728906036928525e-232,normal,0.7407407407407407,0
647,ddd,ddd,known,ddd,0.7407407407407407,8.68807854587298e-233,normal,0.7407407407407407,0
648,ddd,ddd,known,ddd,0.7407407407407407,6.435613737683689e-233,normal,0.7407407407407407,0
649,ddd,ddd,known,ddd,0.7407407407407407,4.767121287173102e-233,normal,0.7407407407407407,0
650,ddd,ddd,known,ddd,0.7407407407407407,3.5312009534615572e-233,normal,0.7407407407407407,0
651,ddd,ddd,known,ddd,0.7407407407407407,2.6157044099715236e-233,normal,0.7407407407407407,0
652,ddd,dde,known,dde,0.2222222222222222,5.812676466603385e-234,normal,0.2222222222222222,0
653,dde,ded,known,ded,0.21739130434782608,1.263625318826823e-234,normal,0.21739130434782608,0
654,ded,edd,known,edd,0.5833333333333334,7.371147693156468e-235,normal,0.5833333333333334,0
655,edd,ddd,known,ddd,0.6956521739130435,5.127754916978412e-235,normal,0.6956521739130435,0
656,ddd,ddc,known,ddc,0.037037037037037035,1.8991684877697822e-236,anomaly,0.037037037037037035,0
657,ddc,dcd,known,dcd,0.4,7.59667395107913e-237,normal,0.4,0
658,dcd,cdc,known,cdc,0.375,2.8487527316546736e-237,normal,0.375,0
659,cdc,dcc,known,dcc,0.4117647058823529,1.1730158306813361e-237,normal,0.4117647058823529,0
660,dcc,ccc,known,ccc,0.8125,9.530753624285856e-238,normal,0.8125,0
661,ccc,ccd,known,ccd,0.1111111111111111,1.0589726249206507e-238,anomaly,0.1111111111111111,0
662,ccd,cdd,known,cdd,0.2727272727272727,2.8881071588745017e-239,normal,0.2727272727272727,0
663,cdd,ddd,known,ddd,0.4166666666666667,1.2033779828643758e-239,normal,0.4166666666666667,0
664,ddd,ddd,known,ddd,0.7407407407407407,8.91391098418056e-240,normal,0.7407407407407407,0
665,ddd,ddd,known,ddd,0.7407407407407407,6.602897025318933e-240,normal,0.7407407407407407,0
666,ddd,ddd,known,ddd,0.7407407407407407,4.89103483356958e-240,normal,0.7407407407407407,0
667,ddd,ddd,known,ddd,0.7407407407407407,3.622988765607096e-240,normal,0.7407407407407407,0
668,ddd,ddc,known,ddc,0.037037037037037035,1.341847690965591e-241,anomaly,0.037037037037037035,0
669,ddc,dcc,known,dcc,0.5,6.709238454827955e-242,normal,0.5,0
670,dcc,ccd,known,ccd,0.125,8.386548068534944e-243,anomaly,0.125,0
671,ccd,cdd,known,cdd,0.2727272727272727,2.287240382327712e-243,normal,0.2727272727272727,0
672,cdd,ddd,known,ddd,0.4166666666666667,9.5301682596988e-244,normal,0.4166666666666667,0
673,ddd,ddd,known,ddd,0.7407407407407407,7.059383896073185e-244,normal,0.7407407407407407,0
674,ddd,ddc,known,ddc,0.037037037037037035,2.6145866281752532e-245,anomaly,0.037037037037037035,0
675,ddc,dcc,known,dcc,0.5,1.3072933140876266e-245,normal,0.5,0
676,dcc,ccd,known,ccd,0.125,1.6341166426095333e-246,anomaly,0.125,0
677,ccd,cdc,known,cdc,0.6363636363636364,1.0398924089333394e-246,normal,0.6363636363636364,0
678,cdc,dcd,known,dcd,0.23529411764705882,2.4468056680784454e-247,normal,0.23529411764705882,0
679,dcd,cdd,known,cdd,0.625,1.5292535425490285e-247,normal,0.625,0
680,cdd,ddd,known,ddd,0.4166666666666667,6.3718897606209524e-248,normal,0.4166666666666667,0
681,ddd,ddc,known,ddc,0.037037037037037035,2.359959170600353e-249,anomaly,0.037037037037037035,0
682,ddc,dcc,known,dcc,0.5,1.1799795853001764e-249,normal,0.5,0
683,dcc,ccd,known,ccd,0.125,1.4749744816252205e-250,anomaly,0.125,0
684,ccd,cdc,known,cdc,0.6363636363636364,9.386201246705948e-251,normal,0.6363636363636364,0
685,cdc,dcc,known,dcc,0.4117647058823529,3.864906395702449e-251,normal,0.4117647058823529,0
686,dcc,ccd,known,ccd,0.125,4.831132994628061e-252,anomaly,0.125,0
687,ccd,cdd,known,cdd,0.2727272727272727,1.3175817258076531e-252,normal,0.2727272727272727,0
688,cdd,ddd,known,ddd,0.4166666666666667,5.489923857531888e-253,normal,0.4166666666666667,0
689,ddd,ddd,known,ddd,0.7407407407407407,4.066610264838435e-253,normal,0.7407407407407407,0
690,ddd,ddd,known,ddd,0.7407407407407407,3.0123038998803225e-253,normal,0.7407407407407407,0
691,ddd,ddd,known,ddd,0.7407407407407407,2.231336222133572e-253,normal,0.7407407407407407,0
692,ddd,ddd,known,ddd,0.7407407407407407,1.6528416460248683e-253,normal,0.7407407407407407,0
693,ddd,ddd,known,ddd,0.7407407407407407,1.2243271452036061e-253,normal,0.7407407407407407,0
694,ddd,ddd,known,ddd,0.7407407407407407,9.069089964471155e-254,normal,0.7407407407407407,0
695,ddd,ddc,known,ddc,0.037037037037037035,3.358922209063391e-255,anomaly,0.037037037037037035,0
696,ddc,dcd,known,dcd,0.4,1.3435688836253565e-255,normal,0.4,0
697,dcd,cdc,known,cdc,0.375,5.0383833135950864e-256,normal,0.375,0
698,cdc,dcd,known,dcd,0.23529411764705882,1.1855019561400203e-256,normal,0.23529411764705882,0
699,dcd,cdd,known,cdd,0.625,7.409387225875127e-257,normal,0.625,0
700,cdd,ddd,known,ddd,0.4166666666666667,3.0872446774479695e-257,normal,0.4166666666666667,0
701,ddd,dde,known,dde,0.2222222222222222,6.860543727662154e-258,normal,0.2222222222222222,0
702,dde,ded,known,ded,0.21739130434782608,1.4914225494917727e-258,normal,0.21739130434782608,0
703,ded,edd,known,edd,0.5833333333333334,8.699964872035341e-259,normal,0.5833333333333334,0
704,edd,ddd,known,ddd,0.6956521739130435,6.052149476198498e-259,normal,0.6956521739130435,0
705,ddd,ddd,known,ddd,0.7407407407407407,4.483073686072961e-259,normal,0.7407407407407407,0
706,ddd,ddd,known,ddd,0.7407407407407407,3.320795323017008e-259,normal,0.7407407407407407,0
707,ddd,ddd,known,ddd,0.7407407407407407,2.459848387420006e-259,normal,0.7407407407407407,0
708,ddd,ddd,known,ddd,0.7407407407407407,1.8221099166074115e-259,normal,0.7407407407407407,0
709,ddd,ddd,known,ddd,0.7407407407407407,1.3497110493388232e-259,normal,0.7407407407407407,0
710,ddd,ddd,known,ddd,0.7407407407407407,9.997859624732024e-260,normal,0.7407407407407407,0
711,ddd,ddd,known,ddd,0.7407407407407407,7.405821944245943e-260,normal,0.7407407407407407,0
712,ddd,ddd,known,ddd,0.7407407407407407,5.485794032774772e-260,normal,0.7407407407407407,0
713,ddd,ddd,known,ddd,0.7407407407407407,4.06355113538872e-260,normal,0.7407407407407407,0
714,ddd,ddd,known,ddd,0.7407407407407407,3.0100378780657184e-260,normal,0.7407407407407407,0
715,ddd,ddd,known,ddd,0.7407407407407407,2.2296576874560874e-260,normal,0.7407407407407407,0
716,ddd,ddd,known,ddd,0.7407407407407407,1.651598287004509e-260,normal,0.7407407407407407,0
717,ddd,ddd,known,ddd,0.7407407407407407,1.2234061385218584e-260,normal,0.7407407407407407,0
718,ddd,ddd,known,ddd,0.7407407407407407,9.062267692754506e-261,normal,0.7407407407407407,0
719,ddd,ddd,known,ddd,0.7407407407407407,6.712790883521856e-261,normal,0.7407407407407407,0
720,ddd,ddd,known,ddd,0.7407407407407407,4.972437691497671e-261,normal,0.7407407407407407,0
721,ddd,ddd,known,ddd,0.7407407407407407,3.6832871788871634e-261,normal,0.7407407407407407,0
722,ddd,ddd,known,ddd,0.7407407407407407,2.7283608732497507e-261,normal,0.7407407407407407,0
723,ddd,ddc,known,ddc,0.037037037037037035,1.0105040271295372e-262,anomaly,0.037037037037037035,0
724,ddc,dcd,known,dcd,0.4,4.042016108518149e-263,normal,0.4,0
725,dcd,cdd,known,cdd,0.625,2.526260067823843e-263,normal,0.625,0
726,cdd,ddd,known,ddd,0.4166666666666667,1.052608361593268e-263,normal,0.4166666666666667,0
727,ddd,ddd,known,ddd,0.7407407407407407,7.797098974764948e-264,normal,0.7407407407407407,0
728,ddd,ddd,known,ddd,0.7407407407407407,5.775628870196257e-264,normal,0.7407407407407407,0
729,ddd,ddd,known,ddd,0.7407407407407407,4.278243607552783e-264,normal,0.7407407407407407,0
730,ddd,ddd,known,ddd,0.7407407407407407,3.1690693389279873e-264,normal,0.7407407407407407,0
731,ddd,ddd,known,ddd,0.7407407407407407,2.347458769576287e-264,normal,0.7407407407407407,0
732,ddd,ddd,known,ddd,0.7407407407407407,1.7388583478342865e-264,normal,0.7407407407407407,0
733,ddd,dde,known,dde,0.2222222222222222,3.86412966185397e-265,normal,0.2222222222222222,0
734,dde,dee,known,dee,0.7391304347826086,2.8560958370224995e-265,normal,0.7391304347826086,0
735,dee,eee,known,eee,0.8148148148148148,2.3271892005368512e-265,normal,0.8148148148148148,0
736,eee,eed,known,eed,0.014007308160779537,3.2597656280357844e-267,anomaly,0.014007308160779537,0
737,eed,edd,known,edd,0.5714285714285714,1.862723216020448e-267,normal,0.5714285714285714,0
738,edd,ddd,known,ddd,0.6956521739130435,1.2958074546229204e-267,normal,0.6956521739130435,0
739,ddd,ddd,known,ddd,0.7407407407407407,9.598573737947558e-268,normal,0.7407407407407407,0
740,ddd,ddd,known,ddd,0.7407407407407407,7.110054620701894e-268,normal,0.7407407407407407,0
741,ddd,ddc,known,ddc,0.037037037037037035,2.6333535632229235e-269,anomaly,0.037037037037037035,0
742,ddc,dcd,known,dcd,0.4,1.0533414252891695e-269,normal,0.4,0
743,dcd,cdd,known,cdd,0.625,6.583383908057309e-270,normal,0.625,0
744,cdd,ddd,known,ddd,0.4166666666666667,2.7430766283572123e-270,normal,0.4166666666666667,0
745,ddd,ddd,known,ddd,0.7407407407407407,2.031908613597935e-270,normal,0.7407407407407407,0
746,ddd,ddc,known,ddc,0.037037037037037035,7.525587457770129e-272,anomaly,0.037037037037037035,0
747,ddc,dcd,known,dcd,0.4,3.010234983108052e-272,normal,0.4,0
748,dcd,cdd,known,cdd,0.625,1.8813968644425325e-272,normal,0.625,0
749,cdd,dde,known,dde,0.0,1.8813968644425324e-276,anomaly,0.0,0
750,dde,dee,known,dee,0.7391304347826086,1.3905976824140456e-276,normal,0.7391304347826086,0
751,dee,eed,known,eed,0.18518518518518517,2.575180893359344e-277,anomaly,0.18518518518518517,0
752,eed,edd,known,edd,0.5714285714285714,1.471531939062482e-277,normal,0.5714285714285714,0
753,edd,ddd,known,ddd,0.6956521739130435,1.0236743923912918e-277,normal,0.6956521739130435,0
754,ddd,dde,known,dde,0.2222222222222222,2.2748319830917594e-278,normal,0.2222222222222222,0
755,dde,dee,known,dee,0.7391304347826086,1.6813975527199958e-278,normal,0.7391304347826086,0
756,dee,eed,known,eed,0.18518518518518517,3.1136991717036957e-279,anomaly,0.18518518518518517,0
757,eed,edd,known,edd,0.5714285714285714,1.779256669544969e-279,normal,0.5714285714285714,0
758,edd,ddd,known,ddd,0.6956521739130435,1.2377437701182391e-279,normal,0.6956521739130435,0
759,ddd,ddd,known,ddd,0.7407407407407407,9.168472371246216e-280,normal,0.7407407407407407,0
760,ddd,ddd,known,ddd,0.7407407407407407,6.791461015737937e-280,normal,0.7407407407407407,0
761,ddd,ddd,known,ddd,0.7407407407407407,5.030711863509583e-280,normal,0.7407407407407407,0
762,ddd,ddd,known,ddd,0.7407407407407407,3.7264532322293207e-280,normal,0.7407407407407407,0
763,ddd,ddd,known,ddd,0.7407407407407407,2.7603357275772743e-280,normal,0.7407407407407407,0
764,ddd,ddd,known,ddd,0.7407407407407407,2.0446931315387217e-280,normal,0.7407407407407407,0
765,ddd,dde,known,dde,0.2222222222222222,4.543762514530492e-281,normal,0.2222222222222222,0
766,dde,ded,known,ded,0.21739130434782608,9.877744596805417e-282,normal,0.21739130434782608,0
767,ded,edd,known,edd,0.5833333333333334,5.762017681469827e-282,normal,0.5833333333333334,0
768,edd,ddd,known,ddd,0.6956521739130435,4.00836012623988e-282,normal,0.6956521739130435,0
769,ddd,ddc,known,ddc,0.037037037037037035,1.4845778245332888e-283,anomaly,0.037037037037037035,0
770,ddc,dcd,known,dcd,0.4,5.938311298133156e-284,normal,0.4,0
771,dcd,cdd,known,cdd,0.625,3.711444561333222e-284,normal,0.625,0
772,cdd,ddd,known,ddd,0.4166666666666667,1.5464352338888425e-284,normal,0.4166666666666667,0
773,ddd,ddd,known,ddd,0.7407407407407407,1.1455075806584018e-284,normal,0.7407407407407407,0
774,ddd,ddd,known,ddd,0.7407407407407407,8.485241338210384e-285,normal,0.7407407407407407,0
775,ddd,ddd,known,ddd,0.7407407407407407,6.285363954229913e-285,normal,0.7407407407407407,0
776,ddd,ddd,known,ddd,0.7407407407407407,4.655825151281417e-285,normal,0.7407407407407407,0
777,ddd,ddd,known,ddd,0.7407407407407407,3.4487593713195676e-285,normal,0.7407407407407407,0
778,ddd,ddd,known,ddd,0.7407407407407407,2.5546365713478278e-285,normal,0.7407407407407407,0
779,ddd,ddd,known,ddd,0.7407407407407407,1.8923233861835762e-285,normal,0.7407407407407407,0
780,ddd,ddd,known,ddd,0.7407407407407407,1.4017210268026489e-285,normal,0.7407407407407407,0
781,ddd,ddd,known,ddd,0.7407407407407407,1.0383118717056658e-285,normal,0.7407407407407407,0
782,ddd,ddd,known,ddd,0.7407407407407407,7.691199049671598e-286,normal,0.7407407407407407,0
783,ddd,ddd,known,ddd,0.7407407407407407,5.697184481238221e-286,normal,0.7407407407407407,0
784,ddd,ddd,known,ddd,0.7407407407407407,4.220136652769052e-286,normal,0.7407407407407407,0
785,ddd,ddd,known,ddd,0.7407407407407407,3.1260271501992973e-286,normal,0.7407407407407407,0
786,ddd,ddc,known,ddc,0.037037037037037035,1.1577878334071471e-287,anomaly,0.037037037037037035,0
787,ddc,dcd,known,dcd,0.4,4.631151333628589e-288,normal,0.4,0
788,dcd,cdc,known,cdc,0.375,1.736681750110721e-288,normal,0.375,0
789,cdc,dcd,known,dcd,0.23529411764705882,4.0863100002605194e-289,normal,0.23529411764705882,0
790,dcd,cdd,known,cdd,0.625,2.5539437501628247e-289,normal,0.625,0
791,cdd,ddd,known,ddd,0.4166666666666667,1.0641432292345102e-289,normal,0.4166666666666667,0
792,ddd,ddd,known,ddd,0.7407407407407407,7.88254243877415e-290,normal,0.7407407407407407,0
793,ddd,ddd,known,ddd,0.7407407407407407,5.838920325017889e-290,normal,0.7407407407407407,0
794,ddd,ddd,known,ddd,0.7407407407407407,4.3251261666799174e-290,normal,0.7407407407407407,0
795,ddd,ddc,known,ddc,0.037037037037037035,1.6018985802518211e-291,anomaly,0.037037037037037035,0
796,ddc,dcc,known,dcc,0.5,8.009492901259106e-292,normal,0.5,0
797,dcc,ccd,known,ccd,0.125,1.0011866126573882e-292,anomaly,0.125,0
798,ccd,cdd,known,cdd,0.2727272727272727,2.7305089436110583e-293,normal,0.2727272727272727,0
799,cdd,ddd,known,ddd,0.4166666666666667,1.137712059837941e-293,normal,0.4166666666666667,0
800,ddd,ddd,known,ddd,0.7407407407407407,8.427496739540304e-294,normal,0.7407407407407407,0
801,ddd,ddd,known,ddd,0.7407407407407407,6.242590177437262e-294,normal,0.7407407407407407,0
802,ddd,ddd,known,ddd,0.7407407407407407,4.624140872175749e-294,normal,0.7407407407407407,0
803,ddd,ddd,known,ddd,0.7407407407407407,3.425289534944999e-294,normal,0.7407407407407407,0
804,ddd,dde,known,dde,0.2222222222222222,7.611754522099998e-295,normal,0.2222222222222222,0
805,dde,ded,known,ded,0.21739130434782608,1.6547292439347821e-295,normal,0.21739130434782608,0
806,ded,edd,known,edd,0.5833333333333334,9.652587256286229e-296,normal,0.5833333333333334,0
807,edd,ddd,known,ddd,0.6956521739130435,6.714843308720855e-296,normal,0.6956521739130435,0
808,ddd,ddd,known,ddd,0.7407407407407407,4.973958006459892e-296,normal,0.7407407407407407,0
809,ddd,dde,known,dde,0.2222222222222222,1.1053240014355314e-296,normal,0.2222222222222222,0
810,dde,dee,known,dee,0.7391304347826086,8.169786097566971e-297,normal,0.7391304347826086,0
811,dee,eed,known,eed,0.18518518518518517,1.5129233514012908e-297,anomaly,0.18518518518518517,0
812,eed,ede,known,ede,0.42857142857142855,6.483957220291246e-298,normal,0.42857142857142855,0
813,ede,dee,known,dee,0.5882352941176471,3.8140924825242625e-298,normal,0.5882352941176471,0
814,dee,eed,known,eed,0.18518518518518517,7.063134226896782e-299,anomaly,0.18518518518518517,0
815,eed,edd,known,edd,0.5714285714285714,4.036076701083875e-299,normal,0.5714285714285714,0
816,edd,ddd,known,ddd,0.6956521739130435,2.807705531188783e-299,normal,0.6956521739130435,0
817,ddd,ddd,known,ddd,0.7407407407407407,2.079781874954654e-299,normal,0.7407407407407407,0
818,ddd,ddd,known,ddd,0.7407407407407407,1.5405791666330769e-299,normal,0.7407407407407407,0
819,ddd,ddd,known,ddd,0.7407407407407407,1.1411697530615384e-299,normal,0.7407407407407407,0
820,ddd,ddd,known,ddd,0.7407407407407407,8.45310928193732e-300,normal,0.7407407407407407,0
821,ddd,ddd,known,ddd,0.7407407407407407,6.261562431064681e-300,normal,0.7407407407407407,0
822,ddd,dde,known,dde,0.2222222222222222,1.3914583180143735e-300,normal,0.2222222222222222,0
823,dde,dee,known,dee,0.7391304347826086,1.0284691915758412e-300,normal,0.7391304347826086,0
824,dee,eee,known,eee,0.8148148148148148,8.380119338766113e-301,normal,0.8148148148148148,0
825,eee,eee,known,eee,0.9853836784409257,8.25763281980729e-301,normal,0.9853836784409257,0
826,eee,eee,known,eee,0.9853836784409257,8.136936603196222e-301,normal,0.9853836784409257,0
827,eee,eed,known,eed,0.014007308160779537,1.1397657848569617e-302,anomaly,0.014007308160779537,0
828,eed,edd,known,edd,0.5714285714285714,6.51294734203978e-303,normal,0.5714285714285714,0
829,edd,ddd,known,ddd,0.6956521739130435,4.530745977071151e-303,normal,0.6956521739130435,0
830,ddd,ddd,known,ddd,0.7407407407407407,3.3561081311638156e-303,normal,0.7407407407407407,0
831,ddd,ddd,known,ddd,0.7407407407407407,2.4860060230843078e-303,normal,0.7407407407407407,0
832,ddd,ddd,known,ddd,0.7407407407407407,1.841485943025413e-303,normal,0.7407407407407407,0
833,ddd,ddd,known,ddd,0.7407407407407407,1.3640636615003058e-303,normal,0.7407407407407407,0
834,ddd,ddc,known,ddc,0.037037037037037035,5.052087635186317e-305,anomaly,0.037037037037037035,0
835,ddc,dcc,known,dcc,0.5,2.5260438175931585e-305,normal,0.5,0
836,dcc,ccc,known,ccc,0.8125,2.0524106017944412e-305,normal,0.8125,0
837,ccc,ccd,known,ccd,0.1111111111111111,2.2804562242160457e-306,anomaly,0.1111111111111111,0
838,ccd,cdd,known,cdd,0.2727272727272727,6.21942606604376e-307,normal,0.2727272727272727,0
839,cdd,ddd,known,ddd,0.4166666666666667,2.5914275275182333e-307,normal,0.4166666666666667,0
840,ddd,ddd,known,ddd,0.7407407407407407,1.9195759463098024e-307,normal,0.7407407407407407,0
841,ddd,ddd,known,ddd,0.7407407407407407,1.4219081083776314e-307,normal,0.7407407407407407,0
842,ddd,ddd,known,ddd,0.7407407407407407,1.0532652654649122e-307,normal,0.7407407407407407,0
843,ddd,dde,known,dde,0.2222222222222222,2.3405894788109157e-308,normal,0.2222222222222222,0
844,dde,ded,known,ded,0.21739130434782608,5.088237997415036e-309,normal,0.21739130434782608,0
845,ded,ede,known,ede,0.4166666666666667,2.1200991655896e-309,normal,0.4166666666666667,0
846,ede,ded,known,ded,0.4117647058823529,8.7298200936042e-310,normal,0.4117647058823529,0
847,ded,edd,known,edd,0.5833333333333334,5.09239505460245e-310,normal,0.5833333333333334,0
848,edd,ddd,known,ddd,0.6956521739130435,3.5425356901582e-310,normal,0.6956521739130435,0
849,ddd,ddc,known,ddc,0.037037037037037035,1.312050255614e-311,anomaly,0.037037037037037035,0
850,ddc,dcc,known,dcc,0.5,6.56025127807e-312,normal,0.5,0
851,dcc,ccc,known,ccc,0.8125,5.330204163434e-312,normal,0.8125,0
852,ccc,ccb,known,ccb,0.3611111111111111,1.924795947906e-312,normal,0.3611111111111111,0
853,ccb,cbc,known,cbc,0.3382352941176471,6.51033923555e-313,normal,0.3382352941176471,0
854,cbc,bcc,known,bcc,0.2777777777777778,1.80842756545e-313,normal,0.2777777777777778,0
855,bcc,ccc,known,ccc,0.3442622950819672,6.2257342416e-314,normal,0.3442622950819672,0
856,ccc,ccd,known,ccd,0.1111111111111111,6.91748249e-315,anomaly,0.1111111111111111,0
857,ccd,cdc,known,cdc,0.6363636363636364,4.402034313e-315,normal,0.6363636363636364,0
858,cdc,dcc,known,dcc,0.4117647058823529,1.812602365e-315,normal,0.4117647058823529,0
859,dcc,ccc,known,ccc,0.8125,1.47273942e-315,normal,0.8125,0
860,ccc,ccc,known,ccc,0.5277777777777778,7.7727914e-316,normal,0.5277777777777778,0
861,ccc,ccb,known,ccb,0.3611111111111111,2.80684133e-316,normal,0.3611111111111111,0
862,ccb,cbb,known,cbb,0.5294117647058824,1.4859748e-316,normal,0.5294117647058824,0
863,cbb,bbb,known,bbb,0.6238532110091743,9.2703014e-317,normal,0.6238532110091743,0
864,bbb,bbb,known,bbb,0.6860670194003528,6.3600483e-317,normal,0.6860670194003528,0
865,bbb,bbb,known,bbb,0.6860670194003528,4.3634193e-317,normal,0.6860670194003528,0
866,bbb,bbb,known,bbb,0.6860670194003528,2.993598e-317,normal,0.6860670194003528,0
867,bbb,bbb,known,bbb,0.6860670194003528,2.053809e-317,normal,0.6860670194003528,0
868,bbb,bbc,known,bbc,0.13403880070546736,2.7529e-318,anomaly,0.13403880070546736,0
869,bbc,bcc,known,bcc,0.3277310924369748,9.0221e-319,normal,0.3277310924369748,0
870,bcc,ccd,known,ccd,0.01639344262295082,1.479e-320,anomaly,0.01639344262295082,0
871,ccd,cdc,known,cdc,0.6363636363636364,9.41e-321,normal,0.6363636363636364,0
872,cdc,dcb,known,dcb,0.29411764705882354,2.767e-321,normal,0.29411764705882354,0
873,dcb,cbb,known,cbb,0.3333333333333333,9.24e-322,normal,0.3333333333333333,0
874,cbb,bbb,known,bbb,0.6238532110091743,5.8e-322,normal,0.6238532110091743,0
875,bbb,bbb,known,bbb,0.6860670194003528,3.95e-322,normal,0.6860670194003528,0
876,bbb,bbc,known,bbc,0.13403880070546736,5.4e-323,anomaly,0.13403880070546736,0
877,bbc,bcc,known,bcc,0.3277310924369748,2e-323,normal,0.3277310924369748,0
878,bcc,ccc,known,ccc,0.3442622950819672,5e-324,normal,0.3442622950819672,0
879,ccc,ccc,known,ccc,0.5277777777777778,5e-324,normal,0.5277777777777778,0
880,ccc,ccc,known,ccc,0.5277777777777778,5e-324,normal,0.5277777777777778,0
881,ccc,ccb,known,ccb,0.3611111111111111,0.0,normal,0.3611111111111111,0
882,ccb,cbb,known,cbb,0.5294117647058824,0.0,normal,0.5294117647058824,0
883,cbb,bbb,known,bbb,0.6238532110091743,0.0,normal,0.6238532110091743,0
884,bbb,bbc,known,bbc,0.13403880070546736,0.0,anomaly,0.13403880070546736,0
885,bbc,bcd,known,bcd,0.05042016806722689,0.0,anomaly,0.05042016806722689,0
886,bcd,cdc,known,cdc,0.5384615384615384,0.0,normal,0.5384615384615384,0
887,cdc,dcb,known,dcb,0.29411764705882354,0.0,normal,0.29411764705882354,0
888,dcb,cbc,known,cbc,0.5,0.0,normal,0.5,0
889,cbc,bcc,known,bcc,0.2777777777777778,0.0,normal,0.2777777777777778,0
890,bcc,ccc,known,ccc,0.3442622950819672,0.0,normal,0.3442622950819672,0
891,ccc,ccc,known,ccc,0.5277777777777778,0.0,normal,0.5277777777777778,0
892,ccc,ccc,known,ccc,0.5277777777777778,0.0,normal,0.5277777777777778,0
893,ccc,ccc,known,ccc,0.5277777777777778,0.0,normal,0.5277777777777778,0
894,ccc,ccd,known,ccd,0.1111111111111111,0.0,anomaly,0.1111111111111111,0
895,ccd,cdd,known,cdd,0.2727272727272727,0.0,normal,0.2727272727272727,0
896,cdd,ddc,known,ddc,0.4166666666666667,0.0,normal,0.4166666666666667,0
897,ddc,dcb,known,dcb,0.1,0.0,anomaly,0.1,0
898,dcb,cbd,known,cbd,0.0,0.0,anomaly,0.0,0
899,cbd,bdd,known,bdd,0.0,0.0,anomaly,0.0,0
900,bdd,ddd,known,ddd,0.0,0.0,anomaly,0.0,0
901,ddd,ddd,known,ddd,0.7407407407407407,0.0,normal,0.7407407407407407,0
902,ddd,ddc,known,ddc,0.037037037037037035,0.0,anomaly,0.037037037037037035,0
903,ddc,dcb,known,dcb,0.1,0.0,anomaly,0.1,0
904,dcb,cbc,known,cbc,0.5,0.0,normal,0.5,0
905,cbc,bcc,known,bcc,0.2777777777777778,0.0,normal,0.2777777777777778,0
906,bcc,ccc,known,ccc,0.3442622950819672,0.0,normal,0.3442622950819672,0
907,ccc,ccd,known,ccd,0.1111111111111111,0.0,anomaly,0.1111111111111111,0
908,ccd,cdc,known,cdc,0.6363636363636364,0.0,normal,0.6363636363636364,0
909,cdc,dcd,known,dcd,0.23529411764705882,0.0,normal,0.23529411764705882,0
910,dcd,cdc,known,cdc,0.375,0.0,normal,0.375,0
911,cdc,dcc,known,dcc,0.4117647058823529,0.0,normal,0.4117647058823529,0
912,dcc,ccb,known,ccb,0.0625,0.0,anomaly,0.0625,0
913,ccb,cbc,known,cbc,0.3382352941176471,0.0,normal,0.3382352941176471,0
914,cbc,bcc,known,bcc,0.2777777777777778,0.0,normal,0.2777777777777778,0
915,bcc,ccc,known,ccc,0.3442622950819672,0.0,normal,0.3442622950819672,0
916,ccc,ccc,known,ccc,0.5277777777777778,0.0,normal,0.5277777777777778,0
917,ccc,ccc,known,ccc,0.5277777777777778,0.0,normal,0.5277777777777778,0
918,ccc,ccd,known,ccd,0.1111111111111111,0.0,anomaly,0.1111111111111111,0
919,ccd,cdd,known,cdd,0.2727272727272727,0.0,normal,0.2727272727272727,0
920,cdd,ddd,known,ddd,0.4166666666666667,0.0,normal,0.4166666666666667,0
921,ddd,ddd,known,ddd,0.7407407407407407,0.0,normal,0.7407407407407407,0
922,ddd,ddc,known,ddc,0.037037037037037035,0.0,anomaly,0.037037037037037035,0
923,ddc,dcd,known,dcd,0.4,0.0,normal,0.4,0
924,dcd,cdd,known,cdd,0.625,0.0,normal,0.625,0
925,cdd,ddc,known,ddc,0.4166666666666667,0.0,normal,0.4166666666666667,0
926,ddc,dcc,known,dcc,0.5,0.0,normal,0.5,0
927,dcc,ccd,known,ccd,0.125,0.0,anomaly,0.125,0
928,ccd,cdc,known,cdc,0.6363636363636364,0.0,normal,0.6363636363636364,0
929,cdc,dcd,known,dcd,0.23529411764705882,0.0,normal,0.23529411764705882,0
930,dcd,cdd,known,cdd,0.625,0.0,normal,0.625,0
931,cdd,ddd,known,ddd,0.4166666666666667,0.0,normal,0.4166666666666667,0
932,ddd,ddd,known,ddd,0.7407407407407407,0.0,normal,0.7407407407407407,0
933,ddd,ddd,known,ddd,0.7407407407407407,0.0,normal,0.7407407407407407,0
934,ddd,ddd,known,ddd,0.7407407407407407,0.0,normal,0.7407407407407407,0
935,ddd,ddc,known,ddc,0.037037037037037035,0.0,anomaly,0.037037037037037035,0
936,ddc,dcc,known,dcc,0.5,0.0,normal,0.5,0
937,dcc,ccc,known,ccc,0.8125,0.0,normal,0.8125,0
938,ccc,ccc,known,ccc,0.5277777777777778,0.0,normal,0.5277777777777778,0
939,ccc,ccc,known,ccc,0.5277777777777778,0.0,normal,0.5277777777777778,0
940,ccc,ccc,known,ccc,0.5277777777777778,0.0,normal,0.5277777777777778,0
941,ccc,ccc,known,ccc,0.5277777777777778,0.0,normal,0.5277777777777778,0
942,ccc,ccd,known,ccd,0.1111111111111111,0.0,anomaly,0.1111111111111111,0
943,ccd,cdd,known,cdd,0.2727272727272727,0.0,normal,0.2727272727272727,0
944,cdd,ddd,known,ddd,0.4166666666666667,0.0,normal,0.4166666666666667,0
945,ddd,ddd,known,ddd,0.7407407407407407,0.0,normal,0.7407407407407407,0
946,ddd,ddc,known,ddc,0.037037037037037035,0.0,anomaly,0.037037037037037035,0
947,ddc,dcc,known,dcc,0.5,0.0,normal,0.5,0
948,dcc,ccd,known,ccd,0.125,0.0,anomaly,0.125,0
949,ccd,cdc,known,cdc,0.6363636363636364,0.0,normal,0.6363636363636364,0
950,cdc,dcd,known,dcd,0.23529411764705882,0.0,normal,0.23529411764705882,0
951,dcd,cdb,known,cdb,0.0,0.0,anomaly,0.0,0
952,cdb,dbc,known,dbc,0.0,0.0,anomaly,0.0,0
953,dbc,bcb,known,bcb,0.5,0.0,normal,0.5,0
954,bcb,cbb,known,cbb,0.5491803278688525,0.0,normal,0.5491803278688525,0
955,cbb,bbc,known,bbc,0.2018348623853211,0.0,normal,0.2018348623853211,0
956,bbc,bcd,known,bcd,0.05042016806722689,0.0,anomaly,0.05042016806722689,0
957,bcd,cdc,known,cdc,0.5384615384615384,0.0,normal,0.5384615384615384,0
958,cdc,dcb,known,dcb,0.29411764705882354,0.0,normal,0.29411764705882354,0
959,dcb,cbb,known,cbb,0.3333333333333333,0.0,normal,0.3333333333333333,0
960,cbb,bbc,known,bbc,0.2018348623853211,0.0,normal,0.2018348623853211,0
961,bbc,bcc,known,bcc,0.3277310924369748,0.0,normal,0.3277310924369748,0
962,bcc,ccc,known,ccc,0.3442622950819672,0.0,normal,0.3442622950819672,0
963,ccc,ccb,known,ccb,0.3611111111111111,0.0,normal,0.3611111111111111,0
964,ccb,cbb,known,cbb,0.5294117647058824,0.0,normal,0.5294117647058824,0
965,cbb,bbb,known,bbb,0.6238532110091743,0.0,normal,0.6238532110091743,0
966,bbb,bbc,known,bbc,0.13403880070546736,0.0,anomaly,0.13403880070546736,0
967,bbc,bcd,known,bcd,0.05042016806722689,0.0,anomaly,0.05042016806722689,0
968,bcd,cdc,known,cdc,0.5384615384615384,0.0,normal,0.5384615384615384,0
969,cdc,dcc,known,dcc,0.4117647058823529,0.0,normal,0.4117647058823529,0
970,dcc,ccc,known,ccc,0.8125,0.0,normal,0.8125,0
971,ccc,ccc,known,ccc,0.5277777777777778,0.0,normal,0.5277777777777778,0
972,ccc,ccb,known,ccb,0.3611111111111111,0.0,normal,0.3611111111111111,0
973,ccb,cbc,known,cbc,0.3382352941176471,0.0,normal,0.3382352941176471,0
974,cbc,bcb,known,bcb,0.4861111111111111,0.0,normal,0.4861111111111111,0
975,bcb,cbc,known,cbc,0.29508196721311475,0.0,normal,0.29508196721311475,0
976,cbc,bcc,known,bcc,0.2777777777777778,0.0,normal,0.2777777777777778,0
977,bcc,ccc,known,ccc,0.3442622950819672,0.0,normal,0.3442622950819672,0
978,ccc,ccc,known,ccc,0.5277777777777778,0.0,normal,0.5277777777777778,0
979,ccc,ccc,known,ccc,0.5277777777777778,0.0,normal,0.5277777777777778,0
980,ccc,ccb,known,ccb,0.3611111111111111,0.0,normal,0.3611111111111111,0
981,ccb,cbb,known,cbb,0.5294117647058824,0.0,normal,0.5294117647058824,0
982,cbb,bbb,known,bbb,0.6238532110091743,0.0,normal,0.6238532110091743,0
983,bbb,bbb,known,bbb,0.6860670194003528,0.0,normal,0.6860670194003528,0
984,bbb,bbc,known,bbc,0.13403880070546736,0.0,anomaly,0.13403880070546736,0
985,bbc,bcc,known,bcc,0.3277310924369748,0.0,normal,0.3277310924369748,0
986,bcc,ccc,known,ccc,0.3442622950819672,0.0,normal,0.3442622950819672,0
987,ccc,ccc,known,ccc,0.5277777777777778,0.0,normal,0.5277777777777778,0
988,ccc,ccc,known,ccc,0.5277777777777778,0.0,normal,0.5277777777777778,0
989,ccc,ccc,known,ccc,0.5277777777777778,0.0,normal,0.5277777777777778,0
990,ccc,ccc,known,ccc,0.5277777777777778,0.0,normal,0.5277777777777778,0
991,ccc,ccc,known,ccc,0.5277777777777778,0.0,normal,0.5277777777777778,0
992,ccc,ccb,known,ccb,0.3611111111111111,0.0,normal,0.3611111111111111,0
993,ccb,cbc,known,cbc,0.3382352941176471,0.0,normal,0.3382352941176471,0
994,cbc,bcb,known,bcb,0.4861111111111111,0.0,normal,0.4861111111111111,0
995,bcb,cbc,known,cbc,0.29508196721311475,0.0,normal,0.29508196721311475,0
996,cbc,bcc,known,bcc,0.2777777777777778,0.0,normal,0.2777777777777778,0
997,bcc,ccc,known,ccc,0.3442622950819672,0.0,normal,0.3442622950819672,0
998,ccc,ccc,known,ccc,0.5277777777777778,0.0,normal,0.5277777777777778,0
999,ccc,ccc,known,ccc,0.5277777777777778,0.0,normal,0.5277777777777778,0
1000,ccc,ccb,known,ccb,0.3611111111111111,0.0,normal,0.3611111111111111,0
1001,ccb,cbc,known,cbc,0.3382352941176471,0.0,normal,0.3382352941176471,0
1002,cbc,bcc,known,bcc,0.2777777777777778,0.0,normal,0.2777777777777778,0
1003,bcc,ccc,known,ccc,0.3442622950819672,0.0,normal,0.3442622950819672,0
1004,ccc,ccb,known,ccb,0.3611111111111111,0.0,normal,0.3611111111111111,0
1005,ccb,cbb,known,cbb,0.5294117647058824,0.0,normal,0.5294117647058824,0
1006,cbb,bbb,known,bbb,0.6238532110091743,0.0,normal,0.6238532110091743,0
1007,bbb,bbb,known,bbb,0.6860670194003528,0.0,normal,0.6860670194003528,0
1008,bbb,bbb,known,bbb,0.6860670194003528,0.0,normal,0.6860670194003528,0
1009,bbb,bbb,known,bbb,0.6860670194003528,0.0,normal,0.6860670194003528,0
1010,bbb,bbb,known,bbb,0.6860670194003528,0.0,normal,0.6860670194003528,0
1011,bbb,bbc,known,bbc,0.13403880070546736,0.0,anomaly,0.13403880070546736,0
1012,bbc,bcb,known,bcb,0.5798319327731093,0.0,normal,0.5798319327731093,0
1013,bcb,cbb,known,cbb,0.5491803278688525,0.0,normal,0.5491803278688525,0
1014,cbb,bbc,known,bbc,0.2018348623853211,0.0,normal,0.2018348623853211,0
1015,bbc,bcb,known,bcb,0.5798319327731093,0.0,normal,0.5798319327731093,0
1016,bcb,cbb,known,cbb,0.5491803278688525,0.0,normal,0.5491803278688525,0
1017,cbb,bbb,known,bbb,0.6238532110091743,0.0,normal,0.6238532110091743,0
1018,bbb,bbc,known,bbc,0.13403880070546736,0.0,anomaly,0.13403880070546736,0
1019,bbc,bcd,known,bcd,0.05042016806722689,0.0,anomaly,0.05042016806722689,0
1020,bcd,cdc,known,cdc,0.5384615384615384,0.0,normal,0.5384615384615384,0
1021,cdc,dcc,known,dcc,0.4117647058823529,0.0,normal,0.4117647058823529,0
1022,dcc,ccc,known,ccc,0.8125,0.0,normal,0.8125,0
1023,ccc,ccc,known,ccc,0.5277777777777778,0.0,normal,0.5277777777777778,0
1024,ccc,ccc,known,ccc,0.5277777777777778,0.0,normal,0.5277777777777778,0
1025,ccc,ccc,known,ccc,0.5277777777777778,0.0,normal,0.5277777777777778,0
1026,ccc,ccc,known,ccc,0.5277777777777778,0.0,normal,0.5277777777777778,0
1027,ccc,ccc,known,ccc,0.5277777777777778,0.0,normal,0.5277777777777778,0
1028,ccc,ccc,known,ccc,0.5277777777777778,0.0,normal,0.5277777777777778,0
1029,ccc,ccc,known,ccc,0.5277777777777778,0.0,normal,0.5277777777777778,0
1030,ccc,ccd,known,ccd,0.1111111111111111,0.0,anomaly,0.1111111111111111,0
1031,ccd,cdc,known,cdc,0.6363636363636364,0.0,normal,0.6363636363636364,0
1032,cdc,dcc,known,dcc,0.4117647058823529,0.0,normal,0.4117647058823529,0
1033,dcc,ccb,known,ccb,0.0625,0.0,anomaly,0.0625,0
1034,ccb,cbc,known,cbc,0.3382352941176471,0.0,normal,0.3382352941176471,0
1035,cbc,bcc,known,bcc,0.2777777777777778,0.0,normal,0.2777777777777778,0
1036,bcc,ccc,known,ccc,0.3442622950819672,0.0,normal,0.3442622950819672,0
1037,ccc,ccc,known,ccc,0.5277777777777778,0.0,normal,0.5277777777777778,0
1038,ccc,ccc,known,ccc,0.5277777777777778,0.0,normal,0.5277777777777778,0
1039,ccc,ccd,known,ccd,0.1111111111111111,0.0,anomaly,0.1111111111111111,0
1040,ccd,cdc,known,cdc,0.6363636363636364,0.0,normal,0.6363636363636364,0
1041,cdc,dcc,known,dcc,0.4117647058823529,0.0,normal,0.4117647058823529,0
1042,dcc,ccc,known,ccc,0.8125,0.0,normal,0.8125,0
1043,ccc,ccc,known,ccc,0.5277777777777778,0.0,normal,0.5277777777777778,0
1044,ccc,ccb,known,ccb,0.3611111111111111,0.0,normal,0.3611111111111111,0
1045,ccb,cbc,known,cbc,0.3382352941176471,0.0,normal,0.3382352941176471,0
1046,cbc,bcb,known,bcb,0.4861111111111111,0.0,normal,0.4861111111111111,0
1047,bcb,cbc,known,cbc,0.29508196721311475,0.0,normal,0.29508196721311475,0
1048,cbc,bcb,known,bcb,0.4861111111111111,0.0,normal,0.4861111111111111,0
1049,bcb,cbb,known,cbb,0.5491803278688525,0.0,normal,0.5491803278688525,0
1050,cbb,bbc,known,bbc,0.2018348623853211,0.0,normal,0.2018348623853211,0
1051,bbc,bcb,known,bcb,0.5798319327731093,0.0,normal,0.5798319327731093,0
1052,bcb,cbb,known,cbb,0.5491803278688525,0.0,normal,0.5491803278688525,0
1053,cbb,bbc,known,bbc,0.2018348623853211,0.0,normal,0.2018348623853211,0
1054,bbc,bcb,known,bcb,0.5798319327731093,0.0,normal,0.5798319327731093,0
1055,bcb,cbc,known,cbc,0.29508196721311475,0.0,normal,0.29508196721311475,0
1056,cbc,bcc,known,bcc,0.2777777777777778,0.0,normal,0.2777777777777778,0
1057,bcc,ccc,known,ccc,0.3442622950819672,0.0,normal,0.3442622950819672,0
1058,ccc,ccc,known,ccc,0.5277777777777778,0.0,normal,0.5277777777777778,0
1059,ccc,ccc,known,ccc,0.5277777777777778,0.0,normal,0.5277777777777778,0
1060,ccc,ccd,known,ccd,0.1111111111111111,0.0,anomaly,0.1111111111111111,0
1061,ccd,cdd,known,cdd,0.2727272727272727,0.0,normal,0.2727272727272727,0
1062,cdd,ddc,known,ddc,0.4166666666666667,0.0,normal,0.4166666666666667,0
1063,ddc,dcc,known,dcc,0.5,0.0,normal,0.5,0
1064,dcc,ccc,known,ccc,0.8125,0.0,normal,0.8125,0
1065,ccc,ccb,known,ccb,0.3611111111111111,0.0,normal,0.3611111111111111,0
1066,ccb,cbb,known,cbb,0.5294117647058824,0.0,normal,0.5294117647058824,0
1067,cbb,bbc,known,bbc,0.2018348623853211,0.0,normal,0.2018348623853211,0
1068,bbc,bcc,known,bcc,0.3277310924369748,0.0,normal,0.3277310924369748,0
1069,bcc,ccd,known,ccd,0.01639344262295082,0.0,anomaly,0.01639344262295082,0
1070,ccd,cdc,known,cdc,0.6363636363636364,0.0,normal,0.6363636363636364,0
1071,cdc,dcc,known,dcc,0.4117647058823529,0.0,normal,0.4117647058823529,0
1072,dcc,ccc,known,ccc,0.8125,0.0,normal,0.8125,0
1073,ccc,ccb,known,ccb,0.3611111111111111,0.0,normal,0.3611111111111111,0
1074,ccb,cbb,known,cbb,0.5294117647058824,0.0,normal,0.5294117647058824,0
1075,cbb,bbb,known,bbb,0.6238532110091743,0.0,normal,0.6238532110091743,0
1076,bbb,bbb,known,bbb,0.6860670194003528,0.0,normal,0.6860670194003528,0
1077,bbb,bbc,known,bbc,0.13403880070546736,0.0,anomaly,0.13403880070546736,0
1078,bbc,bcc,known,bcc,0.3277310924369748,0.0,normal,0.3277310924369748,0
1079,bcc,ccd,known,ccd,0.01639344262295082,0.0,anomaly,0.01639344262295082,0
1080,ccd,cdd,known,cdd,0.2727272727272727,0.0,normal,0.2727272727272727,0
1081,cdd,ddc,known,ddc,0.4166666666666667,0.0,normal,0.4166666666666667,0
1082,ddc,dcc,known,dcc,0.5,0.0,normal,0.5,0
1083,dcc,ccc,known,ccc,0.8125,0.0,normal,0.8125,0
1084,ccc,ccb,known,ccb,0.3611111111111111,0.0,normal,0.3611111111111111,0
1085,ccb,cbc,known,cbc,0.3382352941176471,0.0,normal,0.3382352941176471,0
1086,cbc,bcb,known,bcb,0.4861111111111111,0.0,normal,0.4861111111111111,0
1087,bcb,cbb,known,cbb,0.5491803278688525,0.0,normal,0.5491803278688525,0
1088,cbb,bbc,known,bbc,0.2018348623853211,0.0,normal,0.2018348623853211,0
1089,bbc,bcd,known,bcd,0.05042016806722689,0.0,anomaly,0.05042016806722689,0
1090,bcd,cdc,known,cdc,0.5384615384615384,0.0,normal,0.5384615384615384,0
1091,cdc,dcc,known,dcc,0.4117647058823529,0.0,normal,0.4117647058823529,0
1092,dcc,ccc,known,ccc,0.8125,0.0,normal,0.8125,0
1093,ccc,ccc,known,ccc,0.5277777777777778,0.0,normal,0.5277777777777778,0
1094,ccc,ccc,known,ccc,0.5277777777777778,0.0,normal,0.5277777777777778,0
1095,ccc,ccb,known,ccb,0.3611111111111111,0.0,normal,0.3611111111111111,0
1096,ccb,cbc,known,cbc,0.3382352941176471,0.0,normal,0.3382352941176471,0
1097,cbc,bcc,known,bcc,0.2777777777777778,0.0,normal,0.2777777777777778,0
1098,bcc,ccc,known,ccc,0.3442622950819672,0.0,normal,0.3442622950819672,0
1099,ccc,ccc,known,ccc,0.5277777777777778,0.0,normal,0.5277777777777778,0
1100,ccc,ccc,known,ccc,0.5277777777777778,0.0,normal,0.5277777777777778,0
1101,ccc,ccc,known,ccc,0.5277777777777778,0.0,normal,0.5277777777777778,0
1102,ccc,ccc,known,ccc,0.5277777777777778,0.0,normal,0.5277777777777778,0
1103,ccc,ccb,known,ccb,0.3611111111111111,0.0,normal,0.3611111111111111,0
1104,ccb,cbc,known,cbc,0.3382352941176471,0.0,normal,0.3382352941176471,0
1105,cbc,bcc,known,bcc,0.2777777777777778,0.0,normal,0.2777777777777778,0
1106,bcc,ccc,known,ccc,0.3442622950819672,0.0,normal,0.3442622950819672,0
1107,ccc,ccc,known,ccc,0.5277777777777778,0.0,normal,0.5277777777777778,0
1108,ccc,ccc,known,ccc,0.5277777777777778,0.0,normal,0.5277777777777778,0
1109,ccc,ccb,known,ccb,0.3611111111111111,0.0,normal,0.3611111111111111,0
1110,ccb,cbb,known,cbb,0.5294117647058824,0.0,normal,0.5294117647058824,0
1111,cbb,bbc,known,bbc,0.2018348623853211,0.0,normal,0.2018348623853211,0
1112,bbc,bcb,known,bcb,0.5798319327731093,0.0,normal,0.5798319327731093,0
1113,bcb,cbc,known,cbc,0.29508196721311475,0.0,normal,0.29508196721311475,0
1114,cbc,bcc,known,bcc,0.2777777777777778,0.0,normal,0.2777777777777778,0
1115,bcc,ccc,known,ccc,0.3442622950819672,0.0,normal,0.3442622950819672,0
1116,ccc,ccc,known,ccc,0.5277777777777778,0.0,normal,0.5277777777777778,0
1117,ccc,ccc,known,ccc,0.5277777777777778,0.0,normal,0.5277777777777778,0
1118,ccc,ccc,known,ccc,0.5277777777777778,0.0,normal,0.5277777777777778,0
1119,ccc,ccc,known,ccc,0.5277777777777778,0.0,normal,0.5277777777777778,0
1120,ccc,ccc,known,ccc,0.5277777777777778,0.0,normal,0.5277777777777778,0
1121,ccc,ccd,known,ccd,0.1111111111111111,0.0,anomaly,0.1111111111111111,0
1122,ccd,cdc,known,cdc,0.6363636363636364,0.0,normal,0.6363636363636364,0
1123,cdc,dcc,known,dcc,0.4117647058823529,0.0,normal,0.4117647058823529,0
1124,dcc,ccc,known,ccc,0.8125,0.0,normal,0.8125,0
1125,ccc,ccd,known,ccd,0.1111111111111111,0.0,anomaly,0.1111111111111111,0
1126,ccd,cdc,known,cdc,0.6363636363636364,0.0,normal,0.6363636363636364,0
1127,cdc,dcc,known,dcc,0.4117647058823529,0.0,normal,0.4117647058823529,0
1128,dcc,ccc,known,ccc,0.8125,0.0,normal,0.8125,0
1129,ccc,ccc,known,ccc,0.5277777777777778,0.0,normal,0.5277777777777778,0
1130,ccc,ccd,known,ccd,0.1111111111111111,0.0,anomaly,0.1111111111111111,0
1131,ccd,cdb,known,cdb,0.09090909090909091,0.0,anomaly,0.09090909090909091,0
1132,cdb,dbc,known,dbc,0.0,0.0,anomaly,0.0,0
1133,dbc,bcb,known,bcb,0.5,0.0,normal,0.5,0
1134,bcb,cbb,known,cbb,0.5491803278688525,0.0,normal,0.5491803278688525,0
1135,cbb,bbb,known,bbb,0.6238532110091743,0.0,normal,0.6238532110091743,0
1136,bbb,bbc,known,bbc,0.13403880070546736,0.0,anomaly,0.13403880070546736,0
1137,bbc,bcc,known,bcc,0.3277310924369748,0.0,normal,0.3277310924369748,0
1138,bcc,ccc,known,ccc,0.3442622950819672,0.0,normal,0.3442622950819672,0
1139,ccc,ccb,known,ccb,0.3611111111111111,0.0,normal,0.3611111111111111,0
1140,ccb,cbb,known,cbb,0.5294117647058824,0.0,normal,0.5294117647058824,0
1141,cbb,bbb,known,bbb,0.6238532110091743,0.0,normal,0.6238532110091743,0
1142,bbb,bbc,known,bbc,0.13403880070546736,0.0,anomaly,0.13403880070546736,0
1143,bbc,bcc,known,bcc,0.3277310924369748,0.0,normal,0.3277310924369748,0
1144,bcc,ccc,known,ccc,0.3442622950819672,0.0,normal,0.3442622950819672,0
1145,ccc,ccc,known,ccc,0.5277777777777778,0.0,normal,0.5277777777777778,0
1146,ccc,ccc,known,ccc,0.5277777777777778,0.0,normal,0.5277777777777778,0
1147,ccc,ccc,known,ccc,0.5277777777777778,0.0,normal,0.5277777777777778,0
1148,ccc,ccc,known,ccc,0.5277777777777778,0.0,normal,0.5277777777777778,0
1149,ccc,ccc,known,ccc,0.5277777777777778,0.0,normal,0.5277777777777778,0
1150,ccc,ccb,known,ccb,0.3611111111111111,0.0,normal,0.3611111111111111,0
1151,ccb,cbb,known,cbb,0.5294117647058824,0.0,normal,0.5294117647058824,0
1152,cbb,bbc,known,bbc,0.2018348623853211,0.0,normal,0.2018348623853211,0
1153,bbc,bcb,known,bcb,0.5798319327731093,0.0,normal,0.5798319327731093,0
1154,bcb,cbb,known,cbb,0.5491803278688525,0.0,normal,0.5491803278688525,0
1155,cbb,bbb,known,bbb,0.6238532110091743,0.0,normal,0.6238532110091743,0
1156,bbb,bbb,known,bbb,0.6860670194003528,0.0,normal,0.6860670194003528,0
1157,bbb,bbc,known,bbc,0.13403880070546736,0.0,anomaly,0.13403880070546736,0
1158,bbc,bcb,known,bcb,0.5798319327731093,0.0,normal,0.5798319327731093,0
1159,bcb,cbc,known,cbc,0.29508196721311475,0.0,normal,0.29508196721311475,0
1160,cbc,bcb,known,bcb,0.4861111111111111,0.0,normal,0.4861111111111111,0
1161,bcb,cbc,known,cbc,0.29508196721311475,0.0,normal,0.29508196721311475,0
1162,cbc,bcc,known,bcc,0.2777777777777778,0.0,normal,0.2777777777777778,0
1163,bcc,ccb,known,ccb,0.6229508196721312,0.0,normal,0.6229508196721312,0
1164,ccb,cbb,known,cbb,0.5294117647058824,0.0,normal,0.5294117647058824,0
1165,cbb,bbc,known,bbc,0.2018348623853211,0.0,normal,0.2018348623853211,0
1166,bbc,bcc,known,bcc,0.3277310924369748,0.0,normal,0.3277310924369748,0
1167,bcc,ccc,known,ccc,0.3442622950819672,0.0,normal,0.3442622950819672,0
1168,ccc,ccb,known,ccb,0.3611111111111111,0.0,normal,0.3611111111111111,0
1169,ccb,cbc,known,cbc,0.3382352941176471,0.0,normal,0.3382352941176471,0
1170,cbc,bcc,known,bcc,0.2777777777777778,0.0,normal,0.2777777777777778,0
1171,bcc,ccb,known,ccb,0.6229508196721312,0.0,normal,0.6229508196721312,0
1172,ccb,cbc,known,cbc,0.3382352941176471,0.0,normal,0.3382352941176471,0
1173,cbc,bcc,known,bcc,0.2777777777777778,0.0,normal,0.2777777777777778,0
1174,bcc,ccc,known,ccc,0.3442622950819672,0.0,normal,0.3442622950819672,0
1175,ccc,ccc,known,ccc,0.5277777777777778,0.0,normal,0.5277777777777778,0
1176,ccc,ccb,known,ccb,0.3611111111111111,0.0,normal,0.3611111111111111,0
1177,ccb,cbc,known,cbc,0.3382352941176471,0.0,normal,0.3382352941176471,0
1178,cbc,bcc,known,bcc,0.2777777777777778,0.0,normal,0.2777777777777778,0
1179,bcc,ccc,known,ccc,0.3442622950819672,0.0,normal,0.3442622950819672,0
1180,ccc,ccc,known,ccc,0.5277777777777778,0.0,normal,0.5277777777777778,0
1181,ccc,ccd,known,ccd,0.1111111111111111,0.0,anomaly,0.1111111111111111,0
1182,ccd,cdd,known,cdd,0.2727272727272727,0.0,normal,0.2727272727272727,0
1183,cdd,ddc,known,ddc,0.4166666666666667,0.0,normal,0.4166666666666667,0
1184,ddc,dcc,known,dcc,0.5,0.0,normal,0.5,0
1185,dcc,ccb,known,ccb,0.0625,0.0,anomaly,0.0625,0
1186,ccb,cbc,known,cbc,0.3382352941176471,0.0,normal,0.3382352941176471,0
1187,cbc,bcc,known,bcc,0.2777777777777778,0.0,normal,0.2777777777777778,0
1188,bcc,ccc,known,ccc,0.3442622950819672,0.0,normal,0.3442622950819672,0
1189,ccc,ccc,known,ccc,0.5277777777777778,0.0,normal,0.5277777777777778,0
1190,ccc,ccc,known,ccc,0.5277777777777778,0.0,normal,0.5277777777777778,0
1191,ccc,ccc,known,ccc,0.5277777777777778,0.0,normal,0.5277777777777778,0
1192,ccc,ccc,known,ccc,0.5277777777777778,0.0,normal,0.5277777777777778,0
1193,ccc,ccb,known,ccb,0.3611111111111111,0.0,normal,0.3611111111111111,0
1194,ccb,cbc,known,cbc,0.3382352941176471,0.0,normal,0.3382352941176471,0
1195,cbc,bcd,known,bcd,0.09722222222222222,0.0,anomaly,0.09722222222222222,0
1196,bcd,cdc,known,cdc,0.5384615384615384,0.0,normal,0.5384615384615384,0
1197,cdc,dcc,known,dcc,0.4117647058823529,0.0,normal,0.4117647058823529,0
1198,dcc,ccc,known,ccc,0.8125,0.0,normal,0.8125,0
1199,ccc,ccb,known,ccb,0.3611111111111111,0.0,normal,0.3611111111111111,0
1200,ccb,cbc,known,cbc,0.3382352941176471,0.0,normal,0.3382352941176471,0
1201,cbc,bcc,known,bcc,0.2777777777777778,0.0,normal,0.2777777777777778,0
1202,bcc,ccc,known,ccc,0.3442622950819672,0.0,normal,0.3442622950819672,0
1203,ccc,ccc,known,ccc,0.5277777777777778,0.0,normal,0.5277777777777778,0
1204,ccc,ccd,known,ccd,0.1111111111111111,0.0,anomaly,0.1111111111111111,0
1205,ccd,cdd,known,cdd,0.2727272727272727,0.0,normal,0.2727272727272727,0
1206,cdd,ddc,known,ddc,0.4166666666666667,0.0,normal,0.4166666666666667,0
1207,ddc,dcc,known,dcc,0.5,0.0,normal,0.5,0
1208,dcc,ccb,known,ccb,0.0625,0.0,anomaly,0.0625,0
1209,ccb,cbc,known,cbc,0.3382352941176471,0.0,normal,0.3382352941176471,0
1210,cbc,bcb,known,bcb,0.4861111111111111,0.0,normal,0.4861111111111111,0
1211,bcb,cbc,known,cbc,0.29508196721311475,0.0,normal,0.29508196721311475,0
1212,cbc,bcb,known,bcb,0.4861111111111111,0.0,normal,0.4861111111111111,0
1213,bcb,cbd,known,cbd,0.0,0.0,anomaly,0.0,0
1214,cbd,bdc,known,bdc,1.0,0.0,normal,1.0,0
1215,bdc,dcc,known,dcc,1.0,0.0,normal,1.0,0
1216,dcc,ccd,known,ccd,0.125,0.0,anomaly,0.125,0
1217,ccd,cdd,known,cdd,0.2727272727272727,0.0,normal,0.2727272727272727,0
1218,cdd,ddb,known,ddb,0.16666666666666666,0.0,anomaly,0.16666666666666666,0
1219,ddb,dbc,known,dbc,0.6666666666666666,0.0,normal,0.6666666666666666,0
1220,dbc,bcc,known,bcc,0.5,0.0,normal,0.5,0
1221,bcc,ccc,known,ccc,0.3442622950819672,0.0,normal,0.3442622950819672,0
1222,ccc,ccc,known,ccc,0.5277777777777778,0.0,normal,0.5277777777777778,0
1223,ccc,ccc,known,ccc,0.5277777777777778,0.0,normal,0.5277777777777778,0
1224,ccc,ccd,known,ccd,0.1111111111111111,0.0,anomaly,0.1111111111111111,0
1225,ccd,cdd,known,cdd,0.2727272727272727,0.0,normal,0.2727272727272727,0
1226,cdd,ddc,known,ddc,0.4166666666666667,0.0,normal,0.4166666666666667,0
1227,ddc,dcd,known,dcd,0.4,0.0,normal,0.4,0
1228,dcd,cdd,known,cdd,0.625,0.0,normal,0.625,0
1229,cdd,ddc,known,ddc,0.4166666666666667,0.0,normal,0.4166666666666667,0
1230,ddc,dcd,known,dcd,0.4,0.0,normal,0.4,0
1231,dcd,cdd,known,cdd,0.625,0.0,normal,0.625,0
1232,cdd,ddd,known,ddd,0.4166666666666667,0.0,normal,0.4166666666666667,0
1233,ddd,ddd,known,ddd,0.7407407407407407,0.0,normal,0.7407407407407407,0
1234,ddd,ddc,known,ddc,0.037037037037037035,0.0,anomaly,0.037037037037037035,0
1235,ddc,dcc,known,dcc,0.5,0.0,normal,0.5,0
1236,dcc,ccb,known,ccb,0.0625,0.0,anomaly,0.0625,0
1237,ccb,cbb,known,cbb,0.5294117647058824,0.0,normal,0.5294117647058824,0
1238,cbb,bbb,known,bbb,0.6238532110091743,0.0,normal,0.6238532110091743,0
1239,bbb,bbc,known,bbc,0.13403880070546736,0.0,anomaly,0.13403880070546736,0
1240,bbc,bcd,known,bcd,0.05042016806722689,0.0,anomaly,0.05042016806722689,0
1241,bcd,cdc,known,cdc,0.5384615384615384,0.0,normal,0.5384615384615384,0
1242,cdc,dcc,known,dcc,0.4117647058823529,0.0,normal,0.4117647058823529,0
1243,dcc,ccb,known,ccb,0.0625,0.0,anomaly,0.0625,0
1244,ccb,cbb,known,cbb,0.5294117647058824,0.0,normal,0.5294117647058824,0
1245,cbb,bbc,known,bbc,0.2018348623853211,0.0,normal,0.2018348623853211,0
1246,bbc,bcb,known,bcb,0.5798319327731093,0.0,normal,0.5798319327731093,0
1247,bcb,cbc,known,cbc,0.29508196721311475,0.0,normal,0.29508196721311475,0
1248,cbc,bcc,known,bcc,0.2777777777777778,0.0,normal,0.2777777777777778,0
1249,bcc,ccc,known,ccc,0.3442622950819672,0.0,normal,0.3442622950819672,0
1250,ccc,ccc,known,ccc,0.5277777777777778,0.0,normal,0.5277777777777778,0
1251,ccc,ccd,known,ccd,0.1111111111111111,0.0,anomaly,0.1111111111111111,0
1252,ccd,cdc,known,cdc,0.6363636363636364,0.0,normal,0.6363636363636364,0
1253,cdc,dcc,known,dcc,0.4117647058823529,0.0,normal,0.4117647058823529,0
1254,dcc,ccb,known,ccb,0.0625,0.0,anomaly,0.0625,0
1255,ccb,cbc,known,cbc,0.3382352941176471,0.0,normal,0.3382352941176471,0
1256,cbc,bcb,known,bcb,0.4861111111111111,0.0,normal,0.4861111111111111,0
1257,bcb,cbb,known,cbb,0.5491803278688525,0.0,normal,0.5491803278688525,0
1258,cbb,bbc,known,bbc,0.2018348623853211,0.0,normal,0.2018348623853211,0
1259,bbc,bcb,known,bcb,0.5798319327731093,0.0,normal,0.5798319327731093,0
1260,bcb,cbc,known,cbc,0.29508196721311475,0.0,normal,0.29508196721311475,0
1261,cbc,bcc,known,bcc,0.2777777777777778,0.0,normal,0.2777777777777778,0
1262,bcc,ccc,known,ccc,0.3442622950819672,0.0,normal,0.3442622950819672,0
1263,ccc,ccc,known,ccc,0.5277777777777778,0.0,normal,0.5277777777777778,0
1264,ccc,ccc,known,ccc,0.5277777777777778,0.0,normal,0.5277777777777778,0
1265,ccc,ccd,known,ccd,0.1111111111111111,0.0,anomaly,0.1111111111111111,0
1266,ccd,cdd,known,cdd,0.2727272727272727,0.0,normal,0.2727272727272727,0
1267,cdd,ddc,known,ddc,0.4166666666666667,0.0,normal,0.4166666666666667,0
1268,ddc,dcb,known,dcb,0.1,0.0,anomaly,0.1,0
1269,dcb,cbb,known,cbb,0.3333333333333333,0.0,normal,0.3333333333333333,0
1270,cbb,bbb,known,bbb,0.6238532110091743,0.0,normal,0.6238532110091743,0
1271,bbb,bbc,known,bbc,0.13403880070546736,0.0,anomaly,0.13403880070546736,0
1272,bbc,bcc,known,bcc,0.3277310924369748,0.0,normal,0.3277310924369748,0
1273,bcc,ccc,known,ccc,0.3442622950819672,0.0,normal,0.3442622950819672,0
1274,ccc,ccd,known,ccd,0.1111111111111111,0.0,anomaly,0.1111111111111111,0
1275,ccd,cdd,known,cdd,0.2727272727272727,0.0,normal,0.2727272727272727,0
1276,cdd,ddd,known,ddd,0.4166666666666667,0.0,normal,0.4166666666666667,0
1277,ddd,ddd,known,ddd,0.7407407407407407,0.0,normal,0.7407407407407407,0
1278,ddd,ddd,known,ddd,0.7407407407407407,0.0,normal,0.7407407407407407,0
1279,ddd,ddc,known,ddc,0.037037037037037035,0.0,anomaly,0.037037037037037035,0
1280,ddc,dcc,known,dcc,0.5,0.0,normal,0.5,0
1281,dcc,ccd,known,ccd,0.125,0.0,anomaly,0.125,0
1282,ccd,cdd,known,cdd,0.2727272727272727,0.0,normal,0.2727272727272727,0
1283,cdd,ddc,known,ddc,0.4166666666666667,0.0,normal,0.4166666666666667,0
1284,ddc,dcc,known,dcc,0.5,0.0,normal,0.5,0
1285,dcc,ccd,known,ccd,0.125,0.0,anomaly,0.125,0
1286,ccd,cdc,known,cdc,0.6363636363636364,0.0,normal,0.6363636363636364,0
1287,cdc,dcb,known,dcb,0.29411764705882354,0.0,normal,0.29411764705882354,0
1288,dcb,cbb,known,cbb,0.3333333333333333,0.0,normal,0.3333333333333333,0
1289,cbb,bbb,known,bbb,0.6238532110091743,0.0,normal,0.6238532110091743,0
1290,bbb,bbb,known,bbb,0.6860670194003528,0.0,normal,0.6860670194003528,0
1291,bbb,bbc,known,bbc,0.13403880070546736,0.0,anomaly,0.13403880070546736,0
1292,bbc,bcc,known,bcc,0.3277310924369748,0.0,normal,0.3277310924369748,0
1293,bcc,ccd,known,ccd,0.01639344262295082,0.0,anomaly,0.01639344262295082,0
1294,ccd,cdc,known,cdc,0.6363636363636364,0.0,normal,0.6363636363636364,0
1295,cdc,dcc,known,dcc,0.4117647058823529,0.0,normal,0.4117647058823529,0
1296,dcc,ccb,known,ccb,0.0625,0.0,anomaly,0.0625,0
1297,ccb,cbb,known,cbb,0.5294117647058824,0.0,normal,0.5294117647058824,0
1298,cbb,bbc,known,bbc,0.2018348623853211,0.0,normal,0.2018348623853211,0
1299,bbc,bcb,known,bcb,0.5798319327731093,0.0,normal,0.5798319327731093,0
1300,bcb,cbc,known,cbc,0.29508196721311475,0.0,normal,0.29508196721311475,0
1301,cbc,bcc,known,bcc,0.2777777777777778,0.0,normal,0.2777777777777778,0
1302,bcc,ccd,known,ccd,0.01639344262295082,0.0,anomaly,0.01639344262295082,0
1303,ccd,cdd,known,cdd,0.2727272727272727,0.0,normal,0.2727272727272727,0
1304,cdd,ddd,known,ddd,0.4166666666666667,0.0,normal,0.4166666666666667,0
1305,ddd,ddd,known,ddd,0.7407407407407407,0.0,normal,0.7407407407407407,0
1306,ddd,ddc,known,ddc,0.037037037037037035,0.0,anomaly,0.037037037037037035,0
1307,ddc,dcd,known,dcd,0.4,0.0,normal,0.4,0
1308,dcd,cdd,known,cdd,0.625,0.0,normal,0.625,0
1309,cdd,ddc,known,ddc,0.4166666666666667,0.0,normal,0.4166666666666667,0
1310,ddc,dcc,known,dcc,0.5,0.0,normal,0.5,0
1311,dcc,ccd,known,ccd,0.125,0.0,anomaly,0.125,0
1312,ccd,cdd,known,cdd,0.2727272727272727,0.0,normal,0.2727272727272727,0
1313,cdd,ddc,known,ddc,0.4166666666666667,0.0,normal,0.4166666666666667,0
1314,ddc,dcc,known,dcc,0.5,0.0,normal,0.5,0
1315,dcc,ccd,known,ccd,0.125,0.0,anomaly,0.125,0
1316,ccd,cdc,known,cdc,0.6363636363636364,0.0,normal,0.6363636363636364,0
1317,cdc,dcc,known,dcc,0.4117647058823529,0.0,normal,0.4117647058823529,0
1318,dcc,ccc,known,ccc,0.8125,0.0,normal,0.8125,0
1319,ccc,ccb,known,ccb,0.3611111111111111,0.0,normal,0.3611111111111111,0
1320,ccb,cbd,known,cbd,0.029411764705882353,0.0,anomaly,0.029411764705882353,0
1321,cbd,bdc,known,bdc,1.0,0.0,normal,1.0,0
1322,bdc,dcc,known,dcc,1.0,0.0,normal,1.0,0
1323,dcc,ccc,known,ccc,0.8125,0.0,normal,0.8125,0
1324,ccc,ccc,known,ccc,0.5277777777777778,0.0,normal,0.5277777777777778,0
1325,ccc,ccc,known,ccc,0.5277777777777778,0.0,normal,0.5277777777777778,0
1326,ccc,ccc,known,ccc,0.5277777777777778,0.0,normal,0.5277777777777778,0
1327,ccc,ccc,known,ccc,0.5277777777777778,0.0,normal,0.5277777777777778,0
1328,ccc,ccb,known,ccb,0.3611111111111111,0.0,normal,0.3611111111111111,0
1329,ccb,cbb,known,cbb,0.5294117647058824,0.0,normal,0.5294117647058824,0
1330,cbb,bbc,known,bbc,0.2018348623853211,0.0,normal,0.2018348623853211,0
1331,bbc,bcc,known,bcc,0.3277310924369748,0.0,normal,0.3277310924369748,0
1332,bcc,ccc,known,ccc,0.3442622950819672,0.0,normal,0.3442622950819672,0
1333,ccc,ccc,known,ccc,0.5277777777777778,0.0,normal,0.5277777777777778,0
1334,ccc,ccc,known,ccc,0.5277777777777778,0.0,normal,0.5277777777777778,0
1335,ccc,ccb,known,ccb,0.3611111111111111,0.0,normal,0.3611111111111111,0
1336,ccb,cbb,known,cbb,0.5294117647058824,0.0,normal,0.5294117647058824,0
1337,cbb,bbb,known,bbb,0.6238532110091743,0.0,normal,0.6238532110091743,0
1338,bbb,bbc,known,bbc,0.13403880070546736,0.0,anomaly,0.13403880070546736,0
1339,bbc,bcc,known,bcc,0.3277310924369748,0.0,normal,0.3277310924369748,0
1340,bcc,ccb,known,ccb,0.6229508196721312,0.0,normal,0.6229508196721312,0
1341,ccb,cbb,known,cbb,0.5294117647058824,0.0,normal,0.5294117647058824,0
1342,cbb,bbb,known,bbb,0.6238532110091743,0.0,normal,0.6238532110091743,0
1343,bbb,bbc,known,bbc,0.13403880070546736,0.0,anomaly,0.13403880070546736,0
1344,bbc,bcb,known,bcb,0.5798319327731093,0.0,normal,0.5798319327731093,0
1345,bcb,cbc,known,cbc,0.29508196721311475,0.0,normal,0.29508196721311475,0
1346,cbc,bcb,known,bcb,0.4861111111111111,0.0,normal,0.4861111111111111,0
1347,bcb,cbc,known,cbc,0.29508196721311475,0.0,normal,0.29508196721311475,0
1348,cbc,bcc,known,bcc,0.2777777777777778,0.0,normal,0.2777777777777778,0
1349,bcc,ccc,known,ccc,0.3442622950819672,0.0,normal,0.3442622950819672,0
1350,ccc,ccd,known,ccd,0.1111111111111111,0.0,anomaly,0.1111111111111111,0
1351,ccd,cdc,known,cdc,0.6363636363636364,0.0,normal,0.6363636363636364,0
1352,cdc,dcc,known,dcc,0.4117647058823529,0.0,normal,0.4117647058823529,0
1353,dcc,ccc,known,ccc,0.8125,0.0,normal,0.8125,0
1354,ccc,ccc,known,ccc,0.5277777777777778,0.0,normal,0.5277777777777778,0
1355,ccc,ccb,known,ccb,0.3611111111111111,0.0,normal,0.3611111111111111,0
1356,ccb,cbb,known,cbb,0.5294117647058824,0.0,normal,0.5294117647058824,0
1357,cbb,bbb,known,bbb,0.6238532110091743,0.0,normal,0.6238532110091743,0
1358,bbb,bbb,known,bbb,0.6860670194003528,0.0,normal,0.6860670194003528,0
1359,bbb,bbb,known,bbb,0.6860670194003528,0.0,normal,0.6860670194003528,0
1360,bbb,bbb,known,bbb,0.6860670194003528,0.0,normal,0.6860670194003528,0
1361,bbb,bbb,known,bbb,0.6860670194003528,0.0,normal,0.6860670194003528,0
1362,bbb,bbb,known,bbb,0.6860670194003528,0.0,normal,0.6860670194003528,0
1363,bbb,bbb,known,bbb,0.6860670194003528,0.0,normal,0.6860670194003528,0
1364,bbb,bbb,known,bbb,0.6860670194003528,0.0,normal,0.6860670194003528,0
1365,bbb,bbb,known,bbb,0.6860670194003528,0.0,normal,0.6860670194003528,0
1366,bbb,bbb,known,bbb,0.6860670194003528,0.0,normal,0.6860670194003528,0
1367,bbb,bbb,known,bbb,0.6860670194003528,0.0,normal,0.6860670194003528,0
1368,bbb,bbb,known,bbb,0.6860670194003528,0.0,normal,0.6860670194003528,0
1369,bbb,bbb,known,bbb,0.6860670194003528,0.0,normal,0.6860670194003528,0
1370,bbb,bbb,known,bbb,0.6860670194003528,0.0,normal,0.6860670194003528,0
1371,bbb,bbb,known,bbb,0.6860670194003528,0.0,normal,0.6860670194003528,0
1372,bbb,bbb,known,bbb,0.6860670194003528,0.0,normal,0.6860670194003528,0
1373,bbb,bbb,known,bbb,0.6860670194003528,0.0,normal,0.6860670194003528,0
1374,bbb,bbb,known,bbb,0.6860670194003528,0.0,normal,0.6860670194003528,0
1375,bbb,bbb,known,bbb,0.6860670194003528,0.0,normal,0.6860670194003528,0
1376,bbb,bbb,known,bbb,0.6860670194003528,0.0,normal,0.6860670194003528,0
1377,bbb,bbb,known,bbb,0.6860670194003528,0.0,normal,0.6860670194003528,0
1378,bbb,bbb,known,bbb,0.6860670194003528,0.0,normal,0.6860670194003528,0
1379,bbb,bbb,known,bbb,0.6860670194003528,0.0,normal,0.6860670194003528,0
1380,bbb,bbb,known,bbb,0.6860670194003528,0.0,normal,0.6860670194003528,0
1381,bbb,bbb,known,bbb,0.6860670194003528,0.0,normal,0.6860670194003528,0
1382,bbb,bbb,known,bbb,0.6860670194003528,0.0,normal,0.6860670194003528,0
1383,bbb,bbc,known,bbc,0.13403880070546736,0.0,anomaly,0.13403880070546736,0
1384,bbc,bcc,known,bcc,0.3277310924369748,0.0,normal,0.3277310924369748,0
1385,bcc,ccc,known,ccc,0.3442622950819672,0.0,normal,0.3442622950819672,0
1386,ccc,ccc,known,ccc,0.5277777777777778,0.0,normal,0.5277777777777778,0
1387,ccc,ccc,known,ccc,0.5277777777777778,0.0,normal,0.5277777777777778,0
1388,ccc,ccb,known,ccb,0.3611111111111111,0.0,normal,0.3611111111111111,0
1389,ccb,cbc,known,cbc,0.3382352941176471,0.0,normal,0.3382352941176471,0
1390,cbc,bcb,known,bcb,0.4861111111111111,0.0,normal,0.4861111111111111,0
1391,bcb,cbb,known,cbb,0.5491803278688525,0.0,normal,0.5491803278688525,0
1392,cbb,bbb,known,bbb,0.6238532110091743,0.0,normal,0.6238532110091743,0
1393,bbb,bbc,known,bbc,0.13403880070546736,0.0,anomaly,0.13403880070546736,0
1394,bbc,bcc,known,bcc,0.3277310924369748,0.0,normal,0.3277310924369748,0
1395,bcc,ccc,known,ccc,0.3442622950819672,0.0,normal,0.3442622950819672,0
1396,ccc,ccc,known,ccc,0.5277777777777778,0.0,normal,0.5277777777777778,0
1397,ccc,ccc,known,ccc,0.5277777777777778,0.0,normal,0.5277777777777778,0
1398,ccc,ccc,known,ccc,0.5277777777777778,0.0,normal,0.5277777777777778,0
1399,ccc,ccc,known,ccc,0.5277777777777778,0.0,normal,0.5277777777777778,0
1400,ccc,ccb,known,ccb,0.3611111111111111,0.0,normal,0.3611111111111111,0
1401,ccb,cbb,known,cbb,0.5294117647058824,0.0,normal,0.5294117647058824,0
1402,cbb,bbb,known,bbb,0.6238532110091743,0.0,normal,0.6238532110091743,0
1403,bbb,bbb,known,bbb,0.6860670194003528,0.0,normal,0.6860670194003528,0
1404,bbb,bbb,known,bbb,0.6860670194003528,0.0,normal,0.6860670194003528,0
1405,bbb,bbb,known,bbb,0.6860670194003528,0.0,normal,0.6860670194003528,0
1406,bbb,bbb,known,bbb,0.6860670194003528,0.0,normal,0.6860670194003528,0
1407,bbb,bbb,known,bbb,0.6860670194003528,0.0,normal,0.6860670194003528,0
1408,bbb,bbb,known,bbb,0.6860670194003528,0.0,normal,0.6860670194003528,0
1409,bbb,bbb,known,bbb,0.6860670194003528,0.0,normal,0.6860670194003528,0
1410,bbb,bbc,known,bbc,0.13403880070546736,0.0,anomaly,0.13403880070546736,0
1411,bbc,bcc,known,bcc,0.3277310924369748,0.0,normal,0.3277310924369748,0
1412,bcc,ccb,known,ccb,0.6229508196721312,0.0,normal,0.6229508196721312,0
1413,ccb,cbb,known,cbb,0.5294117647058824,0.0,normal,0.5294117647058824,0
1414,cbb,bbc,known,bbc,0.2018348623853211,0.0,normal,0.2018348623853211,0
1415,bbc,bcc,known,bcc,0.3277310924369748,0.0,normal,0.3277310924369748,0
1416,bcc,ccc,known,ccc,0.3442622950819672,0.0,normal,0.3442622950819672,0
1417,ccc,ccc,known,ccc,0.5277777777777778,0.0,normal,0.5277777777777778,0
1418,ccc,ccc,known,ccc,0.5277777777777778,0.0,normal,0.5277777777777778,0
1419,ccc,ccc,known,ccc,0.5277777777777778,0.0,normal,0.5277777777777778,0
1420,ccc,ccc,known,ccc,0.5277777777777778,0.0,normal,0.5277777777777778,0
1421,ccc,ccc,known,ccc,0.5277777777777778,0.0,normal,0.5277777777777778,0
1422,ccc,ccc,known,ccc,0.5277777777777778,0.0,normal,0.5277777777777778,0
1423,ccc,ccc,known,ccc,0.5277777777777778,0.0,normal,0.5277777777777778,0
1424,ccc,ccc,known,ccc,0.5277777777777778,0.0,normal,0.5277777777777778,0
1425,ccc,ccb,known,ccb,0.3611111111111111,0.0,normal,0.3611111111111111,0
1426,ccb,cbc,known,cbc,0.3382352941176471,0.0,normal,0.3382352941176471,0
1427,cbc,bcc,known,bcc,0.2777777777777778,0.0,normal,0.2777777777777778,0
1428,bcc,ccc,known,ccc,0.3442622950819672,0.0,normal,0.3442622950819672,0
1429,ccc,ccb,known,ccb,0.3611111111111111,0.0,normal,0.3611111111111111,0
1430,ccb,cbc,known,cbc,0.3382352941176471,0.0,normal,0.3382352941176471,0
1431,cbc,bcb,known,bcb,0.4861111111111111,0.0,normal,0.4861111111111111,0
1432,bcb,cbb,known,cbb,0.5491803278688525,0.0,normal,0.5491803278688525,0
1433,cbb,bbb,known,bbb,0.6238532110091743,0.0,normal,0.6238532110091743,0
1434,bbb,bbb,known,bbb,0.6860670194003528,0.0,normal,0.6860670194003528,0
1435,bbb,bbb,known,bbb,0.6860670194003528,0.0,normal,0.6860670194003528,0
1436,bbb,bbb,known,bbb,0.6860670194003528,0.0,normal,0.6860670194003528,0
1437,bbb,bbc,known,bbc,0.13403880070546736,0.0,anomaly,0.13403880070546736,0
1438,bbc,bcb,known,bcb,0.5798319327731093,0.0,normal,0.5798319327731093,0
1439,bcb,cbc,known,cbc,0.29508196721311475,0.0,normal,0.29508196721311475,0
1440,cbc,bcb,known,bcb,0.4861111111111111,0.0,normal,0.4861111111111111,0
1441,bcb,cbb,known,cbb,0.5491803278688525,0.0,normal,0.5491803278688525,0
1442,cbb,bbb,known,bbb,0.6238532110091743,0.0,normal,0.6238532110091743,0
1443,bbb,bbb,known,bbb,0.6860670194003528,0.0,normal,0.6860670194003528,0
1444,bbb,bbb,known,bbb,0.6860670194003528,0.0,normal,0.6860670194003528,0
1445,bbb,bbb,known,bbb,0.6860670194003528,0.0,normal,0.6860670194003528,0
1446,bbb,bbb,known,bbb,0.6860670194003528,0.0,normal,0.6860670194003528,0
1447,bbb,bbb,known,bbb,0.6860670194003528,0.0,normal,0.6860670194003528,0
1448,bbb,bbc,known,bbc,0.13403880070546736,0.0,anomaly,0.13403880070546736,0
1449,bbc,bcc,known,bcc,0.3277310924369748,0.0,normal,0.3277310924369748,0
1450,bcc,ccb,known,ccb,0.6229508196721312,0.0,normal,0.6229508196721312,0
1451,ccb,cbb,known,cbb,0.5294117647058824,0.0,normal,0.5294117647058824,0
1452,cbb,bbb,known,bbb,0.6238532110091743,0.0,normal,0.6238532110091743,0
1453,bbb,bbb,known,bbb,0.6860670194003528,0.0,normal,0.6860670194003528,0
1454,bbb,bbb,known,bbb,0.6860670194003528,0.0,normal,0.6860670194003528,0
1455,bbb,bbb,known,bbb,0.6860670194003528,0.0,normal,0.6860670194003528,0
1456,bbb,bbc,known,bbc,0.13403880070546736,0.0,anomaly,0.13403880070546736,0
1457,bbc,bcc,known,bcc,0.3277310924369748,0.0,normal,0.3277310924369748,0
1458,bcc,ccc,known,ccc,0.3442622950819672,0.0,normal,0.3442622950819672,0
1459,ccc,ccd,known,ccd,0.1111111111111111,0.0,anomaly,0.1111111111111111,0
1460,ccd,cdb,known,cdb,0.09090909090909091,0.0,anomaly,0.09090909090909091,0
1461,cdb,dbb,known,dbb,1.0,0.0,normal,1.0,0
1462,dbb,bbc,known,bbc,0.3333333333333333,0.0,normal,0.3333333333333333,0
1463,bbc,bcc,known,bcc,0.3277310924369748,0.0,normal,0.3277310924369748,0
1464,bcc,ccc,known,ccc,0.3442622950819672,0.0,normal,0.3442622950819672,0
1465,ccc,ccb,known,ccb,0.3611111111111111,0.0,normal,0.3611111111111111,0
1466,ccb,cbc,known,cbc,0.3382352941176471,0.0,normal,0.3382352941176471,0
1467,cbc,bcc,known,bcc,0.2777777777777778,0.0,normal,0.2777777777777778,0
1468,bcc,ccc,known,ccc,0.3442622950819672,0.0,normal,0.3442622950819672,0
1469,ccc,ccb,known,ccb,0.3611111111111111,0.0,normal,0.3611111111111111,0
1470,ccb,cbc,known,cbc,0.3382352941176471,0.0,normal,0.3382352941176471,0
1471,cbc,bcc,known,bcc,0.2777777777777778,0.0,normal,0.2777777777777778,0
1472,bcc,ccc,known,ccc,0.3442622950819672,0.0,normal,0.3442622950819672,0
1473,ccc,ccc,known,ccc,0.5277777777777778,0.0,normal,0.5277777777777778,0
1474,ccc,ccc,known,ccc,0.5277777777777778,0.0,normal,0.5277777777777778,0
1475,ccc,ccc,known,ccc,0.5277777777777778,0.0,normal,0.5277777777777778,0
1476,ccc,ccc,known,ccc,0.5277777777777778,0.0,normal,0.5277777777777778,0
1477,ccc,ccd,known,ccd,0.1111111111111111,0.0,anomaly,0.1111111111111111,0
1478,ccd,cdd,known,cdd,0.2727272727272727,0.0,normal,0.2727272727272727,0
1479,cdd,ddd,known,ddd,0.4166666666666667,0.0,normal,0.4166666666666667,0
1480,ddd,ddc,known,ddc,0.037037037037037035,0.0,anomaly,0.037037037037037035,0
1481,ddc,dcc,known,dcc,0.5,0.0,normal,0.5,0
1482,dcc,ccc,known,ccc,0.8125,0.0,normal,0.8125,0
1483,ccc,ccb,known,ccb,0.3611111111111111,0.0,normal,0.3611111111111111,0
1484,ccb,cbc,known,cbc,0.3382352941176471,0.0,normal,0.3382352941176471,0
1485,cbc,bcd,known,bcd,0.09722222222222222,0.0,anomaly,0.09722222222222222,0
1486,bcd,cdc,known,cdc,0.5384615384615384,0.0,normal,0.5384615384615384,0
1487,cdc,dcd,known,dcd,0.23529411764705882,0.0,normal,0.23529411764705882,0
1488,dcd,cdd,known,cdd,0.625,0.0,normal,0.625,0
1489,cdd,ddd,known,ddd,0.4166666666666667,0.0,normal,0.4166666666666667,0
1490,ddd,ddd,known,ddd,0.7407407407407407,0.0,normal,0.7407407407407407,0
1491,ddd,ddd,known,ddd,0.7407407407407407,0.0,normal,0.7407407407407407,0
1492,ddd,ddd,known,ddd,0.7407407407407407,0.0,normal,0.7407407407407407,0
1493,ddd,ddc,known,ddc,0.037037037037037035,0.0,anomaly,0.037037037037037035,0
1494,ddc,dcd,known,dcd,0.4,0.0,normal,0.4,0
1495,dcd,cdd,known,cdd,0.625,0.0,normal,0.625,0
1496,cdd,ddd,known,ddd,0.4166666666666667,0.0,normal,0.4166666666666667,0
1497,ddd,ddd,known,ddd,0.7407407407407407,0.0,normal,0.7407407407407407,0
1498,ddd,ddc,known,ddc,0.037037037037037035,0.0,anomaly,0.037037037037037035,0
1499,ddc,dcc,known,dcc,0.5,0.0,normal,0.5,0
1500,dcc,ccc,known,ccc,0.8125,0.0,normal,0.8125,0
1501,ccc,ccc,known,ccc,0.5277777777777778,0.0,normal,0.5277777777777778,0
1502,ccc,ccb,known,ccb,0.3611111111111111,0.0,normal,0.3611111111111111,0
1503,ccb,cbb,known,cbb,0.5294117647058824,0.0,normal,0.5294117647058824,0
1504,cbb,bbb,known,bbb,0.6238532110091743,0.0,normal,0.6238532110091743,0
1505,bbb,bbc,known,bbc,0.13403880070546736,0.0,anomaly,0.13403880070546736,0
1506,bbc,bcc,known,bcc,0.3277310924369748,0.0,normal,0.3277310924369748,0
1507,bcc,ccc,known,ccc,0.3442622950819672,0.0,normal,0.3442622950819672,0
1508,ccc,ccc,known,ccc,0.5277777777777778,0.0,normal,0.5277777777777778,0
1509,ccc,ccc,known,ccc,0.5277777777777778,0.0,normal,0.5277777777777778,0
1510,ccc,ccc,known,ccc,0.5277777777777778,0.0,normal,0.5277777777777778,0
1511,ccc,ccd,known,ccd,0.1111111111111111,0.0,anomaly,0.1111111111111111,0
