time_step,state,pattern,status,mapped_to,probability,path_probability,decision,confidence,distance
1,abb,bba,known,bba,0.3370165745856354,0.3370165745856354,normal,0.3370165745856354,0
2,bba,bab,known,bab,0.40555555555555556,0.1366789441375077,normal,0.40555555555555556,0
3,bab,abb,known,abb,0.46,0.06287231430325355,normal,0.46,0
4,abb,bba,known,bba,0.3370165745856354,0.02118901200275396,normal,0.3370165745856354,0
5,bba,baa,known,baa,0.5555555555555556,0.011771673334863312,normal,0.5555555555555556,0
6,baa,aaa,known,aaa,0.759090909090909,0.008935770213282604,normal,0.759090909090909,0
7,aaa,aaa,known,aaa,0.9177679882525698,0.008200963852131612,normal,0.9177679882525698,0
8,aaa,aaa,known,aaa,0.9177679882525698,0.007526582096302875,normal,0.9177679882525698,0
9,aaa,aaa,known,aaa,0.9177679882525698,0.006907656108941699,normal,0.9177679882525698,0
10,aaa,aaa,known,aaa,0.9177679882525698,0.006339625650643998,normal,0.9177679882525698,0
11,aaa,aaa,known,aaa,0.9177679882525698,0.00581830547966593,normal,0.9177679882525698,0
12,aaa,aaa,known,aaa,0.9177679882525698,0.005339854515111904,normal,0.9177679882525698,0
13,aaa,aaa,known,aaa,0.9177679882525698,0.004900747535895654,normal,0.9177679882525698,0
14,aaa,aaa,known,aaa,0.9177679882525698,0.0044977492069526925,normal,0.9177679882525698,0
15,aaa,aaa,known,aaa,0.9177679882525698,0.0041278902413295635,normal,0.9177679882525698,0
16,aaa,aab,known,aab,0.08125305922662751,0.00033540371025976876,anomaly,0.08125305922662751,0
17,aab,aba,known,aba,0.4954128440366973,0.00016616330600025241,normal,0.4954128440366973,0
18,aba,bab,known,bab,0.39361702127659576,6.540470555329084e-05,normal,0.39361702127659576,0
19,bab,abb,known,abb,0.46,3.0086164554513786e-05,normal,0.46,0
20,abb,bbb,known,bbb,0.6132596685082873,1.8450631301386907e-05,normal,0.6132596685082873,0
21,bbb,bbb,known,bbb,0.7377938517179023,1.361276233447714e-05,normal,0.7377938517179023,0
22,bbb,bbb,known,bbb,0.7377938517179023,1.0043412355274274e-05,normal,0.7377938517179023,0
23,bbb,bba,known,bba,0.19891500904159132,1.997785459457812e-06,anomaly,0.19891500904159132,0
24,bba,baa,known,baa,0.5555555555555556,1.1098808108098956e-06,normal,0.5555555555555556,0
25,baa,aaa,known,aaa,0.759090909090909,8.42500433660239e-07,normal,0.759090909090909,0
26,aaa,aab,known,aab,0.08125305922662751,6.845573763465476e-08,anomaly,0.08125305922662751,0
27,aab,abb,known,abb,0.47706422018348627,3.2657783091761905e-08,normal,0.47706422018348627,0
28,abb,bba,known,bba,0.3370165745856354,1.1006214191146279e-08,normal,0.3370165745856354,0
29,bba,baa,known,baa,0.5555555555555556,6.114563439525711e-09,normal,0.5555555555555556,0
30,baa,aaa,known,aaa,0.759090909090909,4.641509520003607e-09,normal,0.759090909090909,0
31,aaa,aaa,known,aaa,0.9177679882525698,4.259828854628861e-09,normal,0.9177679882525698,0
32,aaa,aab,known,aab,0.08125305922662751,3.461241262204557e-10,anomaly,0.08125305922662751,0
33,aab,aba,known,aba,0.4954128440366973,1.7147433776059272e-10,normal,0.4954128440366973,0
34,aba,bab,known,bab,0.39361702127659576,6.74952180547014e-11,normal,0.39361702127659576,0
35,bab,aba,known,aba,0.5,3.37476090273507e-11,normal,0.5,0
36,aba,bab,known,bab,0.39361702127659576,1.3283633340552934e-11,normal,0.39361702127659576,0
37,bab,abb,known,abb,0.46,6.11047133665435e-12,normal,0.46,0
38,abb,bba,known,bba,0.3370165745856354,2.0593301189829577e-12,normal,0.3370165745856354,0
39,bba,baa,known,baa,0.5555555555555556,1.1440722883238655e-12,normal,0.5555555555555556,0
40,baa,aaa,known,aaa,0.759090909090909,8.684548734094797e-13,normal,0.759090909090909,0
41,aaa,aaa,known,aaa,0.9177679882525698,7.970400820571583e-13,normal,0.9177679882525698,0
42,aaa,aaa,known,aaa,0.9177679882525698,7.314978726662613e-13,normal,0.9177679882525698,0
43,aaa,aaa,known,aaa,0.9177679882525698,6.713453310079491e-13,normal,0.9177679882525698,0
44,aaa,aaa,known,aaa,0.9177679882525698,6.16139253861921e-13,normal,0.9177679882525698,0
45,aaa,aaa,known,aaa,0.9177679882525698,5.654728835002946e-13,normal,0.9177679882525698,0
46,aaa,aab,known,aab,0.08125305922662751,4.594640169410128e-14,anomaly,0.08125305922662751,0
47,aab,abb,known,abb,0.47706422018348627,2.191938429443364e-14,normal,0.47706422018348627,0
48,abb,bbb,known,bbb,0.6132596685082873,1.3442274346310133e-14,normal,0.6132596685082873,0
49,bbb,bbb,known,bbb,0.7377938517179023,9.917627365812901e-15,normal,0.7377938517179023,0
50,bbb,bba,known,bba,0.19891500904159132,1.9727649371418067e-15,anomaly,0.19891500904159132,0
51,bba,bab,known,bab,0.40555555555555556,8.0006578006306605e-16,normal,0.40555555555555556,0
52,bab,aba,known,aba,0.5,4.0003289003153302e-16,normal,0.5,0
53,aba,bab,known,bab,0.39361702127659576,1.5745975458688002e-16,normal,0.39361702127659576,0
54,bab,aba,known,aba,0.5,7.872987729344001e-17,normal,0.5,0
55,aba,bab,known,bab,0.39361702127659576,3.098941978571575e-17,normal,0.39361702127659576,0
56,bab,abb,known,abb,0.46,1.4255133101429247e-17,normal,0.46,0
57,abb,bba,known,bba,0.3370165745856354,4.80421612810599e-18,normal,0.3370165745856354,0
58,bba,bac,known,bac,0.03888888888888889,1.8683062720412182e-19,anomaly,0.03888888888888889,0
59,bac,aca,known,aca,0.2727272727272727,5.095380741930595e-20,normal,0.2727272727272727,0
60,aca,cab,known,cab,0.5714285714285714,2.911646138246054e-20,normal,0.5714285714285714,0
61,cab,aba,known,aba,0.35714285714285715,1.0398736208021623e-20,normal,0.35714285714285715,0
62,aba,bab,known,bab,0.39361702127659576,4.093119571242554e-21,normal,0.39361702127659576,0
63,bab,aba,known,aba,0.5,2.046559785621277e-21,normal,0.5,0
64,aba,baa,known,baa,0.601063829787234,1.2301130626340654e-21,normal,0.601063829787234,0
65,baa,aaa,known,aaa,0.759090909090909,9.337676429994951e-22,normal,0.759090909090909,0
66,aaa,aaa,known,aaa,0.9177679882525698,8.569820512109905e-22,normal,0.9177679882525698,0
67,aaa,aaa,known,aaa,0.9177679882525698,7.865106931084714e-22,normal,0.9177679882525698,0
68,aaa,aaa,known,aaa,0.9177679882525698,7.218343365532961e-22,normal,0.9177679882525698,0
69,aaa,aab,known,aab,0.08125305922662751,5.865124809977834e-23,anomaly,0.08125305922662751,0
70,aab,aba,known,aba,0.4954128440366973,2.9056581627413124e-23,normal,0.4954128440366973,0
71,aba,baa,known,baa,0.601063829787234,1.7464860233498313e-23,normal,0.601063829787234,0
72,baa,aab,known,aab,0.22727272727272727,3.969286416704162e-24,normal,0.22727272727272727,0
73,aab,aba,known,aba,0.4954128440366973,1.96643547249564e-24,normal,0.4954128440366973,0
74,aba,baa,known,baa,0.601063829787234,1.1819532361276985e-24,normal,0.601063829787234,0
75,baa,aab,known,aab,0.22727272727272727,2.6862573548356784e-25,normal,0.22727272727272727,0
76,aab,aba,known,aba,0.4954128440366973,1.330806395973639e-25,normal,0.4954128440366973,0
77,aba,bab,known,bab,0.39361702127659576,5.238280494789855e-26,normal,0.39361702127659576,0
78,bab,aba,known,aba,0.5,2.6191402473949276e-26,normal,0.5,0
79,aba,baa,known,baa,0.601063829787234,1.5742704678490788e-26,normal,0.601063829787234,0
80,baa,aab,known,aab,0.22727272727272727,3.577887426929724e-27,normal,0.22727272727272727,0
81,aab,aba,known,aba,0.4954128440366973,1.7725313858183955e-27,normal,0.4954128440366973,0
82,aba,baa,known,baa,0.601063829787234,1.0654045031780782e-27,normal,0.601063829787234,0
83,baa,aaa,known,aaa,0.759090909090909,8.087388728669958e-28,normal,0.759090909090909,0
84,aaa,aaa,known,aaa,0.9177679882525698,7.422346483727935e-28,normal,0.9177679882525698,0
85,aaa,aaa,known,aaa,0.9177679882525698,6.811992000484522e-28,normal,0.9177679882525698,0
86,aaa,aaa,known,aaa,0.9177679882525698,6.251828194277278e-28,normal,0.9177679882525698,0
87,aaa,aaa,known,aaa,0.9177679882525698,5.737727784762553e-28,normal,0.9177679882525698,0
88,aaa,aaa,known,aaa,0.9177679882525698,5.265902886162402e-28,normal,0.9177679882525698,0
89,aaa,aaa,known,aaa,0.9177679882525698,4.832877098166668e-28,normal,0.9177679882525698,0
90,aaa,aaa,known,aaa,0.9177679882525698,4.43545989185634e-28,normal,0.9177679882525698,0
91,aaa,aaa,known,aaa,0.9177679882525698,4.070723101923954e-28,normal,0.9177679882525698,0
92,aaa,aaa,known,aaa,0.9177679882525698,3.7359793519860077e-28,normal,0.9177679882525698,0
93,aaa,aaa,known,aaa,0.9177679882525698,3.4287622540253374e-28,normal,0.9177679882525698,0
94,aaa,aaa,known,aaa,0.9177679882525698,3.1468082360731805e-28,normal,0.9177679882525698,0
95,aaa,aaa,known,aaa,0.9177679882525698,2.8880398642375004e-28,normal,0.9177679882525698,0
96,aaa,aaa,known,aaa,0.9177679882525698,2.6505505361944756e-28,normal,0.9177679882525698,0
97,aaa,aaa,known,aaa,0.9177679882525698,2.432590433364974e-28,normal,0.9177679882525698,0
98,aaa,aaa,known,aaa,0.9177679882525698,2.232553628271819e-28,normal,0.9177679882525698,0
99,aaa,aaa,known,aaa,0.9177679882525698,2.0489662520850027e-28,normal,0.9177679882525698,0
100,aaa,aaa,known,aaa,0.9177679882525698,1.8804756351734606e-28,normal,0.9177679882525698,0
101,aaa,aaa,known,aaa,0.9177679882525698,1.7258403406511203e-28,normal,0.9177679882525698,0
102,aaa,aaa,known,aaa,0.9177679882525698,1.5839210174845084e-28,normal,0.9177679882525698,0
103,aaa,aaa,known,aaa,0.9177679882525698,1.4536720057677206e-28,normal,0.9177679882525698,0
104,aaa,aaa,known,aaa,0.9177679882525698,1.3341336323125189e-28,normal,0.9177679882525698,0
105,aaa,aaa,known,aaa,0.9177679882525698,1.2244251397875541e-28,normal,0.9177679882525698,0
106,aaa,aaa,known,aaa,0.9177679882525698,1.123738197308695e-28,normal,0.9177679882525698,0
107,aaa,aab,known,aab,0.08125305922662751,9.130716630114704e-30,anomaly,0.08125305922662751,0
108,aab,aba,known,aba,0.4954128440366973,4.523474293818294e-30,normal,0.4954128440366973,0
109,aba,baa,known,baa,0.601063829787234,2.7188967829865276e-30,normal,0.601063829787234,0
110,baa,aaa,known,aaa,0.759090909090909,2.0638898307215914e-30,normal,0.759090909090909,0
111,aaa,aaa,known,aaa,0.9177679882525698,1.8941720179162917e-30,normal,0.9177679882525698,0
112,aaa,aaa,known,aaa,0.9177679882525698,1.7384104422873458e-30,normal,0.9177679882525698,0
113,aaa,aaa,known,aaa,0.9177679882525698,1.5954574543753174e-30,normal,0.9177679882525698,0
114,aaa,aaa,known,aaa,0.9177679882525698,1.4642597782446012e-30,normal,0.9177679882525698,0
115,aaa,aaa,known,aaa,0.9177679882525698,1.3438507509587015e-30,normal,0.9177679882525698,0
116,aaa,aab,known,aab,0.08125305922662751,1.0919198465939523e-31,anomaly,0.08125305922662751,0
117,aab,aba,known,aba,0.4954128440366973,5.409511166612241e-32,normal,0.4954128440366973,0
118,aba,bab,known,bab,0.39361702127659576,2.129275671964393e-32,normal,0.39361702127659576,0
119,bab,aba,known,aba,0.5,1.0646378359821965e-32,normal,0.5,0
120,aba,baa,known,baa,0.601063829787234,6.399152950318522e-33,normal,0.601063829787234,0
121,baa,aaa,known,aaa,0.759090909090909,4.85753883046906e-33,normal,0.759090909090909,0
122,aaa,aaa,known,aaa,0.9177679882525698,4.4580936402983295e-33,normal,0.9177679882525698,0
123,aaa,aaa,known,aaa,0.9177679882525698,4.091495631698173e-33,normal,0.9177679882525698,0
124,aaa,aaa,known,aaa,0.9177679882525698,3.75504371484781e-33,normal,0.9177679882525698,0
125,aaa,aaa,known,aaa,0.9177679882525698,3.446258915976331e-33,normal,0.9177679882525698,0
126,aaa,aaa,known,aaa,0.9177679882525698,3.162866112313079e-33,normal,0.9177679882525698,0
127,aaa,aaa,known,aaa,0.9177679882525698,2.9027772690098007e-33,normal,0.9177679882525698,0
128,aaa,aaa,known,aaa,0.9177679882525698,2.6640760545244134e-33,normal,0.9177679882525698,0
129,aaa,aaa,known,aaa,0.9177679882525698,2.4450037211127145e-33,normal,0.9177679882525698,0
130,aaa,aaa,known,aaa,0.9177679882525698,2.243946146395663e-33,normal,0.9177679882525698,0
131,aaa,aaa,known,aaa,0.9177679882525698,2.0594219405246542e-33,normal,0.9177679882525698,0
132,aaa,aaa,known,aaa,0.9177679882525698,1.8900715313185153e-33,normal,0.9177679882525698,0
133,aaa,aaa,known,aaa,0.9177679882525698,1.7346471469516477e-33,normal,0.9177679882525698,0
134,aaa,aaa,known,aaa,0.9177679882525698,1.5920036223858734e-33,normal,0.9177679882525698,0
135,aaa,aaa,known,aaa,0.9177679882525698,1.4610899618078868e-33,normal,0.9177679882525698,0
136,aaa,aaa,known,aaa,0.9177679882525698,1.3409415949044483e-33,normal,0.9177679882525698,0
137,aaa,aaa,known,aaa,0.9177679882525698,1.2306732699196478e-33,normal,0.9177679882525698,0
138,aaa,aaa,known,aaa,0.9177679882525698,1.129472531130367e-33,normal,0.9177679882525698,0
139,aaa,aaa,known,aaa,0.9177679882525698,1.0365937326820549e-33,normal,0.9177679882525698,0
140,aaa,aaa,known,aaa,0.9177679882525698,9.513525446788315e-34,normal,0.9177679882525698,0
141,aaa,aaa,known,aaa,0.9177679882525698,8.731209110488542e-34,normal,0.9177679882525698,0
142,aaa,aaa,known,aaa,0.9177679882525698,8.013224220345578e-34,normal,0.9177679882525698,0
143,aaa,aaa,known,aaa,0.9177679882525698,7.354280672123328e-34,normal,0.9177679882525698,0
144,aaa,aaa,known,aaa,0.9177679882525698,6.7495233774993835e-34,normal,0.9177679882525698,0
145,aaa,aaa,known,aaa,0.9177679882525698,6.194496491831299e-34,normal,0.9177679882525698,0
146,aaa,aaa,known,aaa,0.9177679882525698,5.685110583545612e-34,normal,0.9177679882525698,0
147,aaa,aaa,known,aaa,0.9177679882525698,5.21761250325405e-34,normal,0.9177679882525698,0
148,aaa,aaa,known,aaa,0.9177679882525698,4.788557730592924e-34,normal,0.9177679882525698,0
149,aaa,aaa,known,aaa,0.9177679882525698,4.394784995037559e-34,normal,0.9177679882525698,0
150,aaa,aaa,known,aaa,0.9177679882525698,4.0333929836982e-34,normal,0.9177679882525698,0
151,aaa,aaa,known,aaa,0.9177679882525698,3.701718964480727e-34,normal,0.9177679882525698,0
152,aaa,aaa,known,aaa,0.9177679882525698,3.3973191671078626e-34,normal,0.9177679882525698,0
153,aaa,aaa,known,aaa,0.9177679882525698,3.117950777448479e-34,normal,0.9177679882525698,0
154,aaa,aaa,known,aaa,0.9177679882525698,2.8615554124894267e-34,normal,0.9177679882525698,0
155,aaa,aaa,known,aaa,0.9177679882525698,2.6262439541936736e-34,normal,0.9177679882525698,0
156,aaa,aab,known,aab,0.08125305922662751,2.1339035555367098e-35,anomaly,0.08125305922662751,0
157,aab,abb,known,abb,0.47706422018348627,1.0180090356688891e-35,normal,0.47706422018348627,0
158,abb,bbb,known,bbb,0.6132596685082873,6.243038837527441e-36,normal,0.6132596685082873,0
159,bbb,bbb,known,bbb,0.7377938517179023,4.6060756703638264e-36,normal,0.7377938517179023,0
160,bbb,bba,known,bba,0.19891500904159132,9.162175836166744e-37,anomaly,0.19891500904159132,0
161,bba,bab,known,bab,0.40555555555555556,3.7157713113342906e-37,normal,0.40555555555555556,0
162,bab,aba,known,aba,0.5,1.8578856556671453e-37,normal,0.5,0
163,aba,baa,known,baa,0.601063829787234,1.1167078675020607e-37,normal,0.601063829787234,0
164,baa,aab,known,aab,0.22727272727272727,2.537972426141047e-38,normal,0.22727272727272727,0
165,aab,aba,known,aba,0.4954128440366973,1.2573441377212528e-38,normal,0.4954128440366973,0
166,aba,baa,known,baa,0.601063829787234,7.557440827792637e-39,normal,0.601063829787234,0
167,baa,aaa,known,aaa,0.759090909090909,5.736784628369865e-39,normal,0.759090909090909,0
168,aaa,aaa,known,aaa,0.9177679882525698,5.265037287417277e-39,normal,0.9177679882525698,0
169,aaa,aab,known,aab,0.08125305922662751,4.278003865449183e-40,anomaly,0.08125305922662751,0
170,aab,abb,known,abb,0.47706422018348627,2.0408825780124542e-40,normal,0.47706422018348627,0
171,abb,bba,known,bba,0.3370165745856354,6.878112555732581e-41,normal,0.3370165745856354,0
172,bba,baa,known,baa,0.5555555555555556,3.821173642073656e-41,normal,0.5555555555555556,0
173,baa,aaa,known,aaa,0.759090909090909,2.9006181737559114e-41,normal,0.759090909090909,0
174,aaa,aaa,known,aaa,0.9177679882525698,2.6620945060168057e-41,normal,0.9177679882525698,0
175,aaa,aaa,known,aaa,0.9177679882525698,2.4431851193252625e-41,normal,0.9177679882525698,0
176,aaa,aaa,known,aaa,0.9177679882525698,2.2422770918917607e-41,normal,0.9177679882525698,0
177,aaa,aab,known,aab,0.08125305922662751,1.8219187334999134e-42,anomaly,0.08125305922662751,0
178,aab,abb,known,abb,0.47706422018348627,8.691722398348211e-43,normal,0.47706422018348627,0
179,abb,bbb,known,bbb,0.6132596685082873,5.330282796777079e-43,normal,0.6132596685082873,0
180,bbb,bba,known,bba,0.19891500904159132,1.0602732507151513e-43,anomaly,0.19891500904159132,0
181,bba,baa,known,baa,0.5555555555555556,5.890406948417508e-44,normal,0.5555555555555556,0
182,baa,aaa,known,aaa,0.759090909090909,4.4713543653896533e-44,normal,0.759090909090909,0
183,aaa,aaa,known,aaa,0.9177679882525698,4.103665900688008e-44,normal,0.9177679882525698,0
184,aaa,aab,known,aab,0.08125305922662751,3.334354084748944e-45,anomaly,0.08125305922662751,0
185,aab,abb,known,abb,0.47706422018348627,1.590701031256377e-45,normal,0.47706422018348627,0
186,abb,bbb,known,bbb,0.6132596685082873,9.755127871240765e-46,normal,0.6132596685082873,0
187,bbb,bba,known,bba,0.19891500904159132,1.9404413487097364e-46,anomaly,0.19891500904159132,0
188,bba,bab,known,bab,0.40555555555555556,7.869567691989487e-47,normal,0.40555555555555556,0
189,bab,abb,known,abb,0.46,3.620001138315164e-47,normal,0.46,0
190,abb,bbb,known,bbb,0.6132596685082873,2.22000069808278e-47,normal,0.6132596685082873,0
191,bbb,bbb,known,bbb,0.7377938517179023,1.6379028658549265e-47,normal,0.7377938517179023,0
192,bbb,bbb,known,bbb,0.7377938517179023,1.208434664138897e-47,normal,0.7377938517179023,0
193,bbb,bbb,known,bbb,0.7377938517179023,8.915756654044665e-48,normal,0.7377938517179023,0
194,bbb,bbb,known,bbb,0.7377938517179023,6.577990442767131e-48,normal,0.7377938517179023,0
195,bbb,bbb,known,bbb,0.7377938517179023,4.8532009053327116e-48,normal,0.7377938517179023,0
196,bbb,bba,known,bba,0.19891500904159132,9.653745019649155e-49,anomaly,0.19891500904159132,0
197,bba,bab,known,bab,0.40555555555555556,3.915129924635491e-49,normal,0.40555555555555556,0
198,bab,abb,known,abb,0.46,1.8009597653323258e-49,normal,0.46,0
199,abb,bbb,known,bbb,0.6132596685082873,1.104455988684465e-49,normal,0.6132596685082873,0
200,bbb,bbb,known,bbb,0.7377938517179023,8.148608379444154e-50,normal,0.7377938517179023,0
201,bbb,bbb,known,bbb,0.7377938517179023,6.011993162410877e-50,normal,0.7377938517179023,0
202,bbb,bba,known,bba,0.19891500904159132,1.1958756742589447e-50,anomaly,0.19891500904159132,0
203,bba,bab,known,bab,0.40555555555555556,4.8499402344946094e-51,normal,0.40555555555555556,0
204,bab,abb,known,abb,0.46,2.2309725078675205e-51,normal,0.46,0
205,abb,bbb,known,bbb,0.6132596685082873,1.368165460625938e-51,normal,0.6132596685082873,0
206,bbb,bba,known,bba,0.19891500904159132,2.7214864497080144e-52,anomaly,0.19891500904159132,0
207,bba,baa,known,baa,0.5555555555555556,1.5119369165044525e-52,normal,0.5555555555555556,0
208,baa,aaa,known,aaa,0.759090909090909,1.1476975684374706e-52,normal,0.759090909090909,0
209,aaa,aaa,known,aaa,0.9177679882525698,1.0533200885072234e-52,normal,0.9177679882525698,0
210,aaa,aaa,known,aaa,0.9177679882525698,9.667034586152932e-53,normal,0.9177679882525698,0
211,aaa,aaa,known,aaa,0.9177679882525698,8.872094884501589e-53,normal,0.9177679882525698,0
212,aaa,aaa,known,aaa,0.9177679882525698,8.142524673734938e-53,normal,0.9177679882525698,0
213,aaa,aaa,known,aaa,0.9177679882525698,7.472948489110627e-53,normal,0.9177679882525698,0
214,aaa,aaa,known,aaa,0.9177679882525698,6.858432901166141e-53,normal,0.9177679882525698,0
215,aaa,aaa,known,aaa,0.9177679882525698,6.294450166268485e-53,normal,0.9177679882525698,0
216,aaa,aaa,known,aaa,0.9177679882525698,5.77684486625228e-53,normal,0.9177679882525698,0
217,aaa,aaa,known,aaa,0.9177679882525698,5.301803291347541e-53,normal,0.9177679882525698,0
218,aaa,aaa,known,aaa,0.9177679882525698,4.865825340810885e-53,normal,0.9177679882525698,0
219,aaa,aaa,known,aaa,0.9177679882525698,4.465698734224381e-53,normal,0.9177679882525698,0
220,aaa,aaa,known,aaa,0.9177679882525698,4.098475343451157e-53,normal,0.9177679882525698,0
221,aaa,aaa,known,aaa,0.9177679882525698,3.7614494708619285e-53,normal,0.9177679882525698,0
222,aaa,aaa,known,aaa,0.9177679882525698,3.452137913786645e-53,normal,0.9177679882525698,0
223,aaa,aaa,known,aaa,0.9177679882525698,3.1682616683063924e-53,normal,0.9177679882525698,0
224,aaa,aaa,known,aaa,0.9177679882525698,2.9077291375792883e-53,normal,0.9177679882525698,0
225,aaa,aaa,known,aaa,0.9177679882525698,2.6686207209795233e-53,normal,0.9177679882525698,0
226,aaa,aaa,known,aaa,0.9177679882525698,2.4491746705024994e-53,normal,0.9177679882525698,0
227,aaa,aaa,known,aaa,0.9177679882525698,2.2477741102262293e-53,normal,0.9177679882525698,0
228,aaa,aaa,known,aaa,0.9177679882525698,2.0629351231885366e-53,normal,0.9177679882525698,0
229,aaa,aaa,known,aaa,0.9177679882525698,1.8932958179043103e-53,normal,0.9177679882525698,0
230,aaa,aaa,known,aaa,0.9177679882525698,1.7376062939650426e-53,normal,0.9177679882525698,0
231,aaa,aaa,known,aaa,0.9177679882525698,1.5947194327873006e-53,normal,0.9177679882525698,0
232,aaa,aaa,known,aaa,0.9177679882525698,1.46358244565648e-53,normal,0.9177679882525698,0
233,aaa,aaa,known,aaa,0.9177679882525698,1.3432291167919236e-53,normal,0.9177679882525698,0
234,aaa,aaa,known,aaa,0.9177679882525698,1.2327726842803998e-53,normal,0.9177679882525698,0
235,aaa,aaa,known,aaa,0.9177679882525698,1.131399306424743e-53,normal,0.9177679882525698,0
236,aaa,aaa,known,aaa,0.9177679882525698,1.038362065367789e-53,normal,0.9177679882525698,0
237,aaa,aaa,known,aaa,0.9177679882525698,9.529754638103791e-54,normal,0.9177679882525698,0
238,aaa,aaa,known,aaa,0.9177679882525698,8.746103742753112e-54,normal,0.9177679882525698,0
239,aaa,aaa,known,aaa,0.9177679882525698,8.026894037034795e-54,normal,0.9177679882525698,0
240,aaa,aaa,known,aaa,0.9177679882525698,7.366826392285972e-54,normal,0.9177679882525698,0
241,aaa,aaa,known,aaa,0.9177679882525698,6.761037437854233e-54,normal,0.9177679882525698,0
242,aaa,aaa,known,aaa,0.9177679882525698,6.205063727839788e-54,normal,0.9177679882525698,0
243,aaa,aaa,known,aaa,0.9177679882525698,5.694808854478514e-54,normal,0.9177679882525698,0
244,aaa,aaa,known,aaa,0.9177679882525698,5.226513265857668e-54,normal,0.9177679882525698,0
245,aaa,aaa,known,aaa,0.9177679882525698,4.79672656558156e-54,normal,0.9177679882525698,0
246,aaa,aaa,known,aaa,0.9177679882525698,4.402282090291447e-54,normal,0.9177679882525698,0
247,aaa,aaa,known,aaa,0.9177679882525698,4.0402735777270986e-54,normal,0.9177679882525698,0
248,aaa,aaa,known,aaa,0.9177679882525698,3.708033753420612e-54,normal,0.9177679882525698,0
249,aaa,aaa,known,aaa,0.9177679882525698,3.4031146782494607e-54,normal,0.9177679882525698,0
250,aaa,aaa,known,aaa,0.9177679882525698,3.123269712049799e-54,normal,0.9177679882525698,0
251,aaa,aaa,known,aaa,0.9177679882525698,2.866436960398127e-54,normal,0.9177679882525698,0
252,aaa,aaa,known,aaa,0.9177679882525698,2.6307240825974e-54,normal,0.9177679882525698,0
253,aaa,aaa,known,aaa,0.9177679882525698,2.414394348933003e-54,normal,0.9177679882525698,0
254,aaa,aaa,known,aaa,0.9177679882525698,2.2158538444686153e-54,normal,0.9177679882525698,0
255,aaa,aaa,known,aaa,0.9177679882525698,2.0336397250996836e-54,normal,0.9177679882525698,0
256,aaa,aaa,known,aaa,0.9177679882525698,1.8664094393352456e-54,normal,0.9177679882525698,0
257,aaa,aaa,known,aaa,0.9177679882525698,1.712930836394315e-54,normal,0.9177679882525698,0
258,aaa,aaa,known,aaa,0.9177679882525698,1.5720730877334022e-54,normal,0.9177679882525698,0
259,aaa,aaa,known,aaa,0.9177679882525698,1.4427983551150902e-54,normal,0.9177679882525698,0
260,aaa,aaa,known,aaa,0.9177679882525698,1.324154143828093e-54,normal,0.9177679882525698,0
261,aaa,aaa,known,aaa,0.9177679882525698,1.215266284717413e-54,normal,0.9177679882525698,0
262,aaa,aaa,known,aaa,0.9177679882525698,1.1153324933162747e-54,normal,0.9177679882525698,0
263,aaa,aaa,known,aaa,0.9177679882525698,1.0236164586236002e-54,normal,0.9177679882525698,0
264,aaa,aaa,known,aaa,0.9177679882525698,9.394424179732015e-55,normal,0.9177679882525698,0
265,aaa,aaa,known,aaa,0.9177679882525698,8.621901780223949e-55,normal,0.9177679882525698,0
266,aaa,aaa,known,aaa,0.9177679882525698,7.912905451747384e-55,normal,0.9177679882525698,0
267,aaa,aaa,known,aaa,0.9177679882525698,7.262211317682988e-55,normal,0.9177679882525698,0
268,aaa,aaa,known,aaa,0.9177679882525698,6.66502507129496e-55,normal,0.9177679882525698,0
269,aaa,aaa,known,aaa,0.9177679882525698,6.116946651335316e-55,normal,0.9177679882525698,0
270,aaa,aaa,known,aaa,0.9177679882525698,5.6139378224443065e-55,normal,0.9177679882525698,0
271,aaa,aaa,known,aaa,0.9177679882525698,5.1522924214797236e-55,normal,0.9177679882525698,0
272,aaa,aaa,known,aaa,0.9177679882525698,4.728609050550407e-55,normal,0.9177679882525698,0
273,aaa,aaa,known,aaa,0.9177679882525698,4.339766015556541e-55,normal,0.9177679882525698,0
274,aaa,aaa,known,aaa,0.9177679882525698,3.982898325584198e-55,normal,0.9177679882525698,0
275,aaa,aaa,known,aaa,0.9177679882525698,3.655376583685938e-55,normal,0.9177679882525698,0
276,aaa,aaa,known,aaa,0.9177679882525698,3.354787613514995e-55,normal,0.9177679882525698,0
277,aaa,aaa,known,aaa,0.9177679882525698,3.0789166790702963e-55,normal,0.9177679882525698,0
278,aaa,aaa,known,aaa,0.9177679882525698,2.8257311665476288e-55,normal,0.9177679882525698,0
279,aaa,aaa,known,aaa,0.9177679882525698,2.5933656080650043e-55,normal,0.9177679882525698,0
280,aaa,aaa,known,aaa,0.9177679882525698,2.3801079369172213e-55,normal,0.9177679882525698,0
281,aaa,aaa,known,aaa,0.9177679882525698,2.1843868730884924e-55,normal,0.9177679882525698,0
282,aaa,aaa,known,aaa,0.9177679882525698,2.004760346079747e-55,normal,0.9177679882525698,0
283,aaa,aaa,known,aaa,0.9177679882525698,1.839904869750135e-55,normal,0.9177679882525698,0
284,aaa,aaa,known,aaa,0.9177679882525698,1.6886057908866877e-55,normal,0.9177679882525698,0
285,aaa,aaa,known,aaa,0.9177679882525698,1.549748339653715e-55,normal,0.9177679882525698,0
286,aaa,aaa,known,aaa,0.9177679882525698,1.4223094159817502e-55,normal,0.9177679882525698,0
287,aaa,aaa,known,aaa,0.9177679882525698,1.3053500513782583e-55,normal,0.9177679882525698,0
288,aaa,aaa,known,aaa,0.9177679882525698,1.1980084906188126e-55,normal,0.9177679882525698,0
289,aaa,aaa,known,aaa,0.9177679882525698,1.0994938423447252e-55,normal,0.9177679882525698,0
290,aaa,aaa,known,aaa,0.9177679882525698,1.0090802517848066e-55,normal,0.9177679882525698,0
291,aaa,aaa,known,aaa,0.9177679882525698,9.261015526659385e-56,normal,0.9177679882525698,0
292,aaa,aaa,known,aaa,0.9177679882525698,8.499463589077996e-56,normal,0.9177679882525698,0
293,aaa,aaa,known,aaa,0.9177679882525698,7.8005355993740795e-56,normal,0.9177679882525698,0
294,aaa,aab,known,aab,0.08125305922662751,6.338173810553584e-57,anomaly,0.08125305922662751,0
295,aab,aba,known,aba,0.4954128440366973,3.140012713485262e-57,normal,0.4954128440366973,0
296,aba,baa,known,baa,0.601063829787234,1.8873480671480564e-57,normal,0.601063829787234,0
297,baa,aaa,known,aaa,0.759090909090909,1.4326687600623882e-57,normal,0.759090909090909,0
298,aaa,aab,known,aab,0.08125305922662751,1.1640871961348823e-58,anomaly,0.08125305922662751,0
299,aab,abb,known,abb,0.47706422018348627,5.5534435044966865e-59,normal,0.47706422018348627,0
300,abb,bba,known,bba,0.3370165745856354,1.87160250704032e-59,normal,0.3370165745856354,0
301,bba,baa,known,baa,0.5555555555555556,1.0397791705779555e-59,normal,0.5555555555555556,0
302,baa,aab,known,aab,0.22727272727272727,2.3631344785862624e-60,normal,0.22727272727272727,0
303,aab,abb,known,abb,0.47706422018348627,1.1273669072154647e-60,normal,0.47706422018348627,0
304,abb,bbb,known,bbb,0.6132596685082873,6.91368655806169e-61,normal,0.6132596685082873,0
305,bbb,bba,known,bba,0.19891500904159132,1.3752360242075693e-61,anomaly,0.19891500904159132,0
306,bba,bab,known,bab,0.40555555555555556,5.5773460981751425e-62,normal,0.40555555555555556,0
307,bab,abb,known,abb,0.46,2.565579205160566e-62,normal,0.46,0
308,abb,bba,known,bba,0.3370165745856354,8.64642715551351e-63,normal,0.3370165745856354,0
309,bba,bab,known,bab,0.40555555555555556,3.506606568624923e-63,normal,0.40555555555555556,0
310,bab,abb,known,abb,0.46,1.6130390215674649e-63,normal,0.46,0
311,abb,bba,known,bba,0.3370165745856354,5.436208857216318e-64,normal,0.3370165745856354,0
312,bba,bab,known,bab,0.40555555555555556,2.204684703204396e-64,normal,0.40555555555555556,0
313,bab,abb,known,abb,0.46,1.0141549634740221e-64,normal,0.46,0
314,abb,bba,known,bba,0.3370165745856354,3.417870318890351e-65,normal,0.3370165745856354,0
315,bba,bab,known,bab,0.40555555555555556,1.38613629599442e-65,normal,0.40555555555555556,0
316,bab,aba,known,aba,0.5,6.9306814799721e-66,normal,0.5,0
317,aba,bab,known,bab,0.39361702127659576,2.7280341995634863e-66,normal,0.39361702127659576,0
318,bab,abc,known,abc,0.04,1.0912136798253946e-67,anomaly,0.04,0
319,abc,bcb,known,bcb,0.9230769230769231,1.007274165992672e-67,normal,0.9230769230769231,0
320,bcb,cbb,known,cbb,0.5471698113207547,5.5115001535448085e-68,normal,0.5471698113207547,0
321,cbb,bbb,known,bbb,0.5964912280701754,3.287561495096903e-68,normal,0.5964912280701754,0
322,bbb,bbb,known,bbb,0.7377938517179023,2.4255426582270097e-68,normal,0.7377938517179023,0
323,bbb,bbb,known,bbb,0.7377938517179023,1.7895504603193852e-68,normal,0.7377938517179023,0
324,bbb,bbc,known,bbc,0.06329113924050633,1.1326268736198641e-69,anomaly,0.06329113924050633,0
325,bbc,bcc,known,bcc,0.3448275862068966,3.905609909034014e-70,normal,0.3448275862068966,0
326,bcc,ccb,known,ccb,0.6363636363636364,2.485388123930736e-70,normal,0.6363636363636364,0
327,ccb,cba,known,cba,0.06060606060606061,1.5062958326852946e-71,anomaly,0.06060606060606061,0
328,cba,bab,known,bab,0.23076923076923078,3.476067306196834e-72,normal,0.23076923076923078,0
329,bab,abb,known,abb,0.46,1.5989909608505438e-72,normal,0.46,0
330,abb,bbb,known,bbb,0.6132596685082873,9.805966665989522e-73,normal,0.6132596685082873,0
331,bbb,bbc,known,bbc,0.06329113924050633,6.206308016449065e-74,anomaly,0.06329113924050633,0
332,bbc,bcb,known,bcb,0.5344827586206896,3.3171646294813963e-74,normal,0.5344827586206896,0
333,bcb,cbb,known,cbb,0.5471698113207547,1.815052344433217e-74,normal,0.5471698113207547,0
334,cbb,bbb,known,bbb,0.5964912280701754,1.0826628019426206e-74,normal,0.5964912280701754,0
335,bbb,bbb,known,bbb,0.7377938517179023,7.987819587569424e-75,normal,0.7377938517179023,0
336,bbb,bbb,known,bbb,0.7377938517179023,5.893364180340552e-75,normal,0.7377938517179023,0
337,bbb,bbb,known,bbb,0.7377938517179023,4.348087858189774e-75,normal,0.7377938517179023,0
338,bbb,bbb,known,bbb,0.7377938517179023,3.207992488501678e-75,normal,0.7377938517179023,0
339,bbb,bbb,known,bbb,0.7377938517179023,2.3668371343737514e-75,normal,0.7377938517179023,0
340,bbb,bbc,known,bbc,0.06329113924050633,1.497998186312501e-76,anomaly,0.06329113924050633,0
341,bbc,bcb,known,bcb,0.5344827586206896,8.006542030290954e-77,normal,0.5344827586206896,0
342,bcb,cba,known,cba,0.16981132075471697,1.35960147684186e-77,anomaly,0.16981132075471697,0
343,cba,bab,known,bab,0.23076923076923078,3.1375418696350617e-78,normal,0.23076923076923078,0
344,bab,abb,known,abb,0.46,1.4432692600321285e-78,normal,0.46,0
345,abb,bba,known,bba,0.3370165745856354,4.864056622207726e-79,normal,0.3370165745856354,0
346,bba,bab,known,bab,0.40555555555555556,1.9726451856731334e-79,normal,0.40555555555555556,0
347,bab,abb,known,abb,0.46,9.074167854096414e-80,normal,0.46,0
348,abb,bba,known,bba,0.3370165745856354,3.0581449674026593e-80,normal,0.3370165745856354,0
349,bba,bab,known,bab,0.40555555555555556,1.2402476812244118e-80,normal,0.40555555555555556,0
350,bab,aba,known,aba,0.5,6.201238406122059e-81,normal,0.5,0
351,aba,bab,known,bab,0.39361702127659576,2.4409129896437895e-81,normal,0.39361702127659576,0
352,bab,abb,known,abb,0.46,1.1228199752361431e-81,normal,0.46,0
353,abb,bbb,known,bbb,0.6132596685082873,6.885802058078005e-82,normal,0.6132596685082873,0
354,bbb,bbc,known,bbc,0.06329113924050633,4.358102568403801e-83,anomaly,0.06329113924050633,0
355,bbc,bcb,known,bcb,0.5344827586206896,2.3293306831123764e-83,normal,0.5344827586206896,0
356,bcb,cbb,known,cbb,0.5471698113207547,1.2745394303822437e-83,normal,0.5471698113207547,0
357,cbb,bbc,known,bbc,0.24561403508771928,3.1304477237458613e-84,normal,0.24561403508771928,0
358,bbc,bcb,known,bcb,0.5344827586206896,1.6731703351055465e-84,normal,0.5344827586206896,0
359,bcb,cbc,known,cbc,0.2830188679245283,4.735387740864754e-85,normal,0.2830188679245283,0
360,cbc,bcb,known,bcb,0.4,1.8941550963459017e-85,normal,0.4,0
361,bcb,cbb,known,cbb,0.5471698113207547,1.036424486679833e-85,normal,0.5471698113207547,0
362,cbb,bbb,known,bbb,0.5964912280701754,6.182181148616548e-86,normal,0.5964912280701754,0
363,bbb,bbb,known,bbb,0.7377938517179023,4.5611752416556086e-86,normal,0.7377938517179023,0
364,bbb,bbb,known,bbb,0.7377938517179023,3.365207049901425e-86,normal,0.7377938517179023,0
365,bbb,bbb,known,bbb,0.7377938517179023,2.4828290711750117e-86,normal,0.7377938517179023,0
366,bbb,bbb,known,bbb,0.7377938517179023,1.831816023579394e-86,normal,0.7377938517179023,0
367,bbb,bbb,known,bbb,0.7377938517179023,1.3515025996752128e-86,normal,0.7377938517179023,0
368,bbb,bba,known,bba,0.19891500904159132,2.688341518341291e-87,anomaly,0.19891500904159132,0
369,bba,bac,known,bac,0.03888888888888889,1.0454661460216133e-88,anomaly,0.03888888888888889,0
370,bac,acb,known,acb,0.6363636363636364,6.652966383773903e-89,normal,0.6363636363636364,0
371,acb,cba,known,cba,0.2222222222222222,1.4784369741719782e-89,normal,0.2222222222222222,0
372,cba,bac,known,bac,0.23076923076923078,3.4117776327045653e-90,normal,0.23076923076923078,0
373,bac,acb,known,acb,0.6363636363636364,2.171131220811996e-90,normal,0.6363636363636364,0
374,acb,cbb,known,cbb,0.5555555555555556,1.20618401156222e-90,normal,0.5555555555555556,0
375,cbb,bbc,known,bbc,0.24561403508771928,2.962557221380891e-91,normal,0.24561403508771928,0
376,bbc,bcb,known,bcb,0.5344827586206896,1.5834357562553037e-91,normal,0.5344827586206896,0
377,bcb,cbc,known,cbc,0.2830188679245283,4.481421951665954e-92,normal,0.2830188679245283,0
378,cbc,bcd,known,bcd,0.0,4.481421951665954e-96,anomaly,0.0,0
379,bcd,cdd,known,cdd,0.0,4.481421951665954e-100,anomaly,0.0,0
380,cdd,ddd,known,ddd,0.8260869565217391,3.70204422094144e-100,normal,0.8260869565217391,0
381,ddd,ddd,known,ddd,0.9878048780487805,3.656897340198252e-100,normal,0.9878048780487805,0
382,ddd,ddd,known,ddd,0.9878048780487805,3.612301031171444e-100,normal,0.9878048780487805,0
383,ddd,ddd,known,ddd,0.9878048780487805,3.5682485795717923e-100,normal,0.9878048780487805,0
384,ddd,ddd,known,ddd,0.9878048780487805,3.5247333529916484e-100,normal,0.9878048780487805,0
385,ddd,ddd,known,ddd,0.9878048780487805,3.4817487999063844e-100,normal,0.9878048780487805,0
386,ddd,ddd,known,ddd,0.9878048780487805,3.439288448688014e-100,normal,0.9878048780487805,0
387,ddd,ddd,known,ddd,0.9878048780487805,3.397345906630843e-100,normal,0.9878048780487805,0
388,ddd,ddd,known,ddd,0.9878048780487805,3.3559148589890035e-100,normal,0.9878048780487805,0
389,ddd,ddd,known,ddd,0.9878048780487805,3.314989068025723e-100,normal,0.9878048780487805,0
390,ddd,ddd,known,ddd,0.9878048780487805,3.27456237207419e-100,normal,0.9878048780487805,0
391,ddd,ddd,known,ddd,0.9878048780487805,3.2346286846098705e-100,normal,0.9878048780487805,0
392,ddd,ddd,known,ddd,0.9878048780487805,3.1951819933341403e-100,normal,0.9878048780487805,0
393,ddd,ddd,known,ddd,0.9878048780487805,3.15621635926909e-100,normal,0.9878048780487805,0
394,ddd,ddd,known,ddd,0.9878048780487805,3.117725915863369e-100,normal,0.9878048780487805,0
395,ddd,ddd,known,ddd,0.9878048780487805,3.0797048681089376e-100,normal,0.9878048780487805,0
396,ddd,ddd,known,ddd,0.9878048780487805,3.042147491668585e-100,normal,0.9878048780487805,0
397,ddd,ddd,known,ddd,0.9878048780487805,3.00504813201409e-100,normal,0.9878048780487805,0
398,ddd,ddd,known,ddd,0.9878048780487805,2.9684012035748934e-100,normal,0.9878048780487805,0
399,ddd,ddd,known,ddd,0.9878048780487805,2.932201188897151e-100,normal,0.9878048780487805,0
400,ddd,ddc,known,ddc,0.011614401858304297,3.405576293724914e-102,anomaly,0.011614401858304297,0
401,ddc,dcd,known,dcd,0.6086956521739131,2.0729594831369043e-102,normal,0.6086956521739131,0
402,dcd,cdc,known,cdc,0.391304347826087,8.111580586187887e-103,normal,0.391304347826087,0
403,cdc,dcc,known,dcc,0.375,3.0418427198204576e-103,normal,0.375,0
404,dcc,ccd,known,ccd,0.4666666666666667,1.4195266025828803e-103,normal,0.4666666666666667,0
405,ccd,cdc,known,cdc,0.4,5.678106410331522e-104,normal,0.4,0
406,cdc,dcd,known,dcd,0.5625,3.193934855811481e-104,normal,0.5625,0
407,dcd,cdd,known,cdd,0.6086956521739131,1.9441342600591624e-104,normal,0.6086956521739131,0
408,cdd,ddd,known,ddd,0.8260869565217391,1.6060239539619167e-104,normal,0.8260869565217391,0
409,ddd,ddd,known,ddd,0.9878048780487805,1.5864382959867713e-104,normal,0.9878048780487805,0
410,ddd,ddd,known,ddd,0.9878048780487805,1.567091487499128e-104,normal,0.9878048780487805,0
411,ddd,ddd,known,ddd,0.9878048780487805,1.547980615700358e-104,normal,0.9878048780487805,0
412,ddd,ddd,known,ddd,0.9878048780487805,1.5291028033137682e-104,normal,0.9878048780487805,0
413,ddd,ddd,known,ddd,0.9878048780487805,1.5104552081514053e-104,normal,0.9878048780487805,0
414,ddd,ddd,known,ddd,0.9878048780487805,1.492035022686144e-104,normal,0.9878048780487805,0
415,ddd,ddd,known,ddd,0.9878048780487805,1.473839473628996e-104,normal,0.9878048780487805,0
416,ddd,ddd,known,ddd,0.9878048780487805,1.4558658215115694e-104,normal,0.9878048780487805,0
417,ddd,ddd,known,ddd,0.9878048780487805,1.4381113602736234e-104,normal,0.9878048780487805,0
418,ddd,ddd,known,ddd,0.9878048780487805,1.4205734168556523e-104,normal,0.9878048780487805,0
419,ddd,ddd,known,ddd,0.9878048780487805,1.403249350796437e-104,normal,0.9878048780487805,0
420,ddd,ddd,known,ddd,0.9878048780487805,1.3861365538355047e-104,normal,0.9878048780487805,0
421,ddd,ddd,known,ddd,0.9878048780487805,1.3692324495204376e-104,normal,0.9878048780487805,0
422,ddd,ddd,known,ddd,0.9878048780487805,1.3525344928189689e-104,normal,0.9878048780487805,0
423,ddd,ddd,known,ddd,0.9878048780487805,1.3360401697358108e-104,normal,0.9878048780487805,0
424,ddd,ddd,known,ddd,0.9878048780487805,1.3197469969341546e-104,normal,0.9878048780487805,0
425,ddd,ddd,known,ddd,0.9878048780487805,1.3036525213617869e-104,normal,0.9878048780487805,0
426,ddd,ddd,known,ddd,0.9878048780487805,1.287754319881765e-104,normal,0.9878048780487805,0
427,ddd,ddc,known,ddc,0.011614401858304297,1.495649616587416e-106,anomaly,0.011614401858304297,0
428,ddc,dcc,known,dcc,0.391304347826087,5.852541977950758e-107,normal,0.391304347826087,0
429,dcc,ccd,known,ccd,0.4666666666666667,2.7311862563770205e-107,normal,0.4666666666666667,0
430,ccd,cdc,known,cdc,0.4,1.0924745025508083e-107,normal,0.4,0
431,cdc,dcc,known,dcc,0.375,4.096779384565531e-108,normal,0.375,0
432,dcc,ccd,known,ccd,0.4666666666666667,1.9118303794639143e-108,normal,0.4666666666666667,0
433,ccd,cdc,known,cdc,0.4,7.647321517855658e-109,normal,0.4,0
434,cdc,dcc,known,dcc,0.375,2.867745569195872e-109,normal,0.375,0
435,dcc,ccd,known,ccd,0.4666666666666667,1.3382812656247402e-109,normal,0.4666666666666667,0
436,ccd,cdc,known,cdc,0.4,5.353125062498961e-110,normal,0.4,0
437,cdc,dcd,known,dcd,0.5625,3.011132847655666e-110,normal,0.5625,0
438,dcd,cdd,known,cdd,0.6086956521739131,1.8328634724860575e-110,normal,0.6086956521739131,0
439,cdd,ddd,known,ddd,0.8260869565217391,1.5141046077058736e-110,normal,0.8260869565217391,0
440,ddd,ddd,known,ddd,0.9878048780487805,1.495639917367997e-110,normal,0.9878048780487805,0
441,ddd,ddc,known,ddc,0.011614401858304297,1.737096303563295e-112,anomaly,0.011614401858304297,0
442,ddc,dcd,known,dcd,0.6086956521739131,1.0573629673863535e-112,normal,0.6086956521739131,0
443,dcd,cdd,known,cdd,0.6086956521739131,6.436122410177804e-113,normal,0.6086956521739131,0
444,cdd,ddd,known,ddd,0.8260869565217391,5.316796773625143e-113,normal,0.8260869565217391,0
445,ddd,ddd,known,ddd,0.9878048780487805,5.251957788580933e-113,normal,0.9878048780487805,0
446,ddd,ddd,known,ddd,0.9878048780487805,5.187909522866532e-113,normal,0.9878048780487805,0
447,ddd,ddd,known,ddd,0.9878048780487805,5.124642333563282e-113,normal,0.9878048780487805,0
448,ddd,ddd,known,ddd,0.9878048780487805,5.0621466953490955e-113,normal,0.9878048780487805,0
449,ddd,ddd,known,ddd,0.9878048780487805,5.0004131990643506e-113,normal,0.9878048780487805,0
450,ddd,ddd,known,ddd,0.9878048780487805,4.9394325502952733e-113,normal,0.9878048780487805,0
451,ddd,ddd,known,ddd,0.9878048780487805,4.8791955679745994e-113,normal,0.9878048780487805,0
452,ddd,ddd,known,ddd,0.9878048780487805,4.819693182999299e-113,normal,0.9878048780487805,0
453,ddd,ddd,known,ddd,0.9878048780487805,4.760916436865161e-113,normal,0.9878048780487805,0
454,ddd,ddd,known,ddd,0.9878048780487805,4.702856480318025e-113,normal,0.9878048780487805,0
455,ddd,ddd,known,ddd,0.9878048780487805,4.6455045720214636e-113,normal,0.9878048780487805,0
456,ddd,ddc,known,ddc,0.011614401858304297,5.3954756934047195e-115,anomaly,0.011614401858304297,0
457,ddc,dcc,known,dcc,0.391304347826087,2.1112730974192384e-115,normal,0.391304347826087,0
458,dcc,ccd,known,ccd,0.4666666666666667,9.852607787956446e-116,normal,0.4666666666666667,0
459,ccd,cdd,known,cdd,0.6,5.911564672773868e-116,normal,0.6,0
460,cdd,ddd,known,ddd,0.8260869565217391,4.883466468813195e-116,normal,0.8260869565217391,0
461,ddd,ddd,known,ddd,0.9878048780487805,4.823911999681327e-116,normal,0.9878048780487805,0
462,ddd,ddd,known,ddd,0.9878048780487805,4.765083804563262e-116,normal,0.9878048780487805,0
463,ddd,ddd,known,ddd,0.9878048780487805,4.706973026458832e-116,normal,0.9878048780487805,0
464,ddd,ddd,known,ddd,0.9878048780487805,4.6495709163800655e-116,normal,0.9878048780487805,0
465,ddd,ddd,known,ddd,0.9878048780487805,4.592868832033967e-116,normal,0.9878048780487805,0
466,ddd,ddd,known,ddd,0.9878048780487805,4.5368582365213575e-116,normal,0.9878048780487805,0
467,ddd,ddc,known,ddc,0.011614401858304297,5.269289473311681e-118,anomaly,0.011614401858304297,0
468,ddc,dcc,known,dcc,0.391304347826087,2.0618958808610926e-118,normal,0.391304347826087,0
469,dcc,ccc,known,ccc,0.5333333333333333,1.099677803125916e-118,normal,0.5333333333333333,0
470,ccc,ccd,known,ccd,0.16,1.7594844850014657e-119,anomaly,0.16,0
471,ccd,cdd,known,cdd,0.6,1.0556906910008794e-119,normal,0.6,0
472,cdd,ddd,known,ddd,0.8260869565217391,8.720923099572482e-120,normal,0.8260869565217391,0
473,ddd,ddd,known,ddd,0.9878048780487805,8.614570378845988e-120,normal,0.9878048780487805,0
474,ddd,ddd,known,ddd,0.9878048780487805,8.509514642518598e-120,normal,0.9878048780487805,0
475,ddd,ddd,known,ddd,0.9878048780487805,8.405740073707396e-120,normal,0.9878048780487805,0
476,ddd,ddd,known,ddd,0.9878048780487805,8.303231048418281e-120,normal,0.9878048780487805,0
477,ddd,ddd,known,ddd,0.9878048780487805,8.201972133193668e-120,normal,0.9878048780487805,0
478,ddd,ddc,known,ddc,0.011614401858304297,9.52610003855246e-122,anomaly,0.011614401858304297,0
479,ddc,dcd,known,dcd,0.6086956521739131,5.798495675640628e-122,normal,0.6086956521739131,0
480,dcd,cdc,known,cdc,0.391304347826087,2.2689765687289417e-122,normal,0.391304347826087,0
481,cdc,dcd,known,dcd,0.5625,1.2762993199100297e-122,normal,0.5625,0
482,dcd,cdd,known,cdd,0.6086956521739131,7.768778469017572e-123,normal,0.6086956521739131,0
483,cdd,ddc,known,ddc,0.13043478260869565,1.0133189307414225e-123,anomaly,0.13043478260869565,0
484,ddc,dcd,known,dcd,0.6086956521739131,6.168028274078224e-124,normal,0.6086956521739131,0
485,dcd,cdd,known,cdd,0.6086956521739131,3.75445199291718e-124,normal,0.6086956521739131,0
486,cdd,ddc,known,ddc,0.13043478260869565,4.897111295109365e-125,anomaly,0.13043478260869565,0
487,ddc,dcd,known,dcd,0.6086956521739131,2.9808503535448314e-125,normal,0.6086956521739131,0
488,dcd,cdc,known,cdc,0.391304347826087,1.166419703561021e-125,normal,0.391304347826087,0
489,cdc,dcd,known,dcd,0.5625,6.561110832530744e-126,normal,0.5625,0
490,dcd,cdd,known,cdd,0.6086956521739131,3.993719637192627e-126,normal,0.6086956521739131,0
491,cdd,ddd,known,ddd,0.8260869565217391,3.2991597002895614e-126,normal,0.8260869565217391,0
492,ddd,ddd,known,ddd,0.9878048780487805,3.258926045407981e-126,normal,0.9878048780487805,0
493,ddd,ddd,known,ddd,0.9878048780487805,3.219183044854225e-126,normal,0.9878048780487805,0
494,ddd,ddc,known,ddc,0.011614401858304297,3.73888855383766e-128,anomaly,0.011614401858304297,0
495,ddc,dcc,known,dcc,0.391304347826087,1.4630433471538669e-128,normal,0.391304347826087,0
496,dcc,ccc,known,ccc,0.5333333333333333,7.802897851487289e-129,normal,0.5333333333333333,0
497,ccc,ccd,known,ccd,0.16,1.2484636562379663e-129,anomaly,0.16,0
498,ccd,cdc,known,cdc,0.4,4.993854624951866e-130,normal,0.4,0
499,cdc,dcc,known,dcc,0.375,1.8726954843569497e-130,normal,0.375,0
500,dcc,ccc,known,ccc,0.5333333333333333,9.987709249903732e-131,normal,0.5333333333333333,0
501,ccc,ccc,known,ccc,0.62,6.192379734940314e-131,normal,0.62,0
502,ccc,ccc,known,ccc,0.62,3.8392754356629947e-131,normal,0.62,0
503,ccc,ccc,known,ccc,0.62,2.3803507701110567e-131,normal,0.62,0
504,ccc,ccc,known,ccc,0.62,1.4758174774688552e-131,normal,0.62,0
505,ccc,ccc,known,ccc,0.62,9.150068360306902e-132,normal,0.62,0
506,ccc,ccd,known,ccd,0.16,1.4640109376491046e-132,anomaly,0.16,0
507,ccd,cdd,known,cdd,0.6,8.784065625894627e-133,normal,0.6,0
508,cdd,ddc,known,ddc,0.13043478260869565,1.1457476903340817e-133,anomaly,0.13043478260869565,0
509,ddc,dcc,known,dcc,0.391304347826087,4.483360527394233e-134,normal,0.391304347826087,0
510,dcc,ccc,known,ccc,0.5333333333333333,2.3911256146102577e-134,normal,0.5333333333333333,0
511,ccc,ccd,known,ccd,0.16,3.8258009833764124e-135,anomaly,0.16,0
512,ccd,cdc,known,cdc,0.4,1.530320393350565e-135,normal,0.4,0
513,cdc,dcd,known,dcd,0.5625,8.608052212596929e-136,normal,0.5625,0
514,dcd,cdd,known,cdd,0.6086956521739131,5.239683955493783e-136,normal,0.6086956521739131,0
515,cdd,ddc,known,ddc,0.13043478260869565,6.834370376731021e-137,anomaly,0.13043478260869565,0
516,ddc,dcc,known,dcc,0.391304347826087,2.6743188430686606e-137,normal,0.391304347826087,0
517,dcc,ccc,known,ccc,0.5333333333333333,1.4263033829699523e-137,normal,0.5333333333333333,0
518,ccc,ccc,known,ccc,0.62,8.843080974413705e-138,normal,0.62,0
519,ccc,ccc,known,ccc,0.62,5.482710204136496e-138,normal,0.62,0
520,ccc,ccc,known,ccc,0.62,3.399280326564628e-138,normal,0.62,0
521,ccc,ccc,known,ccc,0.62,2.1075538024700692e-138,normal,0.62,0
522,ccc,ccd,known,ccd,0.16,3.372086083952111e-139,anomaly,0.16,0
523,ccd,cdc,known,cdc,0.4,1.3488344335808444e-139,normal,0.4,0
524,cdc,dcc,known,dcc,0.375,5.058129125928166e-140,normal,0.375,0
525,dcc,ccc,known,ccc,0.5333333333333333,2.6976688671616885e-140,normal,0.5333333333333333,0
526,ccc,ccc,known,ccc,0.62,1.6725546976402468e-140,normal,0.62,0
527,ccc,ccc,known,ccc,0.62,1.036983912536953e-140,normal,0.62,0
528,ccc,ccc,known,ccc,0.62,6.429300257729109e-141,normal,0.62,0
529,ccc,ccd,known,ccd,0.16,1.0286880412366574e-141,anomaly,0.16,0
530,ccd,cdd,known,cdd,0.6,6.172128247419944e-142,normal,0.6,0
531,cdd,ddc,known,ddc,0.13043478260869565,8.0506020618521015e-143,anomaly,0.13043478260869565,0
532,ddc,dcc,known,dcc,0.391304347826087,3.1502355894203878e-143,normal,0.391304347826087,0
533,dcc,ccc,known,ccc,0.5333333333333333,1.6801256476908734e-143,normal,0.5333333333333333,0
534,ccc,ccc,known,ccc,0.62,1.0416779015683415e-143,normal,0.62,0
535,ccc,ccd,known,ccd,0.16,1.6666846425093464e-144,anomaly,0.16,0
536,ccd,cdd,known,cdd,0.6,1.0000107855056078e-144,normal,0.6,0
537,cdd,ddc,known,ddc,0.13043478260869565,1.3043618941377493e-145,anomaly,0.13043478260869565,0
538,ddc,dcc,known,dcc,0.391304347826087,5.104024803147715e-146,normal,0.391304347826087,0
539,dcc,ccc,known,ccc,0.5333333333333333,2.722146561678781e-146,normal,0.5333333333333333,0
540,ccc,ccc,known,ccc,0.62,1.6877308682408442e-146,normal,0.62,0
541,ccc,ccc,known,ccc,0.62,1.0463931383093234e-146,normal,0.62,0
542,ccc,ccd,known,ccd,0.16,1.6742290212949174e-147,anomaly,0.16,0
543,ccd,cdd,known,cdd,0.6,1.0045374127769504e-147,normal,0.6,0
544,cdd,ddd,known,ddd,0.8260869565217391,8.298352540331329e-148,normal,0.8260869565217391,0
545,ddd,ddd,known,ddd,0.9878048780487805,8.197153119107776e-148,normal,0.9878048780487805,0
546,ddd,ddc,known,ddc,0.011614401858304297,9.520503041937022e-150,anomaly,0.011614401858304297,0
547,ddc,dcd,known,dcd,0.6086956521739131,5.795088808135579e-150,normal,0.6086956521739131,0
548,dcd,cdd,known,cdd,0.6086956521739131,3.5274453614738313e-150,normal,0.6086956521739131,0
549,cdd,ddd,known,ddd,0.8260869565217391,2.9139766029566435e-150,normal,0.8260869565217391,0
550,ddd,ddd,known,ddd,0.9878048780487805,2.878440302920587e-150,normal,0.9878048780487805,0
551,ddd,ddd,known,ddd,0.9878048780487805,2.8433373723971653e-150,normal,0.9878048780487805,0
552,ddd,ddd,known,ddd,0.9878048780487805,2.808662526392322e-150,normal,0.9878048780487805,0
553,ddd,ddd,known,ddd,0.9878048780487805,2.7744105443631474e-150,normal,0.9878048780487805,0
554,ddd,ddd,known,ddd,0.9878048780487805,2.7405762694318893e-150,normal,0.9878048780487805,0
555,ddd,ddd,known,ddd,0.9878048780487805,2.707154607609549e-150,normal,0.9878048780487805,0
556,ddd,ddd,known,ddd,0.9878048780487805,2.6741405270289445e-150,normal,0.9878048780487805,0
557,ddd,ddd,known,ddd,0.9878048780487805,2.641529057187128e-150,normal,0.9878048780487805,0
558,ddd,ddd,known,ddd,0.9878048780487805,2.609315288197041e-150,normal,0.9878048780487805,0
559,ddd,ddc,known,ddc,0.011614401858304297,3.0305636332137525e-152,anomaly,0.011614401858304297,0
560,ddc,dcc,known,dcc,0.391304347826087,1.185872726040164e-152,normal,0.391304347826087,0
561,dcc,ccc,known,ccc,0.5333333333333333,6.324654538880874e-153,normal,0.5333333333333333,0
562,ccc,ccc,known,ccc,0.62,3.921285814106142e-153,normal,0.62,0
563,ccc,ccd,known,ccd,0.16,6.274057302569827e-154,anomaly,0.16,0
564,ccd,cdc,known,cdc,0.4,2.509622921027931e-154,normal,0.4,0
565,cdc,dcd,known,dcd,0.5625,1.4116628930782112e-154,normal,0.5625,0
566,dcd,cdd,known,cdd,0.6086956521739131,8.592730653519547e-155,normal,0.6086956521739131,0
567,cdd,ddd,known,ddd,0.8260869565217391,7.098342713777018e-155,normal,0.8260869565217391,0
568,ddd,ddd,known,ddd,0.9878048780487805,7.011777558730956e-155,normal,0.9878048780487805,0
569,ddd,ddc,known,ddc,0.011614401858304297,8.143760230814119e-157,anomaly,0.011614401858304297,0
570,ddc,dcd,known,dcd,0.6086956521739131,4.957071444843377e-157,normal,0.6086956521739131,0
571,dcd,cdc,known,cdc,0.391304347826087,1.9397236088517563e-157,normal,0.391304347826087,0
572,cdc,dcc,known,dcc,0.375,7.273963533194086e-158,normal,0.375,0
573,dcc,ccd,known,ccd,0.4666666666666667,3.3945163154905734e-158,normal,0.4666666666666667,0
574,ccd,cdd,known,cdd,0.6,2.036709789294344e-158,normal,0.6,0
575,cdd,ddd,known,ddd,0.8260869565217391,1.682499391156197e-158,normal,0.8260869565217391,0
576,ddd,ddc,known,ddc,0.011614401858304297,1.9541224055240385e-160,anomaly,0.011614401858304297,0
577,ddc,dcd,known,dcd,0.6086956521739131,1.1894658120581105e-160,normal,0.6086956521739131,0
578,dcd,cdc,known,cdc,0.391304347826087,4.6544314384882585e-161,normal,0.391304347826087,0
579,cdc,dcc,known,dcc,0.375,1.7454117894330968e-161,normal,0.375,0
580,dcc,ccc,known,ccc,0.5333333333333333,9.308862876976516e-162,normal,0.5333333333333333,0
581,ccc,ccc,known,ccc,0.62,5.77149498372544e-162,normal,0.62,0
582,ccc,ccc,known,ccc,0.62,3.578326889909773e-162,normal,0.62,0
583,ccc,ccc,known,ccc,0.62,2.2185626717440592e-162,normal,0.62,0
584,ccc,ccd,known,ccd,0.16,3.549700274790495e-163,anomaly,0.16,0
585,ccd,cdc,known,cdc,0.4,1.419880109916198e-163,normal,0.4,0
586,cdc,dcc,known,dcc,0.375,5.324550412185743e-164,normal,0.375,0
587,dcc,ccc,known,ccc,0.5333333333333333,2.839760219832396e-164,normal,0.5333333333333333,0
588,ccc,ccc,known,ccc,0.62,1.7606513362960854e-164,normal,0.62,0
589,ccc,ccc,known,ccc,0.62,1.091603828503573e-164,normal,0.62,0
590,ccc,ccc,known,ccc,0.62,6.767943736722153e-165,normal,0.62,0
591,ccc,ccc,known,ccc,0.62,4.1961251167677343e-165,normal,0.62,0
592,ccc,ccd,known,ccd,0.16,6.713800186828375e-166,anomaly,0.16,0
593,ccd,cdc,known,cdc,0.4,2.68552007473135e-166,normal,0.4,0
594,cdc,dcc,known,dcc,0.375,1.0070700280242563e-166,normal,0.375,0
595,dcc,ccb,known,ccb,0.0,1.0070700280242563e-170,anomaly,0.0,0
596,ccb,cbb,known,cbb,0.696969696969697,7.018972922593303e-171,normal,0.696969696969697,0
597,cbb,bbb,known,bbb,0.5964912280701754,4.186755778388988e-171,normal,0.5964912280701754,0
598,bbb,bbc,known,bbc,0.06329113924050633,2.649845429360119e-172,anomaly,0.06329113924050633,0
599,bbc,bcc,known,bcc,0.3448275862068966,9.137398032276273e-173,normal,0.3448275862068966,0
600,bcc,ccd,known,ccd,0.0,9.137398032276273e-177,anomaly,0.0,0
601,ccd,cdd,known,cdd,0.6,5.482438819365764e-177,normal,0.6,0
602,cdd,ddc,known,ddc,0.13043478260869565,7.151007155694474e-178,anomaly,0.13043478260869565,0
603,ddc,dcc,known,dcc,0.391304347826087,2.798220191358707e-178,normal,0.391304347826087,0
604,dcc,ccc,known,ccc,0.5333333333333333,1.4923841020579772e-178,normal,0.5333333333333333,0
605,ccc,ccb,known,ccb,0.22,3.28324502452755e-179,normal,0.22,0
606,ccb,cbc,known,cbc,0.24242424242424243,7.959381877642546e-180,normal,0.24242424242424243,0
607,cbc,bcc,known,bcc,0.48,3.8205033012684223e-180,normal,0.48,0
608,bcc,ccc,known,ccc,0.3333333333333333,1.2735011004228073e-180,normal,0.3333333333333333,0
609,ccc,ccc,known,ccc,0.62,7.895706822621405e-181,normal,0.62,0
610,ccc,ccc,known,ccc,0.62,4.895338230025272e-181,normal,0.62,0
611,ccc,ccc,known,ccc,0.62,3.035109702615668e-181,normal,0.62,0
612,ccc,ccc,known,ccc,0.62,1.8817680156217142e-181,normal,0.62,0
613,ccc,ccb,known,ccb,0.22,4.1398896343677714e-182,normal,0.22,0
614,ccb,cbb,known,cbb,0.696969696969697,2.8853776239532956e-182,normal,0.696969696969697,0
615,cbb,bbc,known,bbc,0.24561403508771928,7.0868924097098485e-183,normal,0.24561403508771928,0
616,bbc,bcc,known,bcc,0.3448275862068966,2.443756003348224e-183,normal,0.3448275862068966,0
617,bcc,ccc,known,ccc,0.3333333333333333,8.14585334449408e-184,normal,0.3333333333333333,0
618,ccc,ccc,known,ccc,0.62,5.050429073586329e-184,normal,0.62,0
619,ccc,ccc,known,ccc,0.62,3.131266025623524e-184,normal,0.62,0
620,ccc,ccc,known,ccc,0.62,1.9413849358865848e-184,normal,0.62,0
621,ccc,ccc,known,ccc,0.62,1.2036586602496826e-184,normal,0.62,0
622,ccc,ccc,known,ccc,0.62,7.462683693548032e-185,normal,0.62,0
623,ccc,ccc,known,ccc,0.62,4.6268638899997796e-185,normal,0.62,0
624,ccc,ccc,known,ccc,0.62,2.8686556117998633e-185,normal,0.62,0
625,ccc,ccd,known,ccd,0.16,4.589848978879781e-186,anomaly,0.16,0
626,ccd,cdd,known,cdd,0.6,2.7539093873278685e-186,normal,0.6,0
627,cdd,ddc,known,ddc,0.13043478260869565,3.5920557226015676e-187,anomaly,0.13043478260869565,0
628,ddc,dcd,known,dcd,0.6086956521739131,2.1864687007139978e-187,normal,0.6086956521739131,0
629,dcd,cdc,known,cdc,0.391304347826087,8.555747089750427e-188,normal,0.391304347826087,0
630,cdc,dcc,known,dcc,0.375,3.20840515865641e-188,normal,0.375,0
631,dcc,ccc,known,ccc,0.5333333333333333,1.7111494179500853e-188,normal,0.5333333333333333,0
632,ccc,ccd,known,ccd,0.16,2.7378390687201367e-189,anomaly,0.16,0
633,ccd,cdc,known,cdc,0.4,1.0951356274880549e-189,normal,0.4,0
634,cdc,dcc,known,dcc,0.375,4.1067586030802057e-190,normal,0.375,0
635,dcc,ccc,known,ccc,0.5333333333333333,2.1902712549761098e-190,normal,0.5333333333333333,0
636,ccc,ccc,known,ccc,0.62,1.357968178085188e-190,normal,0.62,0
637,ccc,ccc,known,ccc,0.62,8.419402704128166e-191,normal,0.62,0
638,ccc,ccc,known,ccc,0.62,5.220029676559463e-191,normal,0.62,0
639,ccc,ccc,known,ccc,0.62,3.236418399466867e-191,normal,0.62,0
640,ccc,ccc,known,ccc,0.62,2.0065794076694574e-191,normal,0.62,0
641,ccc,ccc,known,ccc,0.62,1.2440792327550636e-191,normal,0.62,0
642,ccc,ccc,known,ccc,0.62,7.713291243081395e-192,normal,0.62,0
643,ccc,ccc,known,ccc,0.62,4.7822405707104646e-192,normal,0.62,0
644,ccc,ccc,known,ccc,0.62,2.964989153840488e-192,normal,0.62,0
645,ccc,ccc,known,ccc,0.62,1.8382932753811024e-192,normal,0.62,0
646,ccc,ccc,known,ccc,0.62,1.1397418307362835e-192,normal,0.62,0
647,ccc,ccc,known,ccc,0.62,7.066399350564957e-193,normal,0.62,0
648,ccc,ccc,known,ccc,0.62,4.381167597350273e-193,normal,0.62,0
649,ccc,ccc,known,ccc,0.62,2.7163239103571694e-193,normal,0.62,0
650,ccc,ccc,known,ccc,0.62,1.684120824421445e-193,normal,0.62,0
651,ccc,ccc,known,ccc,0.62,1.0441549111412959e-193,normal,0.62,0
652,ccc,ccd,known,ccd,0.16,1.6706478578260733e-194,anomaly,0.16,0
653,ccd,cdc,known,cdc,0.4,6.682591431304294e-195,normal,0.4,0
654,cdc,dcc,known,dcc,0.375,2.5059717867391102e-195,normal,0.375,0
655,dcc,ccc,known,ccc,0.5333333333333333,1.3365182862608589e-195,normal,0.5333333333333333,0
656,ccc,ccb,known,ccb,0.22,2.9403402297738895e-196,normal,0.22,0
657,ccb,cbc,known,cbc,0.24242424242424243,7.12809752672458e-197,normal,0.24242424242424243,0
658,cbc,bcc,known,bcc,0.48,3.421486812827798e-197,normal,0.48,0
659,bcc,ccc,known,ccc,0.3333333333333333,1.1404956042759328e-197,normal,0.3333333333333333,0
660,ccc,ccc,known,ccc,0.62,7.071072746510783e-198,normal,0.62,0
661,ccc,ccc,known,ccc,0.62,4.384065102836686e-198,normal,0.62,0
662,ccc,ccc,known,ccc,0.62,2.718120363758745e-198,normal,0.62,0
663,ccc,ccd,known,ccd,0.16,4.348992582013992e-199,anomaly,0.16,0
664,ccd,cdc,known,cdc,0.4,1.739597032805597e-199,normal,0.4,0
665,cdc,dcc,known,dcc,0.375,6.523488873020989e-200,normal,0.375,0
666,dcc,ccd,known,ccd,0.4666666666666667,3.0442948074097946e-200,normal,0.4666666666666667,0
667,ccd,cdc,known,cdc,0.4,1.217717922963918e-200,normal,0.4,0
668,cdc,dcb,unseen,acb,0.0,1.217717922963918e-204,anomaly,0.0,1
669,acb,cbc,known,cbc,0.2222222222222222,2.7060398288087065e-205,normal,0.2222222222222222,0
670,cbc,bcc,known,bcc,0.48,1.298899117828179e-205,normal,0.48,0
671,bcc,ccc,known,ccc,0.3333333333333333,4.32966372609393e-206,normal,0.3333333333333333,0
672,ccc,ccd,known,ccd,0.16,6.927461961750289e-207,anomaly,0.16,0
673,ccd,cdc,known,cdc,0.4,2.7709847847001155e-207,normal,0.4,0
674,cdc,dcb,unseen,acb,0.0,2.7709847847001157e-211,anomaly,0.0,1
675,acb,cbb,known,cbb,0.5555555555555556,1.5394359915000643e-211,normal,0.5555555555555556,0
676,cbb,bbc,known,bbc,0.24561403508771928,3.7810708563159473e-212,normal,0.24561403508771928,0
677,bbc,bcc,known,bcc,0.3448275862068966,1.3038175366606716e-212,normal,0.3448275862068966,0
678,bcc,ccc,known,ccc,0.3333333333333333,4.3460584555355716e-213,normal,0.3333333333333333,0
679,ccc,ccd,known,ccd,0.16,6.953693528856915e-214,anomaly,0.16,0
680,ccd,cdc,known,cdc,0.4,2.7814774115427662e-214,normal,0.4,0
681,cdc,dcb,unseen,acb,0.0,2.7814774115427666e-218,anomaly,0.0,1
682,acb,cbc,known,cbc,0.2222222222222222,6.181060914539481e-219,normal,0.2222222222222222,0
683,cbc,bcc,known,bcc,0.48,2.966909238978951e-219,normal,0.48,0
684,bcc,ccc,known,ccc,0.3333333333333333,9.88969746326317e-220,normal,0.3333333333333333,0
685,ccc,ccb,known,ccb,0.22,2.1757334419178973e-220,normal,0.22,0
686,ccb,cbc,known,cbc,0.24242424242424243,5.274505313740357e-221,normal,0.24242424242424243,0
687,cbc,bcc,known,bcc,0.48,2.531762550595371e-221,normal,0.48,0
688,bcc,ccc,known,ccc,0.3333333333333333,8.43920850198457e-222,normal,0.3333333333333333,0
689,ccc,ccd,known,ccd,0.16,1.3502733603175312e-222,anomaly,0.16,0
690,ccd,cdd,known,cdd,0.6,8.101640161905187e-223,normal,0.6,0
691,cdd,ddc,known,ddc,0.13043478260869565,1.056735673291981e-223,anomaly,0.13043478260869565,0
692,ddc,dcd,known,dcd,0.6086956521739131,6.432304098299015e-224,normal,0.6086956521739131,0
693,dcd,cdc,known,cdc,0.391304347826087,2.516988560203962e-224,normal,0.391304347826087,0
694,cdc,dcc,known,dcc,0.375,9.438707100764858e-225,normal,0.375,0
695,dcc,ccc,known,ccc,0.5333333333333333,5.0339771204079244e-225,normal,0.5333333333333333,0
696,ccc,ccc,known,ccc,0.62,3.121065814652913e-225,normal,0.62,0
697,ccc,ccc,known,ccc,0.62,1.9350608050848062e-225,normal,0.62,0
698,ccc,ccc,known,ccc,0.62,1.1997376991525799e-225,normal,0.62,0
699,ccc,ccc,known,ccc,0.62,7.438373734745995e-226,normal,0.62,0
700,ccc,ccc,known,ccc,0.62,4.611791715542517e-226,normal,0.62,0
701,ccc,ccd,known,ccd,0.16,7.378866744868027e-227,anomaly,0.16,0
702,ccd,cdc,known,cdc,0.4,2.951546697947211e-227,normal,0.4,0
703,cdc,dcc,known,dcc,0.375,1.1068300117302042e-227,normal,0.375,0
704,dcc,ccd,known,ccd,0.4666666666666667,5.1652067214076195e-228,normal,0.4666666666666667,0
705,ccd,cdc,known,cdc,0.4,2.066082688563048e-228,normal,0.4,0
706,cdc,dcc,known,dcc,0.375,7.74781008211143e-229,normal,0.375,0
707,dcc,ccd,known,ccd,0.4666666666666667,3.615644704985334e-229,normal,0.4666666666666667,0
708,ccd,cdc,known,cdc,0.4,1.4462578819941338e-229,normal,0.4,0
709,cdc,dcc,known,dcc,0.375,5.423467057478002e-230,normal,0.375,0
710,dcc,ccc,known,ccc,0.5333333333333333,2.8925157639882674e-230,normal,0.5333333333333333,0
711,ccc,ccc,known,ccc,0.62,1.7933597736727258e-230,normal,0.62,0
712,ccc,ccc,known,ccc,0.62,1.11188305967709e-230,normal,0.62,0
713,ccc,ccc,known,ccc,0.62,6.893674969997957e-231,normal,0.62,0
714,ccc,ccc,known,ccc,0.62,4.274078481398734e-231,normal,0.62,0
715,ccc,ccc,known,ccc,0.62,2.6499286584672146e-231,normal,0.62,0
716,ccc,ccc,known,ccc,0.62,1.6429557682496732e-231,normal,0.62,0
717,ccc,ccc,known,ccc,0.62,1.0186325763147973e-231,normal,0.62,0
718,ccc,ccc,known,ccc,0.62,6.3155219731517434e-232,normal,0.62,0
719,ccc,ccc,known,ccc,0.62,3.915623623354081e-232,normal,0.62,0
720,ccc,ccc,known,ccc,0.62,2.42768664647953e-232,normal,0.62,0
721,ccc,ccc,known,ccc,0.62,1.5051657208173085e-232,normal,0.62,0
722,ccc,ccc,known,ccc,0.62,9.332027469067312e-233,normal,0.62,0
723,ccc,ccc,known,ccc,0.62,5.7858570308217335e-233,normal,0.62,0
724,ccc,ccc,known,ccc,0.62,3.5872313591094747e-233,normal,0.62,0
725,ccc,ccc,known,ccc,0.62,2.2240834426478743e-233,normal,0.62,0
726,ccc,ccc,known,ccc,0.62,1.378931734441682e-233,normal,0.62,0
727,ccc,ccc,known,ccc,0.62,8.549376753538428e-234,normal,0.62,0
728,ccc,ccc,known,ccc,0.62,5.300613587193826e-234,normal,0.62,0
729,ccc,ccd,known,ccd,0.16,8.480981739510121e-235,anomaly,0.16,0
730,ccd,cdd,known,cdd,0.6,5.088589043706073e-235,normal,0.6,0
731,cdd,ddc,known,ddc,0.13043478260869565,6.637290057007921e-236,anomaly,0.13043478260869565,0
732,ddc,dcc,known,dcc,0.391304347826087,2.5972004570900563e-236,normal,0.391304347826087,0
733,dcc,ccd,known,ccd,0.4666666666666667,1.2120268799753596e-236,normal,0.4666666666666667,0
734,ccd,cdd,known,cdd,0.6,7.272161279852158e-237,normal,0.6,0
735,cdd,ddd,known,ddd,0.8260869565217391,6.007437579008304e-237,normal,0.8260869565217391,0
736,ddd,ddd,known,ddd,0.9878048780487805,5.934176145117959e-237,normal,0.9878048780487805,0
737,ddd,ddc,known,ddc,0.011614401858304297,6.892190644736305e-239,anomaly,0.011614401858304297,0
738,ddc,dcd,known,dcd,0.6086956521739131,4.195246479404708e-239,normal,0.6086956521739131,0
739,dcd,cdc,known,cdc,0.391304347826087,1.6416181875931466e-239,normal,0.391304347826087,0
740,cdc,dcc,known,dcc,0.375,6.1560682034743e-240,normal,0.375,0
741,dcc,ccc,known,ccc,0.5333333333333333,3.2832363751862933e-240,normal,0.5333333333333333,0
742,ccc,ccd,known,ccd,0.16,5.2531782002980695e-241,anomaly,0.16,0
743,ccd,cdd,known,cdd,0.6,3.1519069201788414e-241,normal,0.6,0
744,cdd,ddd,known,ddd,0.8260869565217391,2.6037491949303473e-241,normal,0.8260869565217391,0
745,ddd,ddc,known,ddc,0.011614401858304297,3.0240989488157345e-243,anomaly,0.011614401858304297,0
746,ddc,dcc,known,dcc,0.391304347826087,1.183343066927896e-243,normal,0.391304347826087,0
747,dcc,ccc,known,ccc,0.5333333333333333,6.311163023615446e-244,normal,0.5333333333333333,0
748,ccc,ccd,known,ccd,0.16,1.0097860837784714e-244,anomaly,0.16,0
749,ccd,cdd,known,cdd,0.6,6.058716502670828e-245,normal,0.6,0
750,cdd,ddd,known,ddd,0.8260869565217391,5.00502667611938e-245,normal,0.8260869565217391,0
751,ddd,ddc,known,ddc,0.011614401858304297,5.81303911279835e-247,anomaly,0.011614401858304297,0
752,ddc,dcc,known,dcc,0.391304347826087,2.2746674789210936e-247,normal,0.391304347826087,0
753,dcc,ccd,known,ccd,0.4666666666666667,1.061511490163177e-247,normal,0.4666666666666667,0
754,ccd,cdd,known,cdd,0.6,6.369068940979062e-248,normal,0.6,0
755,cdd,ddd,known,ddd,0.8260869565217391,5.26140477733053e-248,normal,0.8260869565217391,0
756,ddd,ddd,known,ddd,0.9878048780487805,5.1972413044362546e-248,normal,0.9878048780487805,0
757,ddd,ddc,known,ddc,0.011614401858304297,6.036284906430028e-250,anomaly,0.011614401858304297,0
758,ddc,dcc,known,dcc,0.391304347826087,2.3620245286030546e-250,normal,0.391304347826087,0
759,dcc,ccc,known,ccc,0.5333333333333333,1.2597464152549624e-250,normal,0.5333333333333333,0
760,ccc,ccc,known,ccc,0.62,7.810427774580767e-251,normal,0.62,0
761,ccc,ccc,known,ccc,0.62,4.8424652202400755e-251,normal,0.62,0
762,ccc,ccd,known,ccd,0.16,7.747944352384121e-252,anomaly,0.16,0
763,ccd,cdd,known,cdd,0.6,4.648766611430472e-252,normal,0.6,0
764,cdd,ddd,known,ddd,0.8260869565217391,3.840285461616477e-252,normal,0.8260869565217391,0
765,ddd,ddd,known,ddd,0.9878048780487805,3.793452712084569e-252,normal,0.9878048780487805,0
766,ddd,ddd,known,ddd,0.9878048780487805,3.747191093644513e-252,normal,0.9878048780487805,0
767,ddd,ddc,known,ddc,0.011614401858304297,4.352138320144614e-254,anomaly,0.011614401858304297,0
768,ddc,dcc,known,dcc,0.391304347826087,1.70301064701311e-254,normal,0.391304347826087,0
769,dcc,ccc,known,ccc,0.5333333333333333,9.082723450736587e-255,normal,0.5333333333333333,0
770,ccc,ccc,known,ccc,0.62,5.631288539456684e-255,normal,0.62,0
771,ccc,ccc,known,ccc,0.62,3.491398894463144e-255,normal,0.62,0
772,ccc,ccd,known,ccd,0.16,5.586238231141031e-256,anomaly,0.16,0
773,ccd,cdd,known,cdd,0.6,3.351742938684618e-256,normal,0.6,0
774,cdd,ddd,known,ddd,0.8260869565217391,2.768831123261206e-256,normal,0.8260869565217391,0
775,ddd,ddc,known,ddc,0.011614401858304297,3.2158317343335727e-258,anomaly,0.011614401858304297,0
776,ddc,dcd,known,dcd,0.6086956521739131,1.95746279481174e-258,normal,0.6086956521739131,0
777,dcd,cdc,known,cdc,0.391304347826087,7.659637023176374e-259,normal,0.391304347826087,0
778,cdc,dcc,known,dcc,0.375,2.8723638836911405e-259,normal,0.375,0
779,dcc,ccc,known,ccc,0.5333333333333333,1.531927404635275e-259,normal,0.5333333333333333,0
780,ccc,ccd,known,ccd,0.16,2.45108384741644e-260,anomaly,0.16,0
781,ccd,cdc,known,cdc,0.4,9.80433538966576e-261,normal,0.4,0
782,cdc,dcd,known,dcd,0.5625,5.51493865668699e-261,normal,0.5625,0
783,dcd,cdc,known,cdc,0.391304347826087,2.158019474355779e-261,normal,0.391304347826087,0
784,cdc,dcd,known,dcd,0.5625,1.2138859543251256e-261,normal,0.5625,0
785,dcd,cdd,known,cdd,0.6086956521739131,7.388871026326852e-262,normal,0.6086956521739131,0
786,cdd,ddc,known,ddc,0.13043478260869565,9.637657860426329e-263,anomaly,0.13043478260869565,0
787,ddc,dcc,known,dcc,0.391304347826087,3.7712574236450854e-263,normal,0.391304347826087,0
788,dcc,ccc,known,ccc,0.5333333333333333,2.011337292610712e-263,normal,0.5333333333333333,0
789,ccc,ccc,known,ccc,0.62,1.2470291214186415e-263,normal,0.62,0
790,ccc,ccc,known,ccc,0.62,7.731580552795577e-264,normal,0.62,0
791,ccc,ccc,known,ccc,0.62,4.7935799427332575e-264,normal,0.62,0
792,ccc,ccd,known,ccd,0.16,7.669727908373212e-265,anomaly,0.16,0
793,ccd,cdd,known,cdd,0.6,4.601836745023927e-265,normal,0.6,0
794,cdd,ddc,known,ddc,0.13043478260869565,6.002395754379035e-266,anomaly,0.13043478260869565,0
795,ddc,dcc,known,dcc,0.391304347826087,2.3487635560613618e-266,normal,0.391304347826087,0
796,dcc,ccc,known,ccc,0.5333333333333333,1.2526738965660596e-266,normal,0.5333333333333333,0
797,ccc,ccc,known,ccc,0.62,7.76657815870957e-267,normal,0.62,0
798,ccc,ccc,known,ccc,0.62,4.815278458399934e-267,normal,0.62,0
799,ccc,ccd,known,ccd,0.16,7.704445533439894e-268,anomaly,0.16,0
800,ccd,cdc,known,cdc,0.4,3.081778213375958e-268,normal,0.4,0
801,cdc,dcc,known,dcc,0.375,1.1556668300159842e-268,normal,0.375,0
802,dcc,ccd,known,ccd,0.4666666666666667,5.393111873407926e-269,normal,0.4666666666666667,0
803,ccd,cdd,known,cdd,0.6,3.235867124044755e-269,normal,0.6,0
804,cdd,ddd,known,ddd,0.8260869565217391,2.673107624210885e-269,normal,0.8260869565217391,0
805,ddd,ddd,known,ddd,0.9878048780487805,2.6405087507448985e-269,normal,0.9878048780487805,0
806,ddd,ddc,known,ddc,0.011614401858304297,3.0667929741520307e-271,anomaly,0.011614401858304297,0
807,ddc,dcd,known,dcd,0.6086956521739131,1.866743549483845e-271,normal,0.6086956521739131,0
808,dcd,cdc,known,cdc,0.391304347826087,7.304648671893307e-272,normal,0.391304347826087,0
809,cdc,dcd,known,dcd,0.5625,4.108864877939985e-272,normal,0.5625,0
810,dcd,cdd,known,cdd,0.6086956521739131,2.501048186572165e-272,normal,0.6086956521739131,0
811,cdd,ddd,known,ddd,0.8260869565217391,2.0660832845596146e-272,normal,0.8260869565217391,0
812,ddd,ddd,known,ddd,0.9878048780487805,2.040887146943034e-272,normal,0.9878048780487805,0
813,ddd,ddd,known,ddd,0.9878048780487805,2.0159982792973873e-272,normal,0.9878048780487805,0
814,ddd,ddd,known,ddd,0.9878048780487805,1.991412934427907e-272,normal,0.9878048780487805,0
815,ddd,ddc,known,ddc,0.011614401858304297,2.3129070086270696e-274,anomaly,0.011614401858304297,0
816,ddc,dcc,known,dcc,0.391304347826087,9.050505685932012e-275,normal,0.391304347826087,0
817,dcc,ccc,known,ccc,0.5333333333333333,4.826936365830406e-275,normal,0.5333333333333333,0
818,ccc,ccc,known,ccc,0.62,2.9927005468148516e-275,normal,0.62,0
819,ccc,ccc,known,ccc,0.62,1.855474339025208e-275,normal,0.62,0
820,ccc,ccd,known,ccd,0.16,2.968758942440333e-276,anomaly,0.16,0
821,ccd,cdd,known,cdd,0.6,1.7812553654641997e-276,normal,0.6,0
822,cdd,ddd,known,ddd,0.8260869565217391,1.471471823644339e-276,normal,0.8260869565217391,0
823,ddd,ddd,known,ddd,0.9878048780487805,1.4535270453072128e-276,normal,0.9878048780487805,0
824,ddd,ddd,known,ddd,0.9878048780487805,1.4358011057302955e-276,normal,0.9878048780487805,0
825,ddd,ddd,known,ddd,0.9878048780487805,1.4182913361482188e-276,normal,0.9878048780487805,0
826,ddd,ddd,known,ddd,0.9878048780487805,1.4009951003415333e-276,normal,0.9878048780487805,0
827,ddd,ddd,known,ddd,0.9878048780487805,1.3839097942398072e-276,normal,0.9878048780487805,0
828,ddd,ddc,known,ddc,0.011614401858304297,1.6073284485944334e-278,anomaly,0.011614401858304297,0
829,ddc,dcc,known,dcc,0.391304347826087,6.289546103195609e-279,normal,0.391304347826087,0
830,dcc,ccc,known,ccc,0.5333333333333333,3.3544245883709917e-279,normal,0.5333333333333333,0
831,ccc,ccc,known,ccc,0.62,2.079743244790015e-279,normal,0.62,0
832,ccc,ccc,known,ccc,0.62,1.2894408117698093e-279,normal,0.62,0
833,ccc,ccc,known,ccc,0.62,7.994533032972818e-280,normal,0.62,0
834,ccc,ccc,known,ccc,0.62,4.956610480443147e-280,normal,0.62,0
835,ccc,ccc,known,ccc,0.62,3.0730984978747514e-280,normal,0.62,0
836,ccc,ccc,known,ccc,0.62,1.9053210686823458e-280,normal,0.62,0
837,ccc,ccc,known,ccc,0.62,1.1812990625830543e-280,normal,0.62,0
838,ccc,ccc,known,ccc,0.62,7.324054188014937e-281,normal,0.62,0
839,ccc,ccc,known,ccc,0.62,4.5409135965692605e-281,normal,0.62,0
840,ccc,ccc,known,ccc,0.62,2.8153664298729416e-281,normal,0.62,0
841,ccc,ccd,known,ccd,0.16,4.5045862877967065e-282,anomaly,0.16,0
842,ccd,cdc,known,cdc,0.4,1.801834515118683e-282,normal,0.4,0
843,cdc,dcd,known,dcd,0.5625,1.0135319147542591e-282,normal,0.5625,0
844,dcd,cdc,known,cdc,0.391304347826087,3.9659944490384054e-283,normal,0.391304347826087,0
845,cdc,dcd,known,dcd,0.5625,2.2308718775841033e-283,normal,0.5625,0
846,dcd,cdc,known,cdc,0.391304347826087,8.729498651416056e-284,normal,0.391304347826087,0
847,cdc,dcc,known,dcc,0.375,3.273561994281021e-284,normal,0.375,0
848,dcc,ccc,known,ccc,0.5333333333333333,1.7458997302832113e-284,normal,0.5333333333333333,0
849,ccc,ccc,known,ccc,0.62,1.082457832775591e-284,normal,0.62,0
850,ccc,ccb,known,ccb,0.22,2.3814072321063004e-285,normal,0.22,0
851,ccb,cbb,known,cbb,0.696969696969697,1.659768676922573e-285,normal,0.696969696969697,0
852,cbb,bbb,known,bbb,0.5964912280701754,9.900374564099558e-286,normal,0.5964912280701754,0
853,bbb,bbb,known,bbb,0.7377938517179023,7.304435483096962e-286,normal,0.7377938517179023,0
854,bbb,bbc,known,bbc,0.06329113924050633,4.6230604323398495e-287,anomaly,0.06329113924050633,0
855,bbc,bcc,known,bcc,0.3448275862068966,1.594158769772362e-287,normal,0.3448275862068966,0
856,bcc,ccc,known,ccc,0.3333333333333333,5.3138625659078725e-288,normal,0.3333333333333333,0
857,ccc,ccc,known,ccc,0.62,3.294594790862881e-288,normal,0.62,0
858,ccc,ccc,known,ccc,0.62,2.0426487703349863e-288,normal,0.62,0
859,ccc,ccb,known,ccb,0.22,4.49382729473697e-289,normal,0.22,0
860,ccb,cbb,known,cbb,0.696969696969697,3.132061447846979e-289,normal,0.696969696969697,0
861,cbb,bbb,known,bbb,0.5964912280701754,1.868247179417496e-289,normal,0.5964912280701754,0
862,bbb,bbb,known,bbb,0.7377938517179023,1.3783812824635414e-289,normal,0.7377938517179023,0
863,bbb,bbb,known,bbb,0.7377938517179023,1.0169612355246381e-289,normal,0.7377938517179023,0
864,bbb,bbb,known,bbb,0.7377938517179023,7.503077470055196e-290,normal,0.7377938517179023,0
865,bbb,bbb,known,bbb,0.7377938517179023,5.535724426369837e-290,normal,0.7377938517179023,0
866,bbb,bbb,known,bbb,0.7377938517179023,4.0842234465802776e-290,normal,0.7377938517179023,0
867,bbb,bbb,known,bbb,0.7377938517179023,3.0133149479290296e-290,normal,0.7377938517179023,0
868,bbb,bbb,known,bbb,0.7377938517179023,2.223205241871689e-290,normal,0.7377938517179023,0
869,bbb,bbc,known,bbc,0.06329113924050633,1.4070919252352463e-291,anomaly,0.06329113924050633,0
870,bbc,bcc,known,bcc,0.3448275862068966,4.85204112150085e-292,normal,0.3448275862068966,0
871,bcc,ccb,known,ccb,0.6363636363636364,3.087662531864177e-292,normal,0.6363636363636364,0
872,ccb,cbb,known,cbb,0.696969696969697,2.152007219178063e-292,normal,0.696969696969697,0
873,cbb,bbb,known,bbb,0.5964912280701754,1.283653428983406e-292,normal,0.5964912280701754,0
874,bbb,bbb,known,bbb,0.7377938517179023,9.4707160764056e-293,normal,0.7377938517179023,0
875,bbb,bbb,known,bbb,0.7377938517179023,6.987436092537947e-293,normal,0.7377938517179023,0
876,bbb,bbc,known,bbc,0.06329113924050633,4.4224279066695874e-294,anomaly,0.06329113924050633,0
877,bbc,bcb,known,bcb,0.5344827586206896,2.3637114673578827e-294,normal,0.5344827586206896,0
878,bcb,cbb,known,cbb,0.5471698113207547,1.293351557610917e-294,normal,0.5471698113207547,0
879,cbb,bbb,known,bbb,0.5964912280701754,7.7147285892581005e-295,normal,0.5964912280701754,0
880,bbb,bbb,known,bbb,0.7377938517179023,5.691879320826953e-295,normal,0.7377938517179023,0
881,bbb,bbb,known,bbb,0.7377938517179023,4.199433567626396e-295,normal,0.7377938517179023,0
882,bbb,bbb,known,bbb,0.7377938517179023,3.0983162668925307e-295,normal,0.7377938517179023,0
883,bbb,bbb,known,bbb,0.7377938517179023,2.2859186923908728e-295,normal,0.7377938517179023,0
884,bbb,bbb,known,bbb,0.7377938517179023,1.686536756773013e-295,normal,0.7377938517179023,0
885,bbb,bbc,known,bbc,0.06329113924050633,1.0674283270715272e-296,anomaly,0.06329113924050633,0
886,bbc,bcc,known,bcc,0.3448275862068966,3.680787334729405e-297,normal,0.3448275862068966,0
887,bcc,ccb,known,ccb,0.6363636363636364,2.342319213009621e-297,normal,0.6363636363636364,0
888,ccb,cbb,known,cbb,0.696969696969697,1.6325255120976148e-297,normal,0.696969696969697,0
889,cbb,bbb,known,bbb,0.5964912280701754,9.737871475669982e-298,normal,0.5964912280701754,0
890,bbb,bbc,known,bbc,0.06329113924050633,6.163209794727837e-299,anomaly,0.06329113924050633,0
891,bbc,bcc,known,bcc,0.3448275862068966,2.1252447568027024e-299,normal,0.3448275862068966,0
892,bcc,ccb,known,ccb,0.6363636363636364,1.3524284816017196e-299,normal,0.6363636363636364,0
893,ccb,cbc,known,cbc,0.24242424242424243,3.278614500852654e-300,normal,0.24242424242424243,0
894,cbc,bcc,known,bcc,0.48,1.573734960409274e-300,normal,0.48,0
895,bcc,ccc,known,ccc,0.3333333333333333,5.245783201364246e-301,normal,0.3333333333333333,0
896,ccc,ccb,known,ccb,0.22,1.1540723043001342e-301,normal,0.22,0
897,ccb,cbb,known,cbb,0.696969696969697,8.043534242091845e-302,normal,0.696969696969697,0
898,cbb,bbc,known,bbc,0.24561403508771928,1.975604901566418e-302,normal,0.24561403508771928,0
899,bbc,bcc,known,bcc,0.3448275862068966,6.812430695056614e-303,normal,0.3448275862068966,0
900,bcc,ccc,known,ccc,0.3333333333333333,2.270810231685538e-303,normal,0.3333333333333333,0
901,ccc,ccc,known,ccc,0.62,1.4079023436450336e-303,normal,0.62,0
902,ccc,ccb,known,ccb,0.22,3.097385156019074e-304,normal,0.22,0
903,ccb,cbb,known,cbb,0.696969696969697,2.1587835935890517e-304,normal,0.696969696969697,0
904,cbb,bbc,known,bbc,0.24561403508771928,5.302275493025741e-305,normal,0.24561403508771928,0
905,bbc,bcb,known,bcb,0.5344827586206896,2.8339748324792747e-305,normal,0.5344827586206896,0
906,bcb,cbc,known,cbc,0.2830188679245283,8.02068348814889e-306,normal,0.2830188679245283,0
907,cbc,bcc,known,bcc,0.48,3.849928074311467e-306,normal,0.48,0
908,bcc,ccc,known,ccc,0.3333333333333333,1.2833093581038223e-306,normal,0.3333333333333333,0
909,ccc,ccc,known,ccc,0.62,7.956518020243698e-307,normal,0.62,0
910,ccc,ccc,known,ccc,0.62,4.933041172551093e-307,normal,0.62,0
911,ccc,ccb,known,ccb,0.22,1.0852690579612405e-307,normal,0.22,0
912,ccb,cbb,known,cbb,0.696969696969697,7.563996464578343e-308,normal,0.696969696969697,0
913,cbb,bbb,known,bbb,0.5964912280701754,4.511857540274801e-308,normal,0.5964912280701754,0
914,bbb,bbb,known,bbb,0.7377938517179023,3.328820753041806e-308,normal,0.7377938517179023,0
915,bbb,bbb,known,bbb,0.7377938517179023,2.4559834850652023e-308,normal,0.7377938517179023,0
916,bbb,bbc,known,bbc,0.06329113924050633,1.55441992725646e-309,anomaly,0.06329113924050633,0
917,bbc,bcb,known,bcb,0.5344827586206896,8.30810650775004e-310,normal,0.5344827586206896,0
918,bcb,cbc,known,cbc,0.2830188679245283,2.3513508984198e-310,normal,0.2830188679245283,0
919,cbc,bcc,known,bcc,0.48,1.1286484312415e-310,normal,0.48,0
920,bcc,ccc,known,ccc,0.3333333333333333,3.7621614374715e-311,normal,0.3333333333333333,0
921,ccc,ccc,known,ccc,0.62,2.3325400912325e-311,normal,0.62,0
922,ccc,ccc,known,ccc,0.62,1.4461748565643e-311,normal,0.62,0
923,ccc,ccc,known,ccc,0.62,8.9662841107e-312,normal,0.62,0
924,ccc,ccc,known,ccc,0.62,5.55909614863e-312,normal,0.62,0
925,ccc,ccc,known,ccc,0.62,3.446639612153e-312,normal,0.62,0
926,ccc,ccc,known,ccc,0.62,2.136916559537e-312,normal,0.62,0
927,ccc,ccc,known,ccc,0.62,1.324888266915e-312,normal,0.62,0
928,ccc,ccb,known,ccb,0.22,2.9147541872e-313,normal,0.22,0
929,ccb,cbc,known,cbc,0.24242424242424243,7.066070757e-314,normal,0.24242424242424243,0
930,cbc,bcc,known,bcc,0.48,3.391713963e-314,normal,0.48,0
931,bcc,ccc,known,ccc,0.3333333333333333,1.130571321e-314,normal,0.3333333333333333,0
932,ccc,ccc,known,ccc,0.62,7.00954219e-315,normal,0.62,0
933,ccc,ccc,known,ccc,0.62,4.34591616e-315,normal,0.62,0
934,ccc,ccc,known,ccc,0.62,2.694468016e-315,normal,0.62,0
935,ccc,ccc,known,ccc,0.62,1.67057017e-315,normal,0.62,0
936,ccc,ccc,known,ccc,0.62,1.03575351e-315,normal,0.62,0
937,ccc,ccb,known,ccb,0.22,2.27865773e-316,normal,0.22,0
938,ccb,cbb,known,cbb,0.696969696969697,1.5881554e-316,normal,0.696969696969697,0
939,cbb,bbb,known,bbb,0.5964912280701754,9.473208e-317,normal,0.5964912280701754,0
940,bbb,bbb,known,bbb,0.7377938517179023,6.9892745e-317,normal,0.7377938517179023,0
941,bbb,bbb,known,bbb,0.7377938517179023,5.1566437e-317,normal,0.7377938517179023,0
942,bbb,bbc,known,bbc,0.06329113924050633,3.2637e-318,anomaly,0.06329113924050633,0
943,bbc,bcc,known,bcc,0.3448275862068966,1.12541e-318,normal,0.3448275862068966,0
944,bcc,ccc,known,ccc,0.3333333333333333,3.7514e-319,normal,0.3333333333333333,0
945,ccc,ccc,known,ccc,0.62,2.32586e-319,normal,0.62,0
946,ccc,ccb,known,ccb,0.22,5.117e-320,normal,0.22,0
947,ccb,cbc,known,cbc,0.24242424242424243,1.2406e-320,normal,0.24242424242424243,0
948,cbc,bcc,known,bcc,0.48,5.953e-321,normal,0.48,0
949,bcc,ccc,known,ccc,0.3333333333333333,1.986e-321,normal,0.3333333333333333,0
950,ccc,ccc,known,ccc,0.62,1.23e-321,normal,0.62,0
951,ccc,ccb,known,ccb,0.22,2.7e-322,normal,0.22,0
952,ccb,cbc,known,cbc,0.24242424242424243,6.4e-323,normal,0.24242424242424243,0
953,cbc,bcb,known,bcb,0.4,2.5e-323,normal,0.4,0
954,bcb,cbb,known,cbb,0.5471698113207547,1.5e-323,normal,0.5471698113207547,0
955,cbb,bbb,known,bbb,0.5964912280701754,1e-323,normal,0.5964912280701754,0
956,bbb,bbc,known,bbc,0.06329113924050633,0.0,anomaly,0.06329113924050633,0
957,bbc,bcc,known,bcc,0.3448275862068966,0.0,normal,0.3448275862068966,0
958,bcc,ccb,known,ccb,0.6363636363636364,0.0,normal,0.6363636363636364,0
959,ccb,cbb,known,cbb,0.696969696969697,0.0,normal,0.696969696969697,0
960,cbb,bbb,known,bbb,0.5964912280701754,0.0,normal,0.5964912280701754,0
961,bbb,bbc,known,bbc,0.06329113924050633,0.0,anomaly,0.06329113924050633,0
962,bbc,bcc,known,bcc,0.3448275862068966,0.0,normal,0.3448275862068966,0
963,bcc,ccb,known,ccb,0.6363636363636364,0.0,normal,0.6363636363636364,0
964,ccb,cbb,known,cbb,0.696969696969697,0.0,normal,0.696969696969697,0
965,cbb,bbb,known,bbb,0.5964912280701754,0.0,normal,0.5964912280701754,0
966,bbb,bbb,known,bbb,0.7377938517179023,0.0,normal,0.7377938517179023,0
967,bbb,bbc,known,bbc,0.06329113924050633,0.0,anomaly,0.06329113924050633,0
968,bbc,bcc,known,bcc,0.3448275862068966,0.0,normal,0.3448275862068966,0
969,bcc,ccc,known,ccc,0.3333333333333333,0.0,normal,0.3333333333333333,0
970,ccc,ccb,known,ccb,0.22,0.0,normal,0.22,0
971,ccb,cbb,known,cbb,0.696969696969697,0.0,normal,0.696969696969697,0
972,cbb,bbb,known,bbb,0.5964912280701754,0.0,normal,0.5964912280701754,0
973,bbb,bbb,known,bbb,0.7377938517179023,0.0,normal,0.7377938517179023,0
974,bbb,bbb,known,bbb,0.7377938517179023,0.0,normal,0.7377938517179023,0
975,bbb,bbc,known,bbc,0.06329113924050633,0.0,anomaly,0.06329113924050633,0
976,bbc,bcc,known,bcc,0.3448275862068966,0.0,normal,0.3448275862068966,0
977,bcc,ccb,known,ccb,0.6363636363636364,0.0,normal,0.6363636363636364,0
978,ccb,cbb,known,cbb,0.696969696969697,0.0,normal,0.696969696969697,0
979,cbb,bbb,known,bbb,0.5964912280701754,0.0,normal,0.5964912280701754,0
980,bbb,bbb,known,bbb,0.7377938517179023,0.0,normal,0.7377938517179023,0
981,bbb,bbb,known,bbb,0.7377938517179023,0.0,normal,0.7377938517179023,0
982,bbb,bbb,known,bbb,0.7377938517179023,0.0,normal,0.7377938517179023,0
983,bbb,bbb,known,bbb,0.7377938517179023,0.0,normal,0.7377938517179023,0
984,bbb,bbc,known,bbc,0.06329113924050633,0.0,anomaly,0.06329113924050633,0
985,bbc,bcb,known,bcb,0.5344827586206896,0.0,normal,0.5344827586206896,0
986,bcb,cbc,known,cbc,0.2830188679245283,0.0,normal,0.2830188679245283,0
987,cbc,bcc,known,bcc,0.48,0.0,normal,0.48,0
988,bcc,ccc,known,ccc,0.3333333333333333,0.0,normal,0.3333333333333333,0
989,ccc,ccc,known,ccc,0.62,0.0,normal,0.62,0
990,ccc,ccb,known,ccb,0.22,0.0,normal,0.22,0
991,ccb,cbb,known,cbb,0.696969696969697,0.0,normal,0.696969696969697,0
992,cbb,bbb,known,bbb,0.5964912280701754,0.0,normal,0.5964912280701754,0
993,bbb,bbc,known,bbc,0.06329113924050633,0.0,anomaly,0.06329113924050633,0
994,bbc,bcb,known,bcb,0.5344827586206896,0.0,normal,0.5344827586206896,0
995,bcb,cbb,known,cbb,0.5471698113207547,0.0,normal,0.5471698113207547,0
996,cbb,bbb,known,bbb,0.5964912280701754,0.0,normal,0.5964912280701754,0
997,bbb,bbb,known,bbb,0.7377938517179023,0.0,normal,0.7377938517179023,0
998,bbb,bbc,known,bbc,0.06329113924050633,0.0,anomaly,0.06329113924050633,0
999,bbc,bcb,known,bcb,0.5344827586206896,0.0,normal,0.5344827586206896,0
1000,bcb,cbb,known,cbb,0.5471698113207547,0.0,normal,0.5471698113207547,0
1001,cbb,bbb,known,bbb,0.5964912280701754,0.0,normal,0.5964912280701754,0
1002,bbb,bbc,known,bbc,0.06329113924050633,0.0,anomaly,0.06329113924050633,0
1003,bbc,bcb,known,bcb,0.5344827586206896,0.0,normal,0.5344827586206896,0
1004,bcb,cbb,known,cbb,0.5471698113207547,0.0,normal,0.5471698113207547,0
1005,cbb,bbb,known,bbb,0.5964912280701754,0.0,normal,0.5964912280701754,0
1006,bbb,bbb,known,bbb,0.7377938517179023,0.0,normal,0.7377938517179023,0
1007,bbb,bbb,known,bbb,0.7377938517179023,0.0,normal,0.7377938517179023,0
1008,bbb,bbb,known,bbb,0.7377938517179023,0.0,normal,0.7377938517179023,0
1009,bbb,bbb,known,bbb,0.7377938517179023,0.0,normal,0.7377938517179023,0
1010,bbb,bbb,known,bbb,0.7377938517179023,0.0,normal,0.7377938517179023,0
1011,bbb,bbb,known,bbb,0.7377938517179023,0.0,normal,0.7377938517179023,0
1012,bbb,bbb,known,bbb,0.7377938517179023,0.0,normal,0.7377938517179023,0
1013,bbb,bbb,known,bbb,0.7377938517179023,0.0,normal,0.7377938517179023,0
1014,bbb,bbb,known,bbb,0.7377938517179023,0.0,normal,0.7377938517179023,0
1015,bbb,bbb,known,bbb,0.7377938517179023,0.0,normal,0.7377938517179023,0
1016,bbb,bbb,known,bbb,0.7377938517179023,0.0,normal,0.7377938517179023,0
1017,bbb,bbb,known,bbb,0.7377938517179023,0.0,normal,0.7377938517179023,0
1018,bbb,bbc,known,bbc,0.06329113924050633,0.0,anomaly,0.06329113924050633,0
1019,bbc,bcc,known,bcc,0.3448275862068966,0.0,normal,0.3448275862068966,0
1020,bcc,ccc,known,ccc,0.3333333333333333,0.0,normal,0.3333333333333333,0
1021,ccc,ccc,known,ccc,0.62,0.0,normal,0.62,0
1022,ccc,ccc,known,ccc,0.62,0.0,normal,0.62,0
1023,ccc,ccb,known,ccb,0.22,0.0,normal,0.22,0
1024,ccb,cbc,known,cbc,0.24242424242424243,0.0,normal,0.24242424242424243,0
1025,cbc,bcc,known,bcc,0.48,0.0,normal,0.48,0
1026,bcc,ccc,known,ccc,0.3333333333333333,0.0,normal,0.3333333333333333,0
1027,ccc,ccc,known,ccc,0.62,0.0,normal,0.62,0
1028,ccc,ccc,known,ccc,0.62,0.0,normal,0.62,0
1029,ccc,ccc,known,ccc,0.62,0.0,normal,0.62,0
1030,ccc,ccc,known,ccc,0.62,0.0,normal,0.62,0
1031,ccc,ccb,known,ccb,0.22,0.0,normal,0.22,0
1032,ccb,cbb,known,cbb,0.696969696969697,0.0,normal,0.696969696969697,0
1033,cbb,bbb,known,bbb,0.5964912280701754,0.0,normal,0.5964912280701754,0
1034,bbb,bbb,known,bbb,0.7377938517179023,0.0,normal,0.7377938517179023,0
1035,bbb,bbb,known,bbb,0.7377938517179023,0.0,normal,0.7377938517179023,0
1036,bbb,bbc,known,bbc,0.06329113924050633,0.0,anomaly,0.06329113924050633,0
1037,bbc,bcc,known,bcc,0.3448275862068966,0.0,normal,0.3448275862068966,0
1038,bcc,ccc,known,ccc,0.3333333333333333,0.0,normal,0.3333333333333333,0
1039,ccc,ccc,known,ccc,0.62,0.0,normal,0.62,0
1040,ccc,ccc,known,ccc,0.62,0.0,normal,0.62,0
1041,ccc,ccc,known,ccc,0.62,0.0,normal,0.62,0
1042,ccc,ccc,known,ccc,0.62,0.0,normal,0.62,0
1043,ccc,ccc,known,ccc,0.62,0.0,normal,0.62,0
1044,ccc,ccb,known,ccb,0.22,0.0,normal,0.22,0
1045,ccb,cbb,known,cbb,0.696969696969697,0.0,normal,0.696969696969697,0
1046,cbb,bbb,known,bbb,0.5964912280701754,0.0,normal,0.5964912280701754,0
1047,bbb,bbb,known,bbb,0.7377938517179023,0.0,normal,0.7377938517179023,0
1048,bbb,bbb,known,bbb,0.7377938517179023,0.0,normal,0.7377938517179023,0
1049,bbb,bbb,known,bbb,0.7377938517179023,0.0,normal,0.7377938517179023,0
1050,bbb,bbb,known,bbb,0.7377938517179023,0.0,normal,0.7377938517179023,0
1051,bbb,bbb,known,bbb,0.7377938517179023,0.0,normal,0.7377938517179023,0
1052,bbb,bbb,known,bbb,0.7377938517179023,0.0,normal,0.7377938517179023,0
1053,bbb,bbb,known,bbb,0.7377938517179023,0.0,normal,0.7377938517179023,0
1054,bbb,bbb,known,bbb,0.7377938517179023,0.0,normal,0.7377938517179023,0
1055,bbb,bbb,known,bbb,0.7377938517179023,0.0,normal,0.7377938517179023,0
1056,bbb,bbc,known,bbc,0.06329113924050633,0.0,anomaly,0.06329113924050633,0
1057,bbc,bcb,known,bcb,0.5344827586206896,0.0,normal,0.5344827586206896,0
1058,bcb,cbb,known,cbb,0.5471698113207547,0.0,normal,0.5471698113207547,0
1059,cbb,bbc,known,bbc,0.24561403508771928,0.0,normal,0.24561403508771928,0
1060,bbc,bcc,known,bcc,0.3448275862068966,0.0,normal,0.3448275862068966,0
1061,bcc,ccc,known,ccc,0.3333333333333333,0.0,normal,0.3333333333333333,0
1062,ccc,ccc,known,ccc,0.62,0.0,normal,0.62,0
1063,ccc,ccb,known,ccb,0.22,0.0,normal,0.22,0
1064,ccb,cbb,known,cbb,0.696969696969697,0.0,normal,0.696969696969697,0
1065,cbb,bbb,known,bbb,0.5964912280701754,0.0,normal,0.5964912280701754,0
1066,bbb,bbb,known,bbb,0.7377938517179023,0.0,normal,0.7377938517179023,0
1067,bbb,bbb,known,bbb,0.7377938517179023,0.0,normal,0.7377938517179023,0
1068,bbb,bbb,known,bbb,0.7377938517179023,0.0,normal,0.7377938517179023,0
1069,bbb,bbc,known,bbc,0.06329113924050633,0.0,anomaly,0.06329113924050633,0
1070,bbc,bcb,known,bcb,0.5344827586206896,0.0,normal,0.5344827586206896,0
1071,bcb,cbb,known,cbb,0.5471698113207547,0.0,normal,0.5471698113207547,0
1072,cbb,bbb,known,bbb,0.5964912280701754,0.0,normal,0.5964912280701754,0
1073,bbb,bbb,known,bbb,0.7377938517179023,0.0,normal,0.7377938517179023,0
1074,bbb,bbb,known,bbb,0.7377938517179023,0.0,normal,0.7377938517179023,0
1075,bbb,bbb,known,bbb,0.7377938517179023,0.0,normal,0.7377938517179023,0
1076,bbb,bbb,known,bbb,0.7377938517179023,0.0,normal,0.7377938517179023,0
1077,bbb,bbc,known,bbc,0.06329113924050633,0.0,anomaly,0.06329113924050633,0
1078,bbc,bcc,known,bcc,0.3448275862068966,0.0,normal,0.3448275862068966,0
1079,bcc,ccc,known,ccc,0.3333333333333333,0.0,normal,0.3333333333333333,0
1080,ccc,ccc,known,ccc,0.62,0.0,normal,0.62,0
1081,ccc,ccc,known,ccc,0.62,0.0,normal,0.62,0
1082,ccc,ccb,known,ccb,0.22,0.0,normal,0.22,0
1083,ccb,cbb,known,cbb,0.696969696969697,0.0,normal,0.696969696969697,0
1084,cbb,bbb,known,bbb,0.5964912280701754,0.0,normal,0.5964912280701754,0
1085,bbb,bbb,known,bbb,0.7377938517179023,0.0,normal,0.7377938517179023,0
1086,bbb,bbb,known,bbb,0.7377938517179023,0.0,normal,0.7377938517179023,0
1087,bbb,bbb,known,bbb,0.7377938517179023,0.0,normal,0.7377938517179023,0
1088,bbb,bbc,known,bbc,0.06329113924050633,0.0,anomaly,0.06329113924050633,0
1089,bbc,bcc,known,bcc,0.3448275862068966,0.0,normal,0.3448275862068966,0
1090,bcc,ccc,known,ccc,0.3333333333333333,0.0,normal,0.3333333333333333,0
1091,ccc,ccb,known,ccb,0.22,0.0,normal,0.22,0
1092,ccb,cbb,known,cbb,0.696969696969697,0.0,normal,0.696969696969697,0
1093,cbb,bbb,known,bbb,0.5964912280701754,0.0,normal,0.5964912280701754,0
1094,bbb,bbc,known,bbc,0.06329113924050633,0.0,anomaly,0.06329113924050633,0
1095,bbc,bca,known,bca,0.10344827586206896,0.0,anomaly,0.10344827586206896,0
1096,bca,cab,known,cab,0.8888888888888888,0.0,normal,0.8888888888888888,0
1097,cab,abb,known,abb,0.5714285714285714,0.0,normal,0.5714285714285714,0
1098,abb,bbc,known,bbc,0.049723756906077346,0.0,anomaly,0.049723756906077346,0
1099,bbc,bcb,known,bcb,0.5344827586206896,0.0,normal,0.5344827586206896,0
1100,bcb,cbc,known,cbc,0.2830188679245283,0.0,normal,0.2830188679245283,0
1101,cbc,bcb,known,bcb,0.4,0.0,normal,0.4,0
1102,bcb,cbb,known,cbb,0.5471698113207547,0.0,normal,0.5471698113207547,0
1103,cbb,bbb,known,bbb,0.5964912280701754,0.0,normal,0.5964912280701754,0
1104,bbb,bbc,known,bbc,0.06329113924050633,0.0,anomaly,0.06329113924050633,0
1105,bbc,bcc,known,bcc,0.3448275862068966,0.0,normal,0.3448275862068966,0
1106,bcc,ccc,known,ccc,0.3333333333333333,0.0,normal,0.3333333333333333,0
1107,ccc,ccc,known,ccc,0.62,0.0,normal,0.62,0
1108,ccc,ccc,known,ccc,0.62,0.0,normal,0.62,0
1109,ccc,ccb,known,ccb,0.22,0.0,normal,0.22,0
1110,ccb,cbb,known,cbb,0.696969696969697,0.0,normal,0.696969696969697,0
1111,cbb,bbb,known,bbb,0.5964912280701754,0.0,normal,0.5964912280701754,0
1112,bbb,bbb,known,bbb,0.7377938517179023,0.0,normal,0.7377938517179023,0
1113,bbb,bbb,known,bbb,0.7377938517179023,0.0,normal,0.7377938517179023,0
1114,bbb,bbc,known,bbc,0.06329113924050633,0.0,anomaly,0.06329113924050633,0
1115,bbc,bcc,known,bcc,0.3448275862068966,0.0,normal,0.3448275862068966,0
1116,bcc,ccc,known,ccc,0.3333333333333333,0.0,normal,0.3333333333333333,0
1117,ccc,ccc,known,ccc,0.62,0.0,normal,0.62,0
1118,ccc,ccc,known,ccc,0.62,0.0,normal,0.62,0
1119,ccc,ccc,known,ccc,0.62,0.0,normal,0.62,0
1120,ccc,ccc,known,ccc,0.62,0.0,normal,0.62,0
1121,ccc,ccc,known,ccc,0.62,0.0,normal,0.62,0
1122,ccc,ccc,known,ccc,0.62,0.0,normal,0.62,0
1123,ccc,ccc,known,ccc,0.62,0.0,normal,0.62,0
1124,ccc,ccb,known,ccb,0.22,0.0,normal,0.22,0
1125,ccb,cbc,known,cbc,0.24242424242424243,0.0,normal,0.24242424242424243,0
1126,cbc,bcc,known,bcc,0.48,0.0,normal,0.48,0
1127,bcc,ccc,known,ccc,0.3333333333333333,0.0,normal,0.3333333333333333,0
1128,ccc,ccb,known,ccb,0.22,0.0,normal,0.22,0
1129,ccb,cbb,known,cbb,0.696969696969697,0.0,normal,0.696969696969697,0
1130,cbb,bbc,known,bbc,0.24561403508771928,0.0,normal,0.24561403508771928,0
1131,bbc,bcb,known,bcb,0.5344827586206896,0.0,normal,0.5344827586206896,0
1132,bcb,cbb,known,cbb,0.5471698113207547,0.0,normal,0.5471698113207547,0
1133,cbb,bbb,known,bbb,0.5964912280701754,0.0,normal,0.5964912280701754,0
1134,bbb,bbb,known,bbb,0.7377938517179023,0.0,normal,0.7377938517179023,0
1135,bbb,bbb,known,bbb,0.7377938517179023,0.0,normal,0.7377938517179023,0
1136,bbb,bbb,known,bbb,0.7377938517179023,0.0,normal,0.7377938517179023,0
1137,bbb,bbc,known,bbc,0.06329113924050633,0.0,anomaly,0.06329113924050633,0
1138,bbc,bcc,known,bcc,0.3448275862068966,0.0,normal,0.3448275862068966,0
1139,bcc,ccb,known,ccb,0.6363636363636364,0.0,normal,0.6363636363636364,0
1140,ccb,cbb,known,cbb,0.696969696969697,0.0,normal,0.696969696969697,0
1141,cbb,bbb,known,bbb,0.5964912280701754,0.0,normal,0.5964912280701754,0
1142,bbb,bbb,known,bbb,0.7377938517179023,0.0,normal,0.7377938517179023,0
1143,bbb,bbc,known,bbc,0.06329113924050633,0.0,anomaly,0.06329113924050633,0
1144,bbc,bcc,known,bcc,0.3448275862068966,0.0,normal,0.3448275862068966,0
1145,bcc,ccc,known,ccc,0.3333333333333333,0.0,normal,0.3333333333333333,0
1146,ccc,ccc,known,ccc,0.62,0.0,normal,0.62,0
1147,ccc,ccc,known,ccc,0.62,0.0,normal,0.62,0
1148,ccc,ccc,known,ccc,0.62,0.0,normal,0.62,0
1149,ccc,ccb,known,ccb,0.22,0.0,normal,0.22,0
1150,ccb,cbb,known,cbb,0.696969696969697,0.0,normal,0.696969696969697,0
1151,cbb,bbb,known,bbb,0.5964912280701754,0.0,normal,0.5964912280701754,0
1152,bbb,bbb,known,bbb,0.7377938517179023,0.0,normal,0.7377938517179023,0
1153,bbb,bbb,known,bbb,0.7377938517179023,0.0,normal,0.7377938517179023,0
1154,bbb,bbb,known,bbb,0.7377938517179023,0.0,normal,0.7377938517179023,0
1155,bbb,bbb,known,bbb,0.7377938517179023,0.0,normal,0.7377938517179023,0
1156,bbb,bbb,known,bbb,0.7377938517179023,0.0,normal,0.7377938517179023,0
1157,bbb,bbb,known,bbb,0.7377938517179023,0.0,normal,0.7377938517179023,0
1158,bbb,bbb,known,bbb,0.7377938517179023,0.0,normal,0.7377938517179023,0
1159,bbb,bbb,known,bbb,0.7377938517179023,0.0,normal,0.7377938517179023,0
1160,bbb,bbb,known,bbb,0.7377938517179023,0.0,normal,0.7377938517179023,0
1161,bbb,bbb,known,bbb,0.7377938517179023,0.0,normal,0.7377938517179023,0
1162,bbb,bbb,known,bbb,0.7377938517179023,0.0,normal,0.7377938517179023,0
1163,bbb,bbb,known,bbb,0.7377938517179023,0.0,normal,0.7377938517179023,0
1164,bbb,bbb,known,bbb,0.7377938517179023,0.0,normal,0.7377938517179023,0
1165,bbb,bbc,known,bbc,0.06329113924050633,0.0,anomaly,0.06329113924050633,0
1166,bbc,bcb,known,bcb,0.5344827586206896,0.0,normal,0.5344827586206896,0
1167,bcb,cbc,known,cbc,0.2830188679245283,0.0,normal,0.2830188679245283,0
1168,cbc,bcb,known,bcb,0.4,0.0,normal,0.4,0
1169,bcb,cbb,known,cbb,0.5471698113207547,0.0,normal,0.5471698113207547,0
1170,cbb,bbc,known,bbc,0.24561403508771928,0.0,normal,0.24561403508771928,0
1171,bbc,bcb,known,bcb,0.5344827586206896,0.0,normal,0.5344827586206896,0
1172,bcb,cbb,known,cbb,0.5471698113207547,0.0,normal,0.5471698113207547,0
1173,cbb,bbb,known,bbb,0.5964912280701754,0.0,normal,0.5964912280701754,0
1174,bbb,bbb,known,bbb,0.7377938517179023,0.0,normal,0.7377938517179023,0
1175,bbb,bbb,known,bbb,0.7377938517179023,0.0,normal,0.7377938517179023,0
1176,bbb,bbb,known,bbb,0.7377938517179023,0.0,normal,0.7377938517179023,0
1177,bbb,bbb,known,bbb,0.7377938517179023,0.0,normal,0.7377938517179023,0
1178,bbb,bbb,known,bbb,0.7377938517179023,0.0,normal,0.7377938517179023,0
1179,bbb,bbb,known,bbb,0.7377938517179023,0.0,normal,0.7377938517179023,0
1180,bbb,bbc,known,bbc,0.06329113924050633,0.0,anomaly,0.06329113924050633,0
1181,bbc,bcc,known,bcc,0.3448275862068966,0.0,normal,0.3448275862068966,0
1182,bcc,ccc,known,ccc,0.3333333333333333,0.0,normal,0.3333333333333333,0
1183,ccc,ccc,known,ccc,0.62,0.0,normal,0.62,0
1184,ccc,ccb,known,ccb,0.22,0.0,normal,0.22,0
1185,ccb,cbb,known,cbb,0.696969696969697,0.0,normal,0.696969696969697,0
1186,cbb,bbb,known,bbb,0.5964912280701754,0.0,normal,0.5964912280701754,0
1187,bbb,bbb,known,bbb,0.7377938517179023,0.0,normal,0.7377938517179023,0
1188,bbb,bbb,known,bbb,0.7377938517179023,0.0,normal,0.7377938517179023,0
1189,bbb,bbb,known,bbb,0.7377938517179023,0.0,normal,0.7377938517179023,0
1190,bbb,bbc,known,bbc,0.06329113924050633,0.0,anomaly,0.06329113924050633,0
1191,bbc,bcb,known,bcb,0.5344827586206896,0.0,normal,0.5344827586206896,0
1192,bcb,cbb,known,cbb,0.5471698113207547,0.0,normal,0.5471698113207547,0
1193,cbb,bbb,known,bbb,0.5964912280701754,0.0,normal,0.5964912280701754,0
1194,bbb,bbb,known,bbb,0.7377938517179023,0.0,normal,0.7377938517179023,0
1195,bbb,bbc,known,bbc,0.06329113924050633,0.0,anomaly,0.06329113924050633,0
1196,bbc,bcc,known,bcc,0.3448275862068966,0.0,normal,0.3448275862068966,0
1197,bcc,ccc,known,ccc,0.3333333333333333,0.0,normal,0.3333333333333333,0
1198,ccc,ccc,known,ccc,0.62,0.0,normal,0.62,0
1199,ccc,ccb,known,ccb,0.22,0.0,normal,0.22,0
1200,ccb,cbb,known,cbb,0.696969696969697,0.0,normal,0.696969696969697,0
1201,cbb,bbb,known,bbb,0.5964912280701754,0.0,normal,0.5964912280701754,0
1202,bbb,bbb,known,bbb,0.7377938517179023,0.0,normal,0.7377938517179023,0
1203,bbb,bbc,known,bbc,0.06329113924050633,0.0,anomaly,0.06329113924050633,0
1204,bbc,bcc,known,bcc,0.3448275862068966,0.0,normal,0.3448275862068966,0
1205,bcc,ccc,known,ccc,0.3333333333333333,0.0,normal,0.3333333333333333,0
1206,ccc,ccc,known,ccc,0.62,0.0,normal,0.62,0
1207,ccc,ccb,known,ccb,0.22,0.0,normal,0.22,0
1208,ccb,cbb,known,cbb,0.696969696969697,0.0,normal,0.696969696969697,0
1209,cbb,bbb,known,bbb,0.5964912280701754,0.0,normal,0.5964912280701754,0
1210,bbb,bbb,known,bbb,0.7377938517179023,0.0,normal,0.7377938517179023,0
1211,bbb,bbb,known,bbb,0.7377938517179023,0.0,normal,0.7377938517179023,0
1212,bbb,bbb,known,bbb,0.7377938517179023,0.0,normal,0.7377938517179023,0
1213,bbb,bbc,known,bbc,0.06329113924050633,0.0,anomaly,0.06329113924050633,0
1214,bbc,bcc,known,bcc,0.3448275862068966,0.0,normal,0.3448275862068966,0
1215,bcc,ccc,known,ccc,0.3333333333333333,0.0,normal,0.3333333333333333,0
1216,ccc,ccc,known,ccc,0.62,0.0,normal,0.62,0
1217,ccc,ccc,known,ccc,0.62,0.0,normal,0.62,0
1218,ccc,ccb,known,ccb,0.22,0.0,normal,0.22,0
1219,ccb,cbc,known,cbc,0.24242424242424243,0.0,normal,0.24242424242424243,0
1220,cbc,bcb,known,bcb,0.4,0.0,normal,0.4,0
1221,bcb,cbc,known,cbc,0.2830188679245283,0.0,normal,0.2830188679245283,0
1222,cbc,bcc,known,bcc,0.48,0.0,normal,0.48,0
1223,bcc,ccc,known,ccc,0.3333333333333333,0.0,normal,0.3333333333333333,0
1224,ccc,ccc,known,ccc,0.62,0.0,normal,0.62,0
1225,ccc,ccc,known,ccc,0.62,0.0,normal,0.62,0
1226,ccc,ccb,known,ccb,0.22,0.0,normal,0.22,0
1227,ccb,cbc,known,cbc,0.24242424242424243,0.0,normal,0.24242424242424243,0
1228,cbc,bcc,known,bcc,0.48,0.0,normal,0.48,0
1229,bcc,ccc,known,ccc,0.3333333333333333,0.0,normal,0.3333333333333333,0
1230,ccc,ccc,known,ccc,0.62,0.0,normal,0.62,0
1231,ccc,ccc,known,ccc,0.62,0.0,normal,0.62,0
1232,ccc,ccc,known,ccc,0.62,0.0,normal,0.62,0
1233,ccc,ccc,known,ccc,0.62,0.0,normal,0.62,0
1234,ccc,ccc,known,ccc,0.62,0.0,normal,0.62,0
1235,ccc,ccb,known,ccb,0.22,0.0,normal,0.22,0
1236,ccb,cbb,known,cbb,0.696969696969697,0.0,normal,0.696969696969697,0
1237,cbb,bbb,known,bbb,0.5964912280701754,0.0,normal,0.5964912280701754,0
1238,bbb,bbb,known,bbb,0.7377938517179023,0.0,normal,0.7377938517179023,0
1239,bbb,bbc,known,bbc,0.06329113924050633,0.0,anomaly,0.06329113924050633,0
1240,bbc,bcc,known,bcc,0.3448275862068966,0.0,normal,0.3448275862068966,0
1241,bcc,ccc,known,ccc,0.3333333333333333,0.0,normal,0.3333333333333333,0
1242,ccc,ccb,known,ccb,0.22,0.0,normal,0.22,0
1243,ccb,cbb,known,cbb,0.696969696969697,0.0,normal,0.696969696969697,0
1244,cbb,bbb,known,bbb,0.5964912280701754,0.0,normal,0.5964912280701754,0
1245,bbb,bbb,known,bbb,0.7377938517179023,0.0,normal,0.7377938517179023,0
1246,bbb,bbb,known,bbb,0.7377938517179023,0.0,normal,0.7377938517179023,0
1247,bbb,bbb,known,bbb,0.7377938517179023,0.0,normal,0.7377938517179023,0
1248,bbb,bbb,known,bbb,0.7377938517179023,0.0,normal,0.7377938517179023,0
1249,bbb,bbc,known,bbc,0.06329113924050633,0.0,anomaly,0.06329113924050633,0
1250,bbc,bcc,known,bcc,0.3448275862068966,0.0,normal,0.3448275862068966,0
1251,bcc,ccc,known,ccc,0.3333333333333333,0.0,normal,0.3333333333333333,0
1252,ccc,ccc,known,ccc,0.62,0.0,normal,0.62,0
1253,ccc,ccc,known,ccc,0.62,0.0,normal,0.62,0
1254,ccc,ccb,known,ccb,0.22,0.0,normal,0.22,0
1255,ccb,cbc,known,cbc,0.24242424242424243,0.0,normal,0.24242424242424243,0
1256,cbc,bcb,known,bcb,0.4,0.0,normal,0.4,0
1257,bcb,cbb,known,cbb,0.5471698113207547,0.0,normal,0.5471698113207547,0
1258,cbb,bbb,known,bbb,0.5964912280701754,0.0,normal,0.5964912280701754,0
1259,bbb,bbb,known,bbb,0.7377938517179023,0.0,normal,0.7377938517179023,0
1260,bbb,bbb,known,bbb,0.7377938517179023,0.0,normal,0.7377938517179023,0
1261,bbb,bbc,known,bbc,0.06329113924050633,0.0,anomaly,0.06329113924050633,0
1262,bbc,bcc,known,bcc,0.3448275862068966,0.0,normal,0.3448275862068966,0
1263,bcc,ccc,known,ccc,0.3333333333333333,0.0,normal,0.3333333333333333,0
1264,ccc,ccc,known,ccc,0.62,0.0,normal,0.62,0
1265,ccc,ccc,known,ccc,0.62,0.0,normal,0.62,0
1266,ccc,ccc,known,ccc,0.62,0.0,normal,0.62,0
1267,ccc,ccb,known,ccb,0.22,0.0,normal,0.22,0
1268,ccb,cbb,known,cbb,0.696969696969697,0.0,normal,0.696969696969697,0
1269,cbb,bbb,known,bbb,0.5964912280701754,0.0,normal,0.5964912280701754,0
1270,bbb,bbb,known,bbb,0.7377938517179023,0.0,normal,0.7377938517179023,0
1271,bbb,bbb,known,bbb,0.7377938517179023,0.0,normal,0.7377938517179023,0
1272,bbb,bbb,known,bbb,0.7377938517179023,0.0,normal,0.7377938517179023,0
1273,bbb,bbb,known,bbb,0.7377938517179023,0.0,normal,0.7377938517179023,0
1274,bbb,bbc,known,bbc,0.06329113924050633,0.0,anomaly,0.06329113924050633,0
1275,bbc,bcc,known,bcc,0.3448275862068966,0.0,normal,0.3448275862068966,0
1276,bcc,ccc,known,ccc,0.3333333333333333,0.0,normal,0.3333333333333333,0
1277,ccc,ccc,known,ccc,0.62,0.0,normal,0.62,0
1278,ccc,ccd,known,ccd,0.16,0.0,anomaly,0.16,0
1279,ccd,cdc,known,cdc,0.4,0.0,normal,0.4,0
1280,cdc,dcc,known,dcc,0.375,0.0,normal,0.375,0
1281,dcc,ccc,known,ccc,0.5333333333333333,0.0,normal,0.5333333333333333,0
1282,ccc,ccc,known,ccc,0.62,0.0,normal,0.62,0
1283,ccc,ccc,known,ccc,0.62,0.0,normal,0.62,0
1284,ccc,ccc,known,ccc,0.62,0.0,normal,0.62,0
1285,ccc,ccc,known,ccc,0.62,0.0,normal,0.62,0
1286,ccc,ccb,known,ccb,0.22,0.0,normal,0.22,0
1287,ccb,cbb,known,cbb,0.696969696969697,0.0,normal,0.696969696969697,0
1288,cbb,bbb,known,bbb,0.5964912280701754,0.0,normal,0.5964912280701754,0
1289,bbb,bbb,known,bbb,0.7377938517179023,0.0,normal,0.7377938517179023,0
1290,bbb,bbb,known,bbb,0.7377938517179023,0.0,normal,0.7377938517179023,0
1291,bbb,bbb,known,bbb,0.7377938517179023,0.0,normal,0.7377938517179023,0
1292,bbb,bbc,known,bbc,0.06329113924050633,0.0,anomaly,0.06329113924050633,0
1293,bbc,bcc,known,bcc,0.3448275862068966,0.0,normal,0.3448275862068966,0
1294,bcc,ccc,known,ccc,0.3333333333333333,0.0,normal,0.3333333333333333,0
1295,ccc,ccc,known,ccc,0.62,0.0,normal,0.62,0
1296,ccc,ccb,known,ccb,0.22,0.0,normal,0.22,0
1297,ccb,cbb,known,cbb,0.696969696969697,0.0,normal,0.696969696969697,0
1298,cbb,bbb,known,bbb,0.5964912280701754,0.0,normal,0.5964912280701754,0
1299,bbb,bbb,known,bbb,0.7377938517179023,0.0,normal,0.7377938517179023,0
1300,bbb,bbc,known,bbc,0.06329113924050633,0.0,anomaly,0.06329113924050633,0
1301,bbc,bcc,known,bcc,0.3448275862068966,0.0,normal,0.3448275862068966,0
1302,bcc,ccc,known,ccc,0.3333333333333333,0.0,normal,0.3333333333333333,0
1303,ccc,ccc,known,ccc,0.62,0.0,normal,0.62,0
1304,ccc,ccc,known,ccc,0.62,0.0,normal,0.62,0
1305,ccc,ccc,known,ccc,0.62,0.0,normal,0.62,0
1306,ccc,ccc,known,ccc,0.62,0.0,normal,0.62,0
1307,ccc,ccc,known,ccc,0.62,0.0,normal,0.62,0
1308,ccc,ccc,known,ccc,0.62,0.0,normal,0.62,0
1309,ccc,ccc,known,ccc,0.62,0.0,normal,0.62,0
1310,ccc,ccb,known,ccb,0.22,0.0,normal,0.22,0
1311,ccb,cbc,known,cbc,0.24242424242424243,0.0,normal,0.24242424242424243,0
1312,cbc,bcc,known,bcc,0.48,0.0,normal,0.48,0
1313,bcc,ccc,known,ccc,0.3333333333333333,0.0,normal,0.3333333333333333,0
1314,ccc,ccc,known,ccc,0.62,0.0,normal,0.62,0
1315,ccc,ccc,known,ccc,0.62,0.0,normal,0.62,0
1316,ccc,ccc,known,ccc,0.62,0.0,normal,0.62,0
1317,ccc,ccc,known,ccc,0.62,0.0,normal,0.62,0
1318,ccc,ccb,known,ccb,0.22,0.0,normal,0.22,0
1319,ccb,cbb,known,cbb,0.696969696969697,0.0,normal,0.696969696969697,0
1320,cbb,bbc,known,bbc,0.24561403508771928,0.0,normal,0.24561403508771928,0
1321,bbc,bcc,known,bcc,0.3448275862068966,0.0,normal,0.3448275862068966,0
1322,bcc,ccb,known,ccb,0.6363636363636364,0.0,normal,0.6363636363636364,0
1323,ccb,cbb,known,cbb,0.696969696969697,0.0,normal,0.696969696969697,0
1324,cbb,bbb,known,bbb,0.5964912280701754,0.0,normal,0.5964912280701754,0
1325,bbb,bbb,known,bbb,0.7377938517179023,0.0,normal,0.7377938517179023,0
1326,bbb,bbb,known,bbb,0.7377938517179023,0.0,normal,0.7377938517179023,0
1327,bbb,bbb,known,bbb,0.7377938517179023,0.0,normal,0.7377938517179023,0
1328,bbb,bbb,known,bbb,0.7377938517179023,0.0,normal,0.7377938517179023,0
1329,bbb,bbb,known,bbb,0.7377938517179023,0.0,normal,0.7377938517179023,0
1330,bbb,bbb,known,bbb,0.7377938517179023,0.0,normal,0.7377938517179023,0
1331,bbb,bbb,known,bbb,0.7377938517179023,0.0,normal,0.7377938517179023,0
1332,bbb,bbc,known,bbc,0.06329113924050633,0.0,anomaly,0.06329113924050633,0
1333,bbc,bcb,known,bcb,0.5344827586206896,0.0,normal,0.5344827586206896,0
1334,bcb,cbb,known,cbb,0.5471698113207547,0.0,normal,0.5471698113207547,0
1335,cbb,bbb,known,bbb,0.5964912280701754,0.0,normal,0.5964912280701754,0
1336,bbb,bbb,known,bbb,0.7377938517179023,0.0,normal,0.7377938517179023,0
1337,bbb,bbb,known,bbb,0.7377938517179023,0.0,normal,0.7377938517179023,0
1338,bbb,bbc,known,bbc,0.06329113924050633,0.0,anomaly,0.06329113924050633,0
1339,bbc,bcb,known,bcb,0.5344827586206896,0.0,normal,0.5344827586206896,0
1340,bcb,cbb,known,cbb,0.5471698113207547,0.0,normal,0.5471698113207547,0
1341,cbb,bbb,known,bbb,0.5964912280701754,0.0,normal,0.5964912280701754,0
1342,bbb,bbb,known,bbb,0.7377938517179023,0.0,normal,0.7377938517179023,0
1343,bbb,bbb,known,bbb,0.7377938517179023,0.0,normal,0.7377938517179023,0
1344,bbb,bbb,known,bbb,0.7377938517179023,0.0,normal,0.7377938517179023,0
1345,bbb,bbb,known,bbb,0.7377938517179023,0.0,normal,0.7377938517179023,0
1346,bbb,bbb,known,bbb,0.7377938517179023,0.0,normal,0.7377938517179023,0
1347,bbb,bbb,known,bbb,0.7377938517179023,0.0,normal,0.7377938517179023,0
1348,bbb,bbb,known,bbb,0.7377938517179023,0.0,normal,0.7377938517179023,0
1349,bbb,bbc,known,bbc,0.06329113924050633,0.0,anomaly,0.06329113924050633,0
1350,bbc,bcc,known,bcc,0.3448275862068966,0.0,normal,0.3448275862068966,0
1351,bcc,ccc,known,ccc,0.3333333333333333,0.0,normal,0.3333333333333333,0
1352,ccc,ccb,known,ccb,0.22,0.0,normal,0.22,0
1353,ccb,cbc,known,cbc,0.24242424242424243,0.0,normal,0.24242424242424243,0
1354,cbc,bcb,known,bcb,0.4,0.0,normal,0.4,0
1355,bcb,cbb,known,cbb,0.5471698113207547,0.0,normal,0.5471698113207547,0
1356,cbb,bbb,known,bbb,0.5964912280701754,0.0,normal,0.5964912280701754,0
1357,bbb,bbb,known,bbb,0.7377938517179023,0.0,normal,0.7377938517179023,0
1358,bbb,bbb,known,bbb,0.7377938517179023,0.0,normal,0.7377938517179023,0
1359,bbb,bbb,known,bbb,0.7377938517179023,0.0,normal,0.7377938517179023,0
1360,bbb,bbb,known,bbb,0.7377938517179023,0.0,normal,0.7377938517179023,0
1361,bbb,bbb,known,bbb,0.7377938517179023,0.0,normal,0.7377938517179023,0
1362,bbb,bbb,known,bbb,0.7377938517179023,0.0,normal,0.7377938517179023,0
1363,bbb,bbb,known,bbb,0.7377938517179023,0.0,normal,0.7377938517179023,0
1364,bbb,bbb,known,bbb,0.7377938517179023,0.0,normal,0.7377938517179023,0
1365,bbb,bbb,known,bbb,0.7377938517179023,0.0,normal,0.7377938517179023,0
1366,bbb,bbb,known,bbb,0.7377938517179023,0.0,normal,0.7377938517179023,0
1367,bbb,bbb,known,bbb,0.7377938517179023,0.0,normal,0.7377938517179023,0
1368,bbb,bbb,known,bbb,0.7377938517179023,0.0,normal,0.7377938517179023,0
1369,bbb,bbb,known,bbb,0.7377938517179023,0.0,normal,0.7377938517179023,0
1370,bbb,bba,known,bba,0.19891500904159132,0.0,anomaly,0.19891500904159132,0
1371,bba,bab,known,bab,0.40555555555555556,0.0,normal,0.40555555555555556,0
1372,bab,abb,known,abb,0.46,0.0,normal,0.46,0
1373,abb,bbb,known,bbb,0.6132596685082873,0.0,normal,0.6132596685082873,0
1374,bbb,bbb,known,bbb,0.7377938517179023,0.0,normal,0.7377938517179023,0
1375,bbb,bba,known,bba,0.19891500904159132,0.0,anomaly,0.19891500904159132,0
1376,bba,bab,known,bab,0.40555555555555556,0.0,normal,0.40555555555555556,0
1377,bab,abb,known,abb,0.46,0.0,normal,0.46,0
1378,abb,bba,known,bba,0.3370165745856354,0.0,normal,0.3370165745856354,0
1379,bba,bab,known,bab,0.40555555555555556,0.0,normal,0.40555555555555556,0
1380,bab,abb,known,abb,0.46,0.0,normal,0.46,0
1381,abb,bbb,known,bbb,0.6132596685082873,0.0,normal,0.6132596685082873,0
1382,bbb,bbb,known,bbb,0.7377938517179023,0.0,normal,0.7377938517179023,0
1383,bbb,bbc,known,bbc,0.06329113924050633,0.0,anomaly,0.06329113924050633,0
1384,bbc,bcb,known,bcb,0.5344827586206896,0.0,normal,0.5344827586206896,0
1385,bcb,cbc,known,cbc,0.2830188679245283,0.0,normal,0.2830188679245283,0
1386,cbc,bcb,known,bcb,0.4,0.0,normal,0.4,0
1387,bcb,cbb,known,cbb,0.5471698113207547,0.0,normal,0.5471698113207547,0
1388,cbb,bbb,known,bbb,0.5964912280701754,0.0,normal,0.5964912280701754,0
1389,bbb,bbc,known,bbc,0.06329113924050633,0.0,anomaly,0.06329113924050633,0
1390,bbc,bcb,known,bcb,0.5344827586206896,0.0,normal,0.5344827586206896,0
1391,bcb,cbb,known,cbb,0.5471698113207547,0.0,normal,0.5471698113207547,0
1392,cbb,bbb,known,bbb,0.5964912280701754,0.0,normal,0.5964912280701754,0
1393,bbb,bbb,known,bbb,0.7377938517179023,0.0,normal,0.7377938517179023,0
1394,bbb,bbb,known,bbb,0.7377938517179023,0.0,normal,0.7377938517179023,0
1395,bbb,bbc,known,bbc,0.06329113924050633,0.0,anomaly,0.06329113924050633,0
1396,bbc,bcb,known,bcb,0.5344827586206896,0.0,normal,0.5344827586206896,0
1397,bcb,cbb,known,cbb,0.5471698113207547,0.0,normal,0.5471698113207547,0
1398,cbb,bbb,known,bbb,0.5964912280701754,0.0,normal,0.5964912280701754,0
1399,bbb,bbb,known,bbb,0.7377938517179023,0.0,normal,0.7377938517179023,0
1400,bbb,bbb,known,bbb,0.7377938517179023,0.0,normal,0.7377938517179023,0
1401,bbb,bbb,known,bbb,0.7377938517179023,0.0,normal,0.7377938517179023,0
1402,bbb,bbb,known,bbb,0.7377938517179023,0.0,normal,0.7377938517179023,0
1403,bbb,bbb,known,bbb,0.7377938517179023,0.0,normal,0.7377938517179023,0
1404,bbb,bba,known,bba,0.19891500904159132,0.0,anomaly,0.19891500904159132,0
1405,bba,bab,known,bab,0.40555555555555556,0.0,normal,0.40555555555555556,0
1406,bab,abb,known,abb,0.46,0.0,normal,0.46,0
1407,abb,bba,known,bba,0.3370165745856354,0.0,normal,0.3370165745856354,0
1408,bba,baa,known,baa,0.5555555555555556,0.0,normal,0.5555555555555556,0
1409,baa,aab,known,aab,0.22727272727272727,0.0,normal,0.22727272727272727,0
1410,aab,abb,known,abb,0.47706422018348627,0.0,normal,0.47706422018348627,0
1411,abb,bbb,known,bbb,0.6132596685082873,0.0,normal,0.6132596685082873,0
1412,bbb,bbb,known,bbb,0.7377938517179023,0.0,normal,0.7377938517179023,0
1413,bbb,bbb,known,bbb,0.7377938517179023,0.0,normal,0.7377938517179023,0
1414,bbb,bbb,known,bbb,0.7377938517179023,0.0,normal,0.7377938517179023,0
1415,bbb,bbc,known,bbc,0.06329113924050633,0.0,anomaly,0.06329113924050633,0
1416,bbc,bcc,known,bcc,0.3448275862068966,0.0,normal,0.3448275862068966,0
1417,bcc,ccc,known,ccc,0.3333333333333333,0.0,normal,0.3333333333333333,0
1418,ccc,ccc,known,ccc,0.62,0.0,normal,0.62,0
1419,ccc,ccb,known,ccb,0.22,0.0,normal,0.22,0
1420,ccb,cbb,known,cbb,0.696969696969697,0.0,normal,0.696969696969697,0
1421,cbb,bbb,known,bbb,0.5964912280701754,0.0,normal,0.5964912280701754,0
1422,bbb,bbb,known,bbb,0.7377938517179023,0.0,normal,0.7377938517179023,0
1423,bbb,bbb,known,bbb,0.7377938517179023,0.0,normal,0.7377938517179023,0
1424,bbb,bbb,known,bbb,0.7377938517179023,0.0,normal,0.7377938517179023,0
1425,bbb,bbb,known,bbb,0.7377938517179023,0.0,normal,0.7377938517179023,0
1426,bbb,bbc,known,bbc,0.06329113924050633,0.0,anomaly,0.06329113924050633,0
1427,bbc,bcc,known,bcc,0.3448275862068966,0.0,normal,0.3448275862068966,0
1428,bcc,ccb,known,ccb,0.6363636363636364,0.0,normal,0.6363636363636364,0
1429,ccb,cbb,known,cbb,0.696969696969697,0.0,normal,0.696969696969697,0
1430,cbb,bbb,known,bbb,0.5964912280701754,0.0,normal,0.5964912280701754,0
1431,bbb,bbb,known,bbb,0.7377938517179023,0.0,normal,0.7377938517179023,0
1432,bbb,bbb,known,bbb,0.7377938517179023,0.0,normal,0.7377938517179023,0
1433,bbb,bbb,known,bbb,0.7377938517179023,0.0,normal,0.7377938517179023,0
1434,bbb,bbb,known,bbb,0.7377938517179023,0.0,normal,0.7377938517179023,0
1435,bbb,bba,known,bba,0.19891500904159132,0.0,anomaly,0.19891500904159132,0
1436,bba,bab,known,bab,0.40555555555555556,0.0,normal,0.40555555555555556,0
1437,bab,abb,known,abb,0.46,0.0,normal,0.46,0
1438,abb,bbb,known,bbb,0.6132596685082873,0.0,normal,0.6132596685082873,0
1439,bbb,bbb,known,bbb,0.7377938517179023,0.0,normal,0.7377938517179023,0
1440,bbb,bbb,known,bbb,0.7377938517179023,0.0,normal,0.7377938517179023,0
1441,bbb,bbb,known,bbb,0.7377938517179023,0.0,normal,0.7377938517179023,0
1442,bbb,bbb,known,bbb,0.7377938517179023,0.0,normal,0.7377938517179023,0
1443,bbb,bbb,known,bbb,0.7377938517179023,0.0,normal,0.7377938517179023,0
1444,bbb,bbb,known,bbb,0.7377938517179023,0.0,normal,0.7377938517179023,0
1445,bbb,bbb,known,bbb,0.7377938517179023,0.0,normal,0.7377938517179023,0
1446,bbb,bbb,known,bbb,0.7377938517179023,0.0,normal,0.7377938517179023,0
1447,bbb,bbb,known,bbb,0.7377938517179023,0.0,normal,0.7377938517179023,0
1448,bbb,bbb,known,bbb,0.7377938517179023,0.0,normal,0.7377938517179023,0
1449,bbb,bbc,known,bbc,0.06329113924050633,0.0,anomaly,0.06329113924050633,0
1450,bbc,bcb,known,bcb,0.5344827586206896,0.0,normal,0.5344827586206896,0
1451,bcb,cbb,known,cbb,0.5471698113207547,0.0,normal,0.5471698113207547,0
1452,cbb,bbb,known,bbb,0.5964912280701754,0.0,normal,0.5964912280701754,0
1453,bbb,bbb,known,bbb,0.7377938517179023,0.0,normal,0.7377938517179023,0
1454,bbb,bbb,known,bbb,0.7377938517179023,0.0,normal,0.7377938517179023,0
1455,bbb,bbb,known,bbb,0.7377938517179023,0.0,normal,0.7377938517179023,0
1456,bbb,bbb,known,bbb,0.7377938517179023,0.0,normal,0.7377938517179023,0
1457,bbb,bbc,known,bbc,0.06329113924050633,0.0,anomaly,0.06329113924050633,0
1458,bbc,bcc,known,bcc,0.3448275862068966,0.0,normal,0.3448275862068966,0
1459,bcc,ccc,known,ccc,0.3333333333333333,0.0,normal,0.3333333333333333,0
1460,ccc,ccb,known,ccb,0.22,0.0,normal,0.22,0
1461,ccb,cbb,known,cbb,0.696969696969697,0.0,normal,0.696969696969697,0
1462,cbb,bbb,known,bbb,0.5964912280701754,0.0,normal,0.5964912280701754,0
1463,bbb,bbb,known,bbb,0.7377938517179023,0.0,normal,0.7377938517179023,0
1464,bbb,bbb,known,bbb,0.7377938517179023,0.0,normal,0.7377938517179023,0
1465,bbb,bbb,known,bbb,0.7377938517179023,0.0,normal,0.7377938517179023,0
1466,bbb,bbb,known,bbb,0.7377938517179023,0.0,normal,0.7377938517179023,0
1467,bbb,bbc,known,bbc,0.06329113924050633,0.0,anomaly,0.06329113924050633,0
1468,bbc,bcc,known,bcc,0.3448275862068966,0.0,normal,0.3448275862068966,0
1469,bcc,ccb,known,ccb,0.6363636363636364,0.0,normal,0.6363636363636364,0
1470,ccb,cbb,known,cbb,0.696969696969697,0.0,normal,0.696969696969697,0
1471,cbb,bbb,known,bbb,0.5964912280701754,0.0,normal,0.5964912280701754,0
1472,bbb,bbc,known,bbc,0.06329113924050633,0.0,anomaly,0.06329113924050633,0
1473,bbc,bcc,known,bcc,0.3448275862068966,0.0,normal,0.3448275862068966,0
1474,bcc,ccc,known,ccc,0.3333333333333333,0.0,normal,0.3333333333333333,0
1475,ccc,ccc,known,ccc,0.62,0.0,normal,0.62,0
1476,ccc,ccb,known,ccb,0.22,0.0,normal,0.22,0
1477,ccb,cbc,known,cbc,0.24242424242424243,0.0,normal,0.24242424242424243,0
1478,cbc,bcc,known,bcc,0.48,0.0,normal,0.48,0
1479,bcc,ccc,known,ccc,0.3333333333333333,0.0,normal,0.3333333333333333,0
1480,ccc,ccb,known,ccb,0.22,0.0,normal,0.22,0
1481,ccb,cbc,known,cbc,0.24242424242424243,0.0,normal,0.24242424242424243,0
1482,cbc,bcb,known,bcb,0.4,0.0,normal,0.4,0
1483,bcb,cbb,known,cbb,0.5471698113207547,0.0,normal,0.5471698113207547,0
1484,cbb,bbc,known,bbc,0.24561403508771928,0.0,normal,0.24561403508771928,0
1485,bbc,bcc,known,bcc,0.3448275862068966,0.0,normal,0.3448275862068966,0
1486,bcc,ccc,known,ccc,0.3333333333333333,0.0,normal,0.3333333333333333,0
1487,ccc,ccc,known,ccc,0.62,0.0,normal,0.62,0
1488,ccc,ccc,known,ccc,0.62,0.0,normal,0.62,0
1489,ccc,ccc,known,ccc,0.62,0.0,normal,0.62,0
1490,ccc,ccc,known,ccc,0.62,0.0,normal,0.62,0
1491,ccc,ccc,known,ccc,0.62,0.0,normal,0.62,0
1492,ccc,ccc,known,ccc,0.62,0.0,normal,0.62,0
1493,ccc,ccc,known,ccc,0.62,0.0,normal,0.62,0
1494,ccc,ccc,known,ccc,0.62,0.0,normal,0.62,0
1495,ccc,ccc,known,ccc,0.62,0.0,normal,0.62,0
1496,ccc,ccc,known,ccc,0.62,0.0,normal,0.62,0
1497,ccc,ccc,known,ccc,0.62,0.0,normal,0.62,0
1498,ccc,ccc,known,ccc,0.62,0.0,normal,0.62,0
1499,ccc,ccc,known,ccc,0.62,0.0,normal,0.62,0
1500,ccc,ccc,known,ccc,0.62,0.0,normal,0.62,0
1501,ccc,ccb,known,ccb,0.22,0.0,normal,0.22,0
1502,ccb,cbb,known,cbb,0.696969696969697,0.0,normal,0.696969696969697,0
1503,cbb,bbb,known,bbb,0.5964912280701754,0.0,normal,0.5964912280701754,0
1504,bbb,bbb,known,bbb,0.7377938517179023,0.0,normal,0.7377938517179023,0
1505,bbb,bbc,known,bbc,0.06329113924050633,0.0,anomaly,0.06329113924050633,0
1506,bbc,bcc,known,bcc,0.3448275862068966,0.0,normal,0.3448275862068966,0
1507,bcc,ccc,known,ccc,0.3333333333333333,0.0,normal,0.3333333333333333,0
1508,ccc,ccc,known,ccc,0.62,0.0,normal,0.62,0
1509,ccc,ccb,known,ccb,0.22,0.0,normal,0.22,0
1510,ccb,cbb,known,cbb,0.696969696969697,0.0,normal,0.696969696969697,0
1511,cbb,bbc,known,bbc,0.24561403508771928,0.0,normal,0.24561403508771928,0
