time_step,state,pattern,status,mapped_to,probability,path_probability,decision,confidence,distance
1,abb,bba,known,bba,0.32642487046632124,0.32642487046632124,normal,0.32642487046632124,0
2,bba,bab,known,bab,0.46994535519125685,0.15340185169455534,normal,0.46994535519125685,0
3,bab,abb,known,abb,0.4972677595628415,0.07628179510494282,normal,0.4972677595628415,0
4,abb,bba,known,bba,0.32642487046632124,0.02490027508606942,normal,0.32642487046632124,0
5,bba,bab,known,bab,0.46994535519125685,0.011701768619682897,normal,0.46994535519125685,0
6,bab,aba,known,aba,0.4426229508196721,0.005179471356253085,normal,0.4426229508196721,0
7,aba,baa,known,baa,0.5355191256830601,0.0027737059722011057,normal,0.5355191256830601,0
8,baa,aab,known,aab,0.30198019801980197,0.0008376042787339972,normal,0.30198019801980197,0
9,aab,aba,known,aba,0.4744897959183674,0.00039743468327684564,normal,0.4744897959183674,0
10,aba,baa,known,baa,0.5355191256830601,0.0002128338741045403,normal,0.5355191256830601,0
11,baa,aab,known,aab,0.30198019801980197,6.427161544741068e-05,normal,0.30198019801980197,0
12,aab,aba,known,aba,0.4744897959183674,3.049622569698568e-05,normal,0.4744897959183674,0
13,aba,baa,known,baa,0.5355191256830601,1.6331312121883044e-05,normal,0.5355191256830601,0
14,baa,aab,known,aab,0.30198019801980197,4.931732868489434e-06,normal,0.30198019801980197,0
15,aab,aba,known,aba,0.4744897959183674,2.3400569222934563e-06,normal,0.4744897959183674,0
16,aba,bab,known,bab,0.4371584699453552,1.0229757037348443e-06,normal,0.4371584699453552,0
17,bab,aba,known,aba,0.4426229508196721,4.527925246039475e-07,normal,0.4426229508196721,0
18,aba,bab,known,bab,0.4371584699453552,1.9794208725855626e-07,normal,0.4371584699453552,0
19,bab,abc,known,abc,0.060109289617486336,1.189815825051431e-08,anomaly,0.060109289617486336,0
20,abc,bcb,known,bcb,0.9444444444444444,1.123714945881907e-08,normal,0.9444444444444444,0
21,bcb,cbb,known,cbb,0.5491803278688525,6.171221424105555e-09,normal,0.5491803278688525,0
22,cbb,bbb,known,bbb,0.6238532110091743,3.84993630127686e-09,normal,0.6238532110091743,0
23,bbb,bba,known,bba,0.1781305114638448,6.857911224496699e-10,anomaly,0.1781305114638448,0
24,bba,bab,known,bab,0.46994535519125685,3.222843526266209e-10,normal,0.46994535519125685,0
25,bab,abb,known,abb,0.4972677595628415,1.6026161797280056e-10,normal,0.4972677595628415,0
26,abb,bbb,known,bbb,0.5647668393782384,9.051044745614125e-11,normal,0.5647668393782384,0
27,bbb,bbc,known,bbc,0.13403880070546736,1.2131911828336393e-11,anomaly,0.13403880070546736,0
28,bbc,bcb,known,bcb,0.5798319327731093,7.034469883657237e-12,normal,0.5798319327731093,0
29,bcb,cba,known,cba,0.1557377049180328,1.0955321949957992e-12,anomaly,0.1557377049180328,0
30,cba,bab,known,bab,0.5666666666666667,6.208015771642862e-13,normal,0.5666666666666667,0
31,bab,aba,known,aba,0.4426229508196721,2.7478102595796275e-13,normal,0.4426229508196721,0
32,aba,bab,known,bab,0.4371584699453552,1.2012285287779793e-13,normal,0.4371584699453552,0
33,bab,abb,known,abb,0.4972677595628415,5.973322192283941e-14,normal,0.4972677595628415,0
34,abb,bbc,known,bbc,0.09844559585492228,5.880472624528232e-15,anomaly,0.09844559585492228,0
35,bbc,bcb,known,bcb,0.5798319327731093,3.4096858074995633e-15,normal,0.5798319327731093,0
36,bcb,cbb,known,cbb,0.5491803278688525,1.8725323696923833e-15,normal,0.5491803278688525,0
37,cbb,bbb,known,bbb,0.6238532110091743,1.1681853315512118e-15,normal,0.6238532110091743,0
38,bbb,bbb,known,bbb,0.6860670194003528,8.014534285245527e-16,normal,0.6860670194003528,0
39,bbb,bbb,known,bbb,0.6860670194003528,5.498507648960336e-16,normal,0.6860670194003528,0
40,bbb,bba,known,bba,0.1781305114638448,9.794519797971673e-17,anomaly,0.1781305114638448,0
41,bba,bab,known,bab,0.46994535519125685,4.602889085385595e-17,normal,0.46994535519125685,0
42,bab,aba,known,aba,0.4426229508196721,2.037344349269034e-17,normal,0.4426229508196721,0
43,aba,baa,known,baa,0.5355191256830601,1.0910368646358762e-17,normal,0.5355191256830601,0
44,baa,aaa,known,aaa,0.6633663366336634,7.237571280257794e-18,normal,0.6633663366336634,0
45,aaa,aab,known,aab,0.08827404479578392,6.388896914061557e-19,anomaly,0.08827404479578392,0
46,aab,abb,known,abb,0.49489795918367346,3.1618520442039336e-19,normal,0.49489795918367346,0
47,abb,bbb,known,bbb,0.5647668393782384,1.7857091855866775e-19,normal,0.5647668393782384,0
48,bbb,bbb,known,bbb,0.6860670194003528,1.2251161784712833e-19,normal,0.6860670194003528,0
49,bbb,bbb,known,bbb,0.6860670194003528,8.40511804982944e-20,normal,0.6860670194003528,0
50,bbb,bba,known,bba,0.1781305114638448,1.4972079771301116e-20,anomaly,0.1781305114638448,0
51,bba,bab,known,bab,0.46994535519125685,7.036059346075934e-21,normal,0.46994535519125685,0
52,bab,aba,known,aba,0.4426229508196721,3.1143213499024625e-21,normal,0.4426229508196721,0
53,aba,bab,known,bab,0.4371584699453552,1.3614519562415137e-21,normal,0.4371584699453552,0
54,bab,abb,known,abb,0.4972677595628415,6.770061640326652e-22,normal,0.4972677595628415,0
55,abb,bbb,known,bbb,0.5647668393782384,3.8235063150031354e-22,normal,0.5647668393782384,0
56,bbb,bbb,known,bbb,0.6860670194003528,2.6231815811926273e-22,normal,0.6860670194003528,0
57,bbb,bba,known,bba,0.1781305114638448,4.672686767203798e-23,anomaly,0.1781305114638448,0
58,bba,bac,known,bac,0.0273224043715847,1.2766903735529502e-24,anomaly,0.0273224043715847,0
59,bac,aca,known,aca,0.4,5.106761494211801e-25,normal,0.4,0
60,aca,cab,known,cab,0.5454545454545454,2.785506269570073e-25,normal,0.5454545454545454,0
61,cab,aba,known,aba,0.5384615384615384,1.4998879913069624e-25,normal,0.5384615384615384,0
62,aba,bab,known,bab,0.4371584699453552,6.556887393691639e-26,normal,0.4371584699453552,0
63,bab,aba,known,aba,0.4426229508196721,2.902228846388103e-26,normal,0.4426229508196721,0
64,aba,bab,known,bab,0.4371584699453552,1.2687339219182962e-26,normal,0.4371584699453552,0
65,bab,aba,known,aba,0.4426229508196721,5.615707523244918e-27,normal,0.4426229508196721,0
66,aba,baa,known,baa,0.5355191256830601,3.0073187829399016e-27,normal,0.5355191256830601,0
67,baa,aab,known,aab,0.30198019801980197,9.081507215808614e-28,normal,0.30198019801980197,0
68,aab,aba,known,aba,0.4744897959183674,4.30908250546021e-28,normal,0.4744897959183674,0
69,aba,bab,known,bab,0.4371584699453552,1.8837519149552828e-28,normal,0.4371584699453552,0
70,bab,abb,known,abb,0.4972677595628415,9.367290943220259e-29,normal,0.4972677595628415,0
71,abb,bba,known,bba,0.32642487046632124,3.057716732761017e-29,normal,0.32642487046632124,0
72,bba,bab,known,bab,0.46994535519125685,1.4369597760516257e-29,normal,0.46994535519125685,0
73,bab,aba,known,aba,0.4426229508196721,6.360313762851457e-30,normal,0.4426229508196721,0
74,aba,baa,known,baa,0.5355191256830601,3.4060696653521465e-30,normal,0.5355191256830601,0
75,baa,aab,known,aab,0.30198019801980197,1.0285655920122819e-30,normal,0.30198019801980197,0
76,aab,aba,known,aba,0.4744897959183674,4.880438778425624e-31,normal,0.4744897959183674,0
77,aba,bab,known,bab,0.4371584699453552,2.133525149038524e-31,normal,0.4371584699453552,0
78,bab,aba,known,aba,0.4426229508196721,9.443471971154122e-32,normal,0.4426229508196721,0
79,aba,baa,known,baa,0.5355191256830601,5.05715985340494e-32,normal,0.5355191256830601,0
80,baa,aab,known,aab,0.30198019801980197,1.5271621339490164e-32,normal,0.30198019801980197,0
81,aab,aba,known,aba,0.4744897959183674,7.246228492717272e-33,normal,0.4744897959183674,0
82,aba,baa,known,baa,0.5355191256830601,3.8804939469196327e-33,normal,0.5355191256830601,0
83,baa,aaa,known,aaa,0.6633663366336634,2.574189053897182e-33,normal,0.6633663366336634,0
84,aaa,aaa,known,aaa,0.9110671936758893,2.3452591973252982e-33,normal,0.9110671936758893,0
85,aaa,aaa,known,aaa,0.9110671936758893,2.136688715349728e-33,normal,0.9110671936758893,0
86,aaa,aaa,known,aaa,0.9110671936758893,1.9466669916526178e-33,normal,0.9110671936758893,0
87,aaa,aaa,known,aaa,0.9110671936758893,1.7735444331064362e-33,normal,0.9110671936758893,0
88,aaa,aaa,known,aaa,0.9110671936758893,1.6158181495297768e-33,normal,0.9110671936758893,0
89,aaa,aaa,known,aaa,0.9110671936758893,1.4721189069826622e-33,normal,0.9110671936758893,0
90,aaa,aaa,known,aaa,0.9110671936758893,1.3411992413419115e-33,normal,0.9110671936758893,0
91,aaa,aaa,known,aaa,0.9110671936758893,1.2219226289696072e-33,normal,0.9110671936758893,0
92,aaa,aaa,known,aaa,0.9110671936758893,1.1132536204644048e-33,normal,0.9110671936758893,0
93,aaa,aaa,known,aaa,0.9110671936758893,1.0142488518460288e-33,normal,0.9110671936758893,0
94,aaa,aaa,known,aaa,0.9110671936758893,9.240488551403542e-34,normal,0.9110671936758893,0
95,aaa,aaa,known,aaa,0.9110671936758893,8.418705972721408e-34,normal,0.9110671936758893,0
96,aaa,aaa,known,aaa,0.9110671936758893,7.670006824949742e-34,normal,0.9110671936758893,0
97,aaa,aaa,known,aaa,0.9110671936758893,6.987891593481879e-34,normal,0.9110671936758893,0
98,aaa,aaa,known,aaa,0.9110671936758893,6.366438783784874e-34,normal,0.9110671936758893,0
99,aaa,aaa,known,aaa,0.9110671936758893,5.8002535164522265e-34,normal,0.9110671936758893,0
100,aaa,aaa,known,aaa,0.9110671936758893,5.284420693842839e-34,normal,0.9110671936758893,0
101,aaa,aaa,known,aaa,0.9110671936758893,4.814462331742191e-34,normal,0.9110671936758893,0
102,aaa,aaa,known,aaa,0.9110671936758893,4.386298685638636e-34,normal,0.9110671936758893,0
103,aaa,aaa,known,aaa,0.9110671936758893,3.996212834149034e-34,normal,0.9110671936758893,0
104,aaa,aaa,known,aaa,0.9110671936758893,3.6408184121397323e-34,normal,0.9110671936758893,0
105,aaa,aaa,known,aaa,0.9110671936758893,3.3170302134316533e-34,normal,0.9110671936758893,0
106,aaa,aaa,known,aaa,0.9110671936758893,3.0220374078893126e-34,normal,0.9110671936758893,0
107,aaa,aab,known,aab,0.08827404479578392,2.667674655185559e-35,anomaly,0.08827404479578392,0
108,aab,aba,known,aba,0.4744897959183674,1.2657844027155968e-35,normal,0.4744897959183674,0
109,aba,baa,known,baa,0.5355191256830601,6.778517566455109e-36,normal,0.5355191256830601,0
110,baa,aaa,known,aaa,0.6633663366336634,4.496640365866261e-36,normal,0.6633663366336634,0
111,aaa,aaa,known,aaa,0.9110671936758893,4.096741519099498e-36,normal,0.9110671936758893,0
112,aaa,aaa,known,aaa,0.9110671936758893,3.7324067990214796e-36,normal,0.9110671936758893,0
113,aaa,aaa,known,aaa,0.9110671936758893,3.4004733880413085e-36,normal,0.9110671936758893,0
114,aaa,aaa,known,aaa,0.9110671936758893,3.0980597468123385e-36,normal,0.9110671936758893,0
115,aaa,aaa,known,aaa,0.9110671936758893,2.8225405993685534e-36,normal,0.9110671936758893,0
116,aaa,aab,known,aab,0.08827404479578392,2.491570753065785e-37,anomaly,0.08827404479578392,0
117,aab,aba,known,aba,0.4744897959183674,1.1822248981383572e-37,normal,0.4744897959183674,0
118,aba,bab,known,bab,0.4371584699453552,5.168196276014676e-38,normal,0.4371584699453552,0
119,bab,aba,known,aba,0.4426229508196721,2.2875622861048567e-38,normal,0.4426229508196721,0
120,aba,baa,known,baa,0.5355191256830601,1.2250333554004152e-38,normal,0.5355191256830601,0
121,baa,aaa,known,aaa,0.6633663366336634,8.126458892260181e-39,normal,0.6633663366336634,0
122,aaa,aaa,known,aaa,0.9110671936758893,7.403750097493959e-39,normal,0.9110671936758893,0
123,aaa,aaa,known,aaa,0.9110671936758893,6.745313824001413e-39,normal,0.9110671936758893,0
124,aaa,aaa,known,aaa,0.9110671936758893,6.145434136096149e-39,normal,0.9110671936758893,0
125,aaa,aaa,known,aaa,0.9110671936758893,5.5989034322931314e-39,normal,0.9110671936758893,0
126,aaa,aaa,known,aaa,0.9110671936758893,5.100977237721608e-39,normal,0.9110671936758893,0
127,aaa,aaa,known,aaa,0.9110671936758893,4.647333016975615e-39,normal,0.9110671936758893,0
128,aaa,aaa,known,aaa,0.9110671936758893,4.2340326498532774e-39,normal,0.9110671936758893,0
129,aaa,aaa,known,aaa,0.9110671936758893,3.8574882442339146e-39,normal,0.9110671936758893,0
130,aaa,aaa,known,aaa,0.9110671936758893,3.514430989311926e-39,normal,0.9110671936758893,0
131,aaa,aaa,known,aaa,0.9110671936758893,3.201882778799996e-39,normal,0.9110671936758893,0
132,aaa,aaa,known,aaa,0.9110671936758893,2.9171303577604704e-39,normal,0.9110671936758893,0
133,aaa,aaa,known,aaa,0.9110671936758893,2.6577017686315747e-39,normal,0.9110671936758893,0
134,aaa,aaa,known,aaa,0.9110671936758893,2.4213448919746164e-39,normal,0.9110671936758893,0
135,aaa,aaa,known,aaa,0.9110671936758893,2.206007895652763e-39,normal,0.9110671936758893,0
136,aaa,aaa,known,aaa,0.9110671936758893,2.009821422719217e-39,normal,0.9110671936758893,0
137,aaa,aaa,known,aaa,0.9110671936758893,1.8310823633864802e-39,normal,0.9110671936758893,0
138,aaa,aaa,known,aaa,0.9110671936758893,1.6682390701999354e-39,normal,0.9110671936758893,0
139,aaa,aaa,known,aaa,0.9110671936758893,1.51987788806753e-39,normal,0.9110671936758893,0
140,aaa,aaa,known,aaa,0.9110671936758893,1.3847108822117221e-39,normal,0.9110671936758893,0
141,aaa,aaa,known,aaa,0.9110671936758893,1.2615646575090985e-39,normal,0.9110671936758893,0
142,aaa,aaa,known,aaa,0.9110671936758893,1.1493701721574989e-39,normal,0.9110671936758893,0
143,aaa,aaa,known,aaa,0.9110671936758893,1.0471534572423062e-39,normal,0.9110671936758893,0
144,aaa,aaa,known,aaa,0.9110671936758893,9.540271616377533e-40,normal,0.9110671936758893,0
145,aaa,aaa,known,aaa,0.9110671936758893,8.69182848843882e-40,normal,0.9110671936758893,0
146,aaa,aaa,known,aaa,0.9110671936758893,7.918839788874102e-40,normal,0.9110671936758893,0
147,aaa,aaa,known,aaa,0.9110671936758893,7.2145951436184995e-40,normal,0.9110671936758893,0
148,aaa,aaa,known,aaa,0.9110671936758893,6.572980951004206e-40,normal,0.9110671936758893,0
149,aaa,aaa,known,aaa,0.9110671936758893,5.9884273091164796e-40,normal,0.9110671936758893,0
150,aaa,aaa,known,aaa,0.9110671936758893,5.4558596630488085e-40,normal,0.9110671936758893,0
151,aaa,aaa,known,aaa,0.9110671936758893,4.970654752303361e-40,normal,0.9110671936758893,0
152,aaa,aaa,known,aaa,0.9110671936758893,4.528600475912746e-40,normal,0.9110671936758893,0
153,aaa,aaa,known,aaa,0.9110671936758893,4.125859326869122e-40,normal,0.9110671936758893,0
154,aaa,aab,known,aab,0.08827404479578392,3.642062910411478e-41,anomaly,0.08827404479578392,0
155,aab,aba,known,aba,0.4744897959183674,1.7281216870829974e-41,normal,0.4744897959183674,0
156,aba,bab,known,bab,0.4371584699453552,7.55463032604589e-42,normal,0.4371584699453552,0
157,bab,abb,known,abb,0.4972677595628415,3.756674096558339e-42,normal,0.4972677595628415,0
158,abb,bbb,known,bbb,0.5647668393782384,2.121644956087352e-42,normal,0.5647668393782384,0
159,bbb,bbb,known,bbb,0.6860670194003528,1.455590631248642e-42,normal,0.6860670194003528,0
160,bbb,bba,known,bba,0.1781305114638448,2.5928510362630126e-43,anomaly,0.1781305114638448,0
161,bba,bab,known,bab,0.46994535519125685,1.2184983011946399e-43,normal,0.46994535519125685,0
162,bab,aba,known,aba,0.4426229508196721,5.393353136435291e-44,normal,0.4426229508196721,0
163,aba,baa,known,baa,0.5355191256830601,2.8882437561238174e-44,normal,0.5355191256830601,0
164,baa,aab,known,aab,0.30198019801980197,8.72192421403727e-45,normal,0.30198019801980197,0
165,aab,aba,known,aba,0.4744897959183674,4.138464040334011e-45,normal,0.4744897959183674,0
166,aba,baa,known,baa,0.5355191256830601,2.2162266445504543e-45,normal,0.5355191256830601,0
167,baa,aab,known,aab,0.30198019801980197,6.692565609781075e-46,normal,0.30198019801980197,0
168,aab,abb,known,abb,0.49489795918367346,3.312137061983491e-46,normal,0.49489795918367346,0
169,abb,bbb,known,bbb,0.5647668393782384,1.8705851800839407e-46,normal,0.5647668393782384,0
170,bbb,bbb,known,bbb,0.6860670194003528,1.2833467990346613e-46,normal,0.6860670194003528,0
171,bbb,bbb,known,bbb,0.6860670194003528,8.804619132706937e-47,normal,0.6860670194003528,0
172,bbb,bba,known,bba,0.1781305114638448,1.5683713093534401e-47,anomaly,0.1781305114638448,0
173,bba,baa,known,baa,0.5027322404371585,7.884708221886147e-48,normal,0.5027322404371585,0
174,baa,aaa,known,aaa,0.6633663366336634,5.2304500085779397e-48,normal,0.6633663366336634,0
175,aaa,aab,known,aab,0.08827404479578392,4.6171297835931745e-49,anomaly,0.08827404479578392,0
176,aab,abb,known,abb,0.49489795918367346,2.285008107186418e-49,normal,0.49489795918367346,0
177,abb,bbc,known,bbc,0.09844559585492228,2.2494898464529506e-50,anomaly,0.09844559585492228,0
178,bbc,bcb,known,bcb,0.5798319327731093,1.3043260454222993e-50,normal,0.5798319327731093,0
179,bcb,cbb,known,cbb,0.5491803278688525,7.163102052729021e-51,normal,0.5491803278688525,0
180,cbb,bbb,known,bbb,0.6238532110091743,4.468724216381408e-51,normal,0.6238532110091743,0
181,bbb,bba,known,bba,0.1781305114638448,7.960161302548893e-52,anomaly,0.1781305114638448,0
182,bba,bab,known,bab,0.46994535519125685,3.740840830706037e-52,normal,0.46994535519125685,0
183,bab,abb,known,abb,0.4972677595628415,1.8601995387663902e-52,normal,0.4972677595628415,0
184,abb,bbb,known,bbb,0.5647668393782384,1.0505790141219509e-52,normal,0.5647668393782384,0
185,bbb,bbb,known,bbb,0.6860670194003528,7.207676128632079e-53,normal,0.6860670194003528,0
186,bbb,bbb,known,bbb,0.6860670194003528,4.944948878373684e-53,normal,0.6860670194003528,0
187,bbb,bbb,known,bbb,0.6860670194003528,3.392566338072951e-53,normal,0.6860670194003528,0
188,bbb,bbb,known,bbb,0.6860670194003528,2.3275278756796787e-53,normal,0.6860670194003528,0
189,bbb,bbb,known,bbb,0.6860670194003528,1.596840112238792e-53,normal,0.6860670194003528,0
190,bbb,bbb,known,bbb,0.6860670194003528,1.0955393362625928e-53,normal,0.6860670194003528,0
191,bbb,bbb,known,bbb,0.6860670194003528,7.516134070655178e-54,normal,0.6860670194003528,0
192,bbb,bbb,known,bbb,0.6860670194003528,5.156571699267838e-54,normal,0.6860670194003528,0
193,bbb,bbc,known,bbc,0.13403880070546736,6.91180686321615e-55,anomaly,0.13403880070546736,0
194,bbc,bcb,known,bcb,0.5798319327731093,4.007686332453062e-55,normal,0.5798319327731093,0
195,bcb,cbb,known,cbb,0.5491803278688525,2.200942494052092e-55,normal,0.5491803278688525,0
196,cbb,bbb,known,bbb,0.6238532110091743,1.3730650421609381e-55,normal,0.6238532110091743,0
197,bbb,bbc,known,bbc,0.13403880070546736,1.8404399154185413e-56,anomaly,0.13403880070546736,0
198,bbc,bcb,known,bcb,0.5798319327731093,1.0671458333099105e-56,normal,0.5798319327731093,0
199,bcb,cbc,known,cbc,0.29508196721311475,3.1489549179636704e-57,normal,0.29508196721311475,0
200,cbc,bcb,known,bcb,0.4861111111111111,1.5307419740101175e-57,normal,0.4861111111111111,0
201,bcb,cbb,known,cbb,0.5491803278688525,8.406533791694908e-58,normal,0.5491803278688525,0
202,cbb,bba,known,bba,0.1651376146788991,1.3882349380780583e-58,anomaly,0.1651376146788991,0
203,bba,bab,known,bab,0.46994535519125685,6.5239456106400555e-59,normal,0.46994535519125685,0
204,bab,abb,known,abb,0.4972677595628415,3.2441478173128145e-59,normal,0.4972677595628415,0
205,abb,bbb,known,bbb,0.5647668393782384,1.8321871092595688e-59,normal,0.5647668393782384,0
206,bbb,bbb,known,bbb,0.6860670194003528,1.2570031490334608e-59,normal,0.6860670194003528,0
207,bbb,bbb,known,bbb,0.6860670194003528,8.623884038342439e-60,normal,0.6860670194003528,0
208,bbb,bba,known,bba,0.1781305114638448,1.536176874554826e-60,anomaly,0.1781305114638448,0
209,bba,baa,known,baa,0.5027322404371585,7.722856418526993e-61,normal,0.5027322404371585,0
210,baa,aaa,known,aaa,0.6633663366336634,5.1230829707060254e-61,normal,0.6633663366336634,0
211,aaa,aaa,known,aaa,0.9110671936758893,4.667472825089877e-61,normal,0.9110671936758893,0
212,aaa,aaa,known,aaa,0.9110671936758893,4.252381368313109e-61,normal,0.9110671936758893,0
213,aaa,aaa,known,aaa,0.9110671936758893,3.874205159668662e-61,normal,0.9110671936758893,0
214,aaa,aaa,known,aaa,0.9110671936758893,3.529661222543979e-61,normal,0.9110671936758893,0
215,aaa,aaa,known,aaa,0.9110671936758893,3.2157585446497515e-61,normal,0.9110671936758893,0
216,aaa,aaa,known,aaa,0.9110671936758893,2.929772112813311e-61,normal,0.9110671936758893,0
217,aaa,aaa,known,aaa,0.9110671936758893,2.669219256930704e-61,normal,0.9110671936758893,0
218,aaa,aaa,known,aaa,0.9110671936758893,2.431838097717499e-61,normal,0.9110671936758893,0
219,aaa,aaa,known,aaa,0.9110671936758893,2.215567911161595e-61,normal,0.9110671936758893,0
220,aaa,aaa,known,aaa,0.9110671936758893,2.018531239220346e-61,normal,0.9110671936758893,0
221,aaa,aaa,known,aaa,0.9110671936758893,1.839017591463596e-61,normal,0.9110671936758893,0
222,aaa,aaa,known,aaa,0.9110671936758893,1.6754685961753315e-61,normal,0.9110671936758893,0
223,aaa,aaa,known,aaa,0.9110671936758893,1.5264644720095412e-61,normal,0.9110671936758893,0
224,aaa,aaa,known,aaa,0.9110671936758893,1.3907117027596807e-61,normal,0.9110671936758893,0
225,aaa,aaa,known,aaa,0.9110671936758893,1.2670318082454798e-61,normal,0.9110671936758893,0
226,aaa,aaa,known,aaa,0.9110671936758893,1.1543511138362968e-61,normal,0.9110671936758893,0
227,aaa,aaa,known,aaa,0.9110671936758893,1.051691429799472e-61,normal,0.9110671936758893,0
228,aaa,aaa,known,aaa,0.9110671936758893,9.581615595603885e-62,normal,0.9110671936758893,0
229,aaa,aaa,known,aaa,0.9110671936758893,8.729495631567966e-62,normal,0.9110671936758893,0
230,aaa,aaa,known,aaa,0.9110671936758893,7.95315708725856e-62,normal,0.9110671936758893,0
231,aaa,aaa,known,aaa,0.9110671936758893,7.245860508352167e-62,normal,0.9110671936758893,0
232,aaa,aaa,known,aaa,0.9110671936758893,6.601465799111361e-62,normal,0.9110671936758893,0
233,aaa,aaa,known,aaa,0.9110671936758893,6.014378919743749e-62,normal,0.9110671936758893,0
234,aaa,aaa,known,aaa,0.9110671936758893,5.479503324114364e-62,normal,0.9110671936758893,0
235,aaa,aaa,known,aaa,0.9110671936758893,4.992195716238581e-62,normal,0.9110671936758893,0
236,aaa,aaa,known,aaa,0.9110671936758893,4.5482257414742804e-62,normal,0.9110671936758893,0
237,aaa,aaa,known,aaa,0.9110671936758893,4.143739262489414e-62,normal,0.9110671936758893,0
238,aaa,aaa,known,aaa,0.9110671936758893,3.7752249012008294e-62,normal,0.9110671936758893,0
239,aaa,aaa,known,aaa,0.9110671936758893,3.439483556232376e-62,normal,0.9110671936758893,0
240,aaa,aaa,known,aaa,0.9110671936758893,3.1336006312709987e-62,normal,0.9110671936758893,0
241,aaa,aaa,known,aaa,0.9110671936758893,2.8549207332330637e-62,normal,0.9110671936758893,0
242,aaa,aaa,known,aaa,0.9110671936758893,2.6010246205937595e-62,normal,0.9110671936758893,0
243,aaa,aaa,known,aaa,0.9110671936758893,2.369708201766251e-62,normal,0.9110671936758893,0
244,aaa,aaa,known,aaa,0.9110671936758893,2.1589634012139164e-62,normal,0.9110671936758893,0
245,aaa,aaa,known,aaa,0.9110671936758893,1.9669607271929157e-62,normal,0.9110671936758893,0
246,aaa,aaa,known,aaa,0.9110671936758893,1.792033389794336e-62,normal,0.9110671936758893,0
247,aaa,aaa,known,aaa,0.9110671936758893,1.6326628314134167e-62,normal,0.9110671936758893,0
248,aaa,aaa,known,aaa,0.9110671936758893,1.4874655440347532e-62,normal,0.9110671936758893,0
249,aaa,aaa,known,aaa,0.9110671936758893,1.3551810588933225e-62,normal,0.9110671936758893,0
250,aaa,aaa,known,aaa,0.9110671936758893,1.2346610042486594e-62,normal,0.9110671936758893,0
251,aaa,aaa,known,aaa,0.9110671936758893,1.1248591362818814e-62,normal,0.9110671936758893,0
252,aaa,aaa,known,aaa,0.9110671936758893,1.0248222565730184e-62,normal,0.9110671936758893,0
253,aaa,aaa,known,aaa,0.9110671936758893,9.336819373125721e-63,normal,0.9110671936758893,0
254,aaa,aaa,known,aaa,0.9110671936758893,8.506469824132326e-63,normal,0.9110671936758893,0
255,aaa,aaa,known,aaa,0.9110671936758893,7.749965590760875e-63,normal,0.9110671936758893,0
256,aaa,aaa,known,aaa,0.9110671936758893,7.060739401859216e-63,normal,0.9110671936758893,0
257,aaa,aaa,known,aaa,0.9110671936758893,6.432808032128653e-63,normal,0.9110671936758893,0
258,aaa,aaa,known,aaa,0.9110671936758893,5.860720361287172e-63,normal,0.9110671936758893,0
259,aaa,aaa,known,aaa,0.9110671936758893,5.339510052477048e-63,normal,0.9110671936758893,0
260,aaa,aaa,known,aaa,0.9110671936758893,4.864652439114465e-63,normal,0.9110671936758893,0
261,aaa,aaa,known,aaa,0.9110671936758893,4.432025245912585e-63,normal,0.9110671936758893,0
262,aaa,aaa,known,aaa,0.9110671936758893,4.0378728030942723e-63,normal,0.9110671936758893,0
263,aaa,aaa,known,aaa,0.9110671936758893,3.678773443135295e-63,normal,0.9110671936758893,0
264,aaa,aaa,known,aaa,0.9110671936758893,3.351609797006662e-63,normal,0.9110671936758893,0
265,aaa,aaa,known,aaa,0.9110671936758893,3.0535417320554767e-63,normal,0.9110671936758893,0
266,aaa,aaa,known,aaa,0.9110671936758893,2.7819816965959976e-63,normal,0.9110671936758893,0
267,aaa,aaa,known,aaa,0.9110671936758893,2.534572257175405e-63,normal,0.9110671936758893,0
268,aaa,aaa,known,aaa,0.9110671936758893,2.3091656335135606e-63,normal,0.9110671936758893,0
269,aaa,aaa,known,aaa,0.9110671936758893,2.1038050534580067e-63,normal,0.9110671936758893,0
270,aaa,aaa,known,aaa,0.9110671936758893,1.9167077660951404e-63,normal,0.9110671936758893,0
271,aaa,aaa,known,aaa,0.9110671936758893,1.7462495655530824e-63,normal,0.9110671936758893,0
272,aaa,aaa,known,aaa,0.9110671936758893,1.5909506911461878e-63,normal,0.9110671936758893,0
273,aaa,aaa,known,aaa,0.9110671936758893,1.4494629814592738e-63,normal,0.9110671936758893,0
274,aaa,aaa,known,aaa,0.9110671936758893,1.3205581708551882e-63,normal,0.9110671936758893,0
275,aaa,aaa,known,aaa,0.9110671936758893,1.2031172268068019e-63,normal,0.9110671936758893,0
276,aaa,aaa,known,aaa,0.9110671936758893,1.0961206354899915e-63,normal,0.9110671936758893,0
277,aaa,aaa,known,aaa,0.9110671936758893,9.986395513060988e-64,normal,0.9110671936758893,0
278,aaa,aaa,known,aaa,0.9110671936758893,9.098277335021967e-64,normal,0.9110671936758893,0
279,aaa,aaa,known,aaa,0.9110671936758893,8.289141998903413e-64,normal,0.9110671936758893,0
280,aaa,aaa,known,aaa,0.9110671936758893,7.551965338921883e-64,normal,0.9110671936758893,0
281,aaa,aaa,known,aaa,0.9110671936758893,6.880347868069146e-64,normal,0.9110671936758893,0
282,aaa,aaa,known,aaa,0.9110671936758893,6.268459223675644e-64,normal,0.9110671936758893,0
283,aaa,aaa,known,aaa,0.9110671936758893,5.710987553585913e-64,normal,0.9110671936758893,0
284,aaa,aaa,known,aaa,0.9110671936758893,5.20309340356345e-64,normal,0.9110671936758893,0
285,aaa,aaa,known,aaa,0.9110671936758893,4.7403677056180834e-64,normal,0.9110671936758893,0
286,aaa,aaa,known,aaa,0.9110671936758893,4.318793502549281e-64,normal,0.9110671936758893,0
287,aaa,aaa,known,aaa,0.9110671936758893,3.934711076433238e-64,normal,0.9110671936758893,0
288,aaa,aaa,known,aaa,0.9110671936758893,3.584786178331468e-64,normal,0.9110671936758893,0
289,aaa,aaa,known,aaa,0.9110671936758893,3.2659810834205664e-64,normal,0.9110671936758893,0
290,aaa,aaa,known,aaa,0.9110671936758893,2.975528220270516e-64,normal,0.9110671936758893,0
291,aaa,aaa,known,aaa,0.9110671936758893,2.7109061453452723e-64,normal,0.9110671936758893,0
292,aaa,aaa,known,aaa,0.9110671936758893,2.4698176541584398e-64,normal,0.9110671936758893,0
293,aaa,aab,known,aab,0.08827404479578392,2.1802079424060006e-65,anomaly,0.08827404479578392,0
294,aab,abb,known,abb,0.49489795918367346,1.0789804612927657e-65,normal,0.49489795918367346,0
295,abb,bbb,known,bbb,0.5647668393782384,6.09372384875189e-66,normal,0.5647668393782384,0
296,bbb,bba,known,bba,0.1781305114638448,1.0854781458976029e-66,anomaly,0.1781305114638448,0
297,bba,baa,known,baa,0.5027322404371585,5.4570486023267466e-67,normal,0.5027322404371585,0
298,baa,aab,known,aab,0.30198019801980197,1.6479206175343145e-67,normal,0.30198019801980197,0
299,aab,abb,known,abb,0.49489795918367346,8.155525505144312e-68,normal,0.49489795918367346,0
300,abb,bba,known,bba,0.32642487046632124,2.662166356601511e-68,normal,0.32642487046632124,0
301,bba,bab,known,bab,0.46994535519125685,1.2510727140313112e-68,normal,0.46994535519125685,0
302,bab,abb,known,abb,0.4972677595628415,6.221181255565536e-69,normal,0.4972677595628415,0
303,abb,bbb,known,bbb,0.5647668393782384,3.5135168749048884e-69,normal,0.5647668393782384,0
304,bbb,bbc,known,bbc,0.13403880070546736,4.7094758817067284e-70,anomaly,0.13403880070546736,0
305,bbc,bcb,known,bcb,0.5798319327731093,2.7307045028383554e-70,normal,0.5798319327731093,0
306,bcb,cbc,known,cbc,0.29508196721311475,8.057816565752524e-71,normal,0.29508196721311475,0
307,cbc,bcb,known,bcb,0.4861111111111111,3.916994163907477e-71,normal,0.4861111111111111,0
308,bcb,cba,known,cba,0.1557377049180328,6.100236812642793e-72,anomaly,0.1557377049180328,0
309,cba,bab,known,bab,0.5666666666666667,3.4568008604975823e-72,normal,0.5666666666666667,0
310,bab,abb,known,abb,0.4972677595628415,1.7189556191545355e-72,normal,0.4972677595628415,0
311,abb,bbb,known,bbb,0.5647668393782384,9.708091320613699e-73,normal,0.5647668393782384,0
312,bbb,bbb,known,bbb,0.6860670194003528,6.660401276399874e-73,normal,0.6860670194003528,0
313,bbb,bbb,known,bbb,0.6860670194003528,4.569481651709967e-73,normal,0.6860670194003528,0
314,bbb,bbb,known,bbb,0.6860670194003528,3.134970656993258e-73,normal,0.6860670194003528,0
315,bbb,bbb,known,bbb,0.6860670194003528,2.15079997455093e-73,normal,0.6860670194003528,0
316,bbb,bbb,known,bbb,0.6860670194003528,1.4755929278665113e-73,normal,0.6860670194003528,0
317,bbb,bbb,known,bbb,0.6860670194003528,1.0123556418696172e-73,normal,0.6860670194003528,0
318,bbb,bbc,known,bbc,0.13403880070546736,1.3569493612361712e-74,anomaly,0.13403880070546736,0
319,bbc,bcc,known,bcc,0.3277310924369748,4.447144965395855e-75,normal,0.3277310924369748,0
320,bcc,ccb,known,ccb,0.6229508196721312,2.7703526013941393e-75,normal,0.6229508196721312,0
321,ccb,cbb,known,cbb,0.5294117647058824,1.4666572595616031e-75,normal,0.5294117647058824,0
322,cbb,bbb,known,bbb,0.6238532110091743,9.149788408274222e-76,normal,0.6238532110091743,0
323,bbb,bbb,known,bbb,0.6860670194003528,6.277368061408594e-76,normal,0.6860670194003528,0
324,bbb,bbc,known,bbc,0.13403880070546736,8.414108865380126e-77,anomaly,0.13403880070546736,0
325,bbc,bcc,known,bcc,0.3277310924369748,2.757565090334663e-77,normal,0.3277310924369748,0
326,bcc,ccb,known,ccb,0.6229508196721312,1.7178274333232328e-77,normal,0.6229508196721312,0
327,ccb,cbb,known,cbb,0.5294117647058824,9.094380529358291e-78,normal,0.5294117647058824,0
328,cbb,bbb,known,bbb,0.6238532110091743,5.673558495379484e-78,normal,0.6238532110091743,0
329,bbb,bbb,known,bbb,0.6860670194003528,3.8924413663185527e-78,normal,0.6860670194003528,0
330,bbb,bbc,known,bbc,0.13403880070546736,5.217381725576896e-79,anomaly,0.13403880070546736,0
331,bbc,bcd,known,bcd,0.05042016806722689,2.6306126347446534e-80,anomaly,0.05042016806722689,0
332,bcd,cdb,known,cdb,0.15384615384615385,4.047096361145621e-81,anomaly,0.15384615384615385,0
333,cdb,dbb,known,dbb,1.0,4.047096361145621e-81,normal,1.0,0
334,dbb,bbb,known,bbb,0.3333333333333333,1.3490321203818736e-81,normal,0.3333333333333333,0
335,bbb,bbb,known,bbb,0.6860670194003528,9.255264459057299e-82,normal,0.6860670194003528,0
336,bbb,bbb,known,bbb,0.6860670194003528,6.34973170118746e-82,normal,0.6860670194003528,0
337,bbb,bbc,known,bbc,0.13403880070546736,8.511104220286542e-83,anomaly,0.13403880070546736,0
338,bbc,bcc,known,bcc,0.3277310924369748,2.789353483959455e-83,normal,0.3277310924369748,0
339,bcc,ccb,known,ccb,0.6229508196721312,1.7376300391878573e-83,normal,0.6229508196721312,0
340,ccb,cbd,known,cbd,0.029411764705882353,5.110676585846639e-85,anomaly,0.029411764705882353,0
341,cbd,bdb,known,bdb,0.0,5.110676585846639e-89,anomaly,0.0,0
342,bdb,dba,unseen,aba,0.0,5.110676585846639e-93,anomaly,0.0,1
343,aba,bac,known,bac,0.0273224043715847,1.3963597229089177e-94,anomaly,0.0273224043715847,0
344,bac,acb,known,acb,0.6,8.378158337453506e-95,normal,0.6,0
345,acb,cbb,known,cbb,0.1875,1.5709046882725325e-95,anomaly,0.1875,0
346,cbb,bbb,known,bbb,0.6238532110091743,9.800139339681855e-96,normal,0.6238532110091743,0
347,bbb,bbb,known,bbb,0.6860670194003528,6.723552386483671e-96,normal,0.6860670194003528,0
348,bbb,bbb,known,bbb,0.6860670194003528,4.6128075455769805e-96,normal,0.6860670194003528,0
349,bbb,bbb,known,bbb,0.6860670194003528,3.164695123861456e-96,normal,0.6860670194003528,0
350,bbb,bbb,known,bbb,0.6860670194003528,2.1711929509384592e-96,normal,0.6860670194003528,0
351,bbb,bbc,known,bbc,0.13403880070546736,2.910240992439557e-97,anomaly,0.13403880070546736,0
352,bbc,bcc,known,bcc,0.3277310924369748,9.537764597070818e-98,normal,0.3277310924369748,0
353,bcc,ccb,known,ccb,0.6229508196721312,5.941558273585099e-98,normal,0.6229508196721312,0
354,ccb,cbd,known,cbd,0.029411764705882353,1.747517139289735e-99,anomaly,0.029411764705882353,0
355,cbd,bdc,known,bdc,1.0,1.747517139289735e-99,normal,1.0,0
356,bdc,dcb,known,dcb,0.0,1.747517139289735e-103,anomaly,0.0,0
357,dcb,cbd,known,cbd,0.0,1.7475171392897353e-107,anomaly,0.0,0
358,cbd,bdb,known,bdb,0.0,1.7475171392897353e-111,anomaly,0.0,0
359,bdb,dbc,known,dbc,0.0,1.7475171392897353e-115,anomaly,0.0,0
360,dbc,bcc,known,bcc,0.5,8.737585696448677e-116,normal,0.5,0
361,bcc,ccb,known,ccb,0.6229508196721312,5.443086171558192e-116,normal,0.6229508196721312,0
362,ccb,cbc,known,cbc,0.3382352941176471,1.841043852144683e-116,normal,0.3382352941176471,0
363,cbc,bcb,known,bcb,0.4861111111111111,8.94951872570332e-117,normal,0.4861111111111111,0
364,bcb,cbc,known,cbc,0.29508196721311475,2.6408415911911434e-117,normal,0.29508196721311475,0
365,cbc,bcb,known,bcb,0.4861111111111111,1.2837424401623613e-117,normal,0.4861111111111111,0
366,bcb,cbb,known,cbb,0.5491803278688525,7.050060941875263e-118,normal,0.5491803278688525,0
367,cbb,bbb,known,bbb,0.6238532110091743,4.398203156399247e-118,normal,0.6238532110091743,0
368,bbb,bba,known,bba,0.1781305114638448,7.834541777712943e-119,anomaly,0.1781305114638448,0
369,bba,bac,known,bac,0.0273224043715847,2.140585185167471e-120,anomaly,0.0273224043715847,0
370,bac,acb,known,acb,0.6,1.2843511111004825e-120,normal,0.6,0
371,acb,cbb,known,cbb,0.1875,2.4081583333134048e-121,anomaly,0.1875,0
372,cbb,bbd,known,bbd,0.009174311926605505,2.2093195718471605e-123,anomaly,0.009174311926605505,0
373,bbd,bdc,known,bdc,0.2,4.418639143694321e-124,normal,0.2,0
374,bdc,dcb,known,dcb,0.0,4.4186391436943213e-128,anomaly,0.0,0
375,dcb,cbd,known,cbd,0.0,4.418639143694322e-132,anomaly,0.0,0
376,cbd,bdb,known,bdb,0.0,4.418639143694322e-136,anomaly,0.0,0
377,bdb,dbc,known,dbc,0.0,4.418639143694322e-140,anomaly,0.0,0
378,dbc,bcd,known,bcd,0.0,4.4186391436943223e-144,anomaly,0.0,0
379,bcd,cdd,known,cdd,0.3076923076923077,1.3595812749828686e-144,normal,0.3076923076923077,0
380,cdd,dde,known,dde,0.0,1.3595812749828687e-148,anomaly,0.0,0
381,dde,dee,known,dee,0.7391304347826086,1.0049078989003812e-148,normal,0.7391304347826086,0
382,dee,eee,known,eee,0.8148148148148148,8.188138435484587e-149,normal,0.8148148148148148,0
383,eee,eee,known,eee,0.9853836784409257,8.068457971141329e-149,normal,0.9853836784409257,0
384,eee,eee,known,eee,0.9853836784409257,7.950526794949251e-149,normal,0.9853836784409257,0
385,eee,eee,known,eee,0.9853836784409257,7.834319338750236e-149,normal,0.9853836784409257,0
386,eee,eee,known,eee,0.9853836784409257,7.719810408098588e-149,normal,0.9853836784409257,0
387,eee,eee,known,eee,0.9853836784409257,7.60697517679873e-149,normal,0.9853836784409257,0
388,eee,eee,known,eee,0.9853836784409257,7.495789181522743e-149,normal,0.9853836784409257,0
389,eee,eee,known,eee,0.9853836784409257,7.386228316506576e-149,normal,0.9853836784409257,0
390,eee,eee,known,eee,0.9853836784409257,7.278268828323776e-149,normal,0.9853836784409257,0
391,eee,eee,known,eee,0.9853836784409257,7.171887310735608e-149,normal,0.9853836784409257,0
392,eee,eee,known,eee,0.9853836784409257,7.067060699616452e-149,normal,0.9853836784409257,0
393,eee,eee,known,eee,0.9853836784409257,6.963766267953361e-149,normal,0.9853836784409257,0
394,eee,eee,known,eee,0.9853836784409257,6.861981620918719e-149,normal,0.9853836784409257,0
395,eee,eee,known,eee,0.9853836784409257,6.761684691014913e-149,normal,0.9853836784409257,0
396,eee,eee,known,eee,0.9853836784409257,6.662853733289969e-149,normal,0.9853836784409257,0
397,eee,eee,known,eee,0.9853836784409257,6.565467320623124e-149,normal,0.9853836784409257,0
398,eee,eee,known,eee,0.9853836784409257,6.469504339079302e-149,normal,0.9853836784409257,0
399,eee,eee,known,eee,0.9853836784409257,6.374943983331492e-149,normal,0.9853836784409257,0
400,eee,eed,known,eed,0.014007308160779537,8.929580488223162e-151,anomaly,0.014007308160779537,0
401,eed,edd,known,edd,0.5714285714285714,5.1026174218418064e-151,normal,0.5714285714285714,0
402,edd,ddd,known,ddd,0.6956521739130435,3.549646902150822e-151,normal,0.6956521739130435,0
403,ddd,ddd,known,ddd,0.7407407407407407,2.6293680756672753e-151,normal,0.7407407407407407,0
404,ddd,dde,known,dde,0.2222222222222222,5.8430401681495e-152,normal,0.2222222222222222,0
405,dde,ded,known,ded,0.21739130434782608,1.2702261235107608e-152,normal,0.21739130434782608,0
406,ded,ede,known,ede,0.4166666666666667,5.292608847961503e-153,normal,0.4166666666666667,0
407,ede,dee,known,dee,0.5882352941176471,3.113299322330296e-153,normal,0.5882352941176471,0
408,dee,eee,known,eee,0.8148148148148148,2.536762410787649e-153,normal,0.8148148148148148,0
409,eee,eee,known,eee,0.9853836784409257,2.499684275672604e-153,normal,0.9853836784409257,0
410,eee,eee,known,eee,0.9853836784409257,2.463148086503211e-153,normal,0.9853836784409257,0
411,eee,eee,known,eee,0.9853836784409257,2.4271459220232616e-153,normal,0.9853836784409257,0
412,eee,eee,known,eee,0.9853836784409257,2.3916699767561735e-153,normal,0.9853836784409257,0
413,eee,eee,known,eee,0.9853836784409257,2.3567125593127215e-153,normal,0.9853836784409257,0
414,eee,eee,known,eee,0.9853836784409257,2.3222660907234977e-153,normal,0.9853836784409257,0
415,eee,eee,known,eee,0.9853836784409257,2.2883231027957487e-153,normal,0.9853836784409257,0
416,eee,eee,known,eee,0.9853836784409257,2.2548762364942275e-153,normal,0.9853836784409257,0
417,eee,eee,known,eee,0.9853836784409257,2.2219182403457124e-153,normal,0.9853836784409257,0
418,eee,eee,known,eee,0.9853836784409257,2.1894419688668469e-153,normal,0.9853836784409257,0
419,eee,eee,known,eee,0.9853836784409257,2.1574403810149562e-153,normal,0.9853836784409257,0
420,eee,eed,known,eed,0.014007308160779537,3.021993225538611e-155,anomaly,0.014007308160779537,0
421,eed,ede,known,ede,0.42857142857142855,1.2951399538022618e-155,normal,0.42857142857142855,0
422,ede,ded,known,ded,0.4117647058823529,5.332929221538725e-156,normal,0.4117647058823529,0
423,ded,ede,known,ede,0.4166666666666667,2.222053842307802e-156,normal,0.4166666666666667,0
424,ede,dee,known,dee,0.5882352941176471,1.3070904954751777e-156,normal,0.5882352941176471,0
425,dee,eed,known,eed,0.18518518518518517,2.4205379545836624e-157,anomaly,0.18518518518518517,0
426,eed,ede,known,ede,0.42857142857142855,1.0373734091072839e-157,normal,0.42857142857142855,0
427,ede,ded,known,ded,0.4117647058823529,4.271537566912345e-158,normal,0.4117647058823529,0
428,ded,edd,known,edd,0.5833333333333334,2.491730247365535e-158,normal,0.5833333333333334,0
429,edd,dde,known,dde,0.21739130434782608,5.41680488557725e-159,normal,0.21739130434782608,0
430,dde,ded,known,ded,0.21739130434782608,1.1775662794733152e-159,normal,0.21739130434782608,0
431,ded,edd,known,edd,0.5833333333333334,6.869136630261006e-160,normal,0.5833333333333334,0
432,edd,ddd,known,ddd,0.6956521739130435,4.7785298297467866e-160,normal,0.6956521739130435,0
433,ddd,ddd,known,ddd,0.7407407407407407,3.53965172573836e-160,normal,0.7407407407407407,0
434,ddd,ddd,known,ddd,0.7407407407407407,2.621964241287674e-160,normal,0.7407407407407407,0
435,ddd,dde,known,dde,0.2222222222222222,5.826587202861498e-161,normal,0.2222222222222222,0
436,dde,ded,known,ded,0.21739130434782608,1.2666493919264125e-161,normal,0.21739130434782608,0
437,ded,ede,known,ede,0.4166666666666667,5.277705799693386e-162,normal,0.4166666666666667,0
438,ede,dee,known,dee,0.5882352941176471,3.1045328233490508e-162,normal,0.5882352941176471,0
439,dee,eee,known,eee,0.8148148148148148,2.5296193375436707e-162,normal,0.8148148148148148,0
440,eee,eee,known,eee,0.9853836784409257,2.4926456078840797e-162,normal,0.9853836784409257,0
441,eee,eed,known,eed,0.014007308160779537,3.491525516524594e-164,anomaly,0.014007308160779537,0
442,eed,ede,known,ede,0.42857142857142855,1.4963680785105404e-164,normal,0.42857142857142855,0
443,ede,ded,known,ded,0.4117647058823529,6.161515617396343e-165,normal,0.4117647058823529,0
444,ded,ede,known,ede,0.4166666666666667,2.5672981739151428e-165,normal,0.4166666666666667,0
445,ede,ded,known,ded,0.4117647058823529,1.0571227774944705e-165,normal,0.4117647058823529,0
446,ded,ede,known,ede,0.4166666666666667,4.4046782395602937e-166,normal,0.4166666666666667,0
447,ede,dee,known,dee,0.5882352941176471,2.5909871997413494e-166,normal,0.5882352941176471,0
448,dee,eee,known,eee,0.8148148148148148,2.111174755344803e-166,normal,0.8148148148148148,0
449,eee,eee,known,eee,0.9853836784409257,2.0803171462532832e-166,normal,0.9853836784409257,0
450,eee,eee,known,eee,0.9853836784409257,2.0499105618987895e-166,normal,0.9853836784409257,0
451,eee,eee,known,eee,0.9853836784409257,2.019948409958734e-166,normal,0.9853836784409257,0
452,eee,eee,known,eee,0.9853836784409257,1.9904241944660365e-166,normal,0.9853836784409257,0
453,eee,eee,known,eee,0.9853836784409257,1.9613315144007593e-166,normal,0.9853836784409257,0
454,eee,eee,known,eee,0.9853836784409257,1.9326640623023315e-166,normal,0.9853836784409257,0
455,eee,eed,known,eed,0.014007308160779537,2.707142109193278e-168,anomaly,0.014007308160779537,0
456,eed,edd,known,edd,0.5714285714285714,1.5469383481104443e-168,normal,0.5714285714285714,0
457,edd,ddd,known,ddd,0.6956521739130435,1.076131024772483e-168,normal,0.6956521739130435,0
458,ddd,ddd,known,ddd,0.7407407407407407,7.971340924240613e-169,normal,0.7407407407407407,0
459,ddd,ddd,known,ddd,0.7407407407407407,5.904696980918972e-169,normal,0.7407407407407407,0
460,ddd,ddd,known,ddd,0.7407407407407407,4.373849615495535e-169,normal,0.7407407407407407,0
461,ddd,ddd,known,ddd,0.7407407407407407,3.2398886040707665e-169,normal,0.7407407407407407,0
462,ddd,dde,known,dde,0.2222222222222222,7.199752453490592e-170,normal,0.2222222222222222,0
463,dde,dee,known,dee,0.7391304347826086,5.321556161275655e-170,normal,0.7391304347826086,0
464,dee,eee,known,eee,0.8148148148148148,4.336082798076459e-170,normal,0.8148148148148148,0
465,eee,eee,known,eee,0.9853836784409257,4.272705217593003e-170,normal,0.9853836784409257,0
466,eee,eee,known,eee,0.9853836784409257,4.210253984205529e-170,normal,0.9853836784409257,0
467,eee,eed,known,eed,0.014007308160779537,5.897432499191667e-172,anomaly,0.014007308160779537,0
468,eed,edd,known,edd,0.5714285714285714,3.3699614281095237e-172,normal,0.5714285714285714,0
469,edd,ddd,known,ddd,0.6956521739130435,2.3443209934674948e-172,normal,0.6956521739130435,0
470,ddd,ddd,known,ddd,0.7407407407407407,1.736534069235181e-172,normal,0.7407407407407407,0
471,ddd,dde,known,dde,0.2222222222222222,3.858964598300402e-173,normal,0.2222222222222222,0
472,dde,dee,known,dee,0.7391304347826086,2.8522781813524707e-173,normal,0.7391304347826086,0
473,dee,eee,known,eee,0.8148148148148148,2.3240785181390502e-173,normal,0.8148148148148148,0
474,eee,eee,known,eee,0.9853836784409257,2.290109039189393e-173,normal,0.9853836784409257,0
475,eee,eee,known,eee,0.9853836784409257,2.2566360690672578e-173,normal,0.9853836784409257,0
476,eee,eee,known,eee,0.9853836784409257,2.2236523506399654e-173,normal,0.9853836784409257,0
477,eee,eed,known,eed,0.014007308160779537,3.1147383717855786e-175,anomaly,0.014007308160779537,0
478,eed,edd,known,edd,0.5714285714285714,1.7798504981631878e-175,normal,0.5714285714285714,0
479,edd,ddd,known,ddd,0.6956521739130435,1.238156868287435e-175,normal,0.6956521739130435,0
480,ddd,ddd,known,ddd,0.7407407407407407,9.171532357684702e-176,normal,0.7407407407407407,0
481,ddd,ddd,known,ddd,0.7407407407407407,6.793727672359039e-176,normal,0.7407407407407407,0
482,ddd,dde,known,dde,0.2222222222222222,1.5097172605242308e-176,normal,0.2222222222222222,0
483,dde,ded,known,ded,0.21739130434782608,3.281994044617893e-177,normal,0.21739130434782608,0
484,ded,edd,known,edd,0.5833333333333334,1.9144965260271043e-177,normal,0.5833333333333334,0
485,edd,ddd,known,ddd,0.6956521739130435,1.3318236702797247e-177,normal,0.6956521739130435,0
486,ddd,ddd,known,ddd,0.7407407407407407,9.865360520590553e-178,normal,0.7407407407407407,0
487,ddd,ddd,known,ddd,0.7407407407407407,7.307674459696706e-178,normal,0.7407407407407407,0
488,ddd,ddd,known,ddd,0.7407407407407407,5.41309219236793e-178,normal,0.7407407407407407,0
489,ddd,dde,known,dde,0.2222222222222222,1.2029093760817621e-178,normal,0.2222222222222222,0
490,dde,dee,known,dee,0.7391304347826086,8.891069301473893e-179,normal,0.7391304347826086,0
491,dee,eee,known,eee,0.8148148148148148,7.244574986386135e-179,normal,0.8148148148148148,0
492,eee,eee,known,eee,0.9853836784409257,7.138685948826289e-179,normal,0.9853836784409257,0
493,eee,eee,known,eee,0.9853836784409257,7.034344619488998e-179,normal,0.9853836784409257,0
494,eee,eed,known,eed,0.014007308160779537,9.853223279430388e-181,anomaly,0.014007308160779537,0
495,eed,edd,known,edd,0.5714285714285714,5.630413302531649e-181,normal,0.5714285714285714,0
496,edd,ddd,known,ddd,0.6956521739130435,3.9168092539350604e-181,normal,0.6956521739130435,0
497,ddd,ddd,known,ddd,0.7407407407407407,2.9013401881000445e-181,normal,0.7407407407407407,0
498,ddd,ddd,known,ddd,0.7407407407407407,2.149140880074107e-181,normal,0.7407407407407407,0
499,ddd,ddd,known,ddd,0.7407407407407407,1.5919562074623013e-181,normal,0.7407407407407407,0
500,ddd,ddc,known,ddc,0.037037037037037035,5.896134101712227e-183,anomaly,0.037037037037037035,0
501,ddc,dcd,known,dcd,0.4,2.358453640684891e-183,normal,0.4,0
502,dcd,cdc,known,cdc,0.375,8.844201152568341e-184,normal,0.375,0
503,cdc,dcd,known,dcd,0.23529411764705882,2.0809885064866682e-184,normal,0.23529411764705882,0
504,dcd,cdd,known,cdd,0.625,1.3006178165541677e-184,normal,0.625,0
505,cdd,ddd,known,ddd,0.4166666666666667,5.4192409023090325e-185,normal,0.4166666666666667,0
506,ddd,ddd,known,ddd,0.7407407407407407,4.014252520228913e-185,normal,0.7407407407407407,0
507,ddd,ddd,known,ddd,0.7407407407407407,2.9735203853547503e-185,normal,0.7407407407407407,0
508,ddd,ddd,known,ddd,0.7407407407407407,2.2026076928553704e-185,normal,0.7407407407407407,0
509,ddd,ddd,known,ddd,0.7407407407407407,1.631561253966941e-185,normal,0.7407407407407407,0
510,ddd,ddd,known,ddd,0.7407407407407407,1.2085638918273637e-185,normal,0.7407407407407407,0
511,ddd,ddd,known,ddd,0.7407407407407407,8.952325124647139e-186,normal,0.7407407407407407,0
512,ddd,ddd,known,ddd,0.7407407407407407,6.6313519441830655e-186,normal,0.7407407407407407,0
513,ddd,dde,known,dde,0.2222222222222222,1.4736337653740144e-186,normal,0.2222222222222222,0
514,dde,dee,known,dee,0.7391304347826086,1.089207565711228e-186,normal,0.7391304347826086,0
515,dee,eed,known,eed,0.18518518518518517,2.017051047613385e-187,anomaly,0.18518518518518517,0
516,eed,edd,known,edd,0.5714285714285714,1.15260059863622e-187,normal,0.5714285714285714,0
517,edd,ddd,known,ddd,0.6956521739130435,8.018091120947617e-188,normal,0.6956521739130435,0
518,ddd,ddd,known,ddd,0.7407407407407407,5.939326756257495e-188,normal,0.7407407407407407,0
519,ddd,ddc,known,ddc,0.037037037037037035,2.1997506504657386e-189,anomaly,0.037037037037037035,0
520,ddc,dcd,known,dcd,0.4,8.799002601862955e-190,normal,0.4,0
521,dcd,cdd,known,cdd,0.625,5.499376626164347e-190,normal,0.625,0
522,cdd,dde,known,dde,0.0,5.499376626164346e-194,anomaly,0.0,0
523,dde,ded,known,ded,0.21739130434782608,1.1955166578618144e-194,normal,0.21739130434782608,0
524,ded,edd,known,edd,0.5833333333333334,6.973847170860584e-195,normal,0.5833333333333334,0
525,edd,ddc,known,ddc,0.08695652173913043,6.064214931183116e-196,anomaly,0.08695652173913043,0
526,ddc,dcc,known,dcc,0.5,3.032107465591558e-196,normal,0.5,0
527,dcc,ccd,known,ccd,0.125,3.790134331989448e-197,anomaly,0.125,0
528,ccd,cdd,known,cdd,0.2727272727272727,1.0336729996334857e-197,normal,0.2727272727272727,0
529,cdd,dde,known,dde,0.0,1.0336729996334857e-201,anomaly,0.0,0
530,dde,ded,known,ded,0.21739130434782608,2.247115216594534e-202,normal,0.21739130434782608,0
531,ded,edc,unseen,bdc,0.0,2.2471152165945344e-206,anomaly,0.0,1
532,bdc,dcc,known,dcc,1.0,2.2471152165945344e-206,normal,1.0,0
533,dcc,ccc,known,ccc,0.8125,1.8257811134830592e-206,normal,0.8125,0
534,ccc,ccd,known,ccd,0.1111111111111111,2.0286456816478436e-207,anomaly,0.1111111111111111,0
535,ccd,cdd,known,cdd,0.2727272727272727,5.532670040857755e-208,normal,0.2727272727272727,0
536,cdd,ddd,known,ddd,0.4166666666666667,2.3052791836907314e-208,normal,0.4166666666666667,0
537,ddd,ddd,known,ddd,0.7407407407407407,1.7076142101412824e-208,normal,0.7407407407407407,0
538,ddd,ddd,known,ddd,0.7407407407407407,1.2648994149194684e-208,normal,0.7407407407407407,0
539,ddd,ddc,known,ddc,0.037037037037037035,4.684812647849882e-210,anomaly,0.037037037037037035,0
540,ddc,dcd,known,dcd,0.4,1.873925059139953e-210,normal,0.4,0
541,dcd,cdd,known,cdd,0.625,1.1712031619624707e-210,normal,0.625,0
542,cdd,ddd,known,ddd,0.4166666666666667,4.8800131748436285e-211,normal,0.4166666666666667,0
543,ddd,dde,known,dde,0.2222222222222222,1.0844473721874729e-211,normal,0.2222222222222222,0
544,dde,dee,known,dee,0.7391304347826086,8.015480577037843e-212,normal,0.7391304347826086,0
545,dee,eed,known,eed,0.18518518518518517,1.4843482550070078e-212,anomaly,0.18518518518518517,0
546,eed,edd,known,edd,0.5714285714285714,8.481990028611472e-213,normal,0.5714285714285714,0
547,edd,dde,known,dde,0.21739130434782608,1.8439108757851026e-213,normal,0.21739130434782608,0
548,dde,ded,known,ded,0.21739130434782608,4.0085019038806575e-214,normal,0.21739130434782608,0
549,ded,ede,known,ede,0.4166666666666667,1.6702091266169408e-214,normal,0.4166666666666667,0
550,ede,dee,known,dee,0.5882352941176471,9.824759568334945e-215,normal,0.5882352941176471,0
551,dee,eee,known,eee,0.8148148148148148,8.005359648272917e-215,normal,0.8148148148148148,0
552,eee,eee,known,eee,0.9853836784409257,7.888350737457722e-215,normal,0.9853836784409257,0
553,eee,eee,known,eee,0.9853836784409257,7.773052066508279e-215,normal,0.9853836784409257,0
554,eee,eee,known,eee,0.9853836784409257,7.659438638008766e-215,normal,0.9853836784409257,0
555,eee,eee,known,eee,0.9853836784409257,7.547485819913631e-215,normal,0.9853836784409257,0
556,eee,eee,known,eee,0.9853836784409257,7.43716934020722e-215,normal,0.9853836784409257,0
557,eee,eee,known,eee,0.9853836784409257,7.328465281641462e-215,normal,0.9853836784409257,0
558,eee,eed,known,eed,0.014007308160779537,1.0265207154552596e-216,anomaly,0.014007308160779537,0
559,eed,edd,known,edd,0.5714285714285714,5.86583265974434e-217,normal,0.5714285714285714,0
560,edd,ddd,known,ddd,0.6956521739130435,4.08057924156128e-217,normal,0.6956521739130435,0
561,ddd,ddd,known,ddd,0.7407407407407407,3.0226512900453928e-217,normal,0.7407407407407407,0
562,ddd,ddd,known,ddd,0.7407407407407407,2.2390009555891796e-217,normal,0.7407407407407407,0
563,ddd,ddd,known,ddd,0.7407407407407407,1.6585192263623551e-217,normal,0.7407407407407407,0
564,ddd,ddd,known,ddd,0.7407407407407407,1.2285327602684111e-217,normal,0.7407407407407407,0
565,ddd,ddd,known,ddd,0.7407407407407407,9.100242668654897e-218,normal,0.7407407407407407,0
566,ddd,dde,known,dde,0.2222222222222222,2.022276148589977e-218,normal,0.2222222222222222,0
567,dde,ded,known,ded,0.21739130434782608,4.396252496934732e-219,normal,0.21739130434782608,0
568,ded,ede,known,ede,0.4166666666666667,1.8317718737228052e-219,normal,0.4166666666666667,0
569,ede,ded,known,ded,0.4117647058823529,7.542590068270374e-220,normal,0.4117647058823529,0
570,ded,edd,known,edd,0.5833333333333334,4.399844206491052e-220,normal,0.5833333333333334,0
571,edd,ddd,known,ddd,0.6956521739130435,3.0607611871242098e-220,normal,0.6956521739130435,0
572,ddd,ddd,known,ddd,0.7407407407407407,2.267230508980896e-220,normal,0.7407407407407407,0
573,ddd,dde,known,dde,0.2222222222222222,5.038290019957546e-221,normal,0.2222222222222222,0
574,dde,ded,known,ded,0.21739130434782608,1.0952804391212057e-221,normal,0.21739130434782608,0
575,ded,ede,known,ede,0.4166666666666667,4.5636684963383575e-222,normal,0.4166666666666667,0
576,ede,ded,known,ded,0.4117647058823529,1.8791576161393236e-222,normal,0.4117647058823529,0
577,ded,edd,known,edd,0.5833333333333334,1.0961752760812721e-222,normal,0.5833333333333334,0
578,edd,ddd,known,ddd,0.6956521739130435,7.625567137956676e-223,normal,0.6956521739130435,0
579,ddd,ddd,known,ddd,0.7407407407407407,5.648568250338278e-223,normal,0.7407407407407407,0
580,ddd,ddd,known,ddd,0.7407407407407407,4.184124629880206e-223,normal,0.7407407407407407,0
581,ddd,ddd,known,ddd,0.7407407407407407,3.099351577689041e-223,normal,0.7407407407407407,0
582,ddd,ddd,known,ddd,0.7407407407407407,2.2958159834733637e-223,normal,0.7407407407407407,0
583,ddd,ddd,known,ddd,0.7407407407407407,1.7006044322024917e-223,normal,0.7407407407407407,0
584,ddd,ddd,known,ddd,0.7407407407407407,1.2597069868166604e-223,normal,0.7407407407407407,0
585,ddd,ddd,known,ddd,0.7407407407407407,9.331162865308595e-224,normal,0.7407407407407407,0
586,ddd,ddd,known,ddd,0.7407407407407407,6.911972492821181e-224,normal,0.7407407407407407,0
587,ddd,ddc,known,ddc,0.037037037037037035,2.5599898121559926e-225,anomaly,0.037037037037037035,0
588,ddc,dcd,known,dcd,0.4,1.0239959248623971e-225,normal,0.4,0
589,dcd,cdd,known,cdd,0.625,6.399974530389982e-226,normal,0.625,0
590,cdd,ddc,known,ddc,0.4166666666666667,2.6666560543291594e-226,normal,0.4166666666666667,0
591,ddc,dcd,known,dcd,0.4,1.0666624217316639e-226,normal,0.4,0
592,dcd,cdd,known,cdd,0.625,6.666640135822899e-227,normal,0.625,0
593,cdd,ddd,known,ddd,0.4166666666666667,2.777766723259541e-227,normal,0.4166666666666667,0
594,ddd,ddd,known,ddd,0.7407407407407407,2.0576049801922525e-227,normal,0.7407407407407407,0
595,ddd,ddc,known,ddc,0.037037037037037035,7.62075918589723e-229,anomaly,0.037037037037037035,0
596,ddc,dcc,known,dcc,0.5,3.810379592948615e-229,normal,0.5,0
597,dcc,ccc,known,ccc,0.8125,3.09593341927075e-229,normal,0.8125,0
598,ccc,ccd,known,ccd,0.1111111111111111,3.439926021411944e-230,anomaly,0.1111111111111111,0
599,ccd,cdd,known,cdd,0.2727272727272727,9.381616422032575e-231,normal,0.2727272727272727,0
600,cdd,ddd,known,ddd,0.4166666666666667,3.909006842513573e-231,normal,0.4166666666666667,0
601,ddd,ddd,known,ddd,0.7407407407407407,2.8955606240841283e-231,normal,0.7407407407407407,0
602,ddd,ddd,known,ddd,0.7407407407407407,2.1448597215437985e-231,normal,0.7407407407407407,0
603,ddd,ddc,known,ddc,0.037037037037037035,7.943924894606661e-233,anomaly,0.037037037037037035,0
604,ddc,dcd,known,dcd,0.4,3.1775699578426645e-233,normal,0.4,0
605,dcd,cdc,known,cdc,0.375,1.1915887341909993e-233,normal,0.375,0
606,cdc,dcc,known,dcc,0.4117647058823529,4.9065418466688205e-234,normal,0.4117647058823529,0
607,dcc,ccc,known,ccc,0.8125,3.986565250418417e-234,normal,0.8125,0
608,ccc,ccd,known,ccd,0.1111111111111111,4.429516944909352e-235,anomaly,0.1111111111111111,0
609,ccd,cdd,known,cdd,0.2727272727272727,1.2080500758843687e-235,normal,0.2727272727272727,0
610,cdd,ddd,known,ddd,0.4166666666666667,5.033541982851537e-236,normal,0.4166666666666667,0
611,ddd,ddc,known,ddc,0.037037037037037035,1.864274808463532e-237,anomaly,0.037037037037037035,0
612,ddc,dcc,known,dcc,0.5,9.32137404231766e-238,normal,0.5,0
613,dcc,ccc,known,ccc,0.8125,7.573616409383099e-238,normal,0.8125,0
614,ccc,ccc,known,ccc,0.5277777777777778,3.997186438285524e-238,normal,0.5277777777777778,0
615,ccc,ccd,known,ccd,0.1111111111111111,4.441318264761693e-239,anomaly,0.1111111111111111,0
616,ccd,cdd,known,cdd,0.2727272727272727,1.21126861766228e-239,normal,0.2727272727272727,0
617,cdd,ddd,known,ddd,0.4166666666666667,5.046952573592834e-240,normal,0.4166666666666667,0
618,ddd,ddd,known,ddd,0.7407407407407407,3.738483387846543e-240,normal,0.7407407407407407,0
619,ddd,ddc,known,ddc,0.037037037037037035,1.3846234769802011e-241,anomaly,0.037037037037037035,0
620,ddc,dcd,known,dcd,0.4,5.5384939079208046e-242,normal,0.4,0
621,dcd,cdd,known,cdd,0.625,3.461558692450503e-242,normal,0.625,0
622,cdd,ddc,known,ddc,0.4166666666666667,1.4423161218543763e-242,normal,0.4166666666666667,0
623,ddc,dcd,known,dcd,0.4,5.769264487417506e-243,normal,0.4,0
624,dcd,cdd,known,cdd,0.625,3.6057903046359413e-243,normal,0.625,0
625,cdd,ddd,known,ddd,0.4166666666666667,1.5024126269316423e-243,normal,0.4166666666666667,0
626,ddd,ddd,known,ddd,0.7407407407407407,1.1128982421715868e-243,normal,0.7407407407407407,0
627,ddd,ddd,known,ddd,0.7407407407407407,8.243690682752495e-244,normal,0.7407407407407407,0
628,ddd,dde,known,dde,0.2222222222222222,1.8319312628338876e-244,normal,0.2222222222222222,0
629,dde,ded,known,ded,0.21739130434782608,3.9824592670301904e-245,normal,0.21739130434782608,0
630,ded,edd,known,edd,0.5833333333333334,2.3231012391009444e-245,normal,0.5833333333333334,0
631,edd,ddd,known,ddd,0.6956521739130435,1.616070427200657e-245,normal,0.6956521739130435,0
632,ddd,ddd,known,ddd,0.7407407407407407,1.19708920533382e-245,normal,0.7407407407407407,0
633,ddd,ddd,known,ddd,0.7407407407407407,8.867327446917184e-246,normal,0.7407407407407407,0
634,ddd,ddc,known,ddc,0.037037037037037035,3.2841953507100683e-247,anomaly,0.037037037037037035,0
635,ddc,dcd,known,dcd,0.4,1.3136781402840274e-247,normal,0.4,0
636,dcd,cdd,known,cdd,0.625,8.210488376775171e-248,normal,0.625,0
637,cdd,ddd,known,ddd,0.4166666666666667,3.421036823656321e-248,normal,0.4166666666666667,0
638,ddd,ddd,known,ddd,0.7407407407407407,2.534101350856534e-248,normal,0.7407407407407407,0
639,ddd,ddd,known,ddd,0.7407407407407407,1.8771121117455806e-248,normal,0.7407407407407407,0
640,ddd,ddd,known,ddd,0.7407407407407407,1.3904534161078374e-248,normal,0.7407407407407407,0
641,ddd,ddd,known,ddd,0.7407407407407407,1.0299654934132128e-248,normal,0.7407407407407407,0
642,ddd,ddd,known,ddd,0.7407407407407407,7.629374025283057e-249,normal,0.7407407407407407,0
643,ddd,ddd,known,ddd,0.7407407407407407,5.651388166876338e-249,normal,0.7407407407407407,0
644,ddd,ddc,known,ddc,0.037037037037037035,2.0931067284727177e-250,anomaly,0.037037037037037035,0
645,ddc,dcd,known,dcd,0.4,8.372426913890871e-251,normal,0.4,0
646,dcd,cdd,known,cdd,0.625,5.232766821181795e-251,normal,0.625,0
647,cdd,ddd,known,ddd,0.4166666666666667,2.180319508825748e-251,normal,0.4166666666666667,0
648,ddd,ddd,known,ddd,0.7407407407407407,1.6150514880190724e-251,normal,0.7407407407407407,0
649,ddd,ddd,known,ddd,0.7407407407407407,1.1963344355696831e-251,normal,0.7407407407407407,0
650,ddd,ddd,known,ddd,0.7407407407407407,8.86173655977543e-252,normal,0.7407407407407407,0
651,ddd,ddd,known,ddd,0.7407407407407407,6.564249303537356e-252,normal,0.7407407407407407,0
652,ddd,dde,known,dde,0.2222222222222222,1.4587220674527456e-252,normal,0.2222222222222222,0
653,dde,ded,known,ded,0.21739130434782608,3.171134929245099e-253,normal,0.21739130434782608,0
654,ded,edd,known,edd,0.5833333333333334,1.849828708726308e-253,normal,0.5833333333333334,0
655,edd,ddd,known,ddd,0.6956521739130435,1.2868373625922142e-253,normal,0.6956521739130435,0
656,ddd,ddc,known,ddc,0.037037037037037035,4.766064305897089e-255,anomaly,0.037037037037037035,0
657,ddc,dcc,known,dcc,0.5,2.3830321529485445e-255,normal,0.5,0
658,dcc,ccc,known,ccc,0.8125,1.9362136242706925e-255,normal,0.8125,0
659,ccc,ccc,known,ccc,0.5277777777777778,1.0218905239206433e-255,normal,0.5277777777777778,0
660,ccc,ccc,known,ccc,0.5277777777777778,5.393311098470062e-256,normal,0.5277777777777778,0
661,ccc,ccd,known,ccd,0.1111111111111111,5.9925678871889574e-257,anomaly,0.1111111111111111,0
662,ccd,cdd,known,cdd,0.2727272727272727,1.6343366965060791e-257,normal,0.2727272727272727,0
663,cdd,ddd,known,ddd,0.4166666666666667,6.809736235441997e-258,normal,0.4166666666666667,0
664,ddd,ddd,known,ddd,0.7407407407407407,5.044249063290368e-258,normal,0.7407407407407407,0
665,ddd,ddd,known,ddd,0.7407407407407407,3.736480787622494e-258,normal,0.7407407407407407,0
666,ddd,ddd,known,ddd,0.7407407407407407,2.7677635463870324e-258,normal,0.7407407407407407,0
667,ddd,ddd,known,ddd,0.7407407407407407,2.0501952195459499e-258,normal,0.7407407407407407,0
668,ddd,ddc,known,ddc,0.037037037037037035,7.593315627947961e-260,anomaly,0.037037037037037035,0
669,ddc,dcc,known,dcc,0.5,3.796657813973981e-260,normal,0.5,0
670,dcc,ccd,known,ccd,0.125,4.745822267467476e-261,anomaly,0.125,0
671,ccd,cdd,known,cdd,0.2727272727272727,1.294315163854766e-261,normal,0.2727272727272727,0
672,cdd,ddd,known,ddd,0.4166666666666667,5.392979849394859e-262,normal,0.4166666666666667,0
673,ddd,ddd,known,ddd,0.7407407407407407,3.994799888440636e-262,normal,0.7407407407407407,0
674,ddd,ddc,known,ddc,0.037037037037037035,1.4795555142372725e-263,anomaly,0.037037037037037035,0
675,ddc,dcc,known,dcc,0.5,7.397777571186363e-264,normal,0.5,0
676,dcc,ccd,known,ccd,0.125,9.247221963982953e-265,anomaly,0.125,0
677,ccd,cdc,known,cdc,0.6363636363636364,5.88459579526188e-265,normal,0.6363636363636364,0
678,cdc,dcd,known,dcd,0.23529411764705882,1.3846107753557364e-265,normal,0.23529411764705882,0
679,dcd,cdd,known,cdd,0.625,8.653817345973352e-266,normal,0.625,0
680,cdd,ddd,known,ddd,0.4166666666666667,3.605757227488897e-266,normal,0.4166666666666667,0
681,ddd,ddc,known,ddc,0.037037037037037035,1.3354656398107025e-267,anomaly,0.037037037037037035,0
682,ddc,dcc,known,dcc,0.5,6.677328199053512e-268,normal,0.5,0
683,dcc,ccd,known,ccd,0.125,8.34666024881689e-269,anomaly,0.125,0
684,ccd,cdd,known,cdd,0.2727272727272727,2.27636188604097e-269,normal,0.2727272727272727,0
685,cdd,ddc,known,ddc,0.4166666666666667,9.484841191837375e-270,normal,0.4166666666666667,0
686,ddc,dcd,known,dcd,0.4,3.793936476734951e-270,normal,0.4,0
687,dcd,cdd,known,cdd,0.625,2.3712102979593442e-270,normal,0.625,0
688,cdd,ddd,known,ddd,0.4166666666666667,9.880042908163934e-271,normal,0.4166666666666667,0
689,ddd,ddd,known,ddd,0.7407407407407407,7.318550302343654e-271,normal,0.7407407407407407,0
690,ddd,dde,known,dde,0.2222222222222222,1.626344511631923e-271,normal,0.2222222222222222,0
691,dde,ded,known,ded,0.21739130434782608,3.5355315470259193e-272,normal,0.21739130434782608,0
692,ded,edd,known,edd,0.5833333333333334,2.0623934024317864e-272,normal,0.5833333333333334,0
693,edd,ddd,known,ddd,0.6956521739130435,1.4347084538655905e-272,normal,0.6956521739130435,0
694,ddd,ddd,known,ddd,0.7407407407407407,1.0627470028634003e-272,normal,0.7407407407407407,0
695,ddd,ddd,known,ddd,0.7407407407407407,7.872200021210371e-273,normal,0.7407407407407407,0
696,ddd,ddd,known,ddd,0.7407407407407407,5.831259274970645e-273,normal,0.7407407407407407,0
697,ddd,ddd,known,ddd,0.7407407407407407,4.31945131479307e-273,normal,0.7407407407407407,0
698,ddd,ddd,known,ddd,0.7407407407407407,3.1995935665133852e-273,normal,0.7407407407407407,0
699,ddd,ddd,known,ddd,0.7407407407407407,2.3700693085284333e-273,normal,0.7407407407407407,0
700,ddd,ddd,known,ddd,0.7407407407407407,1.7556068952062467e-273,normal,0.7407407407407407,0
701,ddd,dde,known,dde,0.2222222222222222,3.9013486560138815e-274,normal,0.2222222222222222,0
702,dde,ded,known,ded,0.21739130434782608,8.48119273046496e-275,normal,0.21739130434782608,0
703,ded,edd,known,edd,0.5833333333333334,4.94736242610456e-275,normal,0.5833333333333334,0
704,edd,ddd,known,ddd,0.6956521739130435,3.441643426855346e-275,normal,0.6956521739130435,0
705,ddd,ddd,known,ddd,0.7407407407407407,2.5493655013743302e-275,normal,0.7407407407407407,0
706,ddd,ddd,known,ddd,0.7407407407407407,1.888418889906911e-275,normal,0.7407407407407407,0
707,ddd,ddd,known,ddd,0.7407407407407407,1.3988288073384526e-275,normal,0.7407407407407407,0
708,ddd,ddd,known,ddd,0.7407407407407407,1.0361694869173722e-275,normal,0.7407407407407407,0
709,ddd,ddd,known,ddd,0.7407407407407407,7.675329532721276e-276,normal,0.7407407407407407,0
710,ddd,ddd,known,ddd,0.7407407407407407,5.685429283497241e-276,normal,0.7407407407407407,0
711,ddd,ddd,known,ddd,0.7407407407407407,4.2114290988868456e-276,normal,0.7407407407407407,0
712,ddd,ddd,known,ddd,0.7407407407407407,3.1195771102865522e-276,normal,0.7407407407407407,0
713,ddd,ddd,known,ddd,0.7407407407407407,2.31079785947152e-276,normal,0.7407407407407407,0
714,ddd,ddd,known,ddd,0.7407407407407407,1.7117021181270517e-276,normal,0.7407407407407407,0
715,ddd,ddd,known,ddd,0.7407407407407407,1.267927494908927e-276,normal,0.7407407407407407,0
716,ddd,ddd,known,ddd,0.7407407407407407,9.392055517843903e-277,normal,0.7407407407407407,0
717,ddd,ddd,known,ddd,0.7407407407407407,6.957078161365853e-277,normal,0.7407407407407407,0
718,ddd,ddd,known,ddd,0.7407407407407407,5.153391230641373e-277,normal,0.7407407407407407,0
719,ddd,ddd,known,ddd,0.7407407407407407,3.8173268375121277e-277,normal,0.7407407407407407,0
720,ddd,ddd,known,ddd,0.7407407407407407,2.8276495092682427e-277,normal,0.7407407407407407,0
721,ddd,ddd,known,ddd,0.7407407407407407,2.09455519205055e-277,normal,0.7407407407407407,0
722,ddd,ddd,known,ddd,0.7407407407407407,1.5515223644818886e-277,normal,0.7407407407407407,0
723,ddd,ddd,known,ddd,0.7407407407407407,1.1492758255421396e-277,normal,0.7407407407407407,0
724,ddd,ddd,known,ddd,0.7407407407407407,8.513154263275107e-278,normal,0.7407407407407407,0
725,ddd,ddd,known,ddd,0.7407407407407407,6.306040195018597e-278,normal,0.7407407407407407,0
726,ddd,ddd,known,ddd,0.7407407407407407,4.6711408851989607e-278,normal,0.7407407407407407,0
727,ddd,ddd,known,ddd,0.7407407407407407,3.460104359406637e-278,normal,0.7407407407407407,0
728,ddd,ddd,known,ddd,0.7407407407407407,2.5630402662271387e-278,normal,0.7407407407407407,0
729,ddd,ddd,known,ddd,0.7407407407407407,1.898548345353436e-278,normal,0.7407407407407407,0
730,ddd,ddd,known,ddd,0.7407407407407407,1.4063321076692118e-278,normal,0.7407407407407407,0
731,ddd,ddd,known,ddd,0.7407407407407407,1.041727487162379e-278,normal,0.7407407407407407,0
732,ddd,ddd,known,ddd,0.7407407407407407,7.716499904906511e-279,normal,0.7407407407407407,0
733,ddd,ddd,known,ddd,0.7407407407407407,5.715925855486304e-279,normal,0.7407407407407407,0
734,ddd,dde,known,dde,0.2222222222222222,1.2702057456636232e-279,normal,0.2222222222222222,0
735,dde,dee,known,dee,0.7391304347826086,9.388477250557214e-280,normal,0.7391304347826086,0
736,dee,eed,known,eed,0.18518518518518517,1.7386068982513357e-280,anomaly,0.18518518518518517,0
737,eed,edd,known,edd,0.5714285714285714,9.934896561436203e-281,normal,0.5714285714285714,0
738,edd,ddd,known,ddd,0.6956521739130435,6.911232390564315e-281,normal,0.6956521739130435,0
739,ddd,ddd,known,ddd,0.7407407407407407,5.119431400418011e-281,normal,0.7407407407407407,0
740,ddd,ddd,known,ddd,0.7407407407407407,3.792171407717045e-281,normal,0.7407407407407407,0
741,ddd,ddc,known,ddc,0.037037037037037035,1.4045079287840908e-282,anomaly,0.037037037037037035,0
742,ddc,dcd,known,dcd,0.4,5.618031715136364e-283,normal,0.4,0
743,dcd,cdd,known,cdd,0.625,3.511269821960227e-283,normal,0.625,0
744,cdd,ddd,known,ddd,0.4166666666666667,1.463029092483428e-283,normal,0.4166666666666667,0
745,ddd,ddd,known,ddd,0.7407407407407407,1.083725253691428e-283,normal,0.7407407407407407,0
746,ddd,ddc,known,ddc,0.037037037037037035,4.013797235894178e-285,anomaly,0.037037037037037035,0
747,ddc,dcd,known,dcd,0.4,1.605518894357671e-285,normal,0.4,0
748,dcd,cdd,known,cdd,0.625,1.0034493089735444e-285,normal,0.625,0
749,cdd,dde,known,dde,0.0,1.0034493089735444e-289,anomaly,0.0,0
750,dde,ded,known,ded,0.21739130434782608,2.1814115412468357e-290,normal,0.21739130434782608,0
751,ded,edd,known,edd,0.5833333333333334,1.2724900657273209e-290,normal,0.5833333333333334,0
752,edd,ddd,known,ddd,0.6956521739130435,8.852104805059623e-291,normal,0.6956521739130435,0
753,ddd,ddd,known,ddd,0.7407407407407407,6.557114670414535e-291,normal,0.7407407407407407,0
754,ddd,ddd,known,ddd,0.7407407407407407,4.8571219780848405e-291,normal,0.7407407407407407,0
755,ddd,dde,known,dde,0.2222222222222222,1.0793604395744089e-291,normal,0.2222222222222222,0
756,dde,ded,known,ded,0.21739130434782608,2.3464357382052365e-292,normal,0.21739130434782608,0
757,ded,edd,known,edd,0.5833333333333334,1.3687541806197214e-292,normal,0.5833333333333334,0
758,edd,ddd,known,ddd,0.6956521739130435,9.521768213006758e-293,normal,0.6956521739130435,0
759,ddd,ddd,known,ddd,0.7407407407407407,7.053161639264264e-293,normal,0.7407407407407407,0
760,ddd,ddd,known,ddd,0.7407407407407407,5.224564177232787e-293,normal,0.7407407407407407,0
761,ddd,ddd,known,ddd,0.7407407407407407,3.8700475386909535e-293,normal,0.7407407407407407,0
762,ddd,dde,known,dde,0.2222222222222222,8.600105641535452e-294,normal,0.2222222222222222,0
763,dde,ded,known,ded,0.21739130434782608,1.8695881829424895e-294,normal,0.21739130434782608,0
764,ded,edd,known,edd,0.5833333333333334,1.0905931067164522e-294,normal,0.5833333333333334,0
765,edd,dde,known,dde,0.21739130434782608,2.370854579818374e-295,normal,0.21739130434782608,0
766,dde,ded,known,ded,0.21739130434782608,5.154031695257335e-296,normal,0.21739130434782608,0
767,ded,edd,known,edd,0.5833333333333334,3.006518488900112e-296,normal,0.5833333333333334,0
768,edd,ddd,known,ddd,0.6956521739130435,2.0914911227131215e-296,normal,0.6956521739130435,0
769,ddd,ddd,known,ddd,0.7407407407407407,1.549252683491201e-296,normal,0.7407407407407407,0
770,ddd,ddd,known,ddd,0.7407407407407407,1.1475945803638525e-296,normal,0.7407407407407407,0
771,ddd,ddd,known,ddd,0.7407407407407407,8.500700595287795e-297,normal,0.7407407407407407,0
772,ddd,ddd,known,ddd,0.7407407407407407,6.296815255768736e-297,normal,0.7407407407407407,0
773,ddd,ddd,known,ddd,0.7407407407407407,4.66430759686573e-297,normal,0.7407407407407407,0
774,ddd,dde,known,dde,0.2222222222222222,1.0365127993034955e-297,normal,0.2222222222222222,0
775,dde,ded,known,ded,0.21739130434782608,2.253288694138034e-298,normal,0.21739130434782608,0
776,ded,edd,known,edd,0.5833333333333334,1.3144184049138533e-298,normal,0.5833333333333334,0
777,edd,ddd,known,ddd,0.6956521739130435,9.14378020809637e-299,normal,0.6956521739130435,0
778,ddd,ddd,known,ddd,0.7407407407407407,6.77317052451583e-299,normal,0.7407407407407407,0
779,ddd,ddd,known,ddd,0.7407407407407407,5.017163351493207e-299,normal,0.7407407407407407,0
780,ddd,ddd,known,ddd,0.7407407407407407,3.7164172974023756e-299,normal,0.7407407407407407,0
781,ddd,ddd,known,ddd,0.7407407407407407,2.752901701779537e-299,normal,0.7407407407407407,0
782,ddd,ddd,known,ddd,0.7407407407407407,2.0391864457626202e-299,normal,0.7407407407407407,0
783,ddd,ddd,known,ddd,0.7407407407407407,1.5105084783426814e-299,normal,0.7407407407407407,0
784,ddd,ddd,known,ddd,0.7407407407407407,1.1188951691427269e-299,normal,0.7407407407407407,0
785,ddd,ddd,known,ddd,0.7407407407407407,8.288112364020198e-300,normal,0.7407407407407407,0
786,ddd,ddd,known,ddd,0.7407407407407407,6.139342491866813e-300,normal,0.7407407407407407,0
787,ddd,ddd,known,ddd,0.7407407407407407,4.547661105086528e-300,normal,0.7407407407407407,0
788,ddd,ddc,known,ddc,0.037037037037037035,1.684318927809825e-301,anomaly,0.037037037037037035,0
789,ddc,dcd,known,dcd,0.4,6.7372757112393e-302,normal,0.4,0
790,dcd,cdd,known,cdd,0.625,4.2107973195245624e-302,normal,0.625,0
791,cdd,ddd,known,ddd,0.4166666666666667,1.7544988831352345e-302,normal,0.4166666666666667,0
792,ddd,ddd,known,ddd,0.7407407407407407,1.299628802322396e-302,normal,0.7407407407407407,0
793,ddd,ddd,known,ddd,0.7407407407407407,9.626880017202932e-303,normal,0.7407407407407407,0
794,ddd,ddd,known,ddd,0.7407407407407407,7.131022234965135e-303,normal,0.7407407407407407,0
795,ddd,ddc,known,ddc,0.037037037037037035,2.6411193462833832e-304,anomaly,0.037037037037037035,0
796,ddc,dcc,known,dcc,0.5,1.3205596731416916e-304,normal,0.5,0
797,dcc,ccd,known,ccd,0.125,1.6506995914271145e-305,anomaly,0.125,0
798,ccd,cdd,known,cdd,0.2727272727272727,4.501907976619403e-306,normal,0.2727272727272727,0
799,cdd,ddd,known,ddd,0.4166666666666667,1.8757949902580846e-306,normal,0.4166666666666667,0
800,ddd,ddd,known,ddd,0.7407407407407407,1.3894777705615441e-306,normal,0.7407407407407407,0
801,ddd,ddd,known,ddd,0.7407407407407407,1.0292427930085511e-306,normal,0.7407407407407407,0
802,ddd,ddd,known,ddd,0.7407407407407407,7.62402068895223e-307,normal,0.7407407407407407,0
803,ddd,ddd,known,ddd,0.7407407407407407,5.647422732557207e-307,normal,0.7407407407407407,0
804,ddd,dde,known,dde,0.2222222222222222,1.2549828294571571e-307,normal,0.2222222222222222,0
805,dde,ded,known,ded,0.21739130434782608,2.7282235422981677e-308,normal,0.21739130434782608,0
806,ded,edd,known,edd,0.5833333333333334,1.5914637330072645e-308,normal,0.5833333333333334,0
807,edd,ddd,known,ddd,0.6956521739130435,1.107105205570271e-308,normal,0.6956521739130435,0
808,ddd,ddd,known,ddd,0.7407407407407407,8.200779300520526e-309,normal,0.7407407407407407,0
809,ddd,dde,known,dde,0.2222222222222222,1.82239540011567e-309,normal,0.2222222222222222,0
810,dde,dee,known,dee,0.7391304347826086,1.346987904433323e-309,normal,0.7391304347826086,0
811,dee,eed,known,eed,0.18518518518518517,2.4944220452469e-310,anomaly,0.18518518518518517,0
812,eed,edd,known,edd,0.5714285714285714,1.42538402585536e-310,normal,0.5714285714285714,0
813,edd,dde,known,dde,0.21739130434782608,3.0986609257726e-311,normal,0.21739130434782608,0
814,dde,ded,known,ded,0.21739130434782608,6.73621940385e-312,normal,0.21739130434782608,0
815,ded,edd,known,edd,0.5833333333333334,3.929461318913e-312,normal,0.5833333333333334,0
816,edd,ddd,known,ddd,0.6956521739130435,2.73353830881e-312,normal,0.6956521739130435,0
817,ddd,ddc,known,ddc,0.037037037037037035,1.01242159586e-313,anomaly,0.037037037037037035,0
818,ddc,dcd,known,dcd,0.4,4.0496863835e-314,normal,0.4,0
819,dcd,cdd,known,cdd,0.625,2.53105399e-314,normal,0.625,0
820,cdd,dde,known,dde,0.0,2.531054e-318,anomaly,0.0,0
821,dde,ded,known,ded,0.21739130434782608,5.5023e-319,normal,0.21739130434782608,0
822,ded,ede,known,ede,0.4166666666666667,2.2926e-319,normal,0.4166666666666667,0
823,ede,dee,known,dee,0.5882352941176471,1.3486e-319,normal,0.5882352941176471,0
824,dee,eee,known,eee,0.8148148148148148,1.09885e-319,normal,0.8148148148148148,0
825,eee,eee,known,eee,0.9853836784409257,1.0828e-319,normal,0.9853836784409257,0
826,eee,eee,known,eee,0.9853836784409257,1.067e-319,normal,0.9853836784409257,0
827,eee,eed,known,eed,0.014007308160779537,1.497e-321,anomaly,0.014007308160779537,0
828,eed,edd,known,edd,0.5714285714285714,8.55e-322,normal,0.5714285714285714,0
829,edd,ddd,known,ddd,0.6956521739130435,5.93e-322,normal,0.6956521739130435,0
830,ddd,ddd,known,ddd,0.7407407407407407,4.4e-322,normal,0.7407407407407407,0
831,ddd,ddd,known,ddd,0.7407407407407407,3.26e-322,normal,0.7407407407407407,0
832,ddd,ddd,known,ddd,0.7407407407407407,2.4e-322,normal,0.7407407407407407,0
833,ddd,ddd,known,ddd,0.7407407407407407,1.8e-322,normal,0.7407407407407407,0
834,ddd,ddc,known,ddc,0.037037037037037035,5e-324,anomaly,0.037037037037037035,0
835,ddc,dcc,known,dcc,0.5,0.0,normal,0.5,0
836,dcc,ccc,known,ccc,0.8125,0.0,normal,0.8125,0
837,ccc,ccd,known,ccd,0.1111111111111111,0.0,anomaly,0.1111111111111111,0
838,ccd,cdd,known,cdd,0.2727272727272727,0.0,normal,0.2727272727272727,0
839,cdd,ddd,known,ddd,0.4166666666666667,0.0,normal,0.4166666666666667,0
840,ddd,ddd,known,ddd,0.7407407407407407,0.0,normal,0.7407407407407407,0
841,ddd,ddd,known,ddd,0.7407407407407407,0.0,normal,0.7407407407407407,0
842,ddd,ddd,known,ddd,0.7407407407407407,0.0,normal,0.7407407407407407,0
843,ddd,dde,known,dde,0.2222222222222222,0.0,normal,0.2222222222222222,0
844,dde,ded,known,ded,0.21739130434782608,0.0,normal,0.21739130434782608,0
845,ded,ede,known,ede,0.4166666666666667,0.0,normal,0.4166666666666667,0
846,ede,dec,known,dec,0.0,0.0,anomaly,0.0,0
847,dec,ecd,unseen,dcd,0.0,0.0,anomaly,0.0,1
848,dcd,cdd,known,cdd,0.625,0.0,normal,0.625,0
849,cdd,ddc,known,ddc,0.4166666666666667,0.0,normal,0.4166666666666667,0
850,ddc,dcc,known,dcc,0.5,0.0,normal,0.5,0
851,dcc,ccc,known,ccc,0.8125,0.0,normal,0.8125,0
852,ccc,ccb,known,ccb,0.3611111111111111,0.0,normal,0.3611111111111111,0
853,ccb,cbc,known,cbc,0.3382352941176471,0.0,normal,0.3382352941176471,0
854,cbc,bcc,known,bcc,0.2777777777777778,0.0,normal,0.2777777777777778,0
855,bcc,ccc,known,ccc,0.3442622950819672,0.0,normal,0.3442622950819672,0
856,ccc,ccd,known,ccd,0.1111111111111111,0.0,anomaly,0.1111111111111111,0
857,ccd,cdc,known,cdc,0.6363636363636364,0.0,normal,0.6363636363636364,0
858,cdc,dcc,known,dcc,0.4117647058823529,0.0,normal,0.4117647058823529,0
859,dcc,ccc,known,ccc,0.8125,0.0,normal,0.8125,0
860,ccc,ccc,known,ccc,0.5277777777777778,0.0,normal,0.5277777777777778,0
861,ccc,ccb,known,ccb,0.3611111111111111,0.0,normal,0.3611111111111111,0
862,ccb,cbb,known,cbb,0.5294117647058824,0.0,normal,0.5294117647058824,0
863,cbb,bbb,known,bbb,0.6238532110091743,0.0,normal,0.6238532110091743,0
864,bbb,bbb,known,bbb,0.6860670194003528,0.0,normal,0.6860670194003528,0
865,bbb,bbb,known,bbb,0.6860670194003528,0.0,normal,0.6860670194003528,0
866,bbb,bbb,known,bbb,0.6860670194003528,0.0,normal,0.6860670194003528,0
867,bbb,bbb,known,bbb,0.6860670194003528,0.0,normal,0.6860670194003528,0
868,bbb,bbc,known,bbc,0.13403880070546736,0.0,anomaly,0.13403880070546736,0
869,bbc,bcc,known,bcc,0.3277310924369748,0.0,normal,0.3277310924369748,0
870,bcc,ccd,known,ccd,0.01639344262295082,0.0,anomaly,0.01639344262295082,0
871,ccd,cdc,known,cdc,0.6363636363636364,0.0,normal,0.6363636363636364,0
872,cdc,dcb,known,dcb,0.29411764705882354,0.0,normal,0.29411764705882354,0
873,dcb,cbb,known,cbb,0.3333333333333333,0.0,normal,0.3333333333333333,0
874,cbb,bbb,known,bbb,0.6238532110091743,0.0,normal,0.6238532110091743,0
875,bbb,bbb,known,bbb,0.6860670194003528,0.0,normal,0.6860670194003528,0
876,bbb,bbc,known,bbc,0.13403880070546736,0.0,anomaly,0.13403880070546736,0
877,bbc,bcc,known,bcc,0.3277310924369748,0.0,normal,0.3277310924369748,0
878,bcc,ccc,known,ccc,0.3442622950819672,0.0,normal,0.3442622950819672,0
879,ccc,ccc,known,ccc,0.5277777777777778,0.0,normal,0.5277777777777778,0
880,ccc,ccc,known,ccc,0.5277777777777778,0.0,normal,0.5277777777777778,0
881,ccc,ccb,known,ccb,0.3611111111111111,0.0,normal,0.3611111111111111,0
882,ccb,cbb,known,cbb,0.5294117647058824,0.0,normal,0.5294117647058824,0
883,cbb,bbb,known,bbb,0.6238532110091743,0.0,normal,0.6238532110091743,0
884,bbb,bbc,known,bbc,0.13403880070546736,0.0,anomaly,0.13403880070546736,0
885,bbc,bcd,known,bcd,0.05042016806722689,0.0,anomaly,0.05042016806722689,0
886,bcd,cdc,known,cdc,0.5384615384615384,0.0,normal,0.5384615384615384,0
887,cdc,dcb,known,dcb,0.29411764705882354,0.0,normal,0.29411764705882354,0
888,dcb,cbc,known,cbc,0.5,0.0,normal,0.5,0
889,cbc,bcc,known,bcc,0.2777777777777778,0.0,normal,0.2777777777777778,0
890,bcc,ccc,known,ccc,0.3442622950819672,0.0,normal,0.3442622950819672,0
891,ccc,ccc,known,ccc,0.5277777777777778,0.0,normal,0.5277777777777778,0
892,ccc,ccc,known,ccc,0.5277777777777778,0.0,normal,0.5277777777777778,0
893,ccc,ccc,known,ccc,0.5277777777777778,0.0,normal,0.5277777777777778,0
894,ccc,ccd,known,ccd,0.1111111111111111,0.0,anomaly,0.1111111111111111,0
895,ccd,cdd,known,cdd,0.2727272727272727,0.0,normal,0.2727272727272727,0
896,cdd,ddc,known,ddc,0.4166666666666667,0.0,normal,0.4166666666666667,0
897,ddc,dcc,known,dcc,0.5,0.0,normal,0.5,0
898,dcc,ccc,known,ccc,0.8125,0.0,normal,0.8125,0
899,ccc,ccd,known,ccd,0.1111111111111111,0.0,anomaly,0.1111111111111111,0
900,ccd,cdd,known,cdd,0.2727272727272727,0.0,normal,0.2727272727272727,0
901,cdd,ddd,known,ddd,0.4166666666666667,0.0,normal,0.4166666666666667,0
902,ddd,ddc,known,ddc,0.037037037037037035,0.0,anomaly,0.037037037037037035,0
903,ddc,dcc,known,dcc,0.5,0.0,normal,0.5,0
904,dcc,ccc,known,ccc,0.8125,0.0,normal,0.8125,0
905,ccc,ccc,known,ccc,0.5277777777777778,0.0,normal,0.5277777777777778,0
906,ccc,ccc,known,ccc,0.5277777777777778,0.0,normal,0.5277777777777778,0
907,ccc,ccd,known,ccd,0.1111111111111111,0.0,anomaly,0.1111111111111111,0
908,ccd,cdc,known,cdc,0.6363636363636364,0.0,normal,0.6363636363636364,0
909,cdc,dcd,known,dcd,0.23529411764705882,0.0,normal,0.23529411764705882,0
910,dcd,cdc,known,cdc,0.375,0.0,normal,0.375,0
911,cdc,dcc,known,dcc,0.4117647058823529,0.0,normal,0.4117647058823529,0
912,dcc,ccb,known,ccb,0.0625,0.0,anomaly,0.0625,0
913,ccb,cbc,known,cbc,0.3382352941176471,0.0,normal,0.3382352941176471,0
914,cbc,bcc,known,bcc,0.2777777777777778,0.0,normal,0.2777777777777778,0
915,bcc,ccc,known,ccc,0.3442622950819672,0.0,normal,0.3442622950819672,0
916,ccc,ccc,known,ccc,0.5277777777777778,0.0,normal,0.5277777777777778,0
917,ccc,ccc,known,ccc,0.5277777777777778,0.0,normal,0.5277777777777778,0
918,ccc,ccd,known,ccd,0.1111111111111111,0.0,anomaly,0.1111111111111111,0
919,ccd,cdd,known,cdd,0.2727272727272727,0.0,normal,0.2727272727272727,0
920,cdd,ddd,known,ddd,0.4166666666666667,0.0,normal,0.4166666666666667,0
921,ddd,ddd,known,ddd,0.7407407407407407,0.0,normal,0.7407407407407407,0
922,ddd,ddc,known,ddc,0.037037037037037035,0.0,anomaly,0.037037037037037035,0
923,ddc,dcd,known,dcd,0.4,0.0,normal,0.4,0
924,dcd,cdd,known,cdd,0.625,0.0,normal,0.625,0
925,cdd,ddc,known,ddc,0.4166666666666667,0.0,normal,0.4166666666666667,0
926,ddc,dcc,known,dcc,0.5,0.0,normal,0.5,0
927,dcc,ccd,known,ccd,0.125,0.0,anomaly,0.125,0
928,ccd,cdc,known,cdc,0.6363636363636364,0.0,normal,0.6363636363636364,0
929,cdc,dcd,known,dcd,0.23529411764705882,0.0,normal,0.23529411764705882,0
930,dcd,cdd,known,cdd,0.625,0.0,normal,0.625,0
931,cdd,ddd,known,ddd,0.4166666666666667,0.0,normal,0.4166666666666667,0
932,ddd,ddd,known,ddd,0.7407407407407407,0.0,normal,0.7407407407407407,0
933,ddd,ddd,known,ddd,0.7407407407407407,0.0,normal,0.7407407407407407,0
934,ddd,ddd,known,ddd,0.7407407407407407,0.0,normal,0.7407407407407407,0
935,ddd,ddc,known,ddc,0.037037037037037035,0.0,anomaly,0.037037037037037035,0
936,ddc,dcc,known,dcc,0.5,0.0,normal,0.5,0
937,dcc,ccc,known,ccc,0.8125,0.0,normal,0.8125,0
938,ccc,ccc,known,ccc,0.5277777777777778,0.0,normal,0.5277777777777778,0
939,ccc,ccc,known,ccc,0.5277777777777778,0.0,normal,0.5277777777777778,0
940,ccc,ccc,known,ccc,0.5277777777777778,0.0,normal,0.5277777777777778,0
941,ccc,ccc,known,ccc,0.5277777777777778,0.0,normal,0.5277777777777778,0
942,ccc,ccd,known,ccd,0.1111111111111111,0.0,anomaly,0.1111111111111111,0
943,ccd,cdc,known,cdc,0.6363636363636364,0.0,normal,0.6363636363636364,0
944,cdc,dcd,known,dcd,0.23529411764705882,0.0,normal,0.23529411764705882,0
945,dcd,cdd,known,cdd,0.625,0.0,normal,0.625,0
946,cdd,ddc,known,ddc,0.4166666666666667,0.0,normal,0.4166666666666667,0
947,ddc,dcc,known,dcc,0.5,0.0,normal,0.5,0
948,dcc,ccd,known,ccd,0.125,0.0,anomaly,0.125,0
949,ccd,cdc,known,cdc,0.6363636363636364,0.0,normal,0.6363636363636364,0
950,cdc,dcd,known,dcd,0.23529411764705882,0.0,normal,0.23529411764705882,0
951,dcd,cdb,known,cdb,0.0,0.0,anomaly,0.0,0
952,cdb,dbc,known,dbc,0.0,0.0,anomaly,0.0,0
953,dbc,bcb,known,bcb,0.5,0.0,normal,0.5,0
954,bcb,cbb,known,cbb,0.5491803278688525,0.0,normal,0.5491803278688525,0
955,cbb,bbc,known,bbc,0.2018348623853211,0.0,normal,0.2018348623853211,0
956,bbc,bcd,known,bcd,0.05042016806722689,0.0,anomaly,0.05042016806722689,0
957,bcd,cdc,known,cdc,0.5384615384615384,0.0,normal,0.5384615384615384,0
958,cdc,dcc,known,dcc,0.4117647058823529,0.0,normal,0.4117647058823529,0
959,dcc,ccb,known,ccb,0.0625,0.0,anomaly,0.0625,0
960,ccb,cbc,known,cbc,0.3382352941176471,0.0,normal,0.3382352941176471,0
961,cbc,bcc,known,bcc,0.2777777777777778,0.0,normal,0.2777777777777778,0
962,bcc,ccc,known,ccc,0.3442622950819672,0.0,normal,0.3442622950819672,0
963,ccc,ccb,known,ccb,0.3611111111111111,0.0,normal,0.3611111111111111,0
964,ccb,cbb,known,cbb,0.5294117647058824,0.0,normal,0.5294117647058824,0
965,cbb,bbb,known,bbb,0.6238532110091743,0.0,normal,0.6238532110091743,0
966,bbb,bbc,known,bbc,0.13403880070546736,0.0,anomaly,0.13403880070546736,0
967,bbc,bcd,known,bcd,0.05042016806722689,0.0,anomaly,0.05042016806722689,0
968,bcd,cdc,known,cdc,0.5384615384615384,0.0,normal,0.5384615384615384,0
969,cdc,dcc,known,dcc,0.4117647058823529,0.0,normal,0.4117647058823529,0
970,dcc,ccc,known,ccc,0.8125,0.0,normal,0.8125,0
971,ccc,ccc,known,ccc,0.5277777777777778,0.0,normal,0.5277777777777778,0
972,ccc,ccb,known,ccb,0.3611111111111111,0.0,normal,0.3611111111111111,0
973,ccb,cbc,known,cbc,0.3382352941176471,0.0,normal,0.3382352941176471,0
974,cbc,bcb,known,bcb,0.4861111111111111,0.0,normal,0.4861111111111111,0
975,bcb,cbc,known,cbc,0.29508196721311475,0.0,normal,0.29508196721311475,0
976,cbc,bcc,known,bcc,0.2777777777777778,0.0,normal,0.2777777777777778,0
977,bcc,ccc,known,ccc,0.3442622950819672,0.0,normal,0.3442622950819672,0
978,ccc,ccc,known,ccc,0.5277777777777778,0.0,normal,0.5277777777777778,0
979,ccc,ccc,known,ccc,0.5277777777777778,0.0,normal,0.5277777777777778,0
980,ccc,ccb,known,ccb,0.3611111111111111,0.0,normal,0.3611111111111111,0
981,ccb,cbb,known,cbb,0.5294117647058824,0.0,normal,0.5294117647058824,0
982,cbb,bbb,known,bbb,0.6238532110091743,0.0,normal,0.6238532110091743,0
983,bbb,bbb,known,bbb,0.6860670194003528,0.0,normal,0.6860670194003528,0
984,bbb,bbc,known,bbc,0.13403880070546736,0.0,anomaly,0.13403880070546736,0
985,bbc,bcc,known,bcc,0.3277310924369748,0.0,normal,0.3277310924369748,0
986,bcc,ccc,known,ccc,0.3442622950819672,0.0,normal,0.3442622950819672,0
987,ccc,ccc,known,ccc,0.5277777777777778,0.0,normal,0.5277777777777778,0
988,ccc,ccc,known,ccc,0.5277777777777778,0.0,normal,0.5277777777777778,0
989,ccc,ccc,known,ccc,0.5277777777777778,0.0,normal,0.5277777777777778,0
990,ccc,ccc,known,ccc,0.5277777777777778,0.0,normal,0.5277777777777778,0
991,ccc,ccc,known,ccc,0.5277777777777778,0.0,normal,0.5277777777777778,0
992,ccc,ccb,known,ccb,0.3611111111111111,0.0,normal,0.3611111111111111,0
993,ccb,cbc,known,cbc,0.3382352941176471,0.0,normal,0.3382352941176471,0
994,cbc,bcb,known,bcb,0.4861111111111111,0.0,normal,0.4861111111111111,0
995,bcb,cbc,known,cbc,0.29508196721311475,0.0,normal,0.29508196721311475,0
996,cbc,bcc,known,bcc,0.2777777777777778,0.0,normal,0.2777777777777778,0
997,bcc,ccc,known,ccc,0.3442622950819672,0.0,normal,0.3442622950819672,0
998,ccc,ccc,known,ccc,0.5277777777777778,0.0,normal,0.5277777777777778,0
999,ccc,ccc,known,ccc,0.5277777777777778,0.0,normal,0.5277777777777778,0
1000,ccc,ccb,known,ccb,0.3611111111111111,0.0,normal,0.3611111111111111,0
1001,ccb,cbc,known,cbc,0.3382352941176471,0.0,normal,0.3382352941176471,0
1002,cbc,bcc,known,bcc,0.2777777777777778,0.0,normal,0.2777777777777778,0
1003,bcc,ccc,known,ccc,0.3442622950819672,0.0,normal,0.3442622950819672,0
1004,ccc,ccb,known,ccb,0.3611111111111111,0.0,normal,0.3611111111111111,0
1005,ccb,cbb,known,cbb,0.5294117647058824,0.0,normal,0.5294117647058824,0
1006,cbb,bbb,known,bbb,0.6238532110091743,0.0,normal,0.6238532110091743,0
1007,bbb,bbb,known,bbb,0.6860670194003528,0.0,normal,0.6860670194003528,0
1008,bbb,bbb,known,bbb,0.6860670194003528,0.0,normal,0.6860670194003528,0
1009,bbb,bbb,known,bbb,0.6860670194003528,0.0,normal,0.6860670194003528,0
1010,bbb,bbb,known,bbb,0.6860670194003528,0.0,normal,0.6860670194003528,0
1011,bbb,bbb,known,bbb,0.6860670194003528,0.0,normal,0.6860670194003528,0
1012,bbb,bbb,known,bbb,0.6860670194003528,0.0,normal,0.6860670194003528,0
1013,bbb,bbb,known,bbb,0.6860670194003528,0.0,normal,0.6860670194003528,0
1014,bbb,bbc,known,bbc,0.13403880070546736,0.0,anomaly,0.13403880070546736,0
1015,bbc,bcb,known,bcb,0.5798319327731093,0.0,normal,0.5798319327731093,0
1016,bcb,cbb,known,cbb,0.5491803278688525,0.0,normal,0.5491803278688525,0
1017,cbb,bbb,known,bbb,0.6238532110091743,0.0,normal,0.6238532110091743,0
1018,bbb,bbc,known,bbc,0.13403880070546736,0.0,anomaly,0.13403880070546736,0
1019,bbc,bcd,known,bcd,0.05042016806722689,0.0,anomaly,0.05042016806722689,0
1020,bcd,cdc,known,cdc,0.5384615384615384,0.0,normal,0.5384615384615384,0
1021,cdc,dcc,known,dcc,0.4117647058823529,0.0,normal,0.4117647058823529,0
1022,dcc,ccc,known,ccc,0.8125,0.0,normal,0.8125,0
1023,ccc,ccc,known,ccc,0.5277777777777778,0.0,normal,0.5277777777777778,0
1024,ccc,ccc,known,ccc,0.5277777777777778,0.0,normal,0.5277777777777778,0
1025,ccc,ccc,known,ccc,0.5277777777777778,0.0,normal,0.5277777777777778,0
1026,ccc,ccc,known,ccc,0.5277777777777778,0.0,normal,0.5277777777777778,0
1027,ccc,ccc,known,ccc,0.5277777777777778,0.0,normal,0.5277777777777778,0
1028,ccc,ccd,known,ccd,0.1111111111111111,0.0,anomaly,0.1111111111111111,0
1029,ccd,cdc,known,cdc,0.6363636363636364,0.0,normal,0.6363636363636364,0
1030,cdc,dcd,known,dcd,0.23529411764705882,0.0,normal,0.23529411764705882,0
1031,dcd,cdc,known,cdc,0.375,0.0,normal,0.375,0
1032,cdc,dcc,known,dcc,0.4117647058823529,0.0,normal,0.4117647058823529,0
1033,dcc,ccb,known,ccb,0.0625,0.0,anomaly,0.0625,0
1034,ccb,cbb,known,cbb,0.5294117647058824,0.0,normal,0.5294117647058824,0
1035,cbb,bbc,known,bbc,0.2018348623853211,0.0,normal,0.2018348623853211,0
1036,bbc,bcc,known,bcc,0.3277310924369748,0.0,normal,0.3277310924369748,0
1037,bcc,ccc,known,ccc,0.3442622950819672,0.0,normal,0.3442622950819672,0
1038,ccc,ccc,known,ccc,0.5277777777777778,0.0,normal,0.5277777777777778,0
1039,ccc,ccd,known,ccd,0.1111111111111111,0.0,anomaly,0.1111111111111111,0
1040,ccd,cdc,known,cdc,0.6363636363636364,0.0,normal,0.6363636363636364,0
1041,cdc,dcd,known,dcd,0.23529411764705882,0.0,normal,0.23529411764705882,0
1042,dcd,cdc,known,cdc,0.375,0.0,normal,0.375,0
1043,cdc,dcc,known,dcc,0.4117647058823529,0.0,normal,0.4117647058823529,0
1044,dcc,ccb,known,ccb,0.0625,0.0,anomaly,0.0625,0
1045,ccb,cbc,known,cbc,0.3382352941176471,0.0,normal,0.3382352941176471,0
1046,cbc,bcb,known,bcb,0.4861111111111111,0.0,normal,0.4861111111111111,0
1047,bcb,cbc,known,cbc,0.29508196721311475,0.0,normal,0.29508196721311475,0
1048,cbc,bcb,known,bcb,0.4861111111111111,0.0,normal,0.4861111111111111,0
1049,bcb,cbb,known,cbb,0.5491803278688525,0.0,normal,0.5491803278688525,0
1050,cbb,bbc,known,bbc,0.2018348623853211,0.0,normal,0.2018348623853211,0
1051,bbc,bcb,known,bcb,0.5798319327731093,0.0,normal,0.5798319327731093,0
1052,bcb,cbb,known,cbb,0.5491803278688525,0.0,normal,0.5491803278688525,0
1053,cbb,bbc,known,bbc,0.2018348623853211,0.0,normal,0.2018348623853211,0
1054,bbc,bcb,known,bcb,0.5798319327731093,0.0,normal,0.5798319327731093,0
1055,bcb,cbc,known,cbc,0.29508196721311475,0.0,normal,0.29508196721311475,0
1056,cbc,bcc,known,bcc,0.2777777777777778,0.0,normal,0.2777777777777778,0
1057,bcc,ccc,known,ccc,0.3442622950819672,0.0,normal,0.3442622950819672,0
1058,ccc,ccb,known,ccb,0.3611111111111111,0.0,normal,0.3611111111111111,0
1059,ccb,cbc,known,cbc,0.3382352941176471,0.0,normal,0.3382352941176471,0
1060,cbc,bcd,known,bcd,0.09722222222222222,0.0,anomaly,0.09722222222222222,0
1061,bcd,cdd,known,cdd,0.3076923076923077,0.0,normal,0.3076923076923077,0
1062,cdd,ddc,known,ddc,0.4166666666666667,0.0,normal,0.4166666666666667,0
1063,ddc,dcc,known,dcc,0.5,0.0,normal,0.5,0
1064,dcc,ccc,known,ccc,0.8125,0.0,normal,0.8125,0
1065,ccc,ccb,known,ccb,0.3611111111111111,0.0,normal,0.3611111111111111,0
1066,ccb,cbb,known,cbb,0.5294117647058824,0.0,normal,0.5294117647058824,0
1067,cbb,bbc,known,bbc,0.2018348623853211,0.0,normal,0.2018348623853211,0
1068,bbc,bcc,known,bcc,0.3277310924369748,0.0,normal,0.3277310924369748,0
1069,bcc,ccc,known,ccc,0.3442622950819672,0.0,normal,0.3442622950819672,0
1070,ccc,ccc,known,ccc,0.5277777777777778,0.0,normal,0.5277777777777778,0
1071,ccc,ccc,known,ccc,0.5277777777777778,0.0,normal,0.5277777777777778,0
1072,ccc,ccc,known,ccc,0.5277777777777778,0.0,normal,0.5277777777777778,0
1073,ccc,ccb,known,ccb,0.3611111111111111,0.0,normal,0.3611111111111111,0
1074,ccb,cbb,known,cbb,0.5294117647058824,0.0,normal,0.5294117647058824,0
1075,cbb,bbb,known,bbb,0.6238532110091743,0.0,normal,0.6238532110091743,0
1076,bbb,bbb,known,bbb,0.6860670194003528,0.0,normal,0.6860670194003528,0
1077,bbb,bbc,known,bbc,0.13403880070546736,0.0,anomaly,0.13403880070546736,0
1078,bbc,bcc,known,bcc,0.3277310924369748,0.0,normal,0.3277310924369748,0
1079,bcc,ccd,known,ccd,0.01639344262295082,0.0,anomaly,0.01639344262295082,0
1080,ccd,cdd,known,cdd,0.2727272727272727,0.0,normal,0.2727272727272727,0
1081,cdd,ddc,known,ddc,0.4166666666666667,0.0,normal,0.4166666666666667,0
1082,ddc,dcc,known,dcc,0.5,0.0,normal,0.5,0
1083,dcc,ccc,known,ccc,0.8125,0.0,normal,0.8125,0
1084,ccc,ccb,known,ccb,0.3611111111111111,0.0,normal,0.3611111111111111,0
1085,ccb,cbc,known,cbc,0.3382352941176471,0.0,normal,0.3382352941176471,0
1086,cbc,bcb,known,bcb,0.4861111111111111,0.0,normal,0.4861111111111111,0
1087,bcb,cbb,known,cbb,0.5491803278688525,0.0,normal,0.5491803278688525,0
1088,cbb,bbc,known,bbc,0.2018348623853211,0.0,normal,0.2018348623853211,0
1089,bbc,bcd,known,bcd,0.05042016806722689,0.0,anomaly,0.05042016806722689,0
1090,bcd,cdc,known,cdc,0.5384615384615384,0.0,normal,0.5384615384615384,0
1091,cdc,dcc,known,dcc,0.4117647058823529,0.0,normal,0.4117647058823529,0
1092,dcc,ccc,known,ccc,0.8125,0.0,normal,0.8125,0
1093,ccc,ccc,known,ccc,0.5277777777777778,0.0,normal,0.5277777777777778,0
1094,ccc,ccc,known,ccc,0.5277777777777778,0.0,normal,0.5277777777777778,0
1095,ccc,ccb,known,ccb,0.3611111111111111,0.0,normal,0.3611111111111111,0
1096,ccb,cbb,known,cbb,0.5294117647058824,0.0,normal,0.5294117647058824,0
1097,cbb,bbc,known,bbc,0.2018348623853211,0.0,normal,0.2018348623853211,0
1098,bbc,bcc,known,bcc,0.3277310924369748,0.0,normal,0.3277310924369748,0
1099,bcc,ccc,known,ccc,0.3442622950819672,0.0,normal,0.3442622950819672,0
1100,ccc,ccc,known,ccc,0.5277777777777778,0.0,normal,0.5277777777777778,0
1101,ccc,ccc,known,ccc,0.5277777777777778,0.0,normal,0.5277777777777778,0
1102,ccc,ccc,known,ccc,0.5277777777777778,0.0,normal,0.5277777777777778,0
1103,ccc,ccb,known,ccb,0.3611111111111111,0.0,normal,0.3611111111111111,0
1104,ccb,cbc,known,cbc,0.3382352941176471,0.0,normal,0.3382352941176471,0
1105,cbc,bcc,known,bcc,0.2777777777777778,0.0,normal,0.2777777777777778,0
1106,bcc,ccc,known,ccc,0.3442622950819672,0.0,normal,0.3442622950819672,0
1107,ccc,ccc,known,ccc,0.5277777777777778,0.0,normal,0.5277777777777778,0
1108,ccc,ccc,known,ccc,0.5277777777777778,0.0,normal,0.5277777777777778,0
1109,ccc,ccb,known,ccb,0.3611111111111111,0.0,normal,0.3611111111111111,0
1110,ccb,cbb,known,cbb,0.5294117647058824,0.0,normal,0.5294117647058824,0
1111,cbb,bbc,known,bbc,0.2018348623853211,0.0,normal,0.2018348623853211,0
1112,bbc,bcb,known,bcb,0.5798319327731093,0.0,normal,0.5798319327731093,0
1113,bcb,cbc,known,cbc,0.29508196721311475,0.0,normal,0.29508196721311475,0
1114,cbc,bcc,known,bcc,0.2777777777777778,0.0,normal,0.2777777777777778,0
1115,bcc,ccc,known,ccc,0.3442622950819672,0.0,normal,0.3442622950819672,0
1116,ccc,ccc,known,ccc,0.5277777777777778,0.0,normal,0.5277777777777778,0
1117,ccc,ccc,known,ccc,0.5277777777777778,0.0,normal,0.5277777777777778,0
1118,ccc,ccc,known,ccc,0.5277777777777778,0.0,normal,0.5277777777777778,0
1119,ccc,ccc,known,ccc,0.5277777777777778,0.0,normal,0.5277777777777778,0
1120,ccc,ccc,known,ccc,0.5277777777777778,0.0,normal,0.5277777777777778,0
1121,ccc,ccd,known,ccd,0.1111111111111111,0.0,anomaly,0.1111111111111111,0
1122,ccd,cdc,known,cdc,0.6363636363636364,0.0,normal,0.6363636363636364,0
1123,cdc,dcc,known,dcc,0.4117647058823529,0.0,normal,0.4117647058823529,0
1124,dcc,ccc,known,ccc,0.8125,0.0,normal,0.8125,0
1125,ccc,ccd,known,ccd,0.1111111111111111,0.0,anomaly,0.1111111111111111,0
1126,ccd,cdc,known,cdc,0.6363636363636364,0.0,normal,0.6363636363636364,0
1127,cdc,dcc,known,dcc,0.4117647058823529,0.0,normal,0.4117647058823529,0
1128,dcc,ccc,known,ccc,0.8125,0.0,normal,0.8125,0
1129,ccc,ccc,known,ccc,0.5277777777777778,0.0,normal,0.5277777777777778,0
1130,ccc,ccd,known,ccd,0.1111111111111111,0.0,anomaly,0.1111111111111111,0
1131,ccd,cdb,known,cdb,0.09090909090909091,0.0,anomaly,0.09090909090909091,0
1132,cdb,dbc,known,dbc,0.0,0.0,anomaly,0.0,0
1133,dbc,bcb,known,bcb,0.5,0.0,normal,0.5,0
1134,bcb,cbc,known,cbc,0.29508196721311475,0.0,normal,0.29508196721311475,0
1135,cbc,bcb,known,bcb,0.4861111111111111,0.0,normal,0.4861111111111111,0
1136,bcb,cbb,known,cbb,0.5491803278688525,0.0,normal,0.5491803278688525,0
1137,cbb,bbc,known,bbc,0.2018348623853211,0.0,normal,0.2018348623853211,0
1138,bbc,bcc,known,bcc,0.3277310924369748,0.0,normal,0.3277310924369748,0
1139,bcc,ccb,known,ccb,0.6229508196721312,0.0,normal,0.6229508196721312,0
1140,ccb,cbb,known,cbb,0.5294117647058824,0.0,normal,0.5294117647058824,0
1141,cbb,bbb,known,bbb,0.6238532110091743,0.0,normal,0.6238532110091743,0
1142,bbb,bbc,known,bbc,0.13403880070546736,0.0,anomaly,0.13403880070546736,0
1143,bbc,bcc,known,bcc,0.3277310924369748,0.0,normal,0.3277310924369748,0
1144,bcc,ccc,known,ccc,0.3442622950819672,0.0,normal,0.3442622950819672,0
1145,ccc,ccc,known,ccc,0.5277777777777778,0.0,normal,0.5277777777777778,0
1146,ccc,ccc,known,ccc,0.5277777777777778,0.0,normal,0.5277777777777778,0
1147,ccc,ccc,known,ccc,0.5277777777777778,0.0,normal,0.5277777777777778,0
1148,ccc,ccc,known,ccc,0.5277777777777778,0.0,normal,0.5277777777777778,0
1149,ccc,ccc,known,ccc,0.5277777777777778,0.0,normal,0.5277777777777778,0
1150,ccc,ccb,known,ccb,0.3611111111111111,0.0,normal,0.3611111111111111,0
1151,ccb,cbb,known,cbb,0.5294117647058824,0.0,normal,0.5294117647058824,0
1152,cbb,bbc,known,bbc,0.2018348623853211,0.0,normal,0.2018348623853211,0
1153,bbc,bcb,known,bcb,0.5798319327731093,0.0,normal,0.5798319327731093,0
1154,bcb,cbb,known,cbb,0.5491803278688525,0.0,normal,0.5491803278688525,0
1155,cbb,bbb,known,bbb,0.6238532110091743,0.0,normal,0.6238532110091743,0
1156,bbb,bbb,known,bbb,0.6860670194003528,0.0,normal,0.6860670194003528,0
1157,bbb,bbc,known,bbc,0.13403880070546736,0.0,anomaly,0.13403880070546736,0
1158,bbc,bcb,known,bcb,0.5798319327731093,0.0,normal,0.5798319327731093,0
1159,bcb,cbb,known,cbb,0.5491803278688525,0.0,normal,0.5491803278688525,0
1160,cbb,bbb,known,bbb,0.6238532110091743,0.0,normal,0.6238532110091743,0
1161,bbb,bbc,known,bbc,0.13403880070546736,0.0,anomaly,0.13403880070546736,0
1162,bbc,bcc,known,bcc,0.3277310924369748,0.0,normal,0.3277310924369748,0
1163,bcc,ccb,known,ccb,0.6229508196721312,0.0,normal,0.6229508196721312,0
1164,ccb,cbb,known,cbb,0.5294117647058824,0.0,normal,0.5294117647058824,0
1165,cbb,bbc,known,bbc,0.2018348623853211,0.0,normal,0.2018348623853211,0
1166,bbc,bcc,known,bcc,0.3277310924369748,0.0,normal,0.3277310924369748,0
1167,bcc,ccc,known,ccc,0.3442622950819672,0.0,normal,0.3442622950819672,0
1168,ccc,ccb,known,ccb,0.3611111111111111,0.0,normal,0.3611111111111111,0
1169,ccb,cbc,known,cbc,0.3382352941176471,0.0,normal,0.3382352941176471,0
1170,cbc,bcc,known,bcc,0.2777777777777778,0.0,normal,0.2777777777777778,0
1171,bcc,ccb,known,ccb,0.6229508196721312,0.0,normal,0.6229508196721312,0
1172,ccb,cbc,known,cbc,0.3382352941176471,0.0,normal,0.3382352941176471,0
1173,cbc,bcc,known,bcc,0.2777777777777778,0.0,normal,0.2777777777777778,0
1174,bcc,ccc,known,ccc,0.3442622950819672,0.0,normal,0.3442622950819672,0
1175,ccc,ccc,known,ccc,0.5277777777777778,0.0,normal,0.5277777777777778,0
1176,ccc,ccb,known,ccb,0.3611111111111111,0.0,normal,0.3611111111111111,0
1177,ccb,cbc,known,cbc,0.3382352941176471,0.0,normal,0.3382352941176471,0
1178,cbc,bcc,known,bcc,0.2777777777777778,0.0,normal,0.2777777777777778,0
1179,bcc,ccc,known,ccc,0.3442622950819672,0.0,normal,0.3442622950819672,0
1180,ccc,ccc,known,ccc,0.5277777777777778,0.0,normal,0.5277777777777778,0
1181,ccc,ccd,known,ccd,0.1111111111111111,0.0,anomaly,0.1111111111111111,0
1182,ccd,cdd,known,cdd,0.2727272727272727,0.0,normal,0.2727272727272727,0
1183,cdd,ddc,known,ddc,0.4166666666666667,0.0,normal,0.4166666666666667,0
1184,ddc,dcc,known,dcc,0.5,0.0,normal,0.5,0
1185,dcc,ccb,known,ccb,0.0625,0.0,anomaly,0.0625,0
1186,ccb,cbc,known,cbc,0.3382352941176471,0.0,normal,0.3382352941176471,0
1187,cbc,bcc,known,bcc,0.2777777777777778,0.0,normal,0.2777777777777778,0
1188,bcc,ccc,known,ccc,0.3442622950819672,0.0,normal,0.3442622950819672,0
1189,ccc,ccc,known,ccc,0.5277777777777778,0.0,normal,0.5277777777777778,0
1190,ccc,ccc,known,ccc,0.5277777777777778,0.0,normal,0.5277777777777778,0
1191,ccc,ccc,known,ccc,0.5277777777777778,0.0,normal,0.5277777777777778,0
1192,ccc,ccc,known,ccc,0.5277777777777778,0.0,normal,0.5277777777777778,0
1193,ccc,ccb,known,ccb,0.3611111111111111,0.0,normal,0.3611111111111111,0
1194,ccb,cbc,known,cbc,0.3382352941176471,0.0,normal,0.3382352941176471,0
1195,cbc,bcd,known,bcd,0.09722222222222222,0.0,anomaly,0.09722222222222222,0
1196,bcd,cdc,known,cdc,0.5384615384615384,0.0,normal,0.5384615384615384,0
1197,cdc,dcc,known,dcc,0.4117647058823529,0.0,normal,0.4117647058823529,0
1198,dcc,ccc,known,ccc,0.8125,0.0,normal,0.8125,0
1199,ccc,ccb,known,ccb,0.3611111111111111,0.0,normal,0.3611111111111111,0
1200,ccb,cbc,known,cbc,0.3382352941176471,0.0,normal,0.3382352941176471,0
1201,cbc,bcc,known,bcc,0.2777777777777778,0.0,normal,0.2777777777777778,0
1202,bcc,ccc,known,ccc,0.3442622950819672,0.0,normal,0.3442622950819672,0
1203,ccc,ccc,known,ccc,0.5277777777777778,0.0,normal,0.5277777777777778,0
1204,ccc,ccd,known,ccd,0.1111111111111111,0.0,anomaly,0.1111111111111111,0
1205,ccd,cdd,known,cdd,0.2727272727272727,0.0,normal,0.2727272727272727,0
1206,cdd,ddc,known,ddc,0.4166666666666667,0.0,normal,0.4166666666666667,0
1207,ddc,dcc,known,dcc,0.5,0.0,normal,0.5,0
1208,dcc,ccb,known,ccb,0.0625,0.0,anomaly,0.0625,0
1209,ccb,cbc,known,cbc,0.3382352941176471,0.0,normal,0.3382352941176471,0
1210,cbc,bcb,known,bcb,0.4861111111111111,0.0,normal,0.4861111111111111,0
1211,bcb,cbc,known,cbc,0.29508196721311475,0.0,normal,0.29508196721311475,0
1212,cbc,bcb,known,bcb,0.4861111111111111,0.0,normal,0.4861111111111111,0
1213,bcb,cbd,known,cbd,0.0,0.0,anomaly,0.0,0
1214,cbd,bdc,known,bdc,1.0,0.0,normal,1.0,0
1215,bdc,dcc,known,dcc,1.0,0.0,normal,1.0,0
1216,dcc,ccd,known,ccd,0.125,0.0,anomaly,0.125,0
1217,ccd,cdd,known,cdd,0.2727272727272727,0.0,normal,0.2727272727272727,0
1218,cdd,ddb,known,ddb,0.16666666666666666,0.0,anomaly,0.16666666666666666,0
1219,ddb,dbc,known,dbc,0.6666666666666666,0.0,normal,0.6666666666666666,0
1220,dbc,bcc,known,bcc,0.5,0.0,normal,0.5,0
1221,bcc,ccd,known,ccd,0.01639344262295082,0.0,anomaly,0.01639344262295082,0
1222,ccd,cdc,known,cdc,0.6363636363636364,0.0,normal,0.6363636363636364,0
1223,cdc,dcc,known,dcc,0.4117647058823529,0.0,normal,0.4117647058823529,0
1224,dcc,ccd,known,ccd,0.125,0.0,anomaly,0.125,0
1225,ccd,cdd,known,cdd,0.2727272727272727,0.0,normal,0.2727272727272727,0
1226,cdd,ddc,known,ddc,0.4166666666666667,0.0,normal,0.4166666666666667,0
1227,ddc,dcd,known,dcd,0.4,0.0,normal,0.4,0
1228,dcd,cdd,known,cdd,0.625,0.0,normal,0.625,0
1229,cdd,ddc,known,ddc,0.4166666666666667,0.0,normal,0.4166666666666667,0
1230,ddc,dcd,known,dcd,0.4,0.0,normal,0.4,0
1231,dcd,cdd,known,cdd,0.625,0.0,normal,0.625,0
1232,cdd,ddd,known,ddd,0.4166666666666667,0.0,normal,0.4166666666666667,0
1233,ddd,ddd,known,ddd,0.7407407407407407,0.0,normal,0.7407407407407407,0
1234,ddd,ddc,known,ddc,0.037037037037037035,0.0,anomaly,0.037037037037037035,0
1235,ddc,dcc,known,dcc,0.5,0.0,normal,0.5,0
1236,dcc,ccc,known,ccc,0.8125,0.0,normal,0.8125,0
1237,ccc,ccb,known,ccb,0.3611111111111111,0.0,normal,0.3611111111111111,0
1238,ccb,cbb,known,cbb,0.5294117647058824,0.0,normal,0.5294117647058824,0
1239,cbb,bbc,known,bbc,0.2018348623853211,0.0,normal,0.2018348623853211,0
1240,bbc,bcd,known,bcd,0.05042016806722689,0.0,anomaly,0.05042016806722689,0
1241,bcd,cdc,known,cdc,0.5384615384615384,0.0,normal,0.5384615384615384,0
1242,cdc,dcc,known,dcc,0.4117647058823529,0.0,normal,0.4117647058823529,0
1243,dcc,ccb,known,ccb,0.0625,0.0,anomaly,0.0625,0
1244,ccb,cbb,known,cbb,0.5294117647058824,0.0,normal,0.5294117647058824,0
1245,cbb,bbc,known,bbc,0.2018348623853211,0.0,normal,0.2018348623853211,0
1246,bbc,bcb,known,bcb,0.5798319327731093,0.0,normal,0.5798319327731093,0
1247,bcb,cbb,known,cbb,0.5491803278688525,0.0,normal,0.5491803278688525,0
1248,cbb,bbc,known,bbc,0.2018348623853211,0.0,normal,0.2018348623853211,0
1249,bbc,bcc,known,bcc,0.3277310924369748,0.0,normal,0.3277310924369748,0
1250,bcc,ccc,known,ccc,0.3442622950819672,0.0,normal,0.3442622950819672,0
1251,ccc,ccc,known,ccc,0.5277777777777778,0.0,normal,0.5277777777777778,0
1252,ccc,ccc,known,ccc,0.5277777777777778,0.0,normal,0.5277777777777778,0
1253,ccc,ccc,known,ccc,0.5277777777777778,0.0,normal,0.5277777777777778,0
1254,ccc,ccb,known,ccb,0.3611111111111111,0.0,normal,0.3611111111111111,0
1255,ccb,cbc,known,cbc,0.3382352941176471,0.0,normal,0.3382352941176471,0
1256,cbc,bcb,known,bcb,0.4861111111111111,0.0,normal,0.4861111111111111,0
1257,bcb,cbb,known,cbb,0.5491803278688525,0.0,normal,0.5491803278688525,0
1258,cbb,bbc,known,bbc,0.2018348623853211,0.0,normal,0.2018348623853211,0
1259,bbc,bcb,known,bcb,0.5798319327731093,0.0,normal,0.5798319327731093,0
1260,bcb,cbc,known,cbc,0.29508196721311475,0.0,normal,0.29508196721311475,0
1261,cbc,bcc,known,bcc,0.2777777777777778,0.0,normal,0.2777777777777778,0
1262,bcc,ccc,known,ccc,0.3442622950819672,0.0,normal,0.3442622950819672,0
1263,ccc,ccc,known,ccc,0.5277777777777778,0.0,normal,0.5277777777777778,0
1264,ccc,ccc,known,ccc,0.5277777777777778,0.0,normal,0.5277777777777778,0
1265,ccc,ccd,known,ccd,0.1111111111111111,0.0,anomaly,0.1111111111111111,0
1266,ccd,cdd,known,cdd,0.2727272727272727,0.0,normal,0.2727272727272727,0
1267,cdd,ddc,known,ddc,0.4166666666666667,0.0,normal,0.4166666666666667,0
1268,ddc,dcb,known,dcb,0.1,0.0,anomaly,0.1,0
1269,dcb,cbb,known,cbb,0.3333333333333333,0.0,normal,0.3333333333333333,0
1270,cbb,bbb,known,bbb,0.6238532110091743,0.0,normal,0.6238532110091743,0
1271,bbb,bbc,known,bbc,0.13403880070546736,0.0,anomaly,0.13403880070546736,0
1272,bbc,bcc,known,bcc,0.3277310924369748,0.0,normal,0.3277310924369748,0
1273,bcc,ccb,known,ccb,0.6229508196721312,0.0,normal,0.6229508196721312,0
1274,ccb,cbd,known,cbd,0.029411764705882353,0.0,anomaly,0.029411764705882353,0
1275,cbd,bdd,known,bdd,0.0,0.0,anomaly,0.0,0
1276,bdd,ddd,known,ddd,0.0,0.0,anomaly,0.0,0
1277,ddd,ddd,known,ddd,0.7407407407407407,0.0,normal,0.7407407407407407,0
1278,ddd,ddd,known,ddd,0.7407407407407407,0.0,normal,0.7407407407407407,0
1279,ddd,ddc,known,ddc,0.037037037037037035,0.0,anomaly,0.037037037037037035,0
1280,ddc,dcc,known,dcc,0.5,0.0,normal,0.5,0
1281,dcc,ccd,known,ccd,0.125,0.0,anomaly,0.125,0
1282,ccd,cdd,known,cdd,0.2727272727272727,0.0,normal,0.2727272727272727,0
1283,cdd,ddc,known,ddc,0.4166666666666667,0.0,normal,0.4166666666666667,0
1284,ddc,dcc,known,dcc,0.5,0.0,normal,0.5,0
1285,dcc,ccd,known,ccd,0.125,0.0,anomaly,0.125,0
1286,ccd,cdc,known,cdc,0.6363636363636364,0.0,normal,0.6363636363636364,0
1287,cdc,dcb,known,dcb,0.29411764705882354,0.0,normal,0.29411764705882354,0
1288,dcb,cbb,known,cbb,0.3333333333333333,0.0,normal,0.3333333333333333,0
1289,cbb,bbb,known,bbb,0.6238532110091743,0.0,normal,0.6238532110091743,0
1290,bbb,bbb,known,bbb,0.6860670194003528,0.0,normal,0.6860670194003528,0
1291,bbb,bbc,known,bbc,0.13403880070546736,0.0,anomaly,0.13403880070546736,0
1292,bbc,bcc,known,bcc,0.3277310924369748,0.0,normal,0.3277310924369748,0
1293,bcc,ccd,known,ccd,0.01639344262295082,0.0,anomaly,0.01639344262295082,0
1294,ccd,cdc,known,cdc,0.6363636363636364,0.0,normal,0.6363636363636364,0
1295,cdc,dcc,known,dcc,0.4117647058823529,0.0,normal,0.4117647058823529,0
1296,dcc,ccc,known,ccc,0.8125,0.0,normal,0.8125,0
1297,ccc,ccb,known,ccb,0.3611111111111111,0.0,normal,0.3611111111111111,0
1298,ccb,cbc,known,cbc,0.3382352941176471,0.0,normal,0.3382352941176471,0
1299,cbc,bcb,known,bcb,0.4861111111111111,0.0,normal,0.4861111111111111,0
1300,bcb,cbc,known,cbc,0.29508196721311475,0.0,normal,0.29508196721311475,0
1301,cbc,bcc,known,bcc,0.2777777777777778,0.0,normal,0.2777777777777778,0
1302,bcc,ccd,known,ccd,0.01639344262295082,0.0,anomaly,0.01639344262295082,0
1303,ccd,cdd,known,cdd,0.2727272727272727,0.0,normal,0.2727272727272727,0
1304,cdd,ddd,known,ddd,0.4166666666666667,0.0,normal,0.4166666666666667,0
1305,ddd,ddd,known,ddd,0.7407407407407407,0.0,normal,0.7407407407407407,0
1306,ddd,ddc,known,ddc,0.037037037037037035,0.0,anomaly,0.037037037037037035,0
1307,ddc,dcd,known,dcd,0.4,0.0,normal,0.4,0
1308,dcd,cdd,known,cdd,0.625,0.0,normal,0.625,0
1309,cdd,ddc,known,ddc,0.4166666666666667,0.0,normal,0.4166666666666667,0
1310,ddc,dcc,known,dcc,0.5,0.0,normal,0.5,0
1311,dcc,ccd,known,ccd,0.125,0.0,anomaly,0.125,0
1312,ccd,cdd,known,cdd,0.2727272727272727,0.0,normal,0.2727272727272727,0
1313,cdd,ddc,known,ddc,0.4166666666666667,0.0,normal,0.4166666666666667,0
1314,ddc,dcc,known,dcc,0.5,0.0,normal,0.5,0
1315,dcc,ccd,known,ccd,0.125,0.0,anomaly,0.125,0
1316,ccd,cdc,known,cdc,0.6363636363636364,0.0,normal,0.6363636363636364,0
1317,cdc,dcc,known,dcc,0.4117647058823529,0.0,normal,0.4117647058823529,0
1318,dcc,ccc,known,ccc,0.8125,0.0,normal,0.8125,0
1319,ccc,ccb,known,ccb,0.3611111111111111,0.0,normal,0.3611111111111111,0
1320,ccb,cbd,known,cbd,0.029411764705882353,0.0,anomaly,0.029411764705882353,0
1321,cbd,bdd,known,bdd,0.0,0.0,anomaly,0.0,0
1322,bdd,ddc,known,ddc,0.0,0.0,anomaly,0.0,0
1323,ddc,dcc,known,dcc,0.5,0.0,normal,0.5,0
1324,dcc,ccc,known,ccc,0.8125,0.0,normal,0.8125,0
1325,ccc,ccc,known,ccc,0.5277777777777778,0.0,normal,0.5277777777777778,0
1326,ccc,ccc,known,ccc,0.5277777777777778,0.0,normal,0.5277777777777778,0
1327,ccc,ccc,known,ccc,0.5277777777777778,0.0,normal,0.5277777777777778,0
1328,ccc,ccb,known,ccb,0.3611111111111111,0.0,normal,0.3611111111111111,0
1329,ccb,cbb,known,cbb,0.5294117647058824,0.0,normal,0.5294117647058824,0
1330,cbb,bbc,known,bbc,0.2018348623853211,0.0,normal,0.2018348623853211,0
1331,bbc,bcc,known,bcc,0.3277310924369748,0.0,normal,0.3277310924369748,0
1332,bcc,ccc,known,ccc,0.3442622950819672,0.0,normal,0.3442622950819672,0
1333,ccc,ccc,known,ccc,0.5277777777777778,0.0,normal,0.5277777777777778,0
1334,ccc,ccc,known,ccc,0.5277777777777778,0.0,normal,0.5277777777777778,0
1335,ccc,ccb,known,ccb,0.3611111111111111,0.0,normal,0.3611111111111111,0
1336,ccb,cbb,known,cbb,0.5294117647058824,0.0,normal,0.5294117647058824,0
1337,cbb,bbb,known,bbb,0.6238532110091743,0.0,normal,0.6238532110091743,0
1338,bbb,bbc,known,bbc,0.13403880070546736,0.0,anomaly,0.13403880070546736,0
1339,bbc,bcc,known,bcc,0.3277310924369748,0.0,normal,0.3277310924369748,0
1340,bcc,ccb,known,ccb,0.6229508196721312,0.0,normal,0.6229508196721312,0
1341,ccb,cbb,known,cbb,0.5294117647058824,0.0,normal,0.5294117647058824,0
1342,cbb,bbb,known,bbb,0.6238532110091743,0.0,normal,0.6238532110091743,0
1343,bbb,bbc,known,bbc,0.13403880070546736,0.0,anomaly,0.13403880070546736,0
1344,bbc,bcc,known,bcc,0.3277310924369748,0.0,normal,0.3277310924369748,0
1345,bcc,ccc,known,ccc,0.3442622950819672,0.0,normal,0.3442622950819672,0
1346,ccc,ccb,known,ccb,0.3611111111111111,0.0,normal,0.3611111111111111,0
1347,ccb,cbc,known,cbc,0.3382352941176471,0.0,normal,0.3382352941176471,0
1348,cbc,bcc,known,bcc,0.2777777777777778,0.0,normal,0.2777777777777778,0
1349,bcc,ccc,known,ccc,0.3442622950819672,0.0,normal,0.3442622950819672,0
1350,ccc,ccd,known,ccd,0.1111111111111111,0.0,anomaly,0.1111111111111111,0
1351,ccd,cdc,known,cdc,0.6363636363636364,0.0,normal,0.6363636363636364,0
1352,cdc,dcc,known,dcc,0.4117647058823529,0.0,normal,0.4117647058823529,0
1353,dcc,ccc,known,ccc,0.8125,0.0,normal,0.8125,0
1354,ccc,ccc,known,ccc,0.5277777777777778,0.0,normal,0.5277777777777778,0
1355,ccc,ccb,known,ccb,0.3611111111111111,0.0,normal,0.3611111111111111,0
1356,ccb,cbb,known,cbb,0.5294117647058824,0.0,normal,0.5294117647058824,0
1357,cbb,bbb,known,bbb,0.6238532110091743,0.0,normal,0.6238532110091743,0
1358,bbb,bbb,known,bbb,0.6860670194003528,0.0,normal,0.6860670194003528,0
1359,bbb,bbb,known,bbb,0.6860670194003528,0.0,normal,0.6860670194003528,0
1360,bbb,bbb,known,bbb,0.6860670194003528,0.0,normal,0.6860670194003528,0
1361,bbb,bbb,known,bbb,0.6860670194003528,0.0,normal,0.6860670194003528,0
1362,bbb,bbb,known,bbb,0.6860670194003528,0.0,normal,0.6860670194003528,0
1363,bbb,bbb,known,bbb,0.6860670194003528,0.0,normal,0.6860670194003528,0
1364,bbb,bbb,known,bbb,0.6860670194003528,0.0,normal,0.6860670194003528,0
1365,bbb,bbb,known,bbb,0.6860670194003528,0.0,normal,0.6860670194003528,0
1366,bbb,bbb,known,bbb,0.6860670194003528,0.0,normal,0.6860670194003528,0
1367,bbb,bbb,known,bbb,0.6860670194003528,0.0,normal,0.6860670194003528,0
1368,bbb,bbb,known,bbb,0.6860670194003528,0.0,normal,0.6860670194003528,0
1369,bbb,bbb,known,bbb,0.6860670194003528,0.0,normal,0.6860670194003528,0
1370,bbb,bbb,known,bbb,0.6860670194003528,0.0,normal,0.6860670194003528,0
1371,bbb,bbb,known,bbb,0.6860670194003528,0.0,normal,0.6860670194003528,0
1372,bbb,bbb,known,bbb,0.6860670194003528,0.0,normal,0.6860670194003528,0
1373,bbb,bbb,known,bbb,0.6860670194003528,0.0,normal,0.6860670194003528,0
1374,bbb,bbb,known,bbb,0.6860670194003528,0.0,normal,0.6860670194003528,0
1375,bbb,bbb,known,bbb,0.6860670194003528,0.0,normal,0.6860670194003528,0
1376,bbb,bbb,known,bbb,0.6860670194003528,0.0,normal,0.6860670194003528,0
1377,bbb,bbb,known,bbb,0.6860670194003528,0.0,normal,0.6860670194003528,0
1378,bbb,bbb,known,bbb,0.6860670194003528,0.0,normal,0.6860670194003528,0
1379,bbb,bbb,known,bbb,0.6860670194003528,0.0,normal,0.6860670194003528,0
1380,bbb,bbb,known,bbb,0.6860670194003528,0.0,normal,0.6860670194003528,0
1381,bbb,bbb,known,bbb,0.6860670194003528,0.0,normal,0.6860670194003528,0
1382,bbb,bbb,known,bbb,0.6860670194003528,0.0,normal,0.6860670194003528,0
1383,bbb,bbc,known,bbc,0.13403880070546736,0.0,anomaly,0.13403880070546736,0
1384,bbc,bcb,known,bcb,0.5798319327731093,0.0,normal,0.5798319327731093,0
1385,bcb,cbc,known,cbc,0.29508196721311475,0.0,normal,0.29508196721311475,0
1386,cbc,bcc,known,bcc,0.2777777777777778,0.0,normal,0.2777777777777778,0
1387,bcc,ccc,known,ccc,0.3442622950819672,0.0,normal,0.3442622950819672,0
1388,ccc,ccb,known,ccb,0.3611111111111111,0.0,normal,0.3611111111111111,0
1389,ccb,cbc,known,cbc,0.3382352941176471,0.0,normal,0.3382352941176471,0
1390,cbc,bcb,known,bcb,0.4861111111111111,0.0,normal,0.4861111111111111,0
1391,bcb,cbb,known,cbb,0.5491803278688525,0.0,normal,0.5491803278688525,0
1392,cbb,bbb,known,bbb,0.6238532110091743,0.0,normal,0.6238532110091743,0
1393,bbb,bbc,known,bbc,0.13403880070546736,0.0,anomaly,0.13403880070546736,0
1394,bbc,bcc,known,bcc,0.3277310924369748,0.0,normal,0.3277310924369748,0
1395,bcc,ccc,known,ccc,0.3442622950819672,0.0,normal,0.3442622950819672,0
1396,ccc,ccc,known,ccc,0.5277777777777778,0.0,normal,0.5277777777777778,0
1397,ccc,ccc,known,ccc,0.5277777777777778,0.0,normal,0.5277777777777778,0
1398,ccc,ccc,known,ccc,0.5277777777777778,0.0,normal,0.5277777777777778,0
1399,ccc,ccc,known,ccc,0.5277777777777778,0.0,normal,0.5277777777777778,0
1400,ccc,ccb,known,ccb,0.3611111111111111,0.0,normal,0.3611111111111111,0
1401,ccb,cbb,known,cbb,0.5294117647058824,0.0,normal,0.5294117647058824,0
1402,cbb,bbb,known,bbb,0.6238532110091743,0.0,normal,0.6238532110091743,0
1403,bbb,bbb,known,bbb,0.6860670194003528,0.0,normal,0.6860670194003528,0
1404,bbb,bbb,known,bbb,0.6860670194003528,0.0,normal,0.6860670194003528,0
1405,bbb,bbb,known,bbb,0.6860670194003528,0.0,normal,0.6860670194003528,0
1406,bbb,bbb,known,bbb,0.6860670194003528,0.0,normal,0.6860670194003528,0
1407,bbb,bbb,known,bbb,0.6860670194003528,0.0,normal,0.6860670194003528,0
1408,bbb,bbb,known,bbb,0.6860670194003528,0.0,normal,0.6860670194003528,0
1409,bbb,bbb,known,bbb,0.6860670194003528,0.0,normal,0.6860670194003528,0
1410,bbb,bbc,known,bbc,0.13403880070546736,0.0,anomaly,0.13403880070546736,0
1411,bbc,bcb,known,bcb,0.5798319327731093,0.0,normal,0.5798319327731093,0
1412,bcb,cbc,known,cbc,0.29508196721311475,0.0,normal,0.29508196721311475,0
1413,cbc,bcb,known,bcb,0.4861111111111111,0.0,normal,0.4861111111111111,0
1414,bcb,cbc,known,cbc,0.29508196721311475,0.0,normal,0.29508196721311475,0
1415,cbc,bcc,known,bcc,0.2777777777777778,0.0,normal,0.2777777777777778,0
1416,bcc,ccc,known,ccc,0.3442622950819672,0.0,normal,0.3442622950819672,0
1417,ccc,ccc,known,ccc,0.5277777777777778,0.0,normal,0.5277777777777778,0
1418,ccc,ccc,known,ccc,0.5277777777777778,0.0,normal,0.5277777777777778,0
1419,ccc,ccc,known,ccc,0.5277777777777778,0.0,normal,0.5277777777777778,0
1420,ccc,ccc,known,ccc,0.5277777777777778,0.0,normal,0.5277777777777778,0
1421,ccc,ccc,known,ccc,0.5277777777777778,0.0,normal,0.5277777777777778,0
1422,ccc,ccc,known,ccc,0.5277777777777778,0.0,normal,0.5277777777777778,0
1423,ccc,ccc,known,ccc,0.5277777777777778,0.0,normal,0.5277777777777778,0
1424,ccc,ccc,known,ccc,0.5277777777777778,0.0,normal,0.5277777777777778,0
1425,ccc,ccb,known,ccb,0.3611111111111111,0.0,normal,0.3611111111111111,0
1426,ccb,cbc,known,cbc,0.3382352941176471,0.0,normal,0.3382352941176471,0
1427,cbc,bcc,known,bcc,0.2777777777777778,0.0,normal,0.2777777777777778,0
1428,bcc,ccc,known,ccc,0.3442622950819672,0.0,normal,0.3442622950819672,0
1429,ccc,ccb,known,ccb,0.3611111111111111,0.0,normal,0.3611111111111111,0
1430,ccb,cbc,known,cbc,0.3382352941176471,0.0,normal,0.3382352941176471,0
1431,cbc,bcb,known,bcb,0.4861111111111111,0.0,normal,0.4861111111111111,0
1432,bcb,cbb,known,cbb,0.5491803278688525,0.0,normal,0.5491803278688525,0
1433,cbb,bbb,known,bbb,0.6238532110091743,0.0,normal,0.6238532110091743,0
1434,bbb,bbb,known,bbb,0.6860670194003528,0.0,normal,0.6860670194003528,0
1435,bbb,bbb,known,bbb,0.6860670194003528,0.0,normal,0.6860670194003528,0
1436,bbb,bbb,known,bbb,0.6860670194003528,0.0,normal,0.6860670194003528,0
1437,bbb,bbc,known,bbc,0.13403880070546736,0.0,anomaly,0.13403880070546736,0
1438,bbc,bcc,known,bcc,0.3277310924369748,0.0,normal,0.3277310924369748,0
1439,bcc,ccc,known,ccc,0.3442622950819672,0.0,normal,0.3442622950819672,0
1440,ccc,ccb,known,ccb,0.3611111111111111,0.0,normal,0.3611111111111111,0
1441,ccb,cbb,known,cbb,0.5294117647058824,0.0,normal,0.5294117647058824,0
1442,cbb,bbb,known,bbb,0.6238532110091743,0.0,normal,0.6238532110091743,0
1443,bbb,bbb,known,bbb,0.6860670194003528,0.0,normal,0.6860670194003528,0
1444,bbb,bbb,known,bbb,0.6860670194003528,0.0,normal,0.6860670194003528,0
1445,bbb,bbb,known,bbb,0.6860670194003528,0.0,normal,0.6860670194003528,0
1446,bbb,bbb,known,bbb,0.6860670194003528,0.0,normal,0.6860670194003528,0
1447,bbb,bbc,known,bbc,0.13403880070546736,0.0,anomaly,0.13403880070546736,0
1448,bbc,bcc,known,bcc,0.3277310924369748,0.0,normal,0.3277310924369748,0
1449,bcc,ccc,known,ccc,0.3442622950819672,0.0,normal,0.3442622950819672,0
1450,ccc,ccb,known,ccb,0.3611111111111111,0.0,normal,0.3611111111111111,0
1451,ccb,cbb,known,cbb,0.5294117647058824,0.0,normal,0.5294117647058824,0
1452,cbb,bbb,known,bbb,0.6238532110091743,0.0,normal,0.6238532110091743,0
1453,bbb,bbb,known,bbb,0.6860670194003528,0.0,normal,0.6860670194003528,0
1454,bbb,bbb,known,bbb,0.6860670194003528,0.0,normal,0.6860670194003528,0
1455,bbb,bbb,known,bbb,0.6860670194003528,0.0,normal,0.6860670194003528,0
1456,bbb,bbc,known,bbc,0.13403880070546736,0.0,anomaly,0.13403880070546736,0
1457,bbc,bcc,known,bcc,0.3277310924369748,0.0,normal,0.3277310924369748,0
1458,bcc,ccc,known,ccc,0.3442622950819672,0.0,normal,0.3442622950819672,0
1459,ccc,ccd,known,ccd,0.1111111111111111,0.0,anomaly,0.1111111111111111,0
1460,ccd,cdb,known,cdb,0.09090909090909091,0.0,anomaly,0.09090909090909091,0
1461,cdb,dbb,known,dbb,1.0,0.0,normal,1.0,0
1462,dbb,bbc,known,bbc,0.3333333333333333,0.0,normal,0.3333333333333333,0
1463,bbc,bcc,known,bcc,0.3277310924369748,0.0,normal,0.3277310924369748,0
1464,bcc,ccb,known,ccb,0.6229508196721312,0.0,normal,0.6229508196721312,0
1465,ccb,cbb,known,cbb,0.5294117647058824,0.0,normal,0.5294117647058824,0
1466,cbb,bbc,known,bbc,0.2018348623853211,0.0,normal,0.2018348623853211,0
1467,bbc,bcc,known,bcc,0.3277310924369748,0.0,normal,0.3277310924369748,0
1468,bcc,ccc,known,ccc,0.3442622950819672,0.0,normal,0.3442622950819672,0
1469,ccc,ccb,known,ccb,0.3611111111111111,0.0,normal,0.3611111111111111,0
1470,ccb,cbc,known,cbc,0.3382352941176471,0.0,normal,0.3382352941176471,0
1471,cbc,bcc,known,bcc,0.2777777777777778,0.0,normal,0.2777777777777778,0
1472,bcc,ccc,known,ccc,0.3442622950819672,0.0,normal,0.3442622950819672,0
1473,ccc,ccc,known,ccc,0.5277777777777778,0.0,normal,0.5277777777777778,0
1474,ccc,ccc,known,ccc,0.5277777777777778,0.0,normal,0.5277777777777778,0
1475,ccc,ccc,known,ccc,0.5277777777777778,0.0,normal,0.5277777777777778,0
1476,ccc,ccc,known,ccc,0.5277777777777778,0.0,normal,0.5277777777777778,0
1477,ccc,ccd,known,ccd,0.1111111111111111,0.0,anomaly,0.1111111111111111,0
1478,ccd,cdd,known,cdd,0.2727272727272727,0.0,normal,0.2727272727272727,0
1479,cdd,ddd,known,ddd,0.4166666666666667,0.0,normal,0.4166666666666667,0
1480,ddd,ddc,known,ddc,0.037037037037037035,0.0,anomaly,0.037037037037037035,0
1481,ddc,dcc,known,dcc,0.5,0.0,normal,0.5,0
1482,dcc,ccc,known,ccc,0.8125,0.0,normal,0.8125,0
1483,ccc,ccb,known,ccb,0.3611111111111111,0.0,normal,0.3611111111111111,0
1484,ccb,cbc,known,cbc,0.3382352941176471,0.0,normal,0.3382352941176471,0
1485,cbc,bcd,known,bcd,0.09722222222222222,0.0,anomaly,0.09722222222222222,0
1486,bcd,cdc,known,cdc,0.5384615384615384,0.0,normal,0.5384615384615384,0
1487,cdc,dcd,known,dcd,0.23529411764705882,0.0,normal,0.23529411764705882,0
1488,dcd,cdd,known,cdd,0.625,0.0,normal,0.625,0
1489,cdd,ddd,known,ddd,0.4166666666666667,0.0,normal,0.4166666666666667,0
1490,ddd,ddd,known,ddd,0.7407407407407407,0.0,normal,0.7407407407407407,0
1491,ddd,ddd,known,ddd,0.7407407407407407,0.0,normal,0.7407407407407407,0
1492,ddd,ddd,known,ddd,0.7407407407407407,0.0,normal,0.7407407407407407,0
1493,ddd,ddc,known,ddc,0.037037037037037035,0.0,anomaly,0.037037037037037035,0
1494,ddc,dcd,known,dcd,0.4,0.0,normal,0.4,0
1495,dcd,cdd,known,cdd,0.625,0.0,normal,0.625,0
1496,cdd,ddd,known,ddd,0.4166666666666667,0.0,normal,0.4166666666666667,0
1497,ddd,ddd,known,ddd,0.7407407407407407,0.0,normal,0.7407407407407407,0
1498,ddd,ddc,known,ddc,0.037037037037037035,0.0,anomaly,0.037037037037037035,0
1499,ddc,dcc,known,dcc,0.5,0.0,normal,0.5,0
1500,dcc,ccc,known,ccc,0.8125,0.0,normal,0.8125,0
1501,ccc,ccc,known,ccc,0.5277777777777778,0.0,normal,0.5277777777777778,0
1502,ccc,ccb,known,ccb,0.3611111111111111,0.0,normal,0.3611111111111111,0
1503,ccb,cbb,known,cbb,0.5294117647058824,0.0,normal,0.5294117647058824,0
1504,cbb,bbb,known,bbb,0.6238532110091743,0.0,normal,0.6238532110091743,0
1505,bbb,bbc,known,bbc,0.13403880070546736,0.0,anomaly,0.13403880070546736,0
1506,bbc,bcc,known,bcc,0.3277310924369748,0.0,normal,0.3277310924369748,0
1507,bcc,ccc,known,ccc,0.3442622950819672,0.0,normal,0.3442622950819672,0
1508,ccc,ccc,known,ccc,0.5277777777777778,0.0,normal,0.5277777777777778,0
1509,ccc,ccc,known,ccc,0.5277777777777778,0.0,normal,0.5277777777777778,0
1510,ccc,ccc,known,ccc,0.5277777777777778,0.0,normal,0.5277777777777778,0
1511,ccc,ccd,known,ccd,0.1111111111111111,0.0,anomaly,0.1111111111111111,0
