time_step,state,pattern,status,mapped_to,probability,path_probability,decision,confidence,distance
1,bbb,bbb,known,bbb,0.6380597014925373,0.6380597014925373,normal,0.6380597014925373,0
2,bbb,bbc,known,bbc,0.17537313432835822,0.11189852973936289,anomaly,0.17537313432835822,0
3,bbc,bcb,known,bcb,0.47586206896551725,0.053248265875972686,normal,0.47586206896551725,0
4,bcb,cba,known,cba,0.14925373134328357,0.007947502369548162,anomaly,0.14925373134328357,0
5,cba,bab,known,bab,0.53125,0.004222110633822461,normal,0.53125,0
6,bab,aba,known,aba,0.44642857142857145,0.0018848708186707415,normal,0.44642857142857145,0
7,aba,baa,known,baa,0.5317919075144508,0.0010023590480792383,normal,0.5317919075144508,0
8,baa,aab,known,aab,0.3701657458563536,0.00037103898464811583,normal,0.3701657458563536,0
9,aab,aba,known,aba,0.5166666666666667,0.00019170347540152654,normal,0.5166666666666667,0
10,aba,bab,known,bab,0.4277456647398844,8.200033051857205e-05,normal,0.4277456647398844,0
11,bab,abb,known,abb,0.49404761904761907,4.051206805381834e-05,normal,0.49404761904761907,0
12,abb,bba,known,bba,0.27167630057803466,1.1006168777626946e-05,normal,0.27167630057803466,0
13,bba,bab,known,bab,0.4779874213836478,5.2608102333311186e-06,normal,0.4779874213836478,0
14,bab,abb,known,abb,0.49404761904761907,2.5990907700385883e-06,normal,0.49404761904761907,0
15,abb,bbb,known,bbb,0.6127167630057804,1.592506483376245e-06,normal,0.6127167630057804,0
16,bbb,bbc,known,bbc,0.17537313432835822,2.7928285342792356e-07,anomaly,0.17537313432835822,0
17,bbc,bcb,known,bcb,0.47586206896551725,1.32900116458805e-07,normal,0.47586206896551725,0
18,bcb,cbb,known,cbb,0.5223880597014925,6.942543397101754e-08,normal,0.5223880597014925,0
19,cbb,bbc,known,bbc,0.23703703703703705,1.6456399163500454e-08,normal,0.23703703703703705,0
20,bbc,bcb,known,bcb,0.47586206896551725,7.830976153665733e-09,normal,0.47586206896551725,0
21,bcb,cbb,known,cbb,0.5223880597014925,4.090808438482099e-09,normal,0.5223880597014925,0
22,cbb,bbb,known,bbb,0.6148148148148148,2.5150896325482536e-09,normal,0.6148148148148148,0
23,bbb,bba,known,bba,0.16977611940298507,4.270021577647221e-10,anomaly,0.16977611940298507,0
24,bba,bab,known,bab,0.4779874213836478,2.041016603152131e-10,normal,0.4779874213836478,0
25,bab,abb,known,abb,0.49404761904761907,1.0083593932239695e-10,normal,0.49404761904761907,0
26,abb,bbb,known,bbb,0.6127167630057804,6.178387033626634e-11,normal,0.6127167630057804,0
27,bbb,bbc,known,bbc,0.17537313432835822,1.0835230991807904e-11,anomaly,0.17537313432835822,0
28,bbc,bcb,known,bcb,0.47586206896551725,5.156075437481002e-12,normal,0.47586206896551725,0
29,bcb,cba,known,cba,0.14925373134328357,7.695634981314928e-13,anomaly,0.14925373134328357,0
30,cba,bab,known,bab,0.53125,4.0883060838235553e-13,normal,0.53125,0
31,bab,aba,known,aba,0.44642857142857145,1.8251366445640874e-13,normal,0.44642857142857145,0
32,aba,bab,known,bab,0.4277456647398844,7.806942872701877e-14,normal,0.4277456647398844,0
33,bab,abb,known,abb,0.49404761904761907,3.857001538299142e-14,normal,0.49404761904761907,0
34,abb,bbc,known,bbc,0.10982658959537572,4.2360132501551265e-15,anomaly,0.10982658959537572,0
35,bbc,bcb,known,bcb,0.47586206896551725,2.0157580293841637e-15,normal,0.47586206896551725,0
36,bcb,cbc,known,cbc,0.26865671641791045,5.415469332673873e-16,normal,0.26865671641791045,0
37,cbc,bcc,known,bcc,0.2911392405063291,1.5766556284999882e-16,normal,0.2911392405063291,0
38,bcc,ccb,known,ccb,0.45918367346938777,7.239745232908109e-17,normal,0.45918367346938777,0
39,ccb,cbb,known,cbb,0.5463917525773195,3.9557370860219557e-17,normal,0.5463917525773195,0
40,cbb,bba,known,bba,0.1259259259259259,4.981298552768388e-18,anomaly,0.1259259259259259,0
41,bba,bab,known,bab,0.4779874213836478,2.3809980503798584e-18,normal,0.4779874213836478,0
42,bab,aba,known,aba,0.44642857142857145,1.062945558205294e-18,normal,0.44642857142857145,0
43,aba,bab,known,bab,0.4277456647398844,4.54670354376831e-19,normal,0.4277456647398844,0
44,bab,abb,known,abb,0.49404761904761907,2.2462880603141057e-19,normal,0.49404761904761907,0
45,abb,bbb,known,bbb,0.6127167630057804,1.376338349094192e-19,normal,0.6127167630057804,0
46,bbb,bbc,known,bbc,0.17537313432835822,2.4137277017696652e-20,anomaly,0.17537313432835822,0
47,bbc,bcb,known,bcb,0.47586206896551725,1.1486014580834958e-20,normal,0.47586206896551725,0
48,bcb,cbc,known,cbc,0.26865671641791045,3.085794962015362e-21,normal,0.26865671641791045,0
49,cbc,bcb,known,bcb,0.5443037974683544,1.679609916033678e-21,normal,0.5443037974683544,0
50,bcb,cbb,known,cbb,0.5223880597014925,8.774081650922199e-22,normal,0.5223880597014925,0
51,cbb,bbc,known,bbc,0.23703703703703705,2.0797823172556323e-22,normal,0.23703703703703705,0
52,bbc,bcb,known,bcb,0.47586206896551725,9.89689516487163e-23,normal,0.47586206896551725,0
53,bcb,cbb,known,cbb,0.5223880597014925,5.170019862246373e-23,normal,0.5223880597014925,0
54,cbb,bbb,known,bbb,0.6148148148148148,3.178604804195918e-23,normal,0.6148148148148148,0
55,bbb,bbb,known,bbb,0.6380597014925373,2.0281396325279927e-23,normal,0.6380597014925373,0
56,bbb,bbc,known,bbc,0.17537313432835822,3.5568120421199874e-24,anomaly,0.17537313432835822,0
57,bbc,bca,known,bca,0.05517241379310345,1.9623790577213724e-25,anomaly,0.05517241379310345,0
58,bca,cac,known,cac,0.375,7.358921466455147e-26,normal,0.375,0
59,cac,aca,known,aca,0.4,2.943568586582059e-26,normal,0.4,0
60,aca,cab,known,cab,0.6428571428571429,1.892294091374181e-26,normal,0.6428571428571429,0
61,cab,aba,known,aba,0.21052631578947367,3.98377703447196e-27,normal,0.21052631578947367,0
62,aba,bab,known,bab,0.4277456647398844,1.704043355785694e-27,normal,0.4277456647398844,0
63,bab,aba,known,aba,0.44642857142857145,7.607336409757563e-28,normal,0.44642857142857145,0
64,aba,bab,known,bab,0.4277456647398844,3.254005169491674e-28,normal,0.4277456647398844,0
65,bab,abb,known,abb,0.49404761904761907,1.6076335063560057e-28,normal,0.49404761904761907,0
66,abb,bba,known,bba,0.27167630057803466,4.36755923692094e-29,normal,0.27167630057803466,0
67,bba,bab,known,bab,0.4779874213836478,2.0876383773961726e-29,normal,0.4779874213836478,0
68,bab,aba,known,aba,0.44642857142857145,9.319814184804342e-30,normal,0.44642857142857145,0
69,aba,bab,known,bab,0.4277456647398844,3.9865101137313374e-30,normal,0.4277456647398844,0
70,bab,abb,known,abb,0.49404761904761907,1.9695258299982203e-30,normal,0.49404761904761907,0
71,abb,bba,known,bba,0.27167630057803466,5.350734913867997e-31,normal,0.27167630057803466,0
72,bba,bab,known,bab,0.4779874213836478,2.5575839839872186e-31,normal,0.4779874213836478,0
73,bab,aba,known,aba,0.44642857142857145,1.1417785642800083e-31,normal,0.44642857142857145,0
74,aba,baa,known,baa,0.5317919075144508,6.071886006575766e-32,normal,0.5317919075144508,0
75,baa,aab,known,aab,0.3701657458563536,2.2476042123788748e-32,normal,0.3701657458563536,0
76,aab,aba,known,aba,0.5166666666666667,1.1612621763957522e-32,normal,0.5166666666666667,0
77,aba,bac,known,bac,0.04046242774566474,4.69874869061865e-34,anomaly,0.04046242774566474,0
78,bac,aca,known,aca,0.4,1.8794994762474602e-34,normal,0.4,0
79,aca,caa,known,caa,0.14285714285714285,2.684999251782086e-35,anomaly,0.14285714285714285,0
80,caa,aab,known,aab,0.42857142857142855,1.1507139650494654e-35,normal,0.42857142857142855,0
81,aab,aba,known,aba,0.5166666666666667,5.945355486088905e-36,normal,0.5166666666666667,0
82,aba,bab,known,bab,0.4277456647398844,2.5431000345120172e-36,normal,0.4277456647398844,0
83,bab,aba,known,aba,0.44642857142857145,1.1353125154071507e-36,normal,0.44642857142857145,0
84,aba,baa,known,baa,0.5317919075144508,6.03750008193398e-37,normal,0.5317919075144508,0
85,baa,aaa,known,aaa,0.6077348066298343,3.669198944821756e-37,normal,0.6077348066298343,0
86,aaa,aaa,known,aaa,0.9054393305439331,3.3222370362319165e-37,normal,0.9054393305439331,0
87,aaa,aaa,known,aaa,0.9054393305439331,3.0080840779940868e-37,normal,0.9054393305439331,0
88,aaa,aab,known,aab,0.09205020920502092,2.768947686856482e-38,anomaly,0.09205020920502092,0
89,aab,aba,known,aba,0.5166666666666667,1.4306229715425158e-38,normal,0.5166666666666667,0
90,aba,baa,known,baa,0.5317919075144508,7.607937189705864e-39,normal,0.5317919075144508,0
91,baa,aaa,known,aaa,0.6077348066298343,4.6236082368378176e-39,normal,0.6077348066298343,0
92,aaa,aaa,known,aaa,0.9054393305439331,4.1863967466598485e-39,normal,0.9054393305439331,0
93,aaa,aaa,known,aaa,0.9054393305439331,3.790528267686993e-39,normal,0.9054393305439331,0
94,aaa,aaa,known,aaa,0.9054393305439331,3.432093377102365e-39,normal,0.9054393305439331,0
95,aaa,aaa,known,aaa,0.9054393305439331,3.107552329727832e-39,normal,0.9054393305439331,0
96,aaa,aaa,known,aaa,0.9054393305439331,2.813700101059008e-39,normal,0.9054393305439331,0
97,aaa,aaa,known,aaa,0.9054393305439331,2.5476347358542652e-39,normal,0.9054393305439331,0
98,aaa,aaa,known,aaa,0.9054393305439331,2.3067286897023556e-39,normal,0.9054393305439331,0
99,aaa,aaa,known,aaa,0.9054393305439331,2.088602880550585e-39,normal,0.9054393305439331,0
100,aaa,aaa,known,aaa,0.9054393305439331,1.8911031939378517e-39,normal,0.9054393305439331,0
101,aaa,aaa,known,aaa,0.9054393305439331,1.7122792099085822e-39,normal,0.9054393305439331,0
102,aaa,aaa,known,aaa,0.9054393305439331,1.5503649415239213e-39,normal,0.9054393305439331,0
103,aaa,aaa,known,aaa,0.9054393305439331,1.4037613947522034e-39,normal,0.9054393305439331,0
104,aaa,aaa,known,aaa,0.9054393305439331,1.2710207775078528e-39,normal,0.9054393305439331,0
105,aaa,aaa,known,aaa,0.9054393305439331,1.1508322018941396e-39,normal,0.9054393305439331,0
106,aaa,aaa,known,aaa,0.9054393305439331,1.0420087384514302e-39,normal,0.9054393305439331,0
107,aaa,aab,known,aab,0.09205020920502092,9.591712236791407e-41,anomaly,0.09205020920502092,0
108,aab,aba,known,aba,0.5166666666666667,4.955717989008894e-41,normal,0.5166666666666667,0
109,aba,baa,known,baa,0.5317919075144508,2.635410722478718e-41,normal,0.5317919075144508,0
110,baa,aaa,known,aaa,0.6077348066298343,1.6016308258157955e-41,normal,0.6077348066298343,0
111,aaa,aaa,known,aaa,0.9054393305439331,1.4501795427051806e-41,normal,0.9054393305439331,0
112,aaa,aaa,known,aaa,0.9054393305439331,1.3130495943154856e-41,normal,0.9054393305439331,0
113,aaa,aaa,known,aaa,0.9054393305439331,1.1888867456479963e-41,normal,0.9054393305439331,0
114,aaa,aab,known,aab,0.09205020920502092,1.0943727365797456e-42,anomaly,0.09205020920502092,0
115,aab,aba,known,aba,0.5166666666666667,5.654259138995353e-43,normal,0.5166666666666667,0
116,aba,bab,known,bab,0.4277456647398844,2.4185848340211336e-43,normal,0.4277456647398844,0
117,bab,aba,known,aba,0.44642857142857145,1.0797253723308634e-43,normal,0.44642857142857145,0
118,aba,bab,known,bab,0.4277456647398844,4.618478471241843e-44,normal,0.4277456647398844,0
119,bab,aba,known,aba,0.44642857142857145,2.0618207460901088e-44,normal,0.44642857142857145,0
120,aba,baa,known,baa,0.5317919075144508,1.0964595875161272e-44,normal,0.5317919075144508,0
121,baa,aab,known,aab,0.3701657458563536,4.0587178101425705e-45,normal,0.3701657458563536,0
122,aab,aba,known,aba,0.5166666666666667,2.0970042019069948e-45,normal,0.5166666666666667,0
123,aba,baa,known,baa,0.5317919075144508,1.1151698645979394e-45,normal,0.5317919075144508,0
124,baa,aaa,known,aaa,0.6077348066298343,6.777275420208471e-46,normal,0.6077348066298343,0
125,aaa,aaa,known,aaa,0.9054393305439331,6.136411719385411e-46,normal,0.9054393305439331,0
126,aaa,aaa,known,aaa,0.9054393305439331,5.556148519142272e-46,normal,0.9054393305439331,0
127,aaa,aaa,known,aaa,0.9054393305439331,5.030755395574844e-46,normal,0.9054393305439331,0
128,aaa,aaa,known,aaa,0.9054393305439331,4.555043797499566e-46,normal,0.9054393305439331,0
129,aaa,aaa,known,aaa,0.9054393305439331,4.1243158066063014e-46,normal,0.9054393305439331,0
130,aaa,aaa,known,aaa,0.9054393305439331,3.734317742885371e-46,normal,0.9054393305439331,0
131,aaa,aaa,known,aaa,0.9054393305439331,3.3811981571564615e-46,normal,0.9054393305439331,0
132,aaa,aaa,known,aaa,0.9054393305439331,3.061469795852127e-46,normal,0.9054393305439331,0
133,aaa,aaa,known,aaa,0.9054393305439331,2.7719751624368213e-46,normal,0.9054393305439331,0
134,aaa,aaa,known,aaa,0.9054393305439331,2.5098553353612057e-46,normal,0.9054393305439331,0
135,aaa,aab,known,aab,0.09205020920502092,2.3103270869433695e-47,anomaly,0.09205020920502092,0
136,aab,aba,known,aba,0.5166666666666667,1.193668994920741e-47,normal,0.5166666666666667,0
137,aba,bab,known,bab,0.4277456647398844,5.10586737711762e-48,normal,0.4277456647398844,0
138,bab,aba,known,aba,0.44642857142857145,2.279405079070366e-48,normal,0.44642857142857145,0
139,aba,baa,known,baa,0.5317919075144508,1.2121691749969576e-48,normal,0.5317919075144508,0
140,baa,aaa,known,aaa,0.6077348066298343,7.366773991694218e-49,normal,0.6077348066298343,0
141,aaa,aaa,known,aaa,0.9054393305439331,6.67016691130807e-49,normal,0.9054393305439331,0
142,aaa,aaa,known,aaa,0.9054393305439331,6.039431462791073e-49,normal,0.9054393305439331,0
143,aaa,aaa,known,aaa,0.9054393305439331,5.468338780535516e-49,normal,0.9054393305439331,0
144,aaa,aaa,known,aaa,0.9054393305439331,4.951249004635505e-49,normal,0.9054393305439331,0
145,aaa,aaa,known,aaa,0.9054393305439331,4.483055584113487e-49,normal,0.9054393305439331,0
146,aaa,aaa,known,aaa,0.9054393305439331,4.059134846870957e-49,normal,0.9054393305439331,0
147,aaa,aaa,known,aaa,0.9054393305439331,3.675300338338389e-49,normal,0.9054393305439331,0
148,aaa,aaa,known,aaa,0.9054393305439331,3.327761477893002e-49,normal,0.9054393305439331,0
149,aaa,aaa,known,aaa,0.9054393305439331,3.0130861247533295e-49,normal,0.9054393305439331,0
150,aaa,aaa,known,aaa,0.9054393305439331,2.7281666836678685e-49,normal,0.9054393305439331,0
151,aaa,aaa,known,aaa,0.9054393305439331,2.470189415672497e-49,normal,0.9054393305439331,0
152,aaa,aaa,known,aaa,0.9054393305439331,2.2366066508432148e-49,normal,0.9054393305439331,0
153,aaa,aab,known,aab,0.09205020920502092,2.0588011011945911e-50,anomaly,0.09205020920502092,0
154,aab,abb,known,abb,0.4388888888888889,9.03584927746515e-51,normal,0.4388888888888889,0
155,abb,bba,known,bba,0.27167630057803466,2.4548261042824395e-51,normal,0.27167630057803466,0
156,bba,bac,known,bac,0.0440251572327044,1.080741052199816e-52,anomaly,0.0440251572327044,0
157,bac,acb,known,acb,0.4666666666666667,5.043458243599142e-53,normal,0.4666666666666667,0
158,acb,cbb,known,cbb,0.35294117647058826,1.7800440859761679e-53,normal,0.35294117647058826,0
159,cbb,bbb,known,bbb,0.6148148148148148,1.094397475081644e-53,normal,0.6148148148148148,0
160,bbb,bbb,known,bbb,0.6380597014925373,6.982909262647803e-54,normal,0.6380597014925373,0
161,bbb,bbc,known,bbc,0.17537313432835822,1.22461468412107e-54,anomaly,0.17537313432835822,0
162,bbc,bcb,known,bcb,0.47586206896551725,5.827476772714057e-55,normal,0.47586206896551725,0
163,bcb,cbb,known,cbb,0.5223880597014925,3.0442042842536117e-55,normal,0.5223880597014925,0
164,cbb,bbb,known,bbb,0.6148148148148148,1.87162189328185e-55,normal,0.6148148148148148,0
165,bbb,bba,known,bba,0.16977611940298507,3.1775670203106034e-56,anomaly,0.16977611940298507,0
166,bba,baa,known,baa,0.4716981132075472,1.4988523680710393e-56,normal,0.4716981132075472,0
167,baa,aab,known,aab,0.3701657458563536,5.548238047555781e-57,normal,0.3701657458563536,0
168,aab,abb,known,abb,0.4388888888888889,2.435060031982815e-57,normal,0.4388888888888889,0
169,abb,bbb,known,bbb,0.6127167630057804,1.4920021005212625e-57,normal,0.6127167630057804,0
170,bbb,bbb,known,bbb,0.6380597014925373,9.519864148848353e-58,normal,0.6380597014925373,0
171,bbb,bbb,known,bbb,0.6380597014925373,6.0742416770636885e-58,normal,0.6380597014925373,0
172,bbb,bbb,known,bbb,0.6380597014925373,3.8757288312607866e-58,normal,0.6380597014925373,0
173,bbb,bbb,known,bbb,0.6380597014925373,2.472946381140278e-58,normal,0.6380597014925373,0
174,bbb,bbb,known,bbb,0.6380597014925373,1.5778874297574163e-58,normal,0.6380597014925373,0
175,bbb,bbb,known,bbb,0.6380597014925373,1.006786382419844e-58,normal,0.6380597014925373,0
176,bbb,bbb,known,bbb,0.6380597014925373,6.423898186335572e-59,normal,0.6380597014925373,0
177,bbb,bbc,known,bbc,0.17537313432835822,1.126579159543925e-59,anomaly,0.17537313432835822,0
178,bbc,bcb,known,bcb,0.47586206896551725,5.360962897140058e-60,normal,0.47586206896551725,0
179,bcb,cbb,known,cbb,0.5223880597014925,2.800503005968687e-60,normal,0.5223880597014925,0
180,cbb,bbb,known,bbb,0.6148148148148148,1.7217907370029705e-60,normal,0.6148148148148148,0
181,bbb,bbb,known,bbb,0.6380597014925373,1.0986052836847312e-60,normal,0.6380597014925373,0
182,bbb,bbb,known,bbb,0.6380597014925373,7.009757593660039e-61,normal,0.6380597014925373,0
183,bbb,bbb,known,bbb,0.6380597014925373,4.472643837745771e-61,normal,0.6380597014925373,0
184,bbb,bbc,known,bbc,0.17537313432835822,7.843815685598928e-62,anomaly,0.17537313432835822,0
185,bbc,bcb,known,bcb,0.47586206896551725,3.732574360733283e-62,normal,0.47586206896551725,0
186,bcb,cbc,known,cbc,0.26865671641791045,1.002781171540285e-62,normal,0.26865671641791045,0
187,cbc,bcb,known,bcb,0.5443037974683544,5.458175996991424e-63,normal,0.5443037974683544,0
188,bcb,cbc,known,cbc,0.26865671641791045,1.4663756409827707e-63,normal,0.26865671641791045,0
189,cbc,bcb,known,bcb,0.5443037974683544,7.981538299020145e-64,normal,0.5443037974683544,0
190,bcb,cbb,known,cbb,0.5223880597014925,4.169460305458284e-64,normal,0.5223880597014925,0
191,cbb,bbb,known,bbb,0.6148148148148148,2.5634459655780562e-64,normal,0.6148148148148148,0
192,bbb,bbc,known,bbc,0.17537313432835822,4.495595536648084e-65,anomaly,0.17537313432835822,0
193,bbc,bcc,known,bcc,0.4206896551724138,1.8912505361071251e-65,normal,0.4206896551724138,0
194,bcc,ccb,known,ccb,0.45918367346938777,8.684313686206187e-66,normal,0.45918367346938777,0
195,ccb,cbb,known,cbb,0.5463917525773195,4.745037374937401e-66,normal,0.5463917525773195,0
196,cbb,bbb,known,bbb,0.6148148148148148,2.917319274961513e-66,normal,0.6148148148148148,0
197,bbb,bbc,known,bbc,0.17537313432835822,5.1161942508653406e-67,anomaly,0.17537313432835822,0
198,bbc,bcb,known,bcb,0.47586206896551725,2.4346027814462657e-67,normal,0.47586206896551725,0
199,bcb,cbc,known,cbc,0.26865671641791045,6.540723890452654e-68,normal,0.26865671641791045,0
200,cbc,bcb,known,bcb,0.5443037974683544,3.5601408517653685e-68,normal,0.5443037974683544,0
201,bcb,cbc,known,cbc,0.26865671641791045,9.564557512205468e-69,normal,0.26865671641791045,0
202,cbc,bcb,known,bcb,0.5443037974683544,5.206024974997913e-69,normal,0.5443037974683544,0
203,bcb,cbc,known,cbc,0.26865671641791045,1.3986335753725734e-69,normal,0.26865671641791045,0
204,cbc,bcb,known,bcb,0.5443037974683544,7.612815663420337e-70,normal,0.5443037974683544,0
205,bcb,cbc,known,cbc,0.26865671641791045,2.0452340588293442e-70,normal,0.26865671641791045,0
206,cbc,bcb,known,bcb,0.5443037974683544,1.113228664932428e-70,normal,0.5443037974683544,0
207,bcb,cbb,known,cbb,0.5223880597014925,5.81537362278134e-71,normal,0.5223880597014925,0
208,cbb,bbb,known,bbb,0.6148148148148148,3.575377856969268e-71,normal,0.6148148148148148,0
209,bbb,bba,known,bba,0.16977611940298507,6.070137779556033e-72,anomaly,0.16977611940298507,0
210,bba,baa,known,baa,0.4716981132075472,2.8632725375264306e-72,normal,0.4716981132075472,0
211,baa,aaa,known,aaa,0.6077348066298343,1.7401103819221401e-72,normal,0.6077348066298343,0
212,aaa,aaa,known,aaa,0.9054393305439331,1.5755643792801303e-72,normal,0.9054393305439331,0
213,aaa,aaa,known,aaa,0.9054393305439331,1.4265779568042688e-72,normal,0.9054393305439331,0
214,aaa,aaa,known,aaa,0.9054393305439331,1.291679790177589e-72,normal,0.9054393305439331,0
215,aaa,aaa,known,aaa,0.9054393305439331,1.1695376844955244e-72,normal,0.9054393305439331,0
216,aaa,aaa,known,aaa,0.9054393305439331,1.0589454180955292e-72,normal,0.9054393305439331,0
217,aaa,aaa,known,aaa,0.9054393305439331,9.588108304429814e-73,normal,0.9054393305439331,0
218,aaa,aaa,known,aaa,0.9054393305439331,8.681450364345656e-73,normal,0.9054393305439331,0
219,aaa,aaa,known,aaa,0.9054393305439331,7.860526606043515e-73,normal,0.9054393305439331,0
220,aaa,aaa,known,aaa,0.9054393305439331,7.117229947898815e-73,normal,0.9054393305439331,0
221,aaa,aaa,known,aaa,0.9054393305439331,6.444219919352735e-73,normal,0.9054393305439331,0
222,aaa,aaa,known,aaa,0.9054393305439331,5.834850169656619e-73,normal,0.9054393305439331,0
223,aaa,aaa,known,aaa,0.9054393305439331,5.2831028314380435e-73,normal,0.9054393305439331,0
224,aaa,aaa,known,aaa,0.9054393305439331,4.78352909089202e-73,normal,0.9054393305439331,0
225,aaa,aaa,known,aaa,0.9054393305439331,4.3311953776946996e-73,normal,0.9054393305439331,0
226,aaa,aaa,known,aaa,0.9054393305439331,3.9216346432348665e-73,normal,0.9054393305439331,0
227,aaa,aaa,known,aaa,0.9054393305439331,3.5508022460084735e-73,normal,0.9054393305439331,0
228,aaa,aaa,known,aaa,0.9054393305439331,3.2150360085198064e-73,normal,0.9054393305439331,0
229,aaa,aaa,known,aaa,0.9054393305439331,2.9110200512288125e-73,normal,0.9054393305439331,0
230,aaa,aaa,known,aaa,0.9054393305439331,2.6357520463845818e-73,normal,0.9054393305439331,0
231,aaa,aaa,known,aaa,0.9054393305439331,2.3865135683582575e-73,normal,0.9054393305439331,0
232,aaa,aaa,known,aaa,0.9054393305439331,2.1608432476683135e-73,normal,0.9054393305439331,0
233,aaa,aaa,known,aaa,0.9054393305439331,1.956512463579176e-73,normal,0.9054393305439331,0
234,aaa,aaa,known,aaa,0.9054393305439331,1.7715033352239904e-73,normal,0.9054393305439331,0
235,aaa,aaa,known,aaa,0.9054393305439331,1.6039887939015547e-73,normal,0.9054393305439331,0
236,aaa,aaa,known,aaa,0.9054393305439331,1.4523145397501944e-73,normal,0.9054393305439331,0
237,aaa,aaa,known,aaa,0.9054393305439331,1.3149827046106363e-73,normal,0.9054393305439331,0
238,aaa,aaa,known,aaa,0.9054393305439331,1.190637059739505e-73,normal,0.9054393305439331,0
239,aaa,aaa,known,aaa,0.9054393305439331,1.0780496222913343e-73,normal,0.9054393305439331,0
240,aaa,aaa,known,aaa,0.9054393305439331,9.761085283006056e-74,normal,0.9054393305439331,0
241,aaa,aaa,known,aaa,0.9054393305439331,8.838070524027241e-74,normal,0.9054393305439331,0
242,aaa,aaa,known,aaa,0.9054393305439331,8.002336658575292e-74,normal,0.9054393305439331,0
243,aaa,aaa,known,aaa,0.9054393305439331,7.245630346927587e-74,normal,0.9054393305439331,0
244,aaa,aaa,known,aaa,0.9054393305439331,6.56047869069092e-74,normal,0.9054393305439331,0
245,aaa,aaa,known,aaa,0.9054393305439331,5.9401154337469255e-74,normal,0.9054393305439331,0
246,aaa,aaa,known,aaa,0.9054393305439331,5.378414141685501e-74,normal,0.9054393305439331,0
247,aaa,aaa,known,aaa,0.9054393305439331,4.869827699835742e-74,normal,0.9054393305439331,0
248,aaa,aaa,known,aaa,0.9054393305439331,4.409333532403576e-74,normal,0.9054393305439331,0
249,aaa,aaa,known,aaa,0.9054393305439331,3.99238400172441e-74,normal,0.9054393305439331,0
250,aaa,aaa,known,aaa,0.9054393305439331,3.614861497795658e-74,normal,0.9054393305439331,0
251,aaa,aaa,known,aaa,0.9054393305439331,3.2730377745731403e-74,normal,0.9054393305439331,0
252,aaa,aaa,known,aaa,0.9054393305439331,2.963537131454509e-74,normal,0.9054393305439331,0
253,aaa,aaa,known,aaa,0.9054393305439331,2.6833030763462583e-74,normal,0.9054393305439331,0
254,aaa,aaa,known,aaa,0.9054393305439331,2.4295681410934323e-74,normal,0.9054393305439331,0
255,aaa,aaa,known,aaa,0.9054393305439331,2.1998265511825053e-74,normal,0.9054393305439331,0
256,aaa,aaa,known,aaa,0.9054393305439331,1.991809479815457e-74,normal,0.9054393305439331,0
257,aaa,aaa,known,aaa,0.9054393305439331,1.803462641975167e-74,normal,0.9054393305439331,0
258,aaa,aaa,known,aaa,0.9054393305439331,1.632926007210988e-74,normal,0.9054393305439331,0
259,aaa,aaa,known,aaa,0.9054393305439331,1.4785154307968947e-74,normal,0.9054393305439331,0
260,aaa,aaa,known,aaa,0.9054393305439331,1.3387060218596152e-74,normal,0.9054393305439331,0
261,aaa,aaa,known,aaa,0.9054393305439331,1.2121170842277019e-74,normal,0.9054393305439331,0
262,aaa,aaa,known,aaa,0.9054393305439331,1.0974984812839946e-74,normal,0.9054393305439331,0
263,aaa,aaa,known,aaa,0.9054393305439331,9.937182901667633e-75,normal,0.9054393305439331,0
264,aaa,aaa,known,aaa,0.9054393305439331,8.99751623397856e-75,normal,0.9054393305439331,0
265,aaa,aaa,known,aaa,0.9054393305439331,8.146705075451717e-75,normal,0.9054393305439331,0
266,aaa,aaa,known,aaa,0.9054393305439331,7.376347189655865e-75,normal,0.9054393305439331,0
267,aaa,aaa,known,aaa,0.9054393305439331,6.678834861261629e-75,normal,0.9054393305439331,0
268,aaa,aaa,known,aaa,0.9054393305439331,6.047279765594211e-75,normal,0.9054393305439331,0
269,aaa,aaa,known,aaa,0.9054393305439331,5.475444942571495e-75,normal,0.9054393305439331,0
270,aaa,aaa,known,aaa,0.9054393305439331,4.957683203232099e-75,normal,0.9054393305439331,0
271,aaa,aaa,known,aaa,0.9054393305439331,4.488881360583374e-75,normal,0.9054393305439331,0
272,aaa,aaa,known,aaa,0.9054393305439331,4.06440973401775e-75,normal,0.9054393305439331,0
273,aaa,aaa,known,aaa,0.9054393305439331,3.6800764286252766e-75,normal,0.9054393305439331,0
274,aaa,aaa,known,aaa,0.9054393305439331,3.3320859378849785e-75,normal,0.9054393305439331,0
275,aaa,aaa,known,aaa,0.9054393305439331,3.0170016609134285e-75,normal,0.9054393305439331,0
276,aaa,aaa,known,aaa,0.9054393305439331,2.731711964107389e-75,normal,0.9054393305439331,0
277,aaa,aaa,known,aaa,0.9054393305439331,2.473399452020247e-75,normal,0.9054393305439331,0
278,aaa,aaa,known,aaa,0.9054393305439331,2.2395131440049437e-75,normal,0.9054393305439331,0
279,aaa,aaa,known,aaa,0.9054393305439331,2.027743281852175e-75,normal,0.9054393305439331,0
280,aaa,aaa,known,aaa,0.9054393305439331,1.8359985196351913e-75,normal,0.9054393305439331,0
281,aaa,aaa,known,aaa,0.9054393305439331,1.6623852704981398e-75,normal,0.9054393305439331,0
282,aaa,aaa,known,aaa,0.9054393305439331,1.5051890064259308e-75,normal,0.9054393305439331,0
283,aaa,aaa,known,aaa,0.9054393305439331,1.3628573263203827e-75,normal,0.9054393305439331,0
284,aaa,aaa,known,aaa,0.9054393305439331,1.2339846251704218e-75,normal,0.9054393305439331,0
285,aaa,aaa,known,aaa,0.9054393305439331,1.117298212915813e-75,normal,0.9054393305439331,0
286,aaa,aaa,known,aaa,0.9054393305439331,1.0116457459204265e-75,normal,0.9054393305439331,0
287,aaa,aaa,known,aaa,0.9054393305439331,9.159838469338088e-76,normal,0.9054393305439331,0
288,aaa,aaa,known,aaa,0.9054393305439331,8.293678011568044e-76,normal,0.9054393305439331,0
289,aaa,aaa,known,aaa,0.9054393305439331,7.509422266541108e-76,normal,0.9054393305439331,0
290,aaa,aaa,known,aaa,0.9054393305439331,6.799326269788686e-76,normal,0.9054393305439331,0
291,aaa,aaa,known,aaa,0.9054393305439331,6.156377425867246e-76,normal,0.9054393305439331,0
292,aaa,aaa,known,aaa,0.9054393305439331,5.574226255053021e-76,normal,0.9054393305439331,0
293,aaa,aab,known,aab,0.09205020920502092,5.131086929337509e-77,anomaly,0.09205020920502092,0
294,aab,abb,known,abb,0.4388888888888889,2.25197704120924e-77,normal,0.4388888888888889,0
295,abb,bbb,known,bbb,0.6127167630057804,1.3798240830530605e-77,normal,0.6127167630057804,0
296,bbb,bbb,known,bbb,0.6380597014925373,8.804101425450497e-78,normal,0.6380597014925373,0
297,bbb,bbb,known,bbb,0.6380597014925373,5.617542327432967e-78,normal,0.6380597014925373,0
298,bbb,bbb,known,bbb,0.6380597014925373,3.584327380563572e-78,normal,0.6380597014925373,0
299,bbb,bbb,known,bbb,0.6380597014925373,2.287014858493921e-78,normal,0.6380597014925373,0
300,bbb,bbb,known,bbb,0.6380597014925373,1.4592520179196285e-78,normal,0.6380597014925373,0
301,bbb,bbb,known,bbb,0.6380597014925373,9.310899069561809e-79,normal,0.6380597014925373,0
302,bbb,bbb,known,bbb,0.6380597014925373,5.94090948095175e-79,normal,0.6380597014925373,0
303,bbb,bbb,known,bbb,0.6380597014925373,3.790654930010259e-79,normal,0.6380597014925373,0
304,bbb,bbc,known,bbc,0.17537313432835822,6.647790362331425e-80,anomaly,0.17537313432835822,0
305,bbc,bcb,known,bcb,0.47586206896551725,3.1634312758680572e-80,normal,0.47586206896551725,0
306,bcb,cbc,known,cbc,0.26865671641791045,8.498770591884333e-81,normal,0.26865671641791045,0
307,cbc,bcb,known,bcb,0.5443037974683544,4.625913106975017e-81,normal,0.5443037974683544,0
308,bcb,cba,known,cba,0.14925373134328357,6.904347920858234e-82,anomaly,0.14925373134328357,0
309,cba,bab,known,bab,0.53125,3.667934832955937e-82,normal,0.53125,0
310,bab,abb,known,abb,0.49404761904761907,1.812134471043707e-82,normal,0.49404761904761907,0
311,abb,bbb,known,bbb,0.6127167630057804,1.1103251672290921e-82,normal,0.6127167630057804,0
312,bbb,bbc,known,bbc,0.17537313432835822,1.9472120470062435e-83,anomaly,0.17537313432835822,0
313,bbc,bcb,known,bcb,0.47586206896551725,9.26604353402971e-84,normal,0.47586206896551725,0
314,bcb,cbb,known,cbb,0.5223880597014925,4.84047050285134e-84,normal,0.5223880597014925,0
315,cbb,bbc,known,bbc,0.23703703703703705,1.1473707858610584e-84,normal,0.23703703703703705,0
316,bbc,bcb,known,bcb,0.47586206896551725,5.459902360304347e-85,normal,0.47586206896551725,0
317,bcb,cbc,known,cbc,0.26865671641791045,1.4668394400817648e-85,normal,0.26865671641791045,0
318,cbc,bcd,known,bcd,0.0759493670886076,1.1140552709481759e-86,anomaly,0.0759493670886076,0
319,bcd,cdc,known,cdc,0.6666666666666666,7.427035139654505e-87,normal,0.6666666666666666,0
320,cdc,dcb,known,dcb,0.32,2.3766512446894417e-87,normal,0.32,0
321,dcb,cbc,known,cbc,0.4117647058823529,9.78621100754476e-88,normal,0.4117647058823529,0
322,cbc,bcb,known,bcb,0.5443037974683544,5.326671814233223e-88,normal,0.5443037974683544,0
323,bcb,cbb,known,cbb,0.5223880597014925,2.7825897537039223e-88,normal,0.5223880597014925,0
324,cbb,bbd,known,bbd,0.022222222222222223,6.183532786008716e-90,anomaly,0.022222222222222223,0
325,bbd,bdd,known,bdd,0.1,6.183532786008717e-91,anomaly,0.1,0
326,bdd,ddb,known,ddb,0.3333333333333333,2.0611775953362389e-91,normal,0.3333333333333333,0
327,ddb,dbb,known,dbb,0.2,4.122355190672478e-92,normal,0.2,0
328,dbb,bbc,known,bbc,0.0,4.1223551906724786e-96,anomaly,0.0,0
329,bbc,bcb,known,bcb,0.47586206896551725,1.961672470044145e-96,normal,0.47586206896551725,0
330,bcb,cbc,known,cbc,0.26865671641791045,5.270164844894719e-97,normal,0.26865671641791045,0
331,cbc,bcd,known,bcd,0.0759493670886076,4.002656844223837e-98,anomaly,0.0759493670886076,0
332,bcd,cdb,known,cdb,0.06666666666666667,2.6684378961492247e-99,anomaly,0.06666666666666667,0
333,cdb,dbb,known,dbb,0.4,1.0673751584596899e-99,normal,0.4,0
334,dbb,bbb,known,bbb,0.5,5.336875792298449e-100,normal,0.5,0
335,bbb,bbc,known,bbc,0.17537313432835822,9.359446352165192e-101,anomaly,0.17537313432835822,0
336,bbc,bcb,known,bcb,0.47586206896551725,4.4538055055130914e-101,normal,0.47586206896551725,0
337,bcb,cbc,known,cbc,0.26865671641791045,1.196544762675159e-101,normal,0.26865671641791045,0
338,cbc,bcc,known,bcc,0.2911392405063291,3.483611334370716e-102,normal,0.2911392405063291,0
339,bcc,ccc,known,ccc,0.4489795918367347,1.5640703950235867e-102,normal,0.4489795918367347,0
340,ccc,cce,known,cce,0.008771929824561403,1.3719915745820935e-104,anomaly,0.008771929824561403,0
341,cce,cec,known,cec,0.25,3.429978936455234e-105,normal,0.25,0
342,cec,eca,known,eca,0.0,3.429978936455234e-109,anomaly,0.0,0
343,eca,cac,known,cac,0.0,3.429978936455234e-113,anomaly,0.0,0
344,cac,acb,known,acb,0.5,1.714989468227617e-113,normal,0.5,0
345,acb,cbb,known,cbb,0.35294117647058826,6.0529040055092366e-114,normal,0.35294117647058826,0
346,cbb,bbc,known,bbc,0.23703703703703705,1.4347624309355227e-114,normal,0.23703703703703705,0
347,bbc,bcb,known,bcb,0.47586206896551725,6.827490188589729e-115,normal,0.47586206896551725,0
348,bcb,cbb,known,cbb,0.5223880597014925,3.5665993522483652e-115,normal,0.5223880597014925,0
349,cbb,bbc,known,bbc,0.23703703703703705,8.45416142755168e-116,normal,0.23703703703703705,0
350,bbc,bcb,known,bcb,0.47586206896551725,4.023014748283214e-116,normal,0.47586206896551725,0
351,bcb,cbc,known,cbc,0.26865671641791045,1.0808099323745948e-116,normal,0.26865671641791045,0
352,cbc,bcc,known,bcc,0.2911392405063291,3.1466618284323645e-117,normal,0.2911392405063291,0
353,bcc,ccc,known,ccc,0.4489795918367347,1.4127869433777963e-117,normal,0.4489795918367347,0
354,ccc,cce,known,cce,0.008771929824561403,1.2392867924366634e-119,anomaly,0.008771929824561403,0
355,cce,cec,known,cec,0.25,3.0982169810916585e-120,normal,0.25,0
356,cec,ecc,known,ecc,0.0,3.098216981091659e-124,anomaly,0.0,0
357,ecc,ccd,known,ccd,0.5,1.5491084905458294e-124,normal,0.5,0
358,ccd,cdb,known,cdb,0.2,3.098216981091659e-125,normal,0.2,0
359,cdb,dbd,known,dbd,0.1,3.098216981091659e-126,anomaly,0.1,0
360,dbd,bdc,known,bdc,0.0,3.0982169810916594e-130,anomaly,0.0,0
361,bdc,dcc,known,dcc,0.3125,9.681928065911436e-131,normal,0.3125,0
362,dcc,ccc,known,ccc,0.48,4.647325471637489e-131,normal,0.48,0
363,ccc,ccb,known,ccb,0.39473684210526316,1.834470580909535e-131,normal,0.39473684210526316,0
364,ccb,cbc,known,cbc,0.30927835051546393,5.67362035332846e-132,normal,0.30927835051546393,0
365,cbc,bcb,known,bcb,0.5443037974683544,3.0881731037104275e-132,normal,0.5443037974683544,0
366,bcb,cbb,known,cbb,0.5223880597014925,1.6132247556696262e-132,normal,0.5223880597014925,0
367,cbb,bbc,known,bbc,0.23703703703703705,3.823940161587262e-133,normal,0.23703703703703705,0
368,bbc,bcb,known,bcb,0.47586206896551725,1.819668076893249e-133,normal,0.47586206896551725,0
369,bcb,cbd,known,cbd,0.05970149253731343,1.0863690011302978e-134,anomaly,0.05970149253731343,0
370,cbd,bdc,known,bdc,0.42105263157894735,4.574185267917043e-135,normal,0.42105263157894735,0
371,bdc,dcb,known,dcb,0.3125,1.429432896224076e-135,normal,0.3125,0
372,dcb,cbe,known,cbe,0.0,1.4294328962240762e-139,anomaly,0.0,0
373,cbe,bec,known,bec,0.5,7.147164481120381e-140,normal,0.5,0
374,bec,ecb,known,ecb,0.0,7.147164481120381e-144,anomaly,0.0,0
375,ecb,cbd,known,cbd,0.5,3.5735822405601907e-144,normal,0.5,0
376,cbd,bdb,known,bdb,0.47368421052631576,1.6927494823706166e-144,normal,0.47368421052631576,0
377,bdb,dbd,known,dbd,0.2,3.385498964741233e-145,normal,0.2,0
378,dbd,bde,known,bde,0.2,6.770997929482467e-146,normal,0.2,0
379,bde,dee,known,dee,0.0,6.770997929482468e-150,anomaly,0.0,0
380,dee,eef,known,eef,0.3,2.0312993788447403e-150,normal,0.3,0
381,eef,eff,known,eff,0.6470588235294118,1.3143701863113026e-150,normal,0.6470588235294118,0
382,eff,fff,known,fff,0.7450980392156863,9.793346486241078e-151,normal,0.7450980392156863,0
383,fff,fff,known,fff,0.9728997289972899,9.527944142440507e-151,normal,0.9728997289972899,0
384,fff,fff,known,fff,0.9728997289972899,9.269734274081685e-151,normal,0.9728997289972899,0
385,fff,fff,known,fff,0.9728997289972899,9.018521963130962e-151,normal,0.9728997289972899,0
386,fff,fff,known,fff,0.9728997289972899,8.77411757388622e-151,normal,0.9728997289972899,0
387,fff,fff,known,fff,0.9728997289972899,8.536336609824263e-151,normal,0.9728997289972899,0
388,fff,fff,known,fff,0.9728997289972899,8.30499957432767e-151,normal,0.9728997289972899,0
389,fff,fff,known,fff,0.9728997289972899,8.079931835185998e-151,normal,0.9728997289972899,0
390,fff,fff,known,fff,0.9728997289972899,7.860963492769033e-151,normal,0.9728997289972899,0
391,fff,fff,known,fff,0.9728997289972899,7.647929251772582e-151,normal,0.9728997289972899,0
392,fff,fff,known,fff,0.9728997289972899,7.440668296439991e-151,normal,0.9728997289972899,0
393,fff,fff,known,fff,0.9728997289972899,7.239024169165195e-151,normal,0.9728997289972899,0
394,fff,fff,known,fff,0.9728997289972899,7.04284465238565e-151,normal,0.9728997289972899,0
395,fff,fff,known,fff,0.9728997289972899,6.851981653676012e-151,normal,0.9728997289972899,0
396,fff,fff,known,fff,0.9728997289972899,6.666291093955794e-151,normal,0.9728997289972899,0
397,fff,fff,known,fff,0.9728997289972899,6.485632798726639e-151,normal,0.9728997289972899,0
398,fff,ffe,known,ffe,0.025745257452574527,1.669742861460788e-152,anomaly,0.025745257452574527,0
399,ffe,fee,known,fee,0.47058823529411764,7.857613465697825e-153,normal,0.47058823529411764,0
400,fee,eee,known,eee,0.6571428571428571,5.163574563172856e-153,normal,0.6571428571428571,0
401,eee,eee,known,eee,0.7345132743362832,3.792714059675638e-153,normal,0.7345132743362832,0
402,eee,eee,known,eee,0.7345132743362832,2.78579882259361e-153,normal,0.7345132743362832,0
403,eee,eee,known,eee,0.7345132743362832,2.0462062148253951e-153,normal,0.7345132743362832,0
404,eee,eee,known,eee,0.7345132743362832,1.5029656268186531e-153,normal,0.7345132743362832,0
405,eee,eed,known,eed,0.07079646017699115,1.0640464614645332e-154,anomaly,0.07079646017699115,0
406,eed,edf,unseen,eff,0.0,1.0640464614645332e-158,anomaly,0.0,1
407,eff,dfe,unseen,efe,0.0,1.0640464614645333e-162,anomaly,0.0,1
408,efe,fef,known,fef,0.47619047619047616,5.0668879117358725e-163,normal,0.47619047619047616,0
409,fef,efe,known,efe,0.21621621621621623,1.0955433322672158e-163,normal,0.21621621621621623,0
410,efe,fef,known,fef,0.47619047619047616,5.216873010796265e-164,normal,0.47619047619047616,0
411,fef,eff,known,eff,0.7837837837837838,4.088900467921397e-164,normal,0.7837837837837838,0
412,eff,fff,known,fff,0.7450980392156863,3.0466317211963352e-164,normal,0.7450980392156863,0
413,fff,fff,known,fff,0.9728997289972899,2.9640671759064616e-164,normal,0.9728997289972899,0
414,fff,ffe,known,ffe,0.025745257452574527,7.631067255043736e-166,anomaly,0.025745257452574527,0
415,ffe,fef,known,fef,0.5294117647058824,4.039976782081978e-166,normal,0.5294117647058824,0
416,fef,eff,known,eff,0.7837837837837838,3.1664682886588477e-166,normal,0.7837837837837838,0
417,eff,ffe,known,ffe,0.2549019607843137,8.071389755404906e-167,normal,0.2549019607843137,0
418,ffe,fef,known,fef,0.5294117647058824,4.273088694037892e-167,normal,0.5294117647058824,0
419,fef,eff,known,eff,0.7837837837837838,3.349177625056726e-167,normal,0.7837837837837838,0
420,eff,ffe,known,ffe,0.2549019607843137,8.537119436419104e-168,normal,0.2549019607843137,0
421,ffe,fef,known,fef,0.5294117647058824,4.519651466339526e-168,normal,0.5294117647058824,0
422,fef,efe,known,efe,0.21621621621621623,9.772219386680057e-169,normal,0.21621621621621623,0
423,efe,fee,known,fee,0.5238095238095238,5.1187815834990776e-169,normal,0.5238095238095238,0
424,fee,eef,known,eef,0.2857142857142857,1.4625090238568792e-169,normal,0.2857142857142857,0
425,eef,efe,known,efe,0.35294117647058826,5.1617965547889856e-170,normal,0.35294117647058826,0
426,efe,fee,known,fee,0.5238095238095238,2.703798195365659e-170,normal,0.5238095238095238,0
427,fee,eee,known,eee,0.6571428571428571,1.77678167124029e-170,normal,0.6571428571428571,0
428,eee,eed,known,eed,0.07079646017699115,1.2578985283117098e-171,anomaly,0.07079646017699115,0
429,eed,edf,unseen,eff,0.0,1.2578985283117099e-175,anomaly,0.0,1
430,eff,dfe,unseen,efe,0.0,1.2578985283117099e-179,anomaly,0.0,1
431,efe,fee,known,fee,0.5238095238095238,6.588992291156576e-180,normal,0.5238095238095238,0
432,fee,eee,known,eee,0.6571428571428571,4.329909219902893e-180,normal,0.6571428571428571,0
433,eee,eee,known,eee,0.7345132743362832,3.1803757986897356e-180,normal,0.7345132743362832,0
434,eee,eed,known,eed,0.07079646017699115,2.2515934857980428e-181,anomaly,0.07079646017699115,0
435,eed,ede,known,ede,0.8,1.8012747886384343e-181,normal,0.8,0
436,ede,dee,known,dee,0.5555555555555556,1.0007082159102413e-181,normal,0.5555555555555556,0
437,dee,eef,known,eef,0.3,3.002124647730724e-182,normal,0.3,0
438,eef,eff,known,eff,0.6470588235294118,1.942551242649292e-182,normal,0.6470588235294118,0
439,eff,fff,known,fff,0.7450980392156863,1.4473911219739822e-182,normal,0.7450980392156863,0
440,fff,fff,known,fff,0.9728997289972899,1.4081664303215707e-182,normal,0.9728997289972899,0
441,fff,ffe,known,ffe,0.025745257452574527,3.625360728470169e-184,anomaly,0.025745257452574527,0
442,ffe,fef,known,fef,0.5294117647058824,1.9193086209547953e-184,normal,0.5294117647058824,0
443,fef,efe,known,efe,0.21621621621621623,4.149856477740098e-185,normal,0.21621621621621623,0
444,efe,fee,known,fee,0.5238095238095238,2.1737343454829087e-185,normal,0.5238095238095238,0
445,fee,eee,known,eee,0.6571428571428571,1.4284539984601971e-185,normal,0.6571428571428571,0
446,eee,eee,known,eee,0.7345132743362832,1.0492184236477555e-185,normal,0.7345132743362832,0
447,eee,eef,known,eef,0.18584070796460178,1.9498749466020236e-186,anomaly,0.18584070796460178,0
448,eef,eff,known,eff,0.6470588235294118,1.26168378897778e-186,normal,0.6470588235294118,0
449,eff,fff,known,fff,0.7450980392156863,9.400781172775617e-187,normal,0.7450980392156863,0
450,fff,fff,known,fff,0.9728997289972899,9.146017455356224e-187,normal,0.9728997289972899,0
451,fff,fff,known,fff,0.9728997289972899,8.898157903720554e-187,normal,0.9728997289972899,0
452,fff,fff,known,fff,0.9728997289972899,8.657015413104821e-187,normal,0.9728997289972899,0
453,fff,fff,known,fff,0.9728997289972899,8.422407949335042e-187,normal,0.9728997289972899,0
454,fff,ffe,known,ffe,0.025745257452574527,2.1683706102624093e-188,anomaly,0.025745257452574527,0
455,ffe,fee,known,fee,0.47058823529411764,1.0204096989470161e-188,normal,0.47058823529411764,0
456,fee,eee,known,eee,0.6571428571428571,6.705549450223249e-189,normal,0.6571428571428571,0
457,eee,eee,known,eee,0.7345132743362832,4.925315082907342e-189,normal,0.7345132743362832,0
458,eee,eee,known,eee,0.7345132743362832,3.617709308684154e-189,normal,0.7345132743362832,0
459,eee,eee,known,eee,0.7345132743362832,2.6572555099184498e-189,normal,0.7345132743362832,0
460,eee,eee,known,eee,0.7345132743362832,1.9517894453383303e-189,normal,0.7345132743362832,0
461,eee,eee,known,eee,0.7345132743362832,1.4336152563104552e-189,normal,0.7345132743362832,0
462,eee,eee,known,eee,0.7345132743362832,1.0530094360510423e-189,normal,0.7345132743362832,0
463,eee,eef,known,eef,0.18584070796460178,1.9569201908913177e-190,anomaly,0.18584070796460178,0
464,eef,eff,known,eff,0.6470588235294118,1.2662424764590879e-190,normal,0.6470588235294118,0
465,eff,ffe,known,ffe,0.2549019607843137,3.227676900778067e-191,normal,0.2549019607843137,0
466,ffe,fee,known,fee,0.47058823529411764,1.5189067768367375e-191,normal,0.47058823529411764,0
467,fee,eee,known,eee,0.6571428571428571,9.981387390641417e-192,normal,0.6571428571428571,0
468,eee,eee,known,eee,0.7345132743362832,7.331461534718918e-192,normal,0.7345132743362832,0
469,eee,eee,known,eee,0.7345132743362832,5.3850558175369046e-192,normal,0.7345132743362832,0
470,eee,eee,known,eee,0.7345132743362832,3.955394981022682e-192,normal,0.7345132743362832,0
471,eee,eef,known,eef,0.18584070796460178,7.350734035528879e-193,anomaly,0.18584070796460178,0
472,eef,efe,known,efe,0.35294117647058826,2.5943767184219575e-193,normal,0.35294117647058826,0
473,efe,fef,known,fef,0.47619047619047616,1.2354174849628367e-193,normal,0.47619047619047616,0
474,fef,eff,known,eff,0.7837837837837838,9.68300190916818e-194,normal,0.7837837837837838,0
475,eff,fff,known,fff,0.7450980392156863,7.214785736242957e-194,normal,0.7450980392156863,0
476,fff,fff,known,fff,0.9728997289972899,7.019263087564287e-194,normal,0.9728997289972899,0
477,fff,ffe,known,ffe,0.025745257452574527,1.8071273531669575e-195,anomaly,0.025745257452574527,0
478,ffe,fee,known,fee,0.47058823529411764,8.504128720785682e-196,normal,0.47058823529411764,0
479,fee,eee,known,eee,0.6571428571428571,5.588427445087734e-196,normal,0.6571428571428571,0
480,eee,eee,known,eee,0.7345132743362832,4.104774141082141e-196,normal,0.7345132743362832,0
481,eee,eee,known,eee,0.7345132743362832,3.0150110947771476e-196,normal,0.7345132743362832,0
482,eee,eee,known,eee,0.7345132743362832,2.2145656713849846e-196,normal,0.7345132743362832,0
483,eee,eee,known,eee,0.7345132743362832,1.6266278825217144e-196,normal,0.7345132743362832,0
484,eee,eee,known,eee,0.7345132743362832,1.1947797721177194e-196,normal,0.7345132743362832,0
485,eee,eee,known,eee,0.7345132743362832,8.775816025289443e-197,normal,0.7345132743362832,0
486,eee,eee,known,eee,0.7345132743362832,6.445953363708176e-197,normal,0.7345132743362832,0
487,eee,eee,known,eee,0.7345132743362832,4.7346383113962706e-197,normal,0.7345132743362832,0
488,eee,eee,known,eee,0.7345132743362832,3.4776546889016857e-197,normal,0.7345132743362832,0
489,eee,eee,known,eee,0.7345132743362832,2.5543835325561056e-197,normal,0.7345132743362832,0
490,eee,eee,known,eee,0.7345132743362832,1.876228612408467e-197,normal,0.7345132743362832,0
491,eee,eef,known,eef,0.18584070796460178,3.4867965363343195e-198,anomaly,0.18584070796460178,0
492,eef,efe,known,efe,0.35294117647058826,1.230634071647407e-198,normal,0.35294117647058826,0
493,efe,fee,known,fee,0.5238095238095238,6.446178470534037e-199,normal,0.5238095238095238,0
494,fee,eee,known,eee,0.6571428571428571,4.23606013777951e-199,normal,0.6571428571428571,0
495,eee,eee,known,eee,0.7345132743362832,3.1114424020858347e-199,normal,0.7345132743362832,0
496,eee,eed,known,eed,0.07079646017699115,2.2027910811227147e-200,anomaly,0.07079646017699115,0
497,eed,ede,known,ede,0.8,1.762232864898172e-200,normal,0.8,0
498,ede,dee,known,dee,0.5555555555555556,9.790182582767622e-201,normal,0.5555555555555556,0
499,dee,eee,known,eee,0.7,6.853127807937336e-201,normal,0.7,0
500,eee,eed,known,eed,0.07079646017699115,4.851771899424662e-202,anomaly,0.07079646017699115,0
501,eed,edd,known,edd,0.2,9.703543798849324e-203,normal,0.2,0
502,edd,ddd,known,ddd,0.6,5.822126279309595e-203,normal,0.6,0
503,ddd,ddd,known,ddd,0.43478260869565216,2.5313592518737368e-203,normal,0.43478260869565216,0
504,ddd,ddd,known,ddd,0.43478260869565216,1.1005909790755376e-203,normal,0.43478260869565216,0
505,ddd,dde,known,dde,0.17391304347826086,1.914071267957457e-204,anomaly,0.17391304347826086,0
506,dde,dee,known,dee,0.8,1.5312570143659655e-204,normal,0.8,0
507,dee,eee,known,eee,0.7,1.0718799100561758e-204,normal,0.7,0
508,eee,eed,known,eed,0.07079646017699115,7.58853033668089e-206,anomaly,0.07079646017699115,0
509,eed,ede,known,ede,0.8,6.070824269344713e-206,normal,0.8,0
510,ede,dee,known,dee,0.5555555555555556,3.3726801496359515e-206,normal,0.5555555555555556,0
511,dee,eee,known,eee,0.7,2.3608761047451658e-206,normal,0.7,0
512,eee,eee,known,eee,0.7345132743362832,1.7340948379986618e-206,normal,0.7345132743362832,0
513,eee,eef,known,eef,0.18584070796460178,3.2226541237143274e-207,anomaly,0.18584070796460178,0
514,eef,efe,known,efe,0.35294117647058826,1.1374073377815274e-207,normal,0.35294117647058826,0
515,efe,fee,known,fee,0.5238095238095238,5.957847959808001e-208,normal,0.5238095238095238,0
516,fee,eee,known,eee,0.6571428571428571,3.915157230730972e-208,normal,0.6571428571428571,0
517,eee,eee,known,eee,0.7345132743362832,2.8757349570855813e-208,normal,0.7345132743362832,0
518,eee,eed,known,eed,0.07079646017699115,2.0359185536889072e-209,anomaly,0.07079646017699115,0
519,eed,edd,known,edd,0.2,4.0718371073778145e-210,normal,0.2,0
520,edd,dde,known,dde,0.2,8.143674214755629e-211,normal,0.2,0
521,dde,dee,known,dee,0.8,6.514939371804503e-211,normal,0.8,0
522,dee,eef,known,eef,0.3,1.954481811541351e-211,normal,0.3,0
523,eef,efe,known,efe,0.35294117647058826,6.898171099557709e-212,normal,0.35294117647058826,0
524,efe,fed,unseen,fef,0.47619047619047616,3.284843380741766e-212,normal,0.47619047619047616,1
525,fef,edd,known,edd,0.0,3.284843380741766e-216,anomaly,0.0,0
526,edd,ddd,known,ddd,0.6,1.9709060284450595e-216,normal,0.6,0
527,ddd,ddd,known,ddd,0.43478260869565216,8.569156645413302e-217,normal,0.43478260869565216,0
528,ddd,dde,known,dde,0.17391304347826086,1.4902881122457917e-217,anomaly,0.17391304347826086,0
529,dde,dee,known,dee,0.8,1.1922304897966334e-217,normal,0.8,0
530,dee,eee,known,eee,0.7,8.345613428576433e-218,normal,0.7,0
531,eee,eed,known,eed,0.07079646017699115,5.90839888748774e-219,anomaly,0.07079646017699115,0
532,eed,edd,known,edd,0.2,1.1816797774975481e-219,normal,0.2,0
533,edd,ddd,known,ddd,0.6,7.090078664985288e-220,normal,0.6,0
534,ddd,ddd,known,ddd,0.43478260869565216,3.0826428978196906e-220,normal,0.43478260869565216,0
535,ddd,dde,known,dde,0.17391304347826086,5.36111808316468e-221,anomaly,0.17391304347826086,0
536,dde,dee,known,dee,0.8,4.2888944665317437e-221,normal,0.8,0
537,dee,eee,known,eee,0.7,3.00222612657222e-221,normal,0.7,0
538,eee,eee,known,eee,0.7345132743362832,2.2051749425264982e-221,normal,0.7345132743362832,0
539,eee,eed,known,eed,0.07079646017699115,1.56118580001876e-222,anomaly,0.07079646017699115,0
540,eed,ede,known,ede,0.8,1.2489486400150079e-222,normal,0.8,0
541,ede,dee,known,dee,0.5555555555555556,6.938603555638934e-223,normal,0.5555555555555556,0
542,dee,eee,known,eee,0.7,4.8570224889472536e-223,normal,0.7,0
543,eee,eef,known,eef,0.18584070796460178,9.026324979459499e-224,anomaly,0.18584070796460178,0
544,eef,eff,known,eff,0.6470588235294118,5.840563222003206e-224,normal,0.6470588235294118,0
545,eff,ffe,known,ffe,0.2549019607843137,1.488771017373366e-224,normal,0.2549019607843137,0
546,ffe,fee,known,fee,0.47058823529411764,7.005981258227605e-225,normal,0.47058823529411764,0
547,fee,eef,known,eef,0.2857142857142857,2.001708930922173e-225,normal,0.2857142857142857,0
548,eef,efe,known,efe,0.35294117647058826,7.064855050313551e-226,normal,0.35294117647058826,0
549,efe,fef,known,fef,0.47619047619047616,3.3642166906255006e-226,normal,0.47619047619047616,0
550,fef,efe,known,efe,0.21621621621621623,7.273982033784866e-227,normal,0.21621621621621623,0
551,efe,fee,known,fee,0.5238095238095238,3.8101810653158826e-227,normal,0.5238095238095238,0
552,fee,eef,known,eef,0.2857142857142857,1.0886231615188236e-227,normal,0.2857142857142857,0
553,eef,eff,known,eff,0.6470588235294118,7.044032221592388e-228,normal,0.6470588235294118,0
554,eff,ffe,known,ffe,0.2549019607843137,1.7955376251117853e-228,normal,0.2549019607843137,0
555,ffe,fee,known,fee,0.47058823529411764,8.44958882405546e-229,normal,0.47058823529411764,0
556,fee,eef,known,eef,0.2857142857142857,2.414168235444417e-229,normal,0.2857142857142857,0
557,eef,efe,known,efe,0.35294117647058826,8.520593772156767e-230,normal,0.35294117647058826,0
558,efe,fee,known,fee,0.5238095238095238,4.46316816636783e-230,normal,0.5238095238095238,0
559,fee,eed,known,eed,0.05714285714285714,2.5503818093530458e-231,anomaly,0.05714285714285714,0
560,eed,edd,known,edd,0.2,5.100763618706092e-232,normal,0.2,0
561,edd,dde,known,dde,0.2,1.0201527237412185e-232,normal,0.2,0
562,dde,dee,known,dee,0.8,8.161221789929749e-233,normal,0.8,0
563,dee,eee,known,eee,0.7,5.712855252950824e-233,normal,0.7,0
564,eee,eee,known,eee,0.7345132743362832,4.196168017654145e-233,normal,0.7345132743362832,0
565,eee,eee,known,eee,0.7345132743362832,3.0821411103123365e-233,normal,0.7345132743362832,0
566,eee,eef,known,eef,0.18584070796460178,5.727872859872485e-234,anomaly,0.18584070796460178,0
567,eef,efe,known,efe,0.35294117647058826,2.0216021858373476e-234,normal,0.35294117647058826,0
568,efe,fee,known,fee,0.5238095238095238,1.0589344782957536e-234,normal,0.5238095238095238,0
569,fee,eee,known,eee,0.6571428571428571,6.958712285943524e-235,normal,0.6571428571428571,0
570,eee,eee,known,eee,0.7345132743362832,5.1112665463125e-235,normal,0.7345132743362832,0
571,eee,eee,known,eee,0.7345132743362832,3.7542931269375e-235,normal,0.7345132743362832,0
572,eee,eee,known,eee,0.7345132743362832,2.7575781374850663e-235,normal,0.7345132743362832,0
573,eee,eee,known,eee,0.7345132743362832,2.0254777470023054e-235,normal,0.7345132743362832,0
574,eee,eee,known,eee,0.7345132743362832,1.4877402920459412e-235,normal,0.7345132743362832,0
575,eee,eee,known,eee,0.7345132743362832,1.0927649932726826e-235,normal,0.7345132743362832,0
576,eee,eee,known,eee,0.7345132743362832,8.026503932887845e-236,normal,0.7345132743362832,0
577,eee,eee,known,eee,0.7345132743362832,5.895573685218506e-236,normal,0.7345132743362832,0
578,eee,eee,known,eee,0.7345132743362832,4.330377131620673e-236,normal,0.7345132743362832,0
579,eee,eee,known,eee,0.7345132743362832,3.1807194860576623e-236,normal,0.7345132743362832,0
580,eee,eee,known,eee,0.7345132743362832,2.3362806844494337e-236,normal,0.7345132743362832,0
581,eee,eee,known,eee,0.7345132743362832,1.7160291753035664e-236,normal,0.7345132743362832,0
582,eee,eed,known,eed,0.07079646017699115,1.214887911719339e-237,anomaly,0.07079646017699115,0
583,eed,edd,known,edd,0.2,2.429775823438678e-238,normal,0.2,0
584,edd,dde,known,dde,0.2,4.8595516468773566e-239,normal,0.2,0
585,dde,ded,known,ded,0.0,4.859551646877357e-243,anomaly,0.0,0
586,ded,edd,known,edd,0.75,3.644663735158018e-243,normal,0.75,0
587,edd,ddd,known,ddd,0.6,2.1867982410948106e-243,normal,0.6,0
588,ddd,ddd,known,ddd,0.43478260869565216,9.507818439542655e-244,normal,0.43478260869565216,0
589,ddd,ddd,known,ddd,0.43478260869565216,4.13383410414898e-244,normal,0.43478260869565216,0
590,ddd,ddd,known,ddd,0.43478260869565216,1.7973191757169476e-244,normal,0.43478260869565216,0
591,ddd,dde,known,dde,0.17391304347826086,3.125772479507735e-245,anomaly,0.17391304347826086,0
592,dde,dee,known,dee,0.8,2.500617983606188e-245,normal,0.8,0
593,dee,eee,known,eee,0.7,1.7504325885243315e-245,normal,0.7,0
594,eee,eee,known,eee,0.7345132743362832,1.2857159721019426e-245,normal,0.7345132743362832,0
595,eee,eec,known,eec,0.008849557522123894,1.1378017452229581e-247,anomaly,0.008849557522123894,0
596,eec,ecd,known,ecd,0.0,1.137801745222958e-251,anomaly,0.0,0
597,ecd,cdc,known,cdc,0.0,1.137801745222958e-255,anomaly,0.0,0
598,cdc,dce,unseen,dcb,0.32,3.640965584713466e-256,normal,0.32,1
599,dcb,cee,unseen,cbe,0.0,3.640965584713466e-260,anomaly,0.0,1
600,cbe,eee,known,eee,0.0,3.640965584713466e-264,anomaly,0.0,0
601,eee,eee,known,eee,0.7345132743362832,2.674337553373608e-264,normal,0.7345132743362832,0
602,eee,eee,known,eee,0.7345132743362832,1.9643364330089332e-264,normal,0.7345132743362832,0
603,eee,eed,known,eed,0.07079646017699115,1.3906806605372978e-265,anomaly,0.07079646017699115,0
604,eed,edd,known,edd,0.2,2.781361321074596e-266,normal,0.2,0
605,edd,ddc,known,ddc,0.2,5.562722642149192e-267,normal,0.2,0
606,ddc,dcd,known,dcd,0.1875,1.0430104954029735e-267,anomaly,0.1875,0
607,dcd,cdd,known,cdd,0.23529411764705882,2.454142342124643e-268,normal,0.23529411764705882,0
608,cdd,ddd,known,ddd,0.42105263157894735,1.0333230914209023e-268,normal,0.42105263157894735,0
609,ddd,dde,known,dde,0.17391304347826086,1.7970836372537432e-269,anomaly,0.17391304347826086,0
610,dde,dee,known,dee,0.8,1.4376669098029947e-269,normal,0.8,0
611,dee,eed,known,eed,0.0,1.4376669098029948e-273,anomaly,0.0,0
612,eed,edd,known,edd,0.2,2.87533381960599e-274,normal,0.2,0
613,edd,ddc,known,ddc,0.2,5.75066763921198e-275,normal,0.2,0
614,ddc,dcc,known,dcc,0.625,3.594167274507487e-275,normal,0.625,0
615,dcc,cce,known,cce,0.08,2.87533381960599e-276,anomaly,0.08,0
616,cce,ced,known,ced,0.75,2.1565003647044925e-276,normal,0.75,0
617,ced,ede,known,ede,0.2,4.313000729408985e-277,normal,0.2,0
618,ede,dee,known,dee,0.5555555555555556,2.3961115163383253e-277,normal,0.5555555555555556,0
619,dee,eed,known,eed,0.0,2.3961115163383255e-281,anomaly,0.0,0
620,eed,edd,known,edd,0.2,4.7922230326766515e-282,normal,0.2,0
621,edd,dde,known,dde,0.2,9.584446065353303e-283,normal,0.2,0
622,dde,ded,known,ded,0.0,9.584446065353304e-287,anomaly,0.0,0
623,ded,ede,known,ede,0.0,9.584446065353305e-291,anomaly,0.0,0
624,ede,ded,known,ded,0.3333333333333333,3.1948153551177682e-291,normal,0.3333333333333333,0
625,ded,ede,known,ede,0.0,3.1948153551177685e-295,anomaly,0.0,0
626,ede,dee,known,dee,0.5555555555555556,1.7748974195098715e-295,normal,0.5555555555555556,0
627,dee,eed,known,eed,0.0,1.7748974195098717e-299,anomaly,0.0,0
628,eed,edf,unseen,eff,0.0,1.774897419509872e-303,anomaly,0.0,1
629,eff,dfe,unseen,efe,0.0,1.774897419509872e-307,anomaly,0.0,1
630,efe,fee,known,fee,0.5238095238095238,9.297081721242188e-308,normal,0.5238095238095238,0
631,fee,eee,known,eee,0.6571428571428571,6.109510845387723e-308,normal,0.6571428571428571,0
632,eee,eee,known,eee,0.7345132743362832,4.487516815638771e-308,normal,0.7345132743362832,0
633,eee,eee,known,eee,0.7345132743362832,3.2961406698939644e-308,normal,0.7345132743362832,0
634,eee,eed,known,eed,0.07079646017699115,2.33355091673909e-309,anomaly,0.07079646017699115,0
635,eed,ede,known,ede,0.8,1.866840733391273e-309,normal,0.8,0
636,ede,dee,known,dee,0.5555555555555556,1.03713374077293e-309,normal,0.5555555555555556,0
637,dee,eed,known,eed,0.0,1.03713374076e-313,anomaly,0.0,0
638,eed,edd,known,edd,0.2,2.0742674814e-314,normal,0.2,0
639,edd,dde,known,dde,0.2,4.14853496e-315,normal,0.2,0
640,dde,dee,known,dee,0.8,3.31882797e-315,normal,0.8,0
641,dee,eed,known,eed,0.0,3.31884e-319,anomaly,0.0,0
642,eed,edd,known,edd,0.2,6.638e-320,normal,0.2,0
643,edd,dde,known,dde,0.2,1.3276e-320,normal,0.2,0
644,dde,ded,known,ded,0.0,0.0,anomaly,0.0,0
645,ded,edd,known,edd,0.75,0.0,normal,0.75,0
646,edd,ddd,known,ddd,0.6,0.0,normal,0.6,0
647,ddd,dde,known,dde,0.17391304347826086,0.0,anomaly,0.17391304347826086,0
648,dde,ded,known,ded,0.0,0.0,anomaly,0.0,0
649,ded,edd,known,edd,0.75,0.0,normal,0.75,0
650,edd,dde,known,dde,0.2,0.0,normal,0.2,0
651,dde,dee,known,dee,0.8,0.0,normal,0.8,0
652,dee,eee,known,eee,0.7,0.0,normal,0.7,0
653,eee,eee,known,eee,0.7345132743362832,0.0,normal,0.7345132743362832,0
654,eee,eee,known,eee,0.7345132743362832,0.0,normal,0.7345132743362832,0
655,eee,eee,known,eee,0.7345132743362832,0.0,normal,0.7345132743362832,0
656,eee,eec,known,eec,0.008849557522123894,0.0,anomaly,0.008849557522123894,0
657,eec,ecd,known,ecd,0.0,0.0,anomaly,0.0,0
658,ecd,cdd,known,cdd,0.5,0.0,normal,0.5,0
659,cdd,ddd,known,ddd,0.42105263157894735,0.0,normal,0.42105263157894735,0
660,ddd,ddd,known,ddd,0.43478260869565216,0.0,normal,0.43478260869565216,0
661,ddd,ddd,known,ddd,0.43478260869565216,0.0,normal,0.43478260869565216,0
662,ddd,ddd,known,ddd,0.43478260869565216,0.0,normal,0.43478260869565216,0
663,ddd,dde,known,dde,0.17391304347826086,0.0,anomaly,0.17391304347826086,0
664,dde,ded,known,ded,0.0,0.0,anomaly,0.0,0
665,ded,ede,known,ede,0.0,0.0,anomaly,0.0,0
666,ede,dee,known,dee,0.5555555555555556,0.0,normal,0.5555555555555556,0
667,dee,eee,known,eee,0.7,0.0,normal,0.7,0
668,eee,eec,known,eec,0.008849557522123894,0.0,anomaly,0.008849557522123894,0
669,eec,ecd,known,ecd,0.0,0.0,anomaly,0.0,0
670,ecd,cde,known,cde,0.25,0.0,normal,0.25,0
671,cde,dee,known,dee,0.0,0.0,anomaly,0.0,0
672,dee,eee,known,eee,0.7,0.0,normal,0.7,0
673,eee,eee,known,eee,0.7345132743362832,0.0,normal,0.7345132743362832,0
674,eee,eec,known,eec,0.008849557522123894,0.0,anomaly,0.008849557522123894,0
675,eec,ecd,known,ecd,0.0,0.0,anomaly,0.0,0
676,ecd,cdd,known,cdd,0.5,0.0,normal,0.5,0
677,cdd,ddd,known,ddd,0.42105263157894735,0.0,normal,0.42105263157894735,0
678,ddd,dde,known,dde,0.17391304347826086,0.0,anomaly,0.17391304347826086,0
679,dde,dee,known,dee,0.8,0.0,normal,0.8,0
680,dee,eed,known,eed,0.0,0.0,anomaly,0.0,0
681,eed,edc,known,edc,0.0,0.0,anomaly,0.0,0
682,edc,dcd,known,dcd,0.6666666666666666,0.0,normal,0.6666666666666666,0
683,dcd,cdd,known,cdd,0.23529411764705882,0.0,normal,0.23529411764705882,0
684,cdd,ddd,known,ddd,0.42105263157894735,0.0,normal,0.42105263157894735,0
685,ddd,ddc,known,ddc,0.34782608695652173,0.0,normal,0.34782608695652173,0
686,ddc,dce,unseen,dcb,0.1875,0.0,anomaly,0.1875,1
687,dcb,cee,unseen,cbe,0.0,0.0,anomaly,0.0,1
688,cbe,eee,known,eee,0.0,0.0,anomaly,0.0,0
689,eee,eee,known,eee,0.7345132743362832,0.0,normal,0.7345132743362832,0
690,eee,eee,known,eee,0.7345132743362832,0.0,normal,0.7345132743362832,0
691,eee,eee,known,eee,0.7345132743362832,0.0,normal,0.7345132743362832,0
692,eee,eee,known,eee,0.7345132743362832,0.0,normal,0.7345132743362832,0
693,eee,eee,known,eee,0.7345132743362832,0.0,normal,0.7345132743362832,0
694,eee,eee,known,eee,0.7345132743362832,0.0,normal,0.7345132743362832,0
695,eee,eed,known,eed,0.07079646017699115,0.0,anomaly,0.07079646017699115,0
696,eed,edd,known,edd,0.2,0.0,normal,0.2,0
697,edd,ddd,known,ddd,0.6,0.0,normal,0.6,0
698,ddd,ddd,known,ddd,0.43478260869565216,0.0,normal,0.43478260869565216,0
699,ddd,dde,known,dde,0.17391304347826086,0.0,anomaly,0.17391304347826086,0
700,dde,dee,known,dee,0.8,0.0,normal,0.8,0
701,dee,eee,known,eee,0.7,0.0,normal,0.7,0
702,eee,eee,known,eee,0.7345132743362832,0.0,normal,0.7345132743362832,0
703,eee,eee,known,eee,0.7345132743362832,0.0,normal,0.7345132743362832,0
704,eee,eee,known,eee,0.7345132743362832,0.0,normal,0.7345132743362832,0
705,eee,eee,known,eee,0.7345132743362832,0.0,normal,0.7345132743362832,0
706,eee,eee,known,eee,0.7345132743362832,0.0,normal,0.7345132743362832,0
707,eee,eee,known,eee,0.7345132743362832,0.0,normal,0.7345132743362832,0
708,eee,eee,known,eee,0.7345132743362832,0.0,normal,0.7345132743362832,0
709,eee,eee,known,eee,0.7345132743362832,0.0,normal,0.7345132743362832,0
710,eee,eee,known,eee,0.7345132743362832,0.0,normal,0.7345132743362832,0
711,eee,eee,known,eee,0.7345132743362832,0.0,normal,0.7345132743362832,0
712,eee,eee,known,eee,0.7345132743362832,0.0,normal,0.7345132743362832,0
713,eee,eee,known,eee,0.7345132743362832,0.0,normal,0.7345132743362832,0
714,eee,eee,known,eee,0.7345132743362832,0.0,normal,0.7345132743362832,0
715,eee,eee,known,eee,0.7345132743362832,0.0,normal,0.7345132743362832,0
716,eee,eee,known,eee,0.7345132743362832,0.0,normal,0.7345132743362832,0
717,eee,eee,known,eee,0.7345132743362832,0.0,normal,0.7345132743362832,0
718,eee,eee,known,eee,0.7345132743362832,0.0,normal,0.7345132743362832,0
719,eee,eed,known,eed,0.07079646017699115,0.0,anomaly,0.07079646017699115,0
720,eed,ede,known,ede,0.8,0.0,normal,0.8,0
721,ede,dee,known,dee,0.5555555555555556,0.0,normal,0.5555555555555556,0
722,dee,eed,known,eed,0.0,0.0,anomaly,0.0,0
723,eed,edd,known,edd,0.2,0.0,normal,0.2,0
724,edd,dde,known,dde,0.2,0.0,normal,0.2,0
725,dde,ded,known,ded,0.0,0.0,anomaly,0.0,0
726,ded,edd,known,edd,0.75,0.0,normal,0.75,0
727,edd,dde,known,dde,0.2,0.0,normal,0.2,0
728,dde,dee,known,dee,0.8,0.0,normal,0.8,0
729,dee,eee,known,eee,0.7,0.0,normal,0.7,0
730,eee,eee,known,eee,0.7345132743362832,0.0,normal,0.7345132743362832,0
731,eee,eee,known,eee,0.7345132743362832,0.0,normal,0.7345132743362832,0
732,eee,eee,known,eee,0.7345132743362832,0.0,normal,0.7345132743362832,0
733,eee,eee,known,eee,0.7345132743362832,0.0,normal,0.7345132743362832,0
734,eee,eef,known,eef,0.18584070796460178,0.0,anomaly,0.18584070796460178,0
735,eef,eff,known,eff,0.6470588235294118,0.0,normal,0.6470588235294118,0
736,eff,ffe,known,ffe,0.2549019607843137,0.0,normal,0.2549019607843137,0
737,ffe,fee,known,fee,0.47058823529411764,0.0,normal,0.47058823529411764,0
738,fee,eee,known,eee,0.6571428571428571,0.0,normal,0.6571428571428571,0
739,eee,eed,known,eed,0.07079646017699115,0.0,anomaly,0.07079646017699115,0
740,eed,edd,known,edd,0.2,0.0,normal,0.2,0
741,edd,ddd,known,ddd,0.6,0.0,normal,0.6,0
742,ddd,dde,known,dde,0.17391304347826086,0.0,anomaly,0.17391304347826086,0
743,dde,dee,known,dee,0.8,0.0,normal,0.8,0
744,dee,eee,known,eee,0.7,0.0,normal,0.7,0
745,eee,eee,known,eee,0.7345132743362832,0.0,normal,0.7345132743362832,0
746,eee,eed,known,eed,0.07079646017699115,0.0,anomaly,0.07079646017699115,0
747,eed,ede,known,ede,0.8,0.0,normal,0.8,0
748,ede,dee,known,dee,0.5555555555555556,0.0,normal,0.5555555555555556,0
749,dee,eef,known,eef,0.3,0.0,normal,0.3,0
750,eef,efe,known,efe,0.35294117647058826,0.0,normal,0.35294117647058826,0
751,efe,fee,known,fee,0.5238095238095238,0.0,normal,0.5238095238095238,0
752,fee,eee,known,eee,0.6571428571428571,0.0,normal,0.6571428571428571,0
753,eee,eee,known,eee,0.7345132743362832,0.0,normal,0.7345132743362832,0
754,eee,eee,known,eee,0.7345132743362832,0.0,normal,0.7345132743362832,0
755,eee,eee,known,eee,0.7345132743362832,0.0,normal,0.7345132743362832,0
756,eee,eee,known,eee,0.7345132743362832,0.0,normal,0.7345132743362832,0
757,eee,eee,known,eee,0.7345132743362832,0.0,normal,0.7345132743362832,0
758,eee,eee,known,eee,0.7345132743362832,0.0,normal,0.7345132743362832,0
759,eee,eee,known,eee,0.7345132743362832,0.0,normal,0.7345132743362832,0
760,eee,eed,known,eed,0.07079646017699115,0.0,anomaly,0.07079646017699115,0
761,eed,edd,known,edd,0.2,0.0,normal,0.2,0
762,edd,dde,known,dde,0.2,0.0,normal,0.2,0
763,dde,dee,known,dee,0.8,0.0,normal,0.8,0
764,dee,eee,known,eee,0.7,0.0,normal,0.7,0
765,eee,eef,known,eef,0.18584070796460178,0.0,anomaly,0.18584070796460178,0
766,eef,efe,known,efe,0.35294117647058826,0.0,normal,0.35294117647058826,0
767,efe,fee,known,fee,0.5238095238095238,0.0,normal,0.5238095238095238,0
768,fee,eed,known,eed,0.05714285714285714,0.0,anomaly,0.05714285714285714,0
769,eed,edd,known,edd,0.2,0.0,normal,0.2,0
770,edd,ddd,known,ddd,0.6,0.0,normal,0.6,0
771,ddd,ddd,known,ddd,0.43478260869565216,0.0,normal,0.43478260869565216,0
772,ddd,dde,known,dde,0.17391304347826086,0.0,anomaly,0.17391304347826086,0
773,dde,dee,known,dee,0.8,0.0,normal,0.8,0
774,dee,eee,known,eee,0.7,0.0,normal,0.7,0
775,eee,eee,known,eee,0.7345132743362832,0.0,normal,0.7345132743362832,0
776,eee,eee,known,eee,0.7345132743362832,0.0,normal,0.7345132743362832,0
777,eee,eee,known,eee,0.7345132743362832,0.0,normal,0.7345132743362832,0
778,eee,eee,known,eee,0.7345132743362832,0.0,normal,0.7345132743362832,0
779,eee,eee,known,eee,0.7345132743362832,0.0,normal,0.7345132743362832,0
780,eee,eee,known,eee,0.7345132743362832,0.0,normal,0.7345132743362832,0
781,eee,eee,known,eee,0.7345132743362832,0.0,normal,0.7345132743362832,0
782,eee,eee,known,eee,0.7345132743362832,0.0,normal,0.7345132743362832,0
783,eee,eee,known,eee,0.7345132743362832,0.0,normal,0.7345132743362832,0
784,eee,eee,known,eee,0.7345132743362832,0.0,normal,0.7345132743362832,0
785,eee,eee,known,eee,0.7345132743362832,0.0,normal,0.7345132743362832,0
786,eee,eed,known,eed,0.07079646017699115,0.0,anomaly,0.07079646017699115,0
787,eed,edd,known,edd,0.2,0.0,normal,0.2,0
788,edd,ddd,known,ddd,0.6,0.0,normal,0.6,0
789,ddd,ddd,known,ddd,0.43478260869565216,0.0,normal,0.43478260869565216,0
790,ddd,ddd,known,ddd,0.43478260869565216,0.0,normal,0.43478260869565216,0
791,ddd,dde,known,dde,0.17391304347826086,0.0,anomaly,0.17391304347826086,0
792,dde,dee,known,dee,0.8,0.0,normal,0.8,0
793,dee,eee,known,eee,0.7,0.0,normal,0.7,0
794,eee,eee,known,eee,0.7345132743362832,0.0,normal,0.7345132743362832,0
795,eee,eed,known,eed,0.07079646017699115,0.0,anomaly,0.07079646017699115,0
796,eed,edd,known,edd,0.2,0.0,normal,0.2,0
797,edd,dde,known,dde,0.2,0.0,normal,0.2,0
798,dde,dee,known,dee,0.8,0.0,normal,0.8,0
799,dee,eee,known,eee,0.7,0.0,normal,0.7,0
800,eee,eee,known,eee,0.7345132743362832,0.0,normal,0.7345132743362832,0
801,eee,eee,known,eee,0.7345132743362832,0.0,normal,0.7345132743362832,0
802,eee,eee,known,eee,0.7345132743362832,0.0,normal,0.7345132743362832,0
803,eee,eee,known,eee,0.7345132743362832,0.0,normal,0.7345132743362832,0
804,eee,eef,known,eef,0.18584070796460178,0.0,anomaly,0.18584070796460178,0
805,eef,efe,known,efe,0.35294117647058826,0.0,normal,0.35294117647058826,0
806,efe,fee,known,fee,0.5238095238095238,0.0,normal,0.5238095238095238,0
807,fee,eee,known,eee,0.6571428571428571,0.0,normal,0.6571428571428571,0
808,eee,eee,known,eee,0.7345132743362832,0.0,normal,0.7345132743362832,0
809,eee,eee,known,eee,0.7345132743362832,0.0,normal,0.7345132743362832,0
810,eee,eee,known,eee,0.7345132743362832,0.0,normal,0.7345132743362832,0
811,eee,eee,known,eee,0.7345132743362832,0.0,normal,0.7345132743362832,0
812,eee,eee,known,eee,0.7345132743362832,0.0,normal,0.7345132743362832,0
813,eee,eee,known,eee,0.7345132743362832,0.0,normal,0.7345132743362832,0
814,eee,eee,known,eee,0.7345132743362832,0.0,normal,0.7345132743362832,0
815,eee,eee,known,eee,0.7345132743362832,0.0,normal,0.7345132743362832,0
816,eee,eed,known,eed,0.07079646017699115,0.0,anomaly,0.07079646017699115,0
817,eed,edd,known,edd,0.2,0.0,normal,0.2,0
818,edd,dde,known,dde,0.2,0.0,normal,0.2,0
819,dde,dee,known,dee,0.8,0.0,normal,0.8,0
820,dee,eee,known,eee,0.7,0.0,normal,0.7,0
821,eee,eee,known,eee,0.7345132743362832,0.0,normal,0.7345132743362832,0
822,eee,eee,known,eee,0.7345132743362832,0.0,normal,0.7345132743362832,0
823,eee,eee,known,eee,0.7345132743362832,0.0,normal,0.7345132743362832,0
824,eee,eee,known,eee,0.7345132743362832,0.0,normal,0.7345132743362832,0
825,eee,eee,known,eee,0.7345132743362832,0.0,normal,0.7345132743362832,0
826,eee,eee,known,eee,0.7345132743362832,0.0,normal,0.7345132743362832,0
827,eee,eee,known,eee,0.7345132743362832,0.0,normal,0.7345132743362832,0
828,eee,eee,known,eee,0.7345132743362832,0.0,normal,0.7345132743362832,0
829,eee,eed,known,eed,0.07079646017699115,0.0,anomaly,0.07079646017699115,0
830,eed,ede,known,ede,0.8,0.0,normal,0.8,0
831,ede,ded,known,ded,0.3333333333333333,0.0,normal,0.3333333333333333,0
832,ded,ede,known,ede,0.0,0.0,anomaly,0.0,0
833,ede,ded,known,ded,0.3333333333333333,0.0,normal,0.3333333333333333,0
834,ded,edd,known,edd,0.75,0.0,normal,0.75,0
835,edd,ddd,known,ddd,0.6,0.0,normal,0.6,0
836,ddd,ddd,known,ddd,0.43478260869565216,0.0,normal,0.43478260869565216,0
837,ddd,dde,known,dde,0.17391304347826086,0.0,anomaly,0.17391304347826086,0
838,dde,ded,known,ded,0.0,0.0,anomaly,0.0,0
839,ded,edd,known,edd,0.75,0.0,normal,0.75,0
840,edd,dde,known,dde,0.2,0.0,normal,0.2,0
841,dde,dee,known,dee,0.8,0.0,normal,0.8,0
842,dee,eee,known,eee,0.7,0.0,normal,0.7,0
843,eee,eef,known,eef,0.18584070796460178,0.0,anomaly,0.18584070796460178,0
844,eef,efe,known,efe,0.35294117647058826,0.0,normal,0.35294117647058826,0
845,efe,fef,known,fef,0.47619047619047616,0.0,normal,0.47619047619047616,0
846,fef,efd,unseen,eff,0.7837837837837838,0.0,normal,0.7837837837837838,1
847,eff,fde,known,fde,0.0,0.0,anomaly,0.0,0
848,fde,dee,known,dee,1.0,0.0,normal,1.0,0
849,dee,eed,known,eed,0.0,0.0,anomaly,0.0,0
850,eed,edc,known,edc,0.0,0.0,anomaly,0.0,0
851,edc,dcc,known,dcc,0.3333333333333333,0.0,normal,0.3333333333333333,0
852,dcc,ccc,known,ccc,0.48,0.0,normal,0.48,0
853,ccc,ccd,known,ccd,0.07894736842105263,0.0,anomaly,0.07894736842105263,0
854,ccd,cdd,known,cdd,0.36,0.0,normal,0.36,0
855,cdd,ddd,known,ddd,0.42105263157894735,0.0,normal,0.42105263157894735,0
856,ddd,dde,known,dde,0.17391304347826086,0.0,anomaly,0.17391304347826086,0
857,dde,ded,known,ded,0.0,0.0,anomaly,0.0,0
858,ded,edd,known,edd,0.75,0.0,normal,0.75,0
859,edd,ddc,known,ddc,0.2,0.0,normal,0.2,0
860,ddc,dcd,known,dcd,0.1875,0.0,anomaly,0.1875,0
861,dcd,cdc,known,cdc,0.29411764705882354,0.0,normal,0.29411764705882354,0
862,cdc,dcb,known,dcb,0.32,0.0,normal,0.32,0
863,dcb,cbc,known,cbc,0.4117647058823529,0.0,normal,0.4117647058823529,0
864,cbc,bcc,known,bcc,0.2911392405063291,0.0,normal,0.2911392405063291,0
865,bcc,ccb,known,ccb,0.45918367346938777,0.0,normal,0.45918367346938777,0
866,ccb,cbc,known,cbc,0.30927835051546393,0.0,normal,0.30927835051546393,0
867,cbc,bcc,known,bcc,0.2911392405063291,0.0,normal,0.2911392405063291,0
868,bcc,ccc,known,ccc,0.4489795918367347,0.0,normal,0.4489795918367347,0
869,ccc,ccd,known,ccd,0.07894736842105263,0.0,anomaly,0.07894736842105263,0
870,ccd,cdd,known,cdd,0.36,0.0,normal,0.36,0
871,cdd,ddc,known,ddc,0.3684210526315789,0.0,normal,0.3684210526315789,0
872,ddc,dcc,known,dcc,0.625,0.0,normal,0.625,0
873,dcc,ccc,known,ccc,0.48,0.0,normal,0.48,0
874,ccc,ccb,known,ccb,0.39473684210526316,0.0,normal,0.39473684210526316,0
875,ccb,cbc,known,cbc,0.30927835051546393,0.0,normal,0.30927835051546393,0
876,cbc,bcd,known,bcd,0.0759493670886076,0.0,anomaly,0.0759493670886076,0
877,bcd,cdc,known,cdc,0.6666666666666666,0.0,normal,0.6666666666666666,0
878,cdc,dcc,known,dcc,0.36,0.0,normal,0.36,0
879,dcc,ccc,known,ccc,0.48,0.0,normal,0.48,0
880,ccc,ccc,known,ccc,0.5,0.0,normal,0.5,0
881,ccc,ccc,known,ccc,0.5,0.0,normal,0.5,0
882,ccc,ccc,known,ccc,0.5,0.0,normal,0.5,0
883,ccc,ccc,known,ccc,0.5,0.0,normal,0.5,0
884,ccc,ccc,known,ccc,0.5,0.0,normal,0.5,0
885,ccc,cce,known,cce,0.008771929824561403,0.0,anomaly,0.008771929824561403,0
886,cce,ced,known,ced,0.75,0.0,normal,0.75,0
887,ced,edc,known,edc,0.6,0.0,normal,0.6,0
888,edc,dcc,known,dcc,0.3333333333333333,0.0,normal,0.3333333333333333,0
889,dcc,ccc,known,ccc,0.48,0.0,normal,0.48,0
890,ccc,ccd,known,ccd,0.07894736842105263,0.0,anomaly,0.07894736842105263,0
891,ccd,cdd,known,cdd,0.36,0.0,normal,0.36,0
892,cdd,ddc,known,ddc,0.3684210526315789,0.0,normal,0.3684210526315789,0
893,ddc,dcd,known,dcd,0.1875,0.0,anomaly,0.1875,0
894,dcd,cdd,known,cdd,0.23529411764705882,0.0,normal,0.23529411764705882,0
895,cdd,ddd,known,ddd,0.42105263157894735,0.0,normal,0.42105263157894735,0
896,ddd,ddc,known,ddc,0.34782608695652173,0.0,normal,0.34782608695652173,0
897,ddc,dcc,known,dcc,0.625,0.0,normal,0.625,0
898,dcc,ccd,known,ccd,0.28,0.0,normal,0.28,0
899,ccd,cdd,known,cdd,0.36,0.0,normal,0.36,0
900,cdd,dde,known,dde,0.0,0.0,anomaly,0.0,0
901,dde,dee,known,dee,0.8,0.0,normal,0.8,0
902,dee,eec,known,eec,0.0,0.0,anomaly,0.0,0
903,eec,ecc,known,ecc,1.0,0.0,normal,1.0,0
904,ecc,ccd,known,ccd,0.5,0.0,normal,0.5,0
905,ccd,cdc,known,cdc,0.36,0.0,normal,0.36,0
906,cdc,dcd,known,dcd,0.32,0.0,normal,0.32,0
907,dcd,cdd,known,cdd,0.23529411764705882,0.0,normal,0.23529411764705882,0
908,cdd,ddd,known,ddd,0.42105263157894735,0.0,normal,0.42105263157894735,0
909,ddd,dde,known,dde,0.17391304347826086,0.0,anomaly,0.17391304347826086,0
910,dde,ded,known,ded,0.0,0.0,anomaly,0.0,0
911,ded,edc,known,edc,0.0,0.0,anomaly,0.0,0
912,edc,dcc,known,dcc,0.3333333333333333,0.0,normal,0.3333333333333333,0
913,dcc,ccc,known,ccc,0.48,0.0,normal,0.48,0
914,ccc,ccc,known,ccc,0.5,0.0,normal,0.5,0
915,ccc,ccd,known,ccd,0.07894736842105263,0.0,anomaly,0.07894736842105263,0
916,ccd,cdd,known,cdd,0.36,0.0,normal,0.36,0
917,cdd,ddc,known,ddc,0.3684210526315789,0.0,normal,0.3684210526315789,0
918,ddc,dcd,known,dcd,0.1875,0.0,anomaly,0.1875,0
919,dcd,cdd,known,cdd,0.23529411764705882,0.0,normal,0.23529411764705882,0
920,cdd,ddd,known,ddd,0.42105263157894735,0.0,normal,0.42105263157894735,0
921,ddd,ddd,known,ddd,0.43478260869565216,0.0,normal,0.43478260869565216,0
922,ddd,ddd,known,ddd,0.43478260869565216,0.0,normal,0.43478260869565216,0
923,ddd,ddd,known,ddd,0.43478260869565216,0.0,normal,0.43478260869565216,0
924,ddd,ddd,known,ddd,0.43478260869565216,0.0,normal,0.43478260869565216,0
925,ddd,ddd,known,ddd,0.43478260869565216,0.0,normal,0.43478260869565216,0
926,ddd,ddd,known,ddd,0.43478260869565216,0.0,normal,0.43478260869565216,0
927,ddd,ddd,known,ddd,0.43478260869565216,0.0,normal,0.43478260869565216,0
928,ddd,ddc,known,ddc,0.34782608695652173,0.0,normal,0.34782608695652173,0
929,ddc,dcd,known,dcd,0.1875,0.0,anomaly,0.1875,0
930,dcd,cdd,known,cdd,0.23529411764705882,0.0,normal,0.23529411764705882,0
931,cdd,dde,known,dde,0.0,0.0,anomaly,0.0,0
932,dde,dee,known,dee,0.8,0.0,normal,0.8,0
933,dee,eed,known,eed,0.0,0.0,anomaly,0.0,0
934,eed,edd,known,edd,0.2,0.0,normal,0.2,0
935,edd,ddd,known,ddd,0.6,0.0,normal,0.6,0
936,ddd,ddd,known,ddd,0.43478260869565216,0.0,normal,0.43478260869565216,0
937,ddd,ddc,known,ddc,0.34782608695652173,0.0,normal,0.34782608695652173,0
938,ddc,dcc,known,dcc,0.625,0.0,normal,0.625,0
939,dcc,ccc,known,ccc,0.48,0.0,normal,0.48,0
940,ccc,ccc,known,ccc,0.5,0.0,normal,0.5,0
941,ccc,ccc,known,ccc,0.5,0.0,normal,0.5,0
942,ccc,cce,known,cce,0.008771929824561403,0.0,anomaly,0.008771929824561403,0
943,cce,ced,known,ced,0.75,0.0,normal,0.75,0
944,ced,ede,known,ede,0.2,0.0,normal,0.2,0
945,ede,ded,known,ded,0.3333333333333333,0.0,normal,0.3333333333333333,0
946,ded,edc,known,edc,0.0,0.0,anomaly,0.0,0
947,edc,dcd,known,dcd,0.6666666666666666,0.0,normal,0.6666666666666666,0
948,dcd,cdd,known,cdd,0.23529411764705882,0.0,normal,0.23529411764705882,0
949,cdd,ddd,known,ddd,0.42105263157894735,0.0,normal,0.42105263157894735,0
950,ddd,ddd,known,ddd,0.43478260869565216,0.0,normal,0.43478260869565216,0
951,ddd,ddc,known,ddc,0.34782608695652173,0.0,normal,0.34782608695652173,0
952,ddc,dcd,known,dcd,0.1875,0.0,anomaly,0.1875,0
953,dcd,cdc,known,cdc,0.29411764705882354,0.0,normal,0.29411764705882354,0
954,cdc,dcc,known,dcc,0.36,0.0,normal,0.36,0
955,dcc,ccc,known,ccc,0.48,0.0,normal,0.48,0
956,ccc,ccd,known,ccd,0.07894736842105263,0.0,anomaly,0.07894736842105263,0
957,ccd,cdd,known,cdd,0.36,0.0,normal,0.36,0
958,cdd,ddc,known,ddc,0.3684210526315789,0.0,normal,0.3684210526315789,0
959,ddc,dcb,known,dcb,0.1875,0.0,anomaly,0.1875,0
960,dcb,cbc,known,cbc,0.4117647058823529,0.0,normal,0.4117647058823529,0
961,cbc,bcd,known,bcd,0.0759493670886076,0.0,anomaly,0.0759493670886076,0
962,bcd,cdd,known,cdd,0.26666666666666666,0.0,normal,0.26666666666666666,0
963,cdd,ddc,known,ddc,0.3684210526315789,0.0,normal,0.3684210526315789,0
964,ddc,dcb,known,dcb,0.1875,0.0,anomaly,0.1875,0
965,dcb,cbc,known,cbc,0.4117647058823529,0.0,normal,0.4117647058823529,0
966,cbc,bcc,known,bcc,0.2911392405063291,0.0,normal,0.2911392405063291,0
967,bcc,ccd,known,ccd,0.061224489795918366,0.0,anomaly,0.061224489795918366,0
968,ccd,cdd,known,cdd,0.36,0.0,normal,0.36,0
969,cdd,ddd,known,ddd,0.42105263157894735,0.0,normal,0.42105263157894735,0
970,ddd,ddd,known,ddd,0.43478260869565216,0.0,normal,0.43478260869565216,0
971,ddd,ddc,known,ddc,0.34782608695652173,0.0,normal,0.34782608695652173,0
972,ddc,dcc,known,dcc,0.625,0.0,normal,0.625,0
973,dcc,ccc,known,ccc,0.48,0.0,normal,0.48,0
974,ccc,ccc,known,ccc,0.5,0.0,normal,0.5,0
975,ccc,ccd,known,ccd,0.07894736842105263,0.0,anomaly,0.07894736842105263,0
976,ccd,cdd,known,cdd,0.36,0.0,normal,0.36,0
977,cdd,ddc,known,ddc,0.3684210526315789,0.0,normal,0.3684210526315789,0
978,ddc,dcc,known,dcc,0.625,0.0,normal,0.625,0
979,dcc,ccc,known,ccc,0.48,0.0,normal,0.48,0
980,ccc,ccc,known,ccc,0.5,0.0,normal,0.5,0
981,ccc,ccb,known,ccb,0.39473684210526316,0.0,normal,0.39473684210526316,0
982,ccb,cbc,known,cbc,0.30927835051546393,0.0,normal,0.30927835051546393,0
983,cbc,bcc,known,bcc,0.2911392405063291,0.0,normal,0.2911392405063291,0
984,bcc,ccd,known,ccd,0.061224489795918366,0.0,anomaly,0.061224489795918366,0
985,ccd,cdc,known,cdc,0.36,0.0,normal,0.36,0
986,cdc,dcd,known,dcd,0.32,0.0,normal,0.32,0
987,dcd,cdd,known,cdd,0.23529411764705882,0.0,normal,0.23529411764705882,0
988,cdd,ddd,known,ddd,0.42105263157894735,0.0,normal,0.42105263157894735,0
989,ddd,ddd,known,ddd,0.43478260869565216,0.0,normal,0.43478260869565216,0
990,ddd,ddc,known,ddc,0.34782608695652173,0.0,normal,0.34782608695652173,0
991,ddc,dcc,known,dcc,0.625,0.0,normal,0.625,0
992,dcc,ccc,known,ccc,0.48,0.0,normal,0.48,0
993,ccc,ccd,known,ccd,0.07894736842105263,0.0,anomaly,0.07894736842105263,0
994,ccd,cdc,known,cdc,0.36,0.0,normal,0.36,0
995,cdc,dcc,known,dcc,0.36,0.0,normal,0.36,0
996,dcc,ccc,known,ccc,0.48,0.0,normal,0.48,0
997,ccc,ccc,known,ccc,0.5,0.0,normal,0.5,0
998,ccc,ccd,known,ccd,0.07894736842105263,0.0,anomaly,0.07894736842105263,0
999,ccd,cdc,known,cdc,0.36,0.0,normal,0.36,0
1000,cdc,dcc,known,dcc,0.36,0.0,normal,0.36,0
1001,dcc,ccc,known,ccc,0.48,0.0,normal,0.48,0
1002,ccc,ccd,known,ccd,0.07894736842105263,0.0,anomaly,0.07894736842105263,0
1003,ccd,cdc,known,cdc,0.36,0.0,normal,0.36,0
1004,cdc,dcc,known,dcc,0.36,0.0,normal,0.36,0
1005,dcc,ccc,known,ccc,0.48,0.0,normal,0.48,0
1006,ccc,ccc,known,ccc,0.5,0.0,normal,0.5,0
1007,ccc,ccb,known,ccb,0.39473684210526316,0.0,normal,0.39473684210526316,0
1008,ccb,cbb,known,cbb,0.5463917525773195,0.0,normal,0.5463917525773195,0
1009,cbb,bbb,known,bbb,0.6148148148148148,0.0,normal,0.6148148148148148,0
1010,bbb,bbb,known,bbb,0.6380597014925373,0.0,normal,0.6380597014925373,0
1011,bbb,bbc,known,bbc,0.17537313432835822,0.0,anomaly,0.17537313432835822,0
1012,bbc,bcc,known,bcc,0.4206896551724138,0.0,normal,0.4206896551724138,0
1013,bcc,ccc,known,ccc,0.4489795918367347,0.0,normal,0.4489795918367347,0
1014,ccc,ccc,known,ccc,0.5,0.0,normal,0.5,0
1015,ccc,ccc,known,ccc,0.5,0.0,normal,0.5,0
1016,ccc,ccc,known,ccc,0.5,0.0,normal,0.5,0
1017,ccc,ccc,known,ccc,0.5,0.0,normal,0.5,0
1018,ccc,ccd,known,ccd,0.07894736842105263,0.0,anomaly,0.07894736842105263,0
1019,ccd,cdd,known,cdd,0.36,0.0,normal,0.36,0
1020,cdd,ddd,known,ddd,0.42105263157894735,0.0,normal,0.42105263157894735,0
1021,ddd,ddd,known,ddd,0.43478260869565216,0.0,normal,0.43478260869565216,0
1022,ddd,ddd,known,ddd,0.43478260869565216,0.0,normal,0.43478260869565216,0
1023,ddd,ddc,known,ddc,0.34782608695652173,0.0,normal,0.34782608695652173,0
1024,ddc,dcd,known,dcd,0.1875,0.0,anomaly,0.1875,0
1025,dcd,cdd,known,cdd,0.23529411764705882,0.0,normal,0.23529411764705882,0
1026,cdd,ddd,known,ddd,0.42105263157894735,0.0,normal,0.42105263157894735,0
1027,ddd,ddd,known,ddd,0.43478260869565216,0.0,normal,0.43478260869565216,0
1028,ddd,ddd,known,ddd,0.43478260869565216,0.0,normal,0.43478260869565216,0
1029,ddd,ddd,known,ddd,0.43478260869565216,0.0,normal,0.43478260869565216,0
1030,ddd,ddd,known,ddd,0.43478260869565216,0.0,normal,0.43478260869565216,0
1031,ddd,ddc,known,ddc,0.34782608695652173,0.0,normal,0.34782608695652173,0
1032,ddc,dcc,known,dcc,0.625,0.0,normal,0.625,0
1033,dcc,ccb,known,ccb,0.16,0.0,anomaly,0.16,0
1034,ccb,cbc,known,cbc,0.30927835051546393,0.0,normal,0.30927835051546393,0
1035,cbc,bcc,known,bcc,0.2911392405063291,0.0,normal,0.2911392405063291,0
1036,bcc,ccd,known,ccd,0.061224489795918366,0.0,anomaly,0.061224489795918366,0
1037,ccd,cdd,known,cdd,0.36,0.0,normal,0.36,0
1038,cdd,ddd,known,ddd,0.42105263157894735,0.0,normal,0.42105263157894735,0
1039,ddd,ddd,known,ddd,0.43478260869565216,0.0,normal,0.43478260869565216,0
1040,ddd,ddd,known,ddd,0.43478260869565216,0.0,normal,0.43478260869565216,0
1041,ddd,ddd,known,ddd,0.43478260869565216,0.0,normal,0.43478260869565216,0
1042,ddd,ddd,known,ddd,0.43478260869565216,0.0,normal,0.43478260869565216,0
1043,ddd,ddd,known,ddd,0.43478260869565216,0.0,normal,0.43478260869565216,0
1044,ddd,ddc,known,ddc,0.34782608695652173,0.0,normal,0.34782608695652173,0
1045,ddc,dcc,known,dcc,0.625,0.0,normal,0.625,0
1046,dcc,ccc,known,ccc,0.48,0.0,normal,0.48,0
1047,ccc,ccc,known,ccc,0.5,0.0,normal,0.5,0
1048,ccc,ccc,known,ccc,0.5,0.0,normal,0.5,0
1049,ccc,ccc,known,ccc,0.5,0.0,normal,0.5,0
1050,ccc,ccc,known,ccc,0.5,0.0,normal,0.5,0
1051,ccc,ccc,known,ccc,0.5,0.0,normal,0.5,0
1052,ccc,ccc,known,ccc,0.5,0.0,normal,0.5,0
1053,ccc,ccc,known,ccc,0.5,0.0,normal,0.5,0
1054,ccc,ccc,known,ccc,0.5,0.0,normal,0.5,0
1055,ccc,ccc,known,ccc,0.5,0.0,normal,0.5,0
1056,ccc,ccd,known,ccd,0.07894736842105263,0.0,anomaly,0.07894736842105263,0
1057,ccd,cdc,known,cdc,0.36,0.0,normal,0.36,0
1058,cdc,dcc,known,dcc,0.36,0.0,normal,0.36,0
1059,dcc,ccd,known,ccd,0.28,0.0,normal,0.28,0
1060,ccd,cdd,known,cdd,0.36,0.0,normal,0.36,0
1061,cdd,ddd,known,ddd,0.42105263157894735,0.0,normal,0.42105263157894735,0
1062,ddd,ddd,known,ddd,0.43478260869565216,0.0,normal,0.43478260869565216,0
1063,ddd,ddc,known,ddc,0.34782608695652173,0.0,normal,0.34782608695652173,0
1064,ddc,dcc,known,dcc,0.625,0.0,normal,0.625,0
1065,dcc,ccc,known,ccc,0.48,0.0,normal,0.48,0
1066,ccc,ccc,known,ccc,0.5,0.0,normal,0.5,0
1067,ccc,ccc,known,ccc,0.5,0.0,normal,0.5,0
1068,ccc,ccc,known,ccc,0.5,0.0,normal,0.5,0
1069,ccc,ccd,known,ccd,0.07894736842105263,0.0,anomaly,0.07894736842105263,0
1070,ccd,cdc,known,cdc,0.36,0.0,normal,0.36,0
1071,cdc,dcc,known,dcc,0.36,0.0,normal,0.36,0
1072,dcc,ccc,known,ccc,0.48,0.0,normal,0.48,0
1073,ccc,ccc,known,ccc,0.5,0.0,normal,0.5,0
1074,ccc,ccb,known,ccb,0.39473684210526316,0.0,normal,0.39473684210526316,0
1075,ccb,cbc,known,cbc,0.30927835051546393,0.0,normal,0.30927835051546393,0
1076,cbc,bcc,known,bcc,0.2911392405063291,0.0,normal,0.2911392405063291,0
1077,bcc,ccd,known,ccd,0.061224489795918366,0.0,anomaly,0.061224489795918366,0
1078,ccd,cdd,known,cdd,0.36,0.0,normal,0.36,0
1079,cdd,dde,known,dde,0.0,0.0,anomaly,0.0,0
1080,dde,dee,known,dee,0.8,0.0,normal,0.8,0
1081,dee,eed,known,eed,0.0,0.0,anomaly,0.0,0
1082,eed,edc,known,edc,0.0,0.0,anomaly,0.0,0
1083,edc,dcc,known,dcc,0.3333333333333333,0.0,normal,0.3333333333333333,0
1084,dcc,ccb,known,ccb,0.16,0.0,anomaly,0.16,0
1085,ccb,cbc,known,cbc,0.30927835051546393,0.0,normal,0.30927835051546393,0
1086,cbc,bcb,known,bcb,0.5443037974683544,0.0,normal,0.5443037974683544,0
1087,bcb,cbc,known,cbc,0.26865671641791045,0.0,normal,0.26865671641791045,0
1088,cbc,bcd,known,bcd,0.0759493670886076,0.0,anomaly,0.0759493670886076,0
1089,bcd,cdd,known,cdd,0.26666666666666666,0.0,normal,0.26666666666666666,0
1090,cdd,ddd,known,ddd,0.42105263157894735,0.0,normal,0.42105263157894735,0
1091,ddd,ddc,known,ddc,0.34782608695652173,0.0,normal,0.34782608695652173,0
1092,ddc,dcc,known,dcc,0.625,0.0,normal,0.625,0
1093,dcc,ccc,known,ccc,0.48,0.0,normal,0.48,0
1094,ccc,ccd,known,ccd,0.07894736842105263,0.0,anomaly,0.07894736842105263,0
1095,ccd,cdb,known,cdb,0.2,0.0,normal,0.2,0
1096,cdb,dbc,known,dbc,0.5,0.0,normal,0.5,0
1097,dbc,bcc,known,bcc,0.35,0.0,normal,0.35,0
1098,bcc,ccd,known,ccd,0.061224489795918366,0.0,anomaly,0.061224489795918366,0
1099,ccd,cdd,known,cdd,0.36,0.0,normal,0.36,0
1100,cdd,ddd,known,ddd,0.42105263157894735,0.0,normal,0.42105263157894735,0
1101,ddd,ddc,known,ddc,0.34782608695652173,0.0,normal,0.34782608695652173,0
1102,ddc,dcc,known,dcc,0.625,0.0,normal,0.625,0
1103,dcc,ccb,known,ccb,0.16,0.0,anomaly,0.16,0
1104,ccb,cbd,known,cbd,0.07216494845360824,0.0,anomaly,0.07216494845360824,0
1105,cbd,bdd,known,bdd,0.10526315789473684,0.0,anomaly,0.10526315789473684,0
1106,bdd,ddd,known,ddd,0.6666666666666666,0.0,normal,0.6666666666666666,0
1107,ddd,ddd,known,ddd,0.43478260869565216,0.0,normal,0.43478260869565216,0
1108,ddd,ddd,known,ddd,0.43478260869565216,0.0,normal,0.43478260869565216,0
1109,ddd,ddc,known,ddc,0.34782608695652173,0.0,normal,0.34782608695652173,0
1110,ddc,dcc,known,dcc,0.625,0.0,normal,0.625,0
1111,dcc,ccc,known,ccc,0.48,0.0,normal,0.48,0
1112,ccc,ccb,known,ccb,0.39473684210526316,0.0,normal,0.39473684210526316,0
1113,ccb,cbc,known,cbc,0.30927835051546393,0.0,normal,0.30927835051546393,0
1114,cbc,bcd,known,bcd,0.0759493670886076,0.0,anomaly,0.0759493670886076,0
1115,bcd,cdd,known,cdd,0.26666666666666666,0.0,normal,0.26666666666666666,0
1116,cdd,ddd,known,ddd,0.42105263157894735,0.0,normal,0.42105263157894735,0
1117,ddd,ddd,known,ddd,0.43478260869565216,0.0,normal,0.43478260869565216,0
1118,ddd,ddd,known,ddd,0.43478260869565216,0.0,normal,0.43478260869565216,0
1119,ddd,ddd,known,ddd,0.43478260869565216,0.0,normal,0.43478260869565216,0
1120,ddd,ddd,known,ddd,0.43478260869565216,0.0,normal,0.43478260869565216,0
1121,ddd,dde,known,dde,0.17391304347826086,0.0,anomaly,0.17391304347826086,0
1122,dde,ded,known,ded,0.0,0.0,anomaly,0.0,0
1123,ded,edd,known,edd,0.75,0.0,normal,0.75,0
1124,edd,ddd,known,ddd,0.6,0.0,normal,0.6,0
1125,ddd,ddd,known,ddd,0.43478260869565216,0.0,normal,0.43478260869565216,0
1126,ddd,ddc,known,ddc,0.34782608695652173,0.0,normal,0.34782608695652173,0
1127,ddc,dcd,known,dcd,0.1875,0.0,anomaly,0.1875,0
1128,dcd,cdc,known,cdc,0.29411764705882354,0.0,normal,0.29411764705882354,0
1129,cdc,dcc,known,dcc,0.36,0.0,normal,0.36,0
1130,dcc,ccd,known,ccd,0.28,0.0,normal,0.28,0
1131,ccd,cdc,known,cdc,0.36,0.0,normal,0.36,0
1132,cdc,dcc,known,dcc,0.36,0.0,normal,0.36,0
1133,dcc,ccc,known,ccc,0.48,0.0,normal,0.48,0
1134,ccc,ccc,known,ccc,0.5,0.0,normal,0.5,0
1135,ccc,ccc,known,ccc,0.5,0.0,normal,0.5,0
1136,ccc,ccc,known,ccc,0.5,0.0,normal,0.5,0
1137,ccc,ccd,known,ccd,0.07894736842105263,0.0,anomaly,0.07894736842105263,0
1138,ccd,cdd,known,cdd,0.36,0.0,normal,0.36,0
1139,cdd,ddc,known,ddc,0.3684210526315789,0.0,normal,0.3684210526315789,0
1140,ddc,dcb,known,dcb,0.1875,0.0,anomaly,0.1875,0
1141,dcb,cbb,known,cbb,0.35294117647058826,0.0,normal,0.35294117647058826,0
1142,cbb,bbc,known,bbc,0.23703703703703705,0.0,normal,0.23703703703703705,0
1143,bbc,bcd,known,bcd,0.04827586206896552,0.0,anomaly,0.04827586206896552,0
1144,bcd,cdd,known,cdd,0.26666666666666666,0.0,normal,0.26666666666666666,0
1145,cdd,ddd,known,ddd,0.42105263157894735,0.0,normal,0.42105263157894735,0
1146,ddd,ddd,known,ddd,0.43478260869565216,0.0,normal,0.43478260869565216,0
1147,ddd,ddd,known,ddd,0.43478260869565216,0.0,normal,0.43478260869565216,0
1148,ddd,ddd,known,ddd,0.43478260869565216,0.0,normal,0.43478260869565216,0
1149,ddd,ddc,known,ddc,0.34782608695652173,0.0,normal,0.34782608695652173,0
1150,ddc,dcc,known,dcc,0.625,0.0,normal,0.625,0
1151,dcc,ccc,known,ccc,0.48,0.0,normal,0.48,0
1152,ccc,ccc,known,ccc,0.5,0.0,normal,0.5,0
1153,ccc,ccc,known,ccc,0.5,0.0,normal,0.5,0
1154,ccc,ccb,known,ccb,0.39473684210526316,0.0,normal,0.39473684210526316,0
1155,ccb,cbc,known,cbc,0.30927835051546393,0.0,normal,0.30927835051546393,0
1156,cbc,bcc,known,bcc,0.2911392405063291,0.0,normal,0.2911392405063291,0
1157,bcc,ccc,known,ccc,0.4489795918367347,0.0,normal,0.4489795918367347,0
1158,ccc,ccb,known,ccb,0.39473684210526316,0.0,normal,0.39473684210526316,0
1159,ccb,cbc,known,cbc,0.30927835051546393,0.0,normal,0.30927835051546393,0
1160,cbc,bcc,known,bcc,0.2911392405063291,0.0,normal,0.2911392405063291,0
1161,bcc,ccc,known,ccc,0.4489795918367347,0.0,normal,0.4489795918367347,0
1162,ccc,ccc,known,ccc,0.5,0.0,normal,0.5,0
1163,ccc,ccc,known,ccc,0.5,0.0,normal,0.5,0
1164,ccc,ccc,known,ccc,0.5,0.0,normal,0.5,0
1165,ccc,ccd,known,ccd,0.07894736842105263,0.0,anomaly,0.07894736842105263,0
1166,ccd,cdc,known,cdc,0.36,0.0,normal,0.36,0
1167,cdc,dcd,known,dcd,0.32,0.0,normal,0.32,0
1168,dcd,cdc,known,cdc,0.29411764705882354,0.0,normal,0.29411764705882354,0
1169,cdc,dcc,known,dcc,0.36,0.0,normal,0.36,0
1170,dcc,ccd,known,ccd,0.28,0.0,normal,0.28,0
1171,ccd,cdc,known,cdc,0.36,0.0,normal,0.36,0
1172,cdc,dcc,known,dcc,0.36,0.0,normal,0.36,0
1173,dcc,ccd,known,ccd,0.28,0.0,normal,0.28,0
1174,ccd,cdc,known,cdc,0.36,0.0,normal,0.36,0
1175,cdc,dcc,known,dcc,0.36,0.0,normal,0.36,0
1176,dcc,ccc,known,ccc,0.48,0.0,normal,0.48,0
1177,ccc,ccc,known,ccc,0.5,0.0,normal,0.5,0
1178,ccc,ccc,known,ccc,0.5,0.0,normal,0.5,0
1179,ccc,ccc,known,ccc,0.5,0.0,normal,0.5,0
1180,ccc,ccd,known,ccd,0.07894736842105263,0.0,anomaly,0.07894736842105263,0
1181,ccd,cdd,known,cdd,0.36,0.0,normal,0.36,0
1182,cdd,ddd,known,ddd,0.42105263157894735,0.0,normal,0.42105263157894735,0
1183,ddd,ddd,known,ddd,0.43478260869565216,0.0,normal,0.43478260869565216,0
1184,ddd,ddc,known,ddc,0.34782608695652173,0.0,normal,0.34782608695652173,0
1185,ddc,dcb,known,dcb,0.1875,0.0,anomaly,0.1875,0
1186,dcb,cbc,known,cbc,0.4117647058823529,0.0,normal,0.4117647058823529,0
1187,cbc,bcc,known,bcc,0.2911392405063291,0.0,normal,0.2911392405063291,0
1188,bcc,ccc,known,ccc,0.4489795918367347,0.0,normal,0.4489795918367347,0
1189,ccc,ccc,known,ccc,0.5,0.0,normal,0.5,0
1190,ccc,ccd,known,ccd,0.07894736842105263,0.0,anomaly,0.07894736842105263,0
1191,ccd,cdc,known,cdc,0.36,0.0,normal,0.36,0
1192,cdc,dcc,known,dcc,0.36,0.0,normal,0.36,0
1193,dcc,ccc,known,ccc,0.48,0.0,normal,0.48,0
1194,ccc,ccc,known,ccc,0.5,0.0,normal,0.5,0
1195,ccc,ccd,known,ccd,0.07894736842105263,0.0,anomaly,0.07894736842105263,0
1196,ccd,cdd,known,cdd,0.36,0.0,normal,0.36,0
1197,cdd,ddd,known,ddd,0.42105263157894735,0.0,normal,0.42105263157894735,0
1198,ddd,ddd,known,ddd,0.43478260869565216,0.0,normal,0.43478260869565216,0
1199,ddd,ddc,known,ddc,0.34782608695652173,0.0,normal,0.34782608695652173,0
1200,ddc,dcc,known,dcc,0.625,0.0,normal,0.625,0
1201,dcc,ccc,known,ccc,0.48,0.0,normal,0.48,0
1202,ccc,ccc,known,ccc,0.5,0.0,normal,0.5,0
1203,ccc,ccd,known,ccd,0.07894736842105263,0.0,anomaly,0.07894736842105263,0
1204,ccd,cde,known,cde,0.04,0.0,anomaly,0.04,0
1205,cde,ded,known,ded,0.16666666666666666,0.0,anomaly,0.16666666666666666,0
1206,ded,edd,known,edd,0.75,0.0,normal,0.75,0
1207,edd,ddc,known,ddc,0.2,0.0,normal,0.2,0
1208,ddc,dcc,known,dcc,0.625,0.0,normal,0.625,0
1209,dcc,ccc,known,ccc,0.48,0.0,normal,0.48,0
1210,ccc,ccc,known,ccc,0.5,0.0,normal,0.5,0
1211,ccc,ccc,known,ccc,0.5,0.0,normal,0.5,0
1212,ccc,ccc,known,ccc,0.5,0.0,normal,0.5,0
1213,ccc,ccd,known,ccd,0.07894736842105263,0.0,anomaly,0.07894736842105263,0
1214,ccd,cdd,known,cdd,0.36,0.0,normal,0.36,0
1215,cdd,ddd,known,ddd,0.42105263157894735,0.0,normal,0.42105263157894735,0
1216,ddd,dde,known,dde,0.17391304347826086,0.0,anomaly,0.17391304347826086,0
1217,dde,ded,known,ded,0.0,0.0,anomaly,0.0,0
1218,ded,edc,known,edc,0.0,0.0,anomaly,0.0,0
1219,edc,dcd,known,dcd,0.6666666666666666,0.0,normal,0.6666666666666666,0
1220,dcd,cdc,known,cdc,0.29411764705882354,0.0,normal,0.29411764705882354,0
1221,cdc,dcd,known,dcd,0.32,0.0,normal,0.32,0
1222,dcd,cdd,known,cdd,0.23529411764705882,0.0,normal,0.23529411764705882,0
1223,cdd,ddd,known,ddd,0.42105263157894735,0.0,normal,0.42105263157894735,0
1224,ddd,ddd,known,ddd,0.43478260869565216,0.0,normal,0.43478260869565216,0
1225,ddd,ddd,known,ddd,0.43478260869565216,0.0,normal,0.43478260869565216,0
1226,ddd,ddc,known,ddc,0.34782608695652173,0.0,normal,0.34782608695652173,0
1227,ddc,dcd,known,dcd,0.1875,0.0,anomaly,0.1875,0
1228,dcd,cdd,known,cdd,0.23529411764705882,0.0,normal,0.23529411764705882,0
1229,cdd,ddd,known,ddd,0.42105263157894735,0.0,normal,0.42105263157894735,0
1230,ddd,dde,known,dde,0.17391304347826086,0.0,anomaly,0.17391304347826086,0
1231,dde,dee,known,dee,0.8,0.0,normal,0.8,0
1232,dee,eed,known,eed,0.0,0.0,anomaly,0.0,0
1233,eed,edd,known,edd,0.2,0.0,normal,0.2,0
1234,edd,ddd,known,ddd,0.6,0.0,normal,0.6,0
1235,ddd,ddc,known,ddc,0.34782608695652173,0.0,normal,0.34782608695652173,0
1236,ddc,dcc,known,dcc,0.625,0.0,normal,0.625,0
1237,dcc,ccb,known,ccb,0.16,0.0,anomaly,0.16,0
1238,ccb,cbc,known,cbc,0.30927835051546393,0.0,normal,0.30927835051546393,0
1239,cbc,bcd,known,bcd,0.0759493670886076,0.0,anomaly,0.0759493670886076,0
1240,bcd,cdd,known,cdd,0.26666666666666666,0.0,normal,0.26666666666666666,0
1241,cdd,ddd,known,ddd,0.42105263157894735,0.0,normal,0.42105263157894735,0
1242,ddd,ddc,known,ddc,0.34782608695652173,0.0,normal,0.34782608695652173,0
1243,ddc,dcb,known,dcb,0.1875,0.0,anomaly,0.1875,0
1244,dcb,cbb,known,cbb,0.35294117647058826,0.0,normal,0.35294117647058826,0
1245,cbb,bbc,known,bbc,0.23703703703703705,0.0,normal,0.23703703703703705,0
1246,bbc,bcc,known,bcc,0.4206896551724138,0.0,normal,0.4206896551724138,0
1247,bcc,ccc,known,ccc,0.4489795918367347,0.0,normal,0.4489795918367347,0
1248,ccc,ccc,known,ccc,0.5,0.0,normal,0.5,0
1249,ccc,ccd,known,ccd,0.07894736842105263,0.0,anomaly,0.07894736842105263,0
1250,ccd,cdd,known,cdd,0.36,0.0,normal,0.36,0
1251,cdd,ddd,known,ddd,0.42105263157894735,0.0,normal,0.42105263157894735,0
1252,ddd,ddd,known,ddd,0.43478260869565216,0.0,normal,0.43478260869565216,0
1253,ddd,ddd,known,ddd,0.43478260869565216,0.0,normal,0.43478260869565216,0
1254,ddd,ddc,known,ddc,0.34782608695652173,0.0,normal,0.34782608695652173,0
1255,ddc,dcd,known,dcd,0.1875,0.0,anomaly,0.1875,0
1256,dcd,cdc,known,cdc,0.29411764705882354,0.0,normal,0.29411764705882354,0
1257,cdc,dcc,known,dcc,0.36,0.0,normal,0.36,0
1258,dcc,ccc,known,ccc,0.48,0.0,normal,0.48,0
1259,ccc,ccc,known,ccc,0.5,0.0,normal,0.5,0
1260,ccc,ccc,known,ccc,0.5,0.0,normal,0.5,0
1261,ccc,ccd,known,ccd,0.07894736842105263,0.0,anomaly,0.07894736842105263,0
1262,ccd,cdc,known,cdc,0.36,0.0,normal,0.36,0
1263,cdc,dcc,known,dcc,0.36,0.0,normal,0.36,0
1264,dcc,ccd,known,ccd,0.28,0.0,normal,0.28,0
1265,ccd,cdd,known,cdd,0.36,0.0,normal,0.36,0
1266,cdd,dde,known,dde,0.0,0.0,anomaly,0.0,0
1267,dde,dec,known,dec,0.2,0.0,normal,0.2,0
1268,dec,ecc,known,ecc,0.5,0.0,normal,0.5,0
1269,ecc,ccc,known,ccc,0.25,0.0,normal,0.25,0
1270,ccc,ccc,known,ccc,0.5,0.0,normal,0.5,0
1271,ccc,ccc,known,ccc,0.5,0.0,normal,0.5,0
1272,ccc,ccc,known,ccc,0.5,0.0,normal,0.5,0
1273,ccc,ccc,known,ccc,0.5,0.0,normal,0.5,0
1274,ccc,ccd,known,ccd,0.07894736842105263,0.0,anomaly,0.07894736842105263,0
1275,ccd,cdd,known,cdd,0.36,0.0,normal,0.36,0
1276,cdd,ddd,known,ddd,0.42105263157894735,0.0,normal,0.42105263157894735,0
1277,ddd,dde,known,dde,0.17391304347826086,0.0,anomaly,0.17391304347826086,0
1278,dde,dee,known,dee,0.8,0.0,normal,0.8,0
1279,dee,eed,known,eed,0.0,0.0,anomaly,0.0,0
1280,eed,edd,known,edd,0.2,0.0,normal,0.2,0
1281,edd,dde,known,dde,0.2,0.0,normal,0.2,0
1282,dde,dee,known,dee,0.8,0.0,normal,0.8,0
1283,dee,eed,known,eed,0.0,0.0,anomaly,0.0,0
1284,eed,edd,known,edd,0.2,0.0,normal,0.2,0
1285,edd,ddd,known,ddd,0.6,0.0,normal,0.6,0
1286,ddd,ddc,known,ddc,0.34782608695652173,0.0,normal,0.34782608695652173,0
1287,ddc,dcb,known,dcb,0.1875,0.0,anomaly,0.1875,0
1288,dcb,cbb,known,cbb,0.35294117647058826,0.0,normal,0.35294117647058826,0
1289,cbb,bbc,known,bbc,0.23703703703703705,0.0,normal,0.23703703703703705,0
1290,bbc,bcc,known,bcc,0.4206896551724138,0.0,normal,0.4206896551724138,0
1291,bcc,ccc,known,ccc,0.4489795918367347,0.0,normal,0.4489795918367347,0
1292,ccc,ccd,known,ccd,0.07894736842105263,0.0,anomaly,0.07894736842105263,0
1293,ccd,cdd,known,cdd,0.36,0.0,normal,0.36,0
1294,cdd,ddd,known,ddd,0.42105263157894735,0.0,normal,0.42105263157894735,0
1295,ddd,ddd,known,ddd,0.43478260869565216,0.0,normal,0.43478260869565216,0
1296,ddd,ddc,known,ddc,0.34782608695652173,0.0,normal,0.34782608695652173,0
1297,ddc,dcc,known,dcc,0.625,0.0,normal,0.625,0
1298,dcc,ccc,known,ccc,0.48,0.0,normal,0.48,0
1299,ccc,ccc,known,ccc,0.5,0.0,normal,0.5,0
1300,ccc,ccd,known,ccd,0.07894736842105263,0.0,anomaly,0.07894736842105263,0
1301,ccd,cdd,known,cdd,0.36,0.0,normal,0.36,0
1302,cdd,ddd,known,ddd,0.42105263157894735,0.0,normal,0.42105263157894735,0
1303,ddd,ddd,known,ddd,0.43478260869565216,0.0,normal,0.43478260869565216,0
1304,ddd,ddd,known,ddd,0.43478260869565216,0.0,normal,0.43478260869565216,0
1305,ddd,dde,known,dde,0.17391304347826086,0.0,anomaly,0.17391304347826086,0
1306,dde,ded,known,ded,0.0,0.0,anomaly,0.0,0
1307,ded,ede,known,ede,0.0,0.0,anomaly,0.0,0
1308,ede,ded,known,ded,0.3333333333333333,0.0,normal,0.3333333333333333,0
1309,ded,edc,known,edc,0.0,0.0,anomaly,0.0,0
1310,edc,dcc,known,dcc,0.3333333333333333,0.0,normal,0.3333333333333333,0
1311,dcc,cce,known,cce,0.08,0.0,anomaly,0.08,0
1312,cce,ced,known,ced,0.75,0.0,normal,0.75,0
1313,ced,edd,known,edd,0.0,0.0,anomaly,0.0,0
1314,edd,ddd,known,ddd,0.6,0.0,normal,0.6,0
1315,ddd,ddd,known,ddd,0.43478260869565216,0.0,normal,0.43478260869565216,0
1316,ddd,ddd,known,ddd,0.43478260869565216,0.0,normal,0.43478260869565216,0
1317,ddd,ddd,known,ddd,0.43478260869565216,0.0,normal,0.43478260869565216,0
1318,ddd,ddc,known,ddc,0.34782608695652173,0.0,normal,0.34782608695652173,0
1319,ddc,dcc,known,dcc,0.625,0.0,normal,0.625,0
1320,dcc,ccd,known,ccd,0.28,0.0,normal,0.28,0
1321,ccd,cdd,known,cdd,0.36,0.0,normal,0.36,0
1322,cdd,ddc,known,ddc,0.3684210526315789,0.0,normal,0.3684210526315789,0
1323,ddc,dcc,known,dcc,0.625,0.0,normal,0.625,0
1324,dcc,ccc,known,ccc,0.48,0.0,normal,0.48,0
1325,ccc,ccc,known,ccc,0.5,0.0,normal,0.5,0
1326,ccc,ccc,known,ccc,0.5,0.0,normal,0.5,0
1327,ccc,ccc,known,ccc,0.5,0.0,normal,0.5,0
1328,ccc,ccb,known,ccb,0.39473684210526316,0.0,normal,0.39473684210526316,0
1329,ccb,cbc,known,cbc,0.30927835051546393,0.0,normal,0.30927835051546393,0
1330,cbc,bcc,known,bcc,0.2911392405063291,0.0,normal,0.2911392405063291,0
1331,bcc,ccc,known,ccc,0.4489795918367347,0.0,normal,0.4489795918367347,0
1332,ccc,ccd,known,ccd,0.07894736842105263,0.0,anomaly,0.07894736842105263,0
1333,ccd,cdc,known,cdc,0.36,0.0,normal,0.36,0
1334,cdc,dcc,known,dcc,0.36,0.0,normal,0.36,0
1335,dcc,ccc,known,ccc,0.48,0.0,normal,0.48,0
1336,ccc,ccc,known,ccc,0.5,0.0,normal,0.5,0
1337,ccc,ccc,known,ccc,0.5,0.0,normal,0.5,0
1338,ccc,ccd,known,ccd,0.07894736842105263,0.0,anomaly,0.07894736842105263,0
1339,ccd,cdc,known,cdc,0.36,0.0,normal,0.36,0
1340,cdc,dcc,known,dcc,0.36,0.0,normal,0.36,0
1341,dcc,ccb,known,ccb,0.16,0.0,anomaly,0.16,0
1342,ccb,cbb,known,cbb,0.5463917525773195,0.0,normal,0.5463917525773195,0
1343,cbb,bbc,known,bbc,0.23703703703703705,0.0,normal,0.23703703703703705,0
1344,bbc,bcc,known,bcc,0.4206896551724138,0.0,normal,0.4206896551724138,0
1345,bcc,ccc,known,ccc,0.4489795918367347,0.0,normal,0.4489795918367347,0
1346,ccc,ccb,known,ccb,0.39473684210526316,0.0,normal,0.39473684210526316,0
1347,ccb,cbc,known,cbc,0.30927835051546393,0.0,normal,0.30927835051546393,0
1348,cbc,bcc,known,bcc,0.2911392405063291,0.0,normal,0.2911392405063291,0
1349,bcc,ccd,known,ccd,0.061224489795918366,0.0,anomaly,0.061224489795918366,0
1350,ccd,cde,known,cde,0.04,0.0,anomaly,0.04,0
1351,cde,ded,known,ded,0.16666666666666666,0.0,anomaly,0.16666666666666666,0
1352,ded,edc,known,edc,0.0,0.0,anomaly,0.0,0
1353,edc,dcd,known,dcd,0.6666666666666666,0.0,normal,0.6666666666666666,0
1354,dcd,cdc,known,cdc,0.29411764705882354,0.0,normal,0.29411764705882354,0
1355,cdc,dcb,known,dcb,0.32,0.0,normal,0.32,0
1356,dcb,cbb,known,cbb,0.35294117647058826,0.0,normal,0.35294117647058826,0
1357,cbb,bbb,known,bbb,0.6148148148148148,0.0,normal,0.6148148148148148,0
1358,bbb,bbc,known,bbc,0.17537313432835822,0.0,anomaly,0.17537313432835822,0
1359,bbc,bcb,known,bcb,0.47586206896551725,0.0,normal,0.47586206896551725,0
1360,bcb,cbc,known,cbc,0.26865671641791045,0.0,normal,0.26865671641791045,0
1361,cbc,bcc,known,bcc,0.2911392405063291,0.0,normal,0.2911392405063291,0
1362,bcc,ccb,known,ccb,0.45918367346938777,0.0,normal,0.45918367346938777,0
1363,ccb,cbb,known,cbb,0.5463917525773195,0.0,normal,0.5463917525773195,0
1364,cbb,bbc,known,bbc,0.23703703703703705,0.0,normal,0.23703703703703705,0
1365,bbc,bcc,known,bcc,0.4206896551724138,0.0,normal,0.4206896551724138,0
1366,bcc,ccb,known,ccb,0.45918367346938777,0.0,normal,0.45918367346938777,0
1367,ccb,cbb,known,cbb,0.5463917525773195,0.0,normal,0.5463917525773195,0
1368,cbb,bbc,known,bbc,0.23703703703703705,0.0,normal,0.23703703703703705,0
1369,bbc,bcc,known,bcc,0.4206896551724138,0.0,normal,0.4206896551724138,0
1370,bcc,ccb,known,ccb,0.45918367346938777,0.0,normal,0.45918367346938777,0
1371,ccb,cbb,known,cbb,0.5463917525773195,0.0,normal,0.5463917525773195,0
1372,cbb,bbb,known,bbb,0.6148148148148148,0.0,normal,0.6148148148148148,0
1373,bbb,bbc,known,bbc,0.17537313432835822,0.0,anomaly,0.17537313432835822,0
1374,bbc,bcb,known,bcb,0.47586206896551725,0.0,normal,0.47586206896551725,0
1375,bcb,cbb,known,cbb,0.5223880597014925,0.0,normal,0.5223880597014925,0
1376,cbb,bbb,known,bbb,0.6148148148148148,0.0,normal,0.6148148148148148,0
1377,bbb,bbb,known,bbb,0.6380597014925373,0.0,normal,0.6380597014925373,0
1378,bbb,bbb,known,bbb,0.6380597014925373,0.0,normal,0.6380597014925373,0
1379,bbb,bbb,known,bbb,0.6380597014925373,0.0,normal,0.6380597014925373,0
1380,bbb,bbb,known,bbb,0.6380597014925373,0.0,normal,0.6380597014925373,0
1381,bbb,bbc,known,bbc,0.17537313432835822,0.0,anomaly,0.17537313432835822,0
1382,bbc,bcc,known,bcc,0.4206896551724138,0.0,normal,0.4206896551724138,0
1383,bcc,ccd,known,ccd,0.061224489795918366,0.0,anomaly,0.061224489795918366,0
1384,ccd,cdc,known,cdc,0.36,0.0,normal,0.36,0
1385,cdc,dcd,known,dcd,0.32,0.0,normal,0.32,0
1386,dcd,cdd,known,cdd,0.23529411764705882,0.0,normal,0.23529411764705882,0
1387,cdd,ddc,known,ddc,0.3684210526315789,0.0,normal,0.3684210526315789,0
1388,ddc,dcc,known,dcc,0.625,0.0,normal,0.625,0
1389,dcc,ccd,known,ccd,0.28,0.0,normal,0.28,0
1390,ccd,cdb,known,cdb,0.2,0.0,normal,0.2,0
1391,cdb,dbb,known,dbb,0.4,0.0,normal,0.4,0
1392,dbb,bbb,known,bbb,0.5,0.0,normal,0.5,0
1393,bbb,bbc,known,bbc,0.17537313432835822,0.0,anomaly,0.17537313432835822,0
1394,bbc,bcc,known,bcc,0.4206896551724138,0.0,normal,0.4206896551724138,0
1395,bcc,ccd,known,ccd,0.061224489795918366,0.0,anomaly,0.061224489795918366,0
1396,ccd,cdc,known,cdc,0.36,0.0,normal,0.36,0
1397,cdc,dcc,known,dcc,0.36,0.0,normal,0.36,0
1398,dcc,ccc,known,ccc,0.48,0.0,normal,0.48,0
1399,ccc,ccc,known,ccc,0.5,0.0,normal,0.5,0
1400,ccc,ccc,known,ccc,0.5,0.0,normal,0.5,0
1401,ccc,ccb,known,ccb,0.39473684210526316,0.0,normal,0.39473684210526316,0
1402,ccb,cbb,known,cbb,0.5463917525773195,0.0,normal,0.5463917525773195,0
1403,cbb,bbc,known,bbc,0.23703703703703705,0.0,normal,0.23703703703703705,0
1404,bbc,bcb,known,bcb,0.47586206896551725,0.0,normal,0.47586206896551725,0
1405,bcb,cbb,known,cbb,0.5223880597014925,0.0,normal,0.5223880597014925,0
1406,cbb,bbb,known,bbb,0.6148148148148148,0.0,normal,0.6148148148148148,0
1407,bbb,bbb,known,bbb,0.6380597014925373,0.0,normal,0.6380597014925373,0
1408,bbb,bbb,known,bbb,0.6380597014925373,0.0,normal,0.6380597014925373,0
1409,bbb,bbb,known,bbb,0.6380597014925373,0.0,normal,0.6380597014925373,0
1410,bbb,bbc,known,bbc,0.17537313432835822,0.0,anomaly,0.17537313432835822,0
1411,bbc,bcc,known,bcc,0.4206896551724138,0.0,normal,0.4206896551724138,0
1412,bcc,ccc,known,ccc,0.4489795918367347,0.0,normal,0.4489795918367347,0
1413,ccc,ccc,known,ccc,0.5,0.0,normal,0.5,0
1414,ccc,ccc,known,ccc,0.5,0.0,normal,0.5,0
1415,ccc,ccd,known,ccd,0.07894736842105263,0.0,anomaly,0.07894736842105263,0
1416,ccd,cdc,known,cdc,0.36,0.0,normal,0.36,0
1417,cdc,dcd,known,dcd,0.32,0.0,normal,0.32,0
1418,dcd,cdd,known,cdd,0.23529411764705882,0.0,normal,0.23529411764705882,0
1419,cdd,ddc,known,ddc,0.3684210526315789,0.0,normal,0.3684210526315789,0
1420,ddc,dcc,known,dcc,0.625,0.0,normal,0.625,0
1421,dcc,ccc,known,ccc,0.48,0.0,normal,0.48,0
1422,ccc,ccc,known,ccc,0.5,0.0,normal,0.5,0
1423,ccc,ccc,known,ccc,0.5,0.0,normal,0.5,0
1424,ccc,ccc,known,ccc,0.5,0.0,normal,0.5,0
1425,ccc,ccc,known,ccc,0.5,0.0,normal,0.5,0
1426,ccc,ccc,known,ccc,0.5,0.0,normal,0.5,0
1427,ccc,ccc,known,ccc,0.5,0.0,normal,0.5,0
1428,ccc,ccc,known,ccc,0.5,0.0,normal,0.5,0
1429,ccc,ccc,known,ccc,0.5,0.0,normal,0.5,0
1430,ccc,ccc,known,ccc,0.5,0.0,normal,0.5,0
1431,ccc,ccb,known,ccb,0.39473684210526316,0.0,normal,0.39473684210526316,0
1432,ccb,cbb,known,cbb,0.5463917525773195,0.0,normal,0.5463917525773195,0
1433,cbb,bbb,known,bbb,0.6148148148148148,0.0,normal,0.6148148148148148,0
1434,bbb,bbb,known,bbb,0.6380597014925373,0.0,normal,0.6380597014925373,0
1435,bbb,bbb,known,bbb,0.6380597014925373,0.0,normal,0.6380597014925373,0
1436,bbb,bbc,known,bbc,0.17537313432835822,0.0,anomaly,0.17537313432835822,0
1437,bbc,bcc,known,bcc,0.4206896551724138,0.0,normal,0.4206896551724138,0
1438,bcc,ccc,known,ccc,0.4489795918367347,0.0,normal,0.4489795918367347,0
1439,ccc,ccc,known,ccc,0.5,0.0,normal,0.5,0
1440,ccc,ccb,known,ccb,0.39473684210526316,0.0,normal,0.39473684210526316,0
1441,ccb,cbc,known,cbc,0.30927835051546393,0.0,normal,0.30927835051546393,0
1442,cbc,bcb,known,bcb,0.5443037974683544,0.0,normal,0.5443037974683544,0
1443,bcb,cbb,known,cbb,0.5223880597014925,0.0,normal,0.5223880597014925,0
1444,cbb,bbb,known,bbb,0.6148148148148148,0.0,normal,0.6148148148148148,0
1445,bbb,bbc,known,bbc,0.17537313432835822,0.0,anomaly,0.17537313432835822,0
1446,bbc,bcc,known,bcc,0.4206896551724138,0.0,normal,0.4206896551724138,0
1447,bcc,ccc,known,ccc,0.4489795918367347,0.0,normal,0.4489795918367347,0
1448,ccc,ccd,known,ccd,0.07894736842105263,0.0,anomaly,0.07894736842105263,0
1449,ccd,cdc,known,cdc,0.36,0.0,normal,0.36,0
1450,cdc,dcc,known,dcc,0.36,0.0,normal,0.36,0
1451,dcc,ccc,known,ccc,0.48,0.0,normal,0.48,0
1452,ccc,ccb,known,ccb,0.39473684210526316,0.0,normal,0.39473684210526316,0
1453,ccb,cbc,known,cbc,0.30927835051546393,0.0,normal,0.30927835051546393,0
1454,cbc,bcb,known,bcb,0.5443037974683544,0.0,normal,0.5443037974683544,0
1455,bcb,cbb,known,cbb,0.5223880597014925,0.0,normal,0.5223880597014925,0
1456,cbb,bbc,known,bbc,0.23703703703703705,0.0,normal,0.23703703703703705,0
1457,bbc,bcd,known,bcd,0.04827586206896552,0.0,anomaly,0.04827586206896552,0
1458,bcd,cdd,known,cdd,0.26666666666666666,0.0,normal,0.26666666666666666,0
1459,cdd,ddd,known,ddd,0.42105263157894735,0.0,normal,0.42105263157894735,0
1460,ddd,ddb,known,ddb,0.043478260869565216,0.0,anomaly,0.043478260869565216,0
1461,ddb,dbc,known,dbc,0.8,0.0,normal,0.8,0
1462,dbc,bcc,known,bcc,0.35,0.0,normal,0.35,0
1463,bcc,ccc,known,ccc,0.4489795918367347,0.0,normal,0.4489795918367347,0
1464,ccc,ccc,known,ccc,0.5,0.0,normal,0.5,0
1465,ccc,ccc,known,ccc,0.5,0.0,normal,0.5,0
1466,ccc,ccc,known,ccc,0.5,0.0,normal,0.5,0
1467,ccc,ccd,known,ccd,0.07894736842105263,0.0,anomaly,0.07894736842105263,0
1468,ccd,cdd,known,cdd,0.36,0.0,normal,0.36,0
1469,cdd,ddc,known,ddc,0.3684210526315789,0.0,normal,0.3684210526315789,0
1470,ddc,dcc,known,dcc,0.625,0.0,normal,0.625,0
1471,dcc,ccc,known,ccc,0.48,0.0,normal,0.48,0
1472,ccc,ccd,known,ccd,0.07894736842105263,0.0,anomaly,0.07894736842105263,0
1473,ccd,cdc,known,cdc,0.36,0.0,normal,0.36,0
1474,cdc,dcd,known,dcd,0.32,0.0,normal,0.32,0
1475,dcd,cdd,known,cdd,0.23529411764705882,0.0,normal,0.23529411764705882,0
1476,cdd,ddc,known,ddc,0.3684210526315789,0.0,normal,0.3684210526315789,0
1477,ddc,dce,unseen,dcb,0.1875,0.0,anomaly,0.1875,1
1478,dcb,cee,unseen,cbe,0.0,0.0,anomaly,0.0,1
1479,cbe,eed,known,eed,0.0,0.0,anomaly,0.0,0
1480,eed,edc,known,edc,0.0,0.0,anomaly,0.0,0
1481,edc,dcd,known,dcd,0.6666666666666666,0.0,normal,0.6666666666666666,0
1482,dcd,cdc,known,cdc,0.29411764705882354,0.0,normal,0.29411764705882354,0
1483,cdc,dcc,known,dcc,0.36,0.0,normal,0.36,0
1484,dcc,ccd,known,ccd,0.28,0.0,normal,0.28,0
1485,ccd,cdd,known,cdd,0.36,0.0,normal,0.36,0
1486,cdd,ddd,known,ddd,0.42105263157894735,0.0,normal,0.42105263157894735,0
1487,ddd,ddd,known,ddd,0.43478260869565216,0.0,normal,0.43478260869565216,0
1488,ddd,dde,known,dde,0.17391304347826086,0.0,anomaly,0.17391304347826086,0
1489,dde,dee,known,dee,0.8,0.0,normal,0.8,0
1490,dee,eed,known,eed,0.0,0.0,anomaly,0.0,0
1491,eed,edd,known,edd,0.2,0.0,normal,0.2,0
1492,edd,ddd,known,ddd,0.6,0.0,normal,0.6,0
1493,ddd,ddd,known,ddd,0.43478260869565216,0.0,normal,0.43478260869565216,0
1494,ddd,dde,known,dde,0.17391304347826086,0.0,anomaly,0.17391304347826086,0
1495,dde,ded,known,ded,0.0,0.0,anomaly,0.0,0
1496,ded,edd,known,edd,0.75,0.0,normal,0.75,0
1497,edd,dde,known,dde,0.2,0.0,normal,0.2,0
1498,dde,ded,known,ded,0.0,0.0,anomaly,0.0,0
1499,ded,edd,known,edd,0.75,0.0,normal,0.75,0
1500,edd,ddc,known,ddc,0.2,0.0,normal,0.2,0
1501,ddc,dcc,known,dcc,0.625,0.0,normal,0.625,0
1502,dcc,ccb,known,ccb,0.16,0.0,anomaly,0.16,0
1503,ccb,cbc,known,cbc,0.30927835051546393,0.0,normal,0.30927835051546393,0
1504,cbc,bcc,known,bcc,0.2911392405063291,0.0,normal,0.2911392405063291,0
1505,bcc,ccd,known,ccd,0.061224489795918366,0.0,anomaly,0.061224489795918366,0
1506,ccd,cdd,known,cdd,0.36,0.0,normal,0.36,0
1507,cdd,ddd,known,ddd,0.42105263157894735,0.0,normal,0.42105263157894735,0
1508,ddd,ddd,known,ddd,0.43478260869565216,0.0,normal,0.43478260869565216,0
1509,ddd,ddc,known,ddc,0.34782608695652173,0.0,normal,0.34782608695652173,0
1510,ddc,dcc,known,dcc,0.625,0.0,normal,0.625,0
1511,dcc,ccd,known,ccd,0.28,0.0,normal,0.28,0
