time_step,state,pattern,status,mapped_to,probability,path_probability,decision,confidence,distance
1,aab,aba,known,aba,0.5742574257425742,0.5742574257425742,normal,0.5742574257425742,0
2,aba,bab,known,bab,0.36683417085427134,0.2106572466291855,normal,0.36683417085427134,0
3,bab,aba,known,aba,0.5985401459854015,0.12608681915031542,normal,0.5985401459854015,0
4,aba,baa,known,baa,0.6331658291457286,0.07983386539165699,normal,0.6331658291457286,0
5,baa,aaa,known,aaa,0.7941176470588235,0.06339748134043349,normal,0.7941176470588235,0
6,aaa,aaa,known,aaa,0.9410488245931284,0.05966012529757973,normal,0.9410488245931284,0
7,aaa,aaa,known,aaa,0.9410488245931284,0.05614309078636617,normal,0.9410488245931284,0
8,aaa,aaa,known,aaa,0.9410488245931284,0.05283338959353519,normal,0.9410488245931284,0
9,aaa,aaa,known,aaa,0.9410488245931284,0.04971879917626711,normal,0.9410488245931284,0
10,aaa,aaa,known,aaa,0.9410488245931284,0.04678781752500797,normal,0.9410488245931284,0
11,aaa,aaa,known,aaa,0.9410488245931284,0.04402962068718653,normal,0.9410488245931284,0
12,aaa,aaa,known,aaa,0.9410488245931284,0.04143402279495818,normal,0.9410488245931284,0
13,aaa,aaa,known,aaa,0.9410488245931284,0.03899143844936028,normal,0.9410488245931284,0
14,aaa,aaa,known,aaa,0.9410488245931284,0.03669284732196581,normal,0.9410488245931284,0
15,aaa,aaa,known,aaa,0.9410488245931284,0.034529760843311046,normal,0.9410488245931284,0
16,aaa,aab,known,aab,0.05786618444846293,0.00199810550992035,anomaly,0.05786618444846293,0
17,aab,aba,known,aba,0.5742574257425742,0.0011474269264889138,normal,0.5742574257425742,0
18,aba,baa,known,baa,0.6331658291457286,0.0007265115212944882,normal,0.6331658291457286,0
19,baa,aab,known,aab,0.20588235294117646,0.00014957590144298286,normal,0.20588235294117646,0
20,aab,aba,known,aba,0.5742574257425742,8.589507211577233e-05,normal,0.5742574257425742,0
21,aba,baa,known,baa,0.6331658291457286,5.438582455571514e-05,normal,0.6331658291457286,0
22,baa,aaa,known,aaa,0.7941176470588235,4.318874302953849e-05,normal,0.7941176470588235,0
23,aaa,aaa,known,aaa,0.9410488245931284,4.0642715863601864e-05,normal,0.9410488245931284,0
24,aaa,aaa,known,aaa,0.9410488245931284,3.824677999171503e-05,normal,0.9410488245931284,0
25,aaa,aaa,known,aaa,0.9410488245931284,3.599208735567541e-05,normal,0.9410488245931284,0
26,aaa,aaa,known,aaa,0.9410488245931284,3.387031150071154e-05,normal,0.9410488245931284,0
27,aaa,aab,known,aab,0.05786618444846293,1.9599456926270693e-06,anomaly,0.05786618444846293,0
28,aab,aba,known,aba,0.5742574257425742,1.1255133680432674e-06,normal,0.5742574257425742,0
29,aba,baa,known,baa,0.6331658291457286,7.12636604891717e-07,normal,0.6331658291457286,0
30,baa,aaa,known,aaa,0.7941176470588235,5.659173038845988e-07,normal,0.7941176470588235,0
31,aaa,aaa,known,aaa,0.9410488245931284,5.32555813637514e-07,normal,0.9410488245931284,0
32,aaa,aaa,known,aaa,0.9410488245931284,5.011610224538196e-07,normal,0.9410488245931284,0
33,aaa,aaa,known,aaa,0.9410488245931284,4.716169911120574e-07,normal,0.9410488245931284,0
34,aaa,aab,known,aab,0.05786618444846293,2.7290675796719413e-08,anomaly,0.05786618444846293,0
35,aab,aba,known,aba,0.5742574257425742,1.5671873229799267e-08,normal,0.5742574257425742,0
36,aba,bab,known,bab,0.36683417085427134,5.7489786219866655e-09,normal,0.36683417085427134,0
37,bab,abb,known,abb,0.3722627737226277,2.140130727892846e-09,normal,0.3722627737226277,0
38,abb,bba,known,bba,0.43478260869565216,9.304916208229766e-10,normal,0.43478260869565216,0
39,bba,baa,known,baa,0.5652173913043478,5.259300465521172e-10,normal,0.5652173913043478,0
40,baa,aaa,known,aaa,0.7941176470588235,4.176503310855048e-10,normal,0.7941176470588235,0
41,aaa,aaa,known,aaa,0.9410488245931284,3.930293531589452e-10,normal,0.9410488245931284,0
42,aaa,aaa,known,aaa,0.9410488245931284,3.6985981082082294e-10,normal,0.9410488245931284,0
43,aaa,aaa,known,aaa,0.9410488245931284,3.480561402371723e-10,normal,0.9410488245931284,0
44,aaa,aaa,known,aaa,0.9410488245931284,3.2753782166261204e-10,normal,0.9410488245931284,0
45,aaa,aaa,known,aaa,0.9410488245931284,3.0822908208539477e-10,normal,0.9410488245931284,0
46,aaa,aab,known,aab,0.05786618444846293,1.7836040916333876e-11,anomaly,0.05786618444846293,0
47,aab,aba,known,aba,0.5742574257425742,1.0242478942053116e-11,normal,0.5742574257425742,0
48,aba,bab,known,bab,0.36683417085427134,3.757291270200389e-12,normal,0.36683417085427134,0
49,bab,aba,known,aba,0.5985401459854015,2.2488896653754154e-12,normal,0.5985401459854015,0
50,aba,baa,known,baa,0.6331658291457286,1.423920089634685e-12,normal,0.6331658291457286,0
51,baa,aab,known,aab,0.20588235294117646,2.931600184541999e-13,normal,0.20588235294117646,0
52,aab,aba,known,aba,0.5742574257425742,1.6834931752815437e-13,normal,0.5742574257425742,0
53,aba,baa,known,baa,0.6331658291457286,1.065930352188314e-13,normal,0.6331658291457286,0
54,baa,aaa,known,aaa,0.7941176470588235,8.46474103208367e-14,normal,0.7941176470588235,0
55,aaa,aaa,known,aaa,0.9410488245931284,7.965734598727562e-14,normal,0.9410488245931284,0
56,aaa,aab,known,aab,0.05786618444846293,4.609466675574719e-15,anomaly,0.05786618444846293,0
57,aab,aba,known,aba,0.5742574257425742,2.6470204671617196e-15,normal,0.5742574257425742,0
58,aba,bab,known,bab,0.36683417085427134,9.710175583055554e-16,normal,0.36683417085427134,0
59,bab,aba,known,aba,0.5985401459854015,5.811929911025953e-16,normal,0.5985401459854015,0
60,aba,baa,known,baa,0.6331658291457286,3.679915421051608e-16,normal,0.6331658291457286,0
61,baa,aaa,known,aaa,0.7941176470588235,2.9222857755409823e-16,normal,0.7941176470588235,0
62,aaa,aaa,known,aaa,0.9410488245931284,2.75001359419806e-16,normal,0.9410488245931284,0
63,aaa,aaa,known,aaa,0.9410488245931284,2.587897060435209e-16,normal,0.9410488245931284,0
64,aaa,aaa,known,aaa,0.9410488245931284,2.4353374868905655e-16,normal,0.9410488245931284,0
65,aaa,aaa,known,aaa,0.9410488245931284,2.29177147952595e-16,normal,0.9410488245931284,0
66,aaa,aaa,known,aaa,0.9410488245931284,2.1566688570439503e-16,normal,0.9410488245931284,0
67,aaa,aaa,known,aaa,0.9410488245931284,2.0295306929578152e-16,normal,0.9410488245931284,0
68,aaa,aaa,known,aaa,0.9410488245931284,1.9098874730836293e-16,normal,0.9410488245931284,0
69,aaa,aaa,known,aaa,0.9410488245931284,1.7972973616504896e-16,normal,0.9410488245931284,0
70,aaa,aaa,known,aaa,0.9410488245931284,1.691344569625524e-16,normal,0.9410488245931284,0
71,aaa,aaa,known,aaa,0.9410488245931284,1.59163781922807e-16,normal,0.9410488245931284,0
72,aaa,aaa,known,aaa,0.9410488245931284,1.4978088989625456e-16,normal,0.9410488245931284,0
73,aaa,aaa,known,aaa,0.9410488245931284,1.4095113038338314e-16,normal,0.9410488245931284,0
74,aaa,aaa,known,aaa,0.9410488245931284,1.326418955723555e-16,normal,0.9410488245931284,0
75,aaa,aaa,known,aaa,0.9410488245931284,1.248224999201696e-16,normal,0.9410488245931284,0
76,aaa,aaa,known,aaa,0.9410488245931284,1.1746406683265148e-16,normal,0.9410488245931284,0
77,aaa,aab,known,aab,0.05786618444846293,6.797197357404787e-18,anomaly,0.05786618444846293,0
78,aab,aba,known,aba,0.5742574257425742,3.9033410567275014e-18,normal,0.5742574257425742,0
79,aba,baa,known,baa,0.6331658291457286,2.471462176621433e-18,normal,0.6331658291457286,0
80,baa,aaa,known,aaa,0.7941176470588235,1.962631728493491e-18,normal,0.7941176470588235,0
81,aaa,aaa,known,aaa,0.9410488245931284,1.8469322812079797e-18,normal,0.9410488245931284,0
82,aaa,aaa,known,aaa,0.9410488245931284,1.738053452333875e-18,normal,0.9410488245931284,0
83,aaa,aaa,known,aaa,0.9410488245931284,1.635593158398822e-18,normal,0.9410488245931284,0
84,aaa,aaa,known,aaa,0.9410488245931284,1.5391730192237739e-18,normal,0.9410488245931284,0
85,aaa,aaa,known,aaa,0.9410488245931284,1.448436960585989e-18,normal,0.9410488245931284,0
86,aaa,aaa,known,aaa,0.9410488245931284,1.3630498992566885e-18,normal,0.9410488245931284,0
87,aaa,aaa,known,aaa,0.9410488245931284,1.2826965055572889e-18,normal,0.9410488245931284,0
88,aaa,aaa,known,aaa,0.9410488245931284,1.2070800388643999e-18,normal,0.9410488245931284,0
89,aaa,aaa,known,aaa,0.9410488245931284,1.1359212517631712e-18,normal,0.9410488245931284,0
90,aaa,aaa,known,aaa,0.9410488245931284,1.0689573588020874e-18,normal,0.9410488245931284,0
91,aaa,aaa,known,aaa,0.9410488245931284,1.0059410660408795e-18,normal,0.9410488245931284,0
92,aaa,aaa,known,aaa,0.9410488245931284,9.466396578077281e-19,normal,0.9410488245931284,0
93,aaa,aaa,known,aaa,0.9410488245931284,8.90834137293204e-19,normal,0.9410488245931284,0
94,aaa,aaa,known,aaa,0.9410488245931284,8.383184178072031e-19,normal,0.9410488245931284,0
95,aaa,aaa,known,aaa,0.9410488245931284,7.888985617122397e-19,normal,0.9410488245931284,0
96,aaa,aaa,known,aaa,0.9410488245931284,7.423920642225128e-19,normal,0.9410488245931284,0
97,aaa,aaa,known,aaa,0.9410488245931284,6.98627179423862e-19,normal,0.9410488245931284,0
98,aaa,aaa,known,aaa,0.9410488245931284,6.574422860256379e-19,normal,0.9410488245931284,0
99,aaa,aaa,known,aaa,0.9410488245931284,6.18685290502246e-19,normal,0.9410488245931284,0
100,aaa,aaa,known,aaa,0.9410488245931284,5.822130654201968e-19,normal,0.9410488245931284,0
101,aaa,aaa,known,aaa,0.9410488245931284,5.478909208764384e-19,normal,0.9410488245931284,0
102,aaa,aaa,known,aaa,0.9410488245931284,5.155921070960191e-19,normal,0.9410488245931284,0
103,aaa,aaa,known,aaa,0.9410488245931284,4.851973463522032e-19,normal,0.9410488245931284,0
104,aaa,aaa,known,aaa,0.9410488245931284,4.565943924804459e-19,normal,0.9410488245931284,0
105,aaa,aaa,known,aaa,0.9410488245931284,4.296776163595372e-19,normal,0.9410488245931284,0
106,aaa,aaa,known,aaa,0.9410488245931284,4.0434761582911964e-19,normal,0.9410488245931284,0
107,aaa,aaa,known,aaa,0.9410488245931284,3.805108486030269e-19,normal,0.9410488245931284,0
108,aaa,aaa,known,aaa,0.9410488245931284,3.5807928682281234e-19,normal,0.9410488245931284,0
109,aaa,aaa,known,aaa,0.9410488245931284,3.3697009197575324e-19,normal,0.9410488245931284,0
110,aaa,aaa,known,aaa,0.9410488245931284,3.17105308976821e-19,normal,0.9410488245931284,0
111,aaa,aaa,known,aaa,0.9410488245931284,2.9841157828487823e-19,normal,0.9410488245931284,0
112,aaa,aaa,known,aaa,0.9410488245931284,2.8081986498996496e-19,normal,0.9410488245931284,0
113,aaa,aaa,known,aaa,0.9410488245931284,2.6426520387120755e-19,normal,0.9410488245931284,0
114,aaa,aaa,known,aaa,0.9410488245931284,2.4868645948386333e-19,normal,0.9410488245931284,0
115,aaa,aaa,known,aaa,0.9410488245931284,2.3402610038951626e-19,normal,0.9410488245931284,0
116,aaa,aab,known,aab,0.05786618444846293,1.354219749089425e-20,anomaly,0.05786618444846293,0
117,aab,aba,known,aba,0.5742574257425742,7.77670747001848e-21,normal,0.5742574257425742,0
118,aba,baa,known,baa,0.6331658291457286,4.923945433278032e-21,normal,0.6331658291457286,0
119,baa,aaa,known,aaa,0.7941176470588235,3.91019196172079e-21,normal,0.7941176470588235,0
120,aaa,aaa,known,aaa,0.9410488245931284,3.6796815495108486e-21,normal,0.9410488245931284,0
121,aaa,aaa,known,aaa,0.9410488245931284,3.462759997044206e-21,normal,0.9410488245931284,0
122,aaa,aaa,known,aaa,0.9410488245931284,3.258626225066555e-21,normal,0.9410488245931284,0
123,aaa,aaa,known,aaa,0.9410488245931284,3.066526378887225e-21,normal,0.9410488245931284,0
124,aaa,aaa,known,aaa,0.9410488245931284,2.8857510444356453e-21,normal,0.9410488245931284,0
125,aaa,aaa,known,aaa,0.9410488245931284,2.7156326284345567e-21,normal,0.9410488245931284,0
126,aaa,aaa,known,aaa,0.9410488245931284,2.5555428930150875e-21,normal,0.9410488245931284,0
127,aaa,aaa,known,aaa,0.9410488245931284,2.404890635669171e-21,normal,0.9410488245931284,0
128,aaa,aaa,known,aaa,0.9410488245931284,2.263119505971495e-21,normal,0.9410488245931284,0
129,aaa,aaa,known,aaa,0.9410488245931284,2.129705951008257e-21,normal,0.9410488245931284,0
130,aaa,aaa,known,aaa,0.9410488245931284,2.004157281925311e-21,normal,0.9410488245931284,0
131,aaa,aaa,known,aaa,0.9410488245931284,1.886009854455573e-21,normal,0.9410488245931284,0
132,aaa,aaa,known,aaa,0.9410488245931284,1.774827356706474e-21,normal,0.9410488245931284,0
133,aaa,aaa,known,aaa,0.9410488245931284,1.6701991978843565e-21,normal,0.9410488245931284,0
134,aaa,aaa,known,aaa,0.9410488245931284,1.5717389920054596e-21,normal,0.9410488245931284,0
135,aaa,aaa,known,aaa,0.9410488245931284,1.4790831309939262e-21,normal,0.9410488245931284,0
136,aaa,aaa,known,aaa,0.9410488245931284,1.3918894418973585e-21,normal,0.9410488245931284,0
137,aaa,aaa,known,aaa,0.9410488245931284,1.3098359232610949e-21,normal,0.9410488245931284,0
138,aaa,aaa,known,aaa,0.9410488245931284,1.2326195559947085e-21,normal,0.9410488245931284,0
139,aaa,aaa,known,aaa,0.9410488245931284,1.1599551843393244e-21,normal,0.9410488245931284,0
140,aaa,aaa,known,aaa,0.9410488245931284,1.0915744628032269e-21,normal,0.9410488245931284,0
141,aaa,aaa,known,aaa,0.9410488245931284,1.0272248651768523e-21,normal,0.9410488245931284,0
142,aaa,aaa,known,aaa,0.9410488245931284,9.666687519675117e-22,normal,0.9410488245931284,0
143,aaa,aaa,known,aaa,0.9410488245931284,9.096824928099333e-22,normal,0.9410488245931284,0
144,aaa,aaa,known,aaa,0.9410488245931284,8.560556406117348e-22,normal,0.9410488245931284,0
145,aaa,aaa,known,aaa,0.9410488245931284,8.055901543839907e-22,normal,0.9410488245931284,0
146,aaa,aaa,known,aaa,0.9410488245931284,7.580996678868513e-22,normal,0.9410488245931284,0
147,aaa,aaa,known,aaa,0.9410488245931284,7.134088013893625e-22,normal,0.9410488245931284,0
148,aaa,aaa,known,aaa,0.9410488245931284,6.713525140018522e-22,normal,0.9410488245931284,0
149,aaa,aaa,known,aaa,0.9410488245931284,6.317754941890847e-22,normal,0.9410488245931284,0
150,aaa,aaa,known,aaa,0.9410488245931284,5.94531586213381e-22,normal,0.9410488245931284,0
151,aaa,aaa,known,aaa,0.9410488245931284,5.594832503895904e-22,normal,0.9410488245931284,0
152,aaa,aaa,known,aaa,0.9410488245931284,5.26501055158667e-22,normal,0.9410488245931284,0
153,aaa,aaa,known,aaa,0.9410488245931284,4.954631991041055e-22,normal,0.9410488245931284,0
154,aaa,aaa,known,aaa,0.9410488245931284,4.662550611460696e-22,normal,0.9410488245931284,0
155,aaa,aaa,known,aaa,0.9410488245931284,4.387687772521061e-22,normal,0.9410488245931284,0
156,aaa,aaa,known,aaa,0.9410488245931284,4.129028421012586e-22,normal,0.9410488245931284,0
157,aaa,aaa,known,aaa,0.9410488245931284,3.885617342305515e-22,normal,0.9410488245931284,0
158,aaa,aaa,known,aaa,0.9410488245931284,3.6565556327952806e-22,normal,0.9410488245931284,0
159,aaa,aaa,known,aaa,0.9410488245931284,3.440997380301382e-22,normal,0.9410488245931284,0
160,aaa,aaa,known,aaa,0.9410488245931284,3.2381465401606497e-22,normal,0.9410488245931284,0
161,aaa,aab,known,aab,0.05786618444846293,1.873791849640882e-23,anomaly,0.05786618444846293,0
162,aab,aba,known,aba,0.5742574257425742,1.0760388839521896e-23,normal,0.5742574257425742,0
163,aba,baa,known,baa,0.6331658291457286,6.813110521506326e-24,normal,0.6331658291457286,0
164,baa,aaa,known,aaa,0.7941176470588235,5.410411296490317e-24,normal,0.7941176470588235,0
165,aaa,aaa,known,aaa,0.9410488245931284,5.0914611911275974e-24,normal,0.9410488245931284,0
166,aaa,aaa,known,aaa,0.9410488245931284,4.791313569372155e-24,normal,0.9410488245931284,0
167,aaa,aaa,known,aaa,0.9410488245931284,4.508860002714773e-24,normal,0.9410488245931284,0
168,aaa,aaa,known,aaa,0.9410488245931284,4.243057405809707e-24,normal,0.9410488245931284,0
169,aaa,aaa,known,aaa,0.9410488245931284,3.9929241844183935e-24,normal,0.9410488245931284,0
170,aaa,aaa,known,aaa,0.9410488245931284,3.757536610436405e-24,normal,0.9410488245931284,0
171,aaa,aaa,known,aaa,0.9410488245931284,3.536025410616827e-24,normal,0.9410488245931284,0
172,aaa,aaa,known,aaa,0.9410488245931284,3.3275725563924e-24,normal,0.9410488245931284,0
173,aaa,aaa,known,aaa,0.9410488245931284,3.1314082429414193e-24,normal,0.9410488245931284,0
174,aaa,aaa,known,aaa,0.9410488245931284,2.946808046341256e-24,normal,0.9410488245931284,0
175,aaa,aaa,known,aaa,0.9410488245931284,2.7730902483110123e-24,normal,0.9410488245931284,0
176,aaa,aaa,known,aaa,0.9410488245931284,2.609613318663745e-24,normal,0.9410488245931284,0
177,aaa,aab,known,aab,0.05786618444846293,1.5100836563696172e-25,anomaly,0.05786618444846293,0
178,aab,aba,known,aba,0.5742574257425742,8.671767531627504e-26,normal,0.5742574257425742,0
179,aba,baa,known,baa,0.6331658291457286,5.490666879321937e-26,normal,0.6331658291457286,0
180,baa,aaa,known,aaa,0.7941176470588235,4.36023546299095e-26,normal,0.7941176470588235,0
181,aaa,aaa,known,aaa,0.9410488245931284,4.103194457396909e-26,normal,0.9410488245931284,0
182,aaa,aaa,known,aaa,0.9410488245931284,3.8613063212104e-26,normal,0.9410488245931284,0
183,aaa,aaa,known,aaa,0.9410488245931284,3.633677774969064e-26,normal,0.9410488245931284,0
184,aaa,aab,known,aab,0.05786618444846293,2.102670683526402e-27,anomaly,0.05786618444846293,0
185,aab,aba,known,aba,0.5742574257425742,1.2074742539062506e-27,normal,0.5742574257425742,0
186,aba,bab,known,bab,0.36683417085427134,4.429428167595793e-28,normal,0.36683417085427134,0
187,bab,aba,known,aba,0.5985401459854015,2.6511905820646356e-28,normal,0.5985401459854015,0
188,aba,bab,known,bab,0.36683417085427134,9.725472989483336e-29,normal,0.36683417085427134,0
189,bab,aba,known,aba,0.5985401459854015,5.821086022902435e-29,normal,0.5985401459854015,0
190,aba,baa,known,baa,0.6331658291457286,3.6857127582196323e-29,normal,0.6331658291457286,0
191,baa,aaa,known,aaa,0.7941176470588235,2.926889543292061e-29,normal,0.7941176470588235,0
192,aaa,aab,known,aab,0.05786618444846293,1.693679301724158e-30,anomaly,0.05786618444846293,0
193,aab,abb,known,abb,0.42574257425742573,7.210713858825624e-31,normal,0.42574257425742573,0
194,abb,bba,known,bba,0.43478260869565216,3.135092982098097e-31,normal,0.43478260869565216,0
195,bba,bab,known,bab,0.427536231884058,1.340365840172375e-31,normal,0.427536231884058,0
196,bab,aba,known,aba,0.5985401459854015,8.022627656506186e-32,normal,0.5985401459854015,0
197,aba,bab,known,bab,0.36683417085427134,2.942973964446993e-32,normal,0.36683417085427134,0
198,bab,aba,known,aba,0.5985401459854015,1.761488066311339e-32,normal,0.5985401459854015,0
199,aba,bab,known,bab,0.36683417085427134,6.461740142750137e-33,normal,0.36683417085427134,0
200,bab,aba,known,aba,0.5985401459854015,3.8676108883613965e-33,normal,0.5985401459854015,0
201,aba,bab,known,bab,0.36683417085427134,1.4187718334190048e-33,normal,0.36683417085427134,0
202,bab,aba,known,aba,0.5985401459854015,8.491919002945868e-34,normal,0.5985401459854015,0
203,aba,bab,known,bab,0.36683417085427134,3.115126066407278e-34,normal,0.36683417085427134,0
204,bab,aba,known,aba,0.5985401459854015,1.8645280105503418e-34,normal,0.5985401459854015,0
205,aba,bab,known,bab,0.36683417085427134,6.839725867847987e-35,normal,0.36683417085427134,0
206,bab,aba,known,aba,0.5985401459854015,4.0938505194418613e-35,normal,0.5985401459854015,0
207,aba,baa,known,baa,0.6331658291457286,2.592086258541078e-35,normal,0.6331658291457286,0
208,baa,aaa,known,aaa,0.7941176470588235,2.05842144060615e-35,normal,0.7941176470588235,0
209,aaa,aaa,known,aaa,0.9410488245931284,1.9370750771997116e-35,normal,0.9410488245931284,0
210,aaa,aaa,known,aaa,0.9410488245931284,1.8228822245474321e-35,normal,0.9410488245931284,0
211,aaa,aaa,known,aaa,0.9410488245931284,1.7154211747820683e-35,normal,0.9410488245931284,0
212,aaa,aaa,known,aaa,0.9410488245931284,1.614295080210829e-35,normal,0.9410488245931284,0
213,aaa,aaa,known,aaa,0.9410488245931284,1.5191304877788705e-35,normal,0.9410488245931284,0
214,aaa,aaa,known,aaa,0.9410488245931284,1.429575959927892e-35,normal,0.9410488245931284,0
215,aaa,aaa,known,aaa,0.9410488245931284,1.345300776756736e-35,normal,0.9410488245931284,0
216,aaa,aaa,known,aaa,0.9410488245931284,1.265993714691149e-35,normal,0.9410488245931284,0
217,aaa,aaa,known,aaa,0.9410488245931284,1.1913618971523941e-35,normal,0.9410488245931284,0
218,aaa,aaa,known,aaa,0.9410488245931284,1.1211297129803e-35,normal,0.9410488245931284,0
219,aaa,aaa,known,aaa,0.9410488245931284,1.0550377986165428e-35,normal,0.9410488245931284,0
220,aaa,aaa,known,aaa,0.9410488245931284,9.928420802894194e-36,normal,0.9410488245931284,0
221,aaa,aaa,known,aaa,0.9410488245931284,9.343128726629545e-36,normal,0.9410488245931284,0
222,aaa,aaa,known,aaa,0.9410488245931284,8.792340306217026e-36,normal,0.9410488245931284,0
223,aaa,aaa,known,aaa,0.9410488245931284,8.27402151058832e-36,normal,0.9410488245931284,0
224,aaa,aaa,known,aaa,0.9410488245931284,7.786258217197399e-36,normal,0.9410488245931284,0
225,aaa,aaa,known,aaa,0.9410488245931284,7.3272491432722e-36,normal,0.9410488245931284,0
226,aaa,aaa,known,aaa,0.9410488245931284,6.89529919377731e-36,normal,0.9410488245931284,0
227,aaa,aaa,known,aaa,0.9410488245931284,6.488813201522084e-36,normal,0.9410488245931284,0
228,aaa,aaa,known,aaa,0.9410488245931284,6.106290036296732e-36,normal,0.9410488245931284,0
229,aaa,aaa,known,aaa,0.9410488245931284,5.7463170612817716e-36,normal,0.9410488245931284,0
230,aaa,aaa,known,aaa,0.9410488245931284,5.4075649162586514e-36,normal,0.9410488245931284,0
231,aaa,aaa,known,aaa,0.9410488245931284,5.088782608356243e-36,normal,0.9410488245931284,0
232,aaa,aaa,known,aaa,0.9410488245931284,4.7887928922035966e-36,normal,0.9410488245931284,0
233,aaa,aaa,known,aaa,0.9410488245931284,4.506487922428123e-36,normal,0.9410488245931284,0
234,aaa,aaa,known,aaa,0.9410488245931284,4.240825162444115e-36,normal,0.9410488245931284,0
235,aaa,aaa,known,aaa,0.9410488245931284,3.990823534422997e-36,normal,0.9410488245931284,0
236,aaa,aaa,known,aaa,0.9410488245931284,3.755559796227356e-36,normal,0.9410488245931284,0
237,aaa,aaa,known,aaa,0.9410488245931284,3.534165131928962e-36,normal,0.9410488245931284,0
238,aaa,aaa,known,aaa,0.9410488245931284,3.325821943319769e-36,normal,0.9410488245931284,0
239,aaa,aaa,known,aaa,0.9410488245931284,3.129760830567103e-36,normal,0.9410488245931284,0
240,aaa,aaa,known,aaa,0.9410488245931284,2.9452577508627856e-36,normal,0.9410488245931284,0
241,aaa,aaa,known,aaa,0.9410488245931284,2.7716313445732254e-36,normal,0.9410488245931284,0
242,aaa,aaa,known,aaa,0.9410488245931284,2.608240419016106e-36,normal,0.9410488245931284,0
243,aaa,aaa,known,aaa,0.9410488245931284,2.4544815805713953e-36,normal,0.9410488245931284,0
244,aaa,aaa,known,aaa,0.9410488245931284,2.3097870063821956e-36,normal,0.9410488245931284,0
245,aaa,aaa,known,aaa,0.9410488245931284,2.173622347416446e-36,normal,0.9410488245931284,0
246,aaa,aaa,known,aaa,0.9410488245931284,2.0454847551456032e-36,normal,0.9410488245931284,0
247,aaa,aaa,known,aaa,0.9410488245931284,1.9249010245529332e-36,normal,0.9410488245931284,0
248,aaa,aaa,known,aaa,0.9410488245931284,1.8114258466136465e-36,normal,0.9410488245931284,0
249,aaa,aaa,known,aaa,0.9410488245931284,1.7046401637933847e-36,normal,0.9410488245931284,0
250,aaa,aaa,known,aaa,0.9410488245931284,1.6041496224920025e-36,normal,0.9410488245931284,0
251,aaa,aaa,known,aaa,0.9410488245931284,1.5095831167176096e-36,normal,0.9410488245931284,0
252,aaa,aaa,known,aaa,0.9410488245931284,1.420591417612738e-36,normal,0.9410488245931284,0
253,aaa,aaa,known,aaa,0.9410488245931284,1.3368458837715532e-36,normal,0.9410488245931284,0
254,aaa,aaa,known,aaa,0.9410488245931284,1.258037247585382e-36,normal,0.9410488245931284,0
255,aaa,aaa,known,aaa,0.9410488245931284,1.1838744731345982e-36,normal,0.9410488245931284,0
256,aaa,aaa,known,aaa,0.9410488245931284,1.1140836814091228e-36,normal,0.9410488245931284,0
257,aaa,aaa,known,aaa,0.9410488245931284,1.0484071388884404e-36,normal,0.9410488245931284,0
258,aaa,aaa,known,aaa,0.9410488245931284,9.866023057460116e-37,normal,0.9410488245931284,0
259,aaa,aaa,known,aaa,0.9410488245931284,9.284409401631545e-37,normal,0.9410488245931284,0
260,aaa,aaa,known,aaa,0.9410488245931284,8.737082554446756e-37,normal,0.9410488245931284,0
261,aaa,aaa,known,aaa,0.9410488245931284,8.222021268235248e-37,normal,0.9410488245931284,0
262,aaa,aaa,known,aaa,0.9410488245931284,7.737323450252483e-37,normal,0.9410488245931284,0
263,aaa,aaa,known,aaa,0.9410488245931284,7.281199138356949e-37,normal,0.9410488245931284,0
264,aaa,aaa,known,aaa,0.9410488245931284,6.8519638907793064e-37,normal,0.9410488245931284,0
265,aaa,aaa,known,aaa,0.9410488245931284,6.4480325655724255e-37,normal,0.9410488245931284,0
266,aaa,aaa,known,aaa,0.9410488245931284,6.0679134667701455e-37,normal,0.9410488245931284,0
267,aaa,aaa,known,aaa,0.9410488245931284,5.7102028356368606e-37,normal,0.9410488245931284,0
268,aaa,aaa,known,aaa,0.9410488245931284,5.373579666664416e-37,normal,0.9410488245931284,0
269,aaa,aaa,known,aaa,0.9410488245931284,5.056800829172084e-37,normal,0.9410488245931284,0
270,aaa,aaa,known,aaa,0.9410488245931284,4.758696476493947e-37,normal,0.9410488245931284,0
271,aaa,aaa,known,aaa,0.9410488245931284,4.47816572580009e-37,normal,0.9410488245931284,0
272,aaa,aaa,known,aaa,0.9410488245931284,4.214172592597409e-37,normal,0.9410488245931284,0
273,aaa,aaa,known,aaa,0.9410488245931284,3.9657421648963685e-37,normal,0.9410488245931284,0
274,aaa,aaa,known,aaa,0.9410488245931284,3.7319570029151362e-37,normal,0.9410488245931284,0
275,aaa,aaa,known,aaa,0.9410488245931284,3.5119537510253833e-37,normal,0.9410488245931284,0
276,aaa,aaa,known,aaa,0.9410488245931284,3.3049199494278656e-37,normal,0.9410488245931284,0
277,aaa,aaa,known,aaa,0.9410488245931284,3.1100910337834743e-37,normal,0.9410488245931284,0
278,aaa,aaa,known,aaa,0.9410488245931284,2.926747511719566e-37,normal,0.9410488245931284,0
279,aaa,aaa,known,aaa,0.9410488245931284,2.7542123057845613e-37,normal,0.9410488245931284,0
280,aaa,aaa,known,aaa,0.9410488245931284,2.5918482530384913e-37,normal,0.9410488245931284,0
281,aaa,aaa,known,aaa,0.9410488245931284,2.4390557520456253e-37,normal,0.9410488245931284,0
282,aaa,aaa,known,aaa,0.9410488245931284,2.2952705485796446e-37,normal,0.9410488245931284,0
283,aaa,aaa,known,aaa,0.9410488245931284,2.1599616518640997e-37,normal,0.9410488245931284,0
284,aaa,aaa,known,aaa,0.9410488245931284,2.032629373652943e-37,normal,0.9410488245931284,0
285,aaa,aaa,known,aaa,0.9410488245931284,1.912803482909569e-37,normal,0.9410488245931284,0
286,aaa,aaa,known,aaa,0.9410488245931284,1.800041469269692e-37,normal,0.9410488245931284,0
287,aaa,aaa,known,aaa,0.9410488245931284,1.6939269088751314e-37,normal,0.9410488245931284,0
288,aaa,aaa,known,aaa,0.9410488245931284,1.5940679265436138e-37,normal,0.9410488245931284,0
289,aaa,aaa,known,aaa,0.9410488245931284,1.5000957485954731e-37,normal,0.9410488245931284,0
290,aaa,aaa,known,aaa,0.9410488245931284,1.411663340992919e-37,normal,0.9410488245931284,0
291,aaa,aaa,known,aaa,0.9410488245931284,1.3284441277625951e-37,normal,0.9410488245931284,0
292,aaa,aaa,known,aaa,0.9410488245931284,1.2501307849686339e-37,normal,0.9410488245931284,0
293,aaa,aaa,known,aaa,0.9410488245931284,1.176434105782418e-37,normal,0.9410488245931284,0
294,aaa,aaa,known,aaa,0.9410488245931284,1.1070819324578125e-37,normal,0.9410488245931284,0
295,aaa,aaa,known,aaa,0.9410488245931284,1.0418181512677136e-37,normal,0.9410488245931284,0
296,aaa,aaa,known,aaa,0.9410488245931284,9.80401746690268e-38,normal,0.9410488245931284,0
297,aaa,aaa,known,aaa,0.9410488245931284,9.226059113519267e-38,normal,0.9410488245931284,0
298,aaa,aaa,known,aaa,0.9410488245931284,8.682172084404028e-38,normal,0.9410488245931284,0
299,aaa,aaa,known,aaa,0.9410488245931284,8.170347834943682e-38,normal,0.9410488245931284,0
300,aaa,aaa,known,aaa,0.9410488245931284,7.688696226590764e-38,normal,0.9410488245931284,0
301,aaa,aaa,known,aaa,0.9410488245931284,7.23543854668686e-38,normal,0.9410488245931284,0
302,aaa,aaa,known,aaa,0.9410488245931284,6.808900939775483e-38,normal,0.9410488245931284,0
303,aaa,aaa,known,aaa,0.9410488245931284,6.407508226146766e-38,normal,0.9410488245931284,0
304,aaa,aab,known,aab,0.05786618444846293,3.707780528692523e-39,anomaly,0.05786618444846293,0
305,aab,aba,known,aba,0.5742574257425742,2.129220501625409e-39,normal,0.5742574257425742,0
306,aba,bab,known,bab,0.36683417085427134,7.810708372796726e-40,normal,0.36683417085427134,0
307,bab,aba,known,aba,0.5985401459854015,4.67502252970315e-40,normal,0.5985401459854015,0
308,aba,baa,known,baa,0.6331658291457286,2.960064516294457e-40,normal,0.6331658291457286,0
309,baa,aaa,known,aaa,0.7941176470588235,2.3506394688220687e-40,normal,0.7941176470588235,0
310,aaa,aaa,known,aaa,0.9410488245931284,2.2120665091772237e-40,normal,0.9410488245931284,0
311,aaa,aaa,known,aaa,0.9410488245931284,2.081662588383051e-40,normal,0.9410488245931284,0
312,aaa,aab,known,aab,0.05786618444846293,1.204578712988384e-41,anomaly,0.05786618444846293,0
313,aab,aba,known,aba,0.5742574257425742,6.917382708250125e-42,normal,0.5742574257425742,0
314,aba,baa,known,baa,0.6331658291457286,4.379850357987516e-42,normal,0.6331658291457286,0
315,baa,aab,known,aab,0.20588235294117646,9.017338972327239e-43,normal,0.20588235294117646,0
316,aab,aba,known,aba,0.5742574257425742,5.17827386529683e-43,normal,0.5742574257425742,0
317,aba,bab,known,bab,0.36683417085427134,1.8995677998325052e-43,normal,0.36683417085427134,0
318,bab,abb,known,abb,0.3722627737226277,7.071383780398377e-44,normal,0.3722627737226277,0
319,abb,bbb,known,bbb,0.5579710144927537,3.9456271818164863e-44,normal,0.5579710144927537,0
320,bbb,bba,known,bba,0.2916666666666667,1.1508079280298087e-44,normal,0.2916666666666667,0
321,bba,bab,known,bab,0.427536231884058,4.920120851721646e-45,normal,0.427536231884058,0
322,bab,aba,known,aba,0.5985401459854015,2.9448898528552916e-45,normal,0.5985401459854015,0
323,aba,baa,known,baa,0.6331658291457286,1.8646036254259634e-45,normal,0.6331658291457286,0
324,baa,aab,known,aab,0.20588235294117646,3.838889817053454e-46,normal,0.20588235294117646,0
325,aab,abb,known,abb,0.42574257425742573,1.6343788330029556e-46,normal,0.42574257425742573,0
326,abb,bba,known,bba,0.43478260869565216,7.105994926099807e-47,normal,0.43478260869565216,0
327,bba,baa,known,baa,0.5652173913043478,4.016431914752064e-47,normal,0.5652173913043478,0
328,baa,aab,known,aab,0.20588235294117646,8.269124530371896e-48,normal,0.20588235294117646,0
329,aab,aba,known,aba,0.5742574257425742,4.748606165956138e-48,normal,0.5742574257425742,0
330,aba,bab,known,bab,0.36683417085427134,1.7419510056020002e-48,normal,0.36683417085427134,0
331,bab,abb,known,abb,0.3722627737226277,6.484635130343212e-49,normal,0.3722627737226277,0
332,abb,bba,known,bba,0.43478260869565216,2.8194065784100922e-49,normal,0.43478260869565216,0
333,bba,baa,known,baa,0.5652173913043478,1.5935776312752693e-49,normal,0.5652173913043478,0
334,baa,aaa,known,aaa,0.7941176470588235,1.2654881189538902e-49,normal,0.7941176470588235,0
335,aaa,aab,known,aab,0.05786618444846293,7.322896890872421e-51,anomaly,0.05786618444846293,0
336,aab,aba,known,aba,0.5742574257425742,4.205227917530697e-51,normal,0.5742574257425742,0
337,aba,bab,known,bab,0.36683417085427134,1.5426212963806073e-51,normal,0.36683417085427134,0
338,bab,abb,known,abb,0.3722627737226277,5.7426048259424064e-52,normal,0.3722627737226277,0
339,abb,bbb,known,bbb,0.5579710144927537,3.2042070405620676e-52,normal,0.5579710144927537,0
340,bbb,bbc,known,bbc,0.045454545454545456,1.456457745710031e-53,anomaly,0.045454545454545456,0
341,bbc,bcb,known,bcb,0.6666666666666666,9.709718304733539e-54,normal,0.6666666666666666,0
342,bcb,cba,known,cba,0.2777777777777778,2.697143973537094e-54,normal,0.2777777777777778,0
343,cba,bab,known,bab,0.8333333333333334,2.2476199779475786e-54,normal,0.8333333333333334,0
344,bab,aba,known,aba,0.5985401459854015,1.3452907897204485e-54,normal,0.5985401459854015,0
345,aba,baa,known,baa,0.6331658291457286,8.517921583154598e-55,normal,0.6331658291457286,0
346,baa,aab,known,aab,0.20588235294117646,1.7536897377082994e-55,normal,0.20588235294117646,0
347,aab,aba,known,aba,0.5742574257425742,1.0070693543275382e-55,normal,0.5742574257425742,0
348,aba,baa,known,baa,0.6331658291457286,6.376419027400493e-56,normal,0.6331658291457286,0
349,baa,aab,known,aab,0.20588235294117646,1.3127921527001015e-56,normal,0.20588235294117646,0
350,aab,aba,known,aba,0.5742574257425742,7.538806421446126e-57,normal,0.5742574257425742,0
351,aba,bab,known,bab,0.36683417085427134,2.7654918028420464e-57,normal,0.36683417085427134,0
352,bab,abb,known,abb,0.3722627737226277,1.0294896492331705e-57,normal,0.3722627737226277,0
353,abb,bbb,known,bbb,0.5579710144927537,5.744253839924212e-58,normal,0.5579710144927537,0
354,bbb,bbc,known,bbc,0.045454545454545456,2.611024472692824e-59,anomaly,0.045454545454545456,0
355,bbc,bcb,known,bcb,0.6666666666666666,1.7406829817952158e-59,normal,0.6666666666666666,0
356,bcb,cbb,known,cbb,0.6111111111111112,1.0637507110970765e-59,normal,0.6111111111111112,0
357,cbb,bbc,known,bbc,0.125,1.3296883888713456e-60,anomaly,0.125,0
358,bbc,bca,known,bca,0.06666666666666667,8.864589259142305e-62,anomaly,0.06666666666666667,0
359,bca,cab,known,cab,1.0,8.864589259142305e-62,normal,1.0,0
360,cab,abb,known,abb,0.5,4.432294629571152e-62,normal,0.5,0
361,abb,bbb,known,bbb,0.5579710144927537,2.4730919309925994e-62,normal,0.5579710144927537,0
362,bbb,bbb,known,bbb,0.6628787878787878,1.639360181529185e-62,normal,0.6628787878787878,0
363,bbb,bba,known,bba,0.2916666666666667,4.78146719612679e-63,normal,0.2916666666666667,0
364,bba,bab,known,bab,0.427536231884058,2.0442504679092798e-63,normal,0.427536231884058,0
365,bab,abb,known,abb,0.3722627737226277,7.609983493676881e-64,normal,0.3722627737226277,0
366,abb,bba,known,bba,0.43478260869565216,3.3086884755116874e-64,normal,0.43478260869565216,0
367,bba,bab,known,bab,0.427536231884058,1.4145842032984751e-64,normal,0.427536231884058,0
368,bab,aba,known,aba,0.5985401459854015,8.466854355509121e-65,normal,0.5985401459854015,0
369,aba,bab,known,bab,0.36683417085427134,3.1059314972470645e-65,normal,0.36683417085427134,0
370,bab,abb,known,abb,0.3722627737226277,1.1562226741576664e-65,normal,0.3722627737226277,0
371,abb,bba,known,bba,0.43478260869565216,5.027055105033332e-66,normal,0.43478260869565216,0
372,bba,bac,known,bac,0.007246376811594203,3.6427935543719797e-68,anomaly,0.007246376811594203,0
373,bac,acb,known,acb,1.0,3.6427935543719797e-68,normal,1.0,0
374,acb,cba,known,cba,0.3333333333333333,1.214264518123993e-68,normal,0.3333333333333333,0
375,cba,bab,known,bab,0.8333333333333334,1.011887098436661e-68,normal,0.8333333333333334,0
376,bab,aba,known,aba,0.5985401459854015,6.056550516190234e-69,normal,0.5985401459854015,0
377,aba,bab,known,bab,0.36683417085427134,2.2217496868436536e-69,normal,0.36683417085427134,0
378,bab,abc,known,abc,0.029197080291970802,6.486860399543514e-71,anomaly,0.029197080291970802,0
379,abc,bcc,known,bcc,0.0,6.486860399543514e-75,anomaly,0.0,0
380,bcc,ccc,known,ccc,1.0,6.486860399543514e-75,normal,1.0,0
381,ccc,ccc,known,ccc,0.9928492849284929,6.440474709117736e-75,normal,0.9928492849284929,0
382,ccc,ccc,known,ccc,0.9928492849284929,6.394420709547587e-75,normal,0.9928492849284929,0
383,ccc,ccc,known,ccc,0.9928492849284929,6.348696029006268e-75,normal,0.9928492849284929,0
384,ccc,ccc,known,ccc,0.9928492849284929,6.303298312627236e-75,normal,0.9928492849284929,0
385,ccc,ccc,known,ccc,0.9928492849284929,6.258225222382927e-75,normal,0.9928492849284929,0
386,ccc,ccc,known,ccc,0.9928492849284929,6.213474436964347e-75,normal,0.9928492849284929,0
387,ccc,ccc,known,ccc,0.9928492849284929,6.169043651661522e-75,normal,0.9928492849284929,0
388,ccc,ccc,known,ccc,0.9928492849284929,6.124930578244801e-75,normal,0.9928492849284929,0
389,ccc,ccc,known,ccc,0.9928492849284929,6.081132944847011e-75,normal,0.9928492849284929,0
390,ccc,ccc,known,ccc,0.9928492849284929,6.037648495846456e-75,normal,0.9928492849284929,0
391,ccc,ccc,known,ccc,0.9928492849284929,5.994474991750744e-75,normal,0.9928492849284929,0
392,ccc,ccc,known,ccc,0.9928492849284929,5.95161020908146e-75,normal,0.9928492849284929,0
393,ccc,ccc,known,ccc,0.9928492849284929,5.909051940259645e-75,normal,0.9928492849284929,0
394,ccc,ccc,known,ccc,0.9928492849284929,5.866797993492113e-75,normal,0.9928492849284929,0
395,ccc,ccc,known,ccc,0.9928492849284929,5.824846192658561e-75,normal,0.9928492849284929,0
396,ccc,ccc,known,ccc,0.9928492849284929,5.783194377199507e-75,normal,0.9928492849284929,0
397,ccc,ccc,known,ccc,0.9928492849284929,5.741840402005011e-75,normal,0.9928492849284929,0
398,ccc,ccc,known,ccc,0.9928492849284929,5.700782137304205e-75,normal,0.9928492849284929,0
399,ccc,ccc,known,ccc,0.9928492849284929,5.660017468555605e-75,normal,0.9928492849284929,0
400,ccc,ccc,known,ccc,0.9928492849284929,5.619544296338211e-75,normal,0.9928492849284929,0
401,ccc,ccc,known,ccc,0.9928492849284929,5.579360536243383e-75,normal,0.9928492849284929,0
402,ccc,ccc,known,ccc,0.9928492849284929,5.539464118767496e-75,normal,0.9928492849284929,0
403,ccc,ccc,known,ccc,0.9928492849284929,5.499852989205353e-75,normal,0.9928492849284929,0
404,ccc,ccc,known,ccc,0.9928492849284929,5.460525107544369e-75,normal,0.9928492849284929,0
405,ccc,ccb,known,ccb,0.006600660066006601,3.604307001679451e-77,anomaly,0.006600660066006601,0
406,ccb,cbc,known,cbc,0.75,2.7032302512595884e-77,normal,0.75,0
407,cbc,bcc,known,bcc,0.6363636363636364,1.720237432619738e-77,normal,0.6363636363636364,0
408,bcc,ccc,known,ccc,1.0,1.720237432619738e-77,normal,1.0,0
409,ccc,ccc,known,ccc,0.9928492849284929,1.7079365048837334e-77,normal,0.9928492849284929,0
410,ccc,ccc,known,ccc,0.9928492849284929,1.6957235375770842e-77,normal,0.9928492849284929,0
411,ccc,ccc,known,ccc,0.9928492849284929,1.6835979017198223e-77,normal,0.9928492849284929,0
412,ccc,ccc,known,ccc,0.9928492849284929,1.6715589728296366e-77,normal,0.9928492849284929,0
413,ccc,ccc,known,ccc,0.9928492849284929,1.6596061308897107e-77,normal,0.9928492849284929,0
414,ccc,ccc,known,ccc,0.9928492849284929,1.647738760316792e-77,normal,0.9928492849284929,0
415,ccc,ccc,known,ccc,0.9928492849284929,1.6359562499294882e-77,normal,0.9928492849284929,0
416,ccc,ccc,known,ccc,0.9928492849284929,1.6242579929167911e-77,normal,0.9928492849284929,0
417,ccc,ccc,known,ccc,0.9928492849284929,1.6126433868068251e-77,normal,0.9928492849284929,0
418,ccc,ccc,known,ccc,0.9928492849284929,1.6011118334358193e-77,normal,0.9928492849284929,0
419,ccc,ccc,known,ccc,0.9928492849284929,1.5896627389173013e-77,normal,0.9928492849284929,0
420,ccc,ccc,known,ccc,0.9928492849284929,1.578295513611512e-77,normal,0.9928492849284929,0
421,ccc,ccc,known,ccc,0.9928492849284929,1.567009572095038e-77,normal,0.9928492849284929,0
422,ccc,ccc,known,ccc,0.9928492849284929,1.5558043331306622e-77,normal,0.9928492849284929,0
423,ccc,ccc,known,ccc,0.9928492849284929,1.5446792196374288e-77,normal,0.9928492849284929,0
424,ccc,ccc,known,ccc,0.9928492849284929,1.5336336586609235e-77,normal,0.9928492849284929,0
425,ccc,ccc,known,ccc,0.9928492849284929,1.5226670813437663e-77,normal,0.9928492849284929,0
426,ccc,ccc,known,ccc,0.9928492849284929,1.5117789228963137e-77,normal,0.9928492849284929,0
427,ccc,ccc,known,ccc,0.9928492849284929,1.5009686225675722e-77,normal,0.9928492849284929,0
428,ccc,ccb,known,ccb,0.006600660066006601,9.907383647310709e-80,anomaly,0.006600660066006601,0
429,ccb,cbc,known,cbc,0.75,7.430537735483031e-80,normal,0.75,0
430,cbc,bcc,known,bcc,0.6363636363636364,4.7285240134892014e-80,normal,0.6363636363636364,0
431,bcc,ccc,known,ccc,1.0,4.7285240134892014e-80,normal,1.0,0
432,ccc,ccc,known,ccc,0.9928492849284929,4.694711685559961e-80,normal,0.9928492849284929,0
433,ccc,ccc,known,ccc,0.9928492849284929,4.661141139953647e-80,normal,0.9928492849284929,0
434,ccc,ccb,known,ccb,0.006600660066006601,3.076660818451252e-82,anomaly,0.006600660066006601,0
435,ccb,cbc,known,cbc,0.75,2.3074956138384392e-82,normal,0.75,0
436,cbc,bcc,known,bcc,0.6363636363636364,1.4684062997153704e-82,normal,0.6363636363636364,0
437,bcc,ccc,known,ccc,1.0,1.4684062997153704e-82,normal,1.0,0
438,ccc,ccc,known,ccc,0.9928492849284929,1.4579061446569e-82,normal,0.9928492849284929,0
439,ccc,ccc,known,ccc,0.9928492849284929,1.447481073215459e-82,normal,0.9928492849284929,0
440,ccc,ccc,known,ccc,0.9928492849284929,1.437130548489496e-82,normal,0.9928492849284929,0
441,ccc,ccc,known,ccc,0.9928492849284929,1.4268540374166887e-82,normal,0.9928492849284929,0
442,ccc,ccc,known,ccc,0.9928492849284929,1.4166510107464925e-82,normal,0.9928492849284929,0
443,ccc,ccc,known,ccc,0.9928492849284929,1.4065209430128818e-82,normal,0.9928492849284929,0
444,ccc,ccc,known,ccc,0.9928492849284929,1.396463312507289e-82,normal,0.9928492849284929,0
445,ccc,ccc,known,ccc,0.9928492849284929,1.3864776012517364e-82,normal,0.9928492849284929,0
446,ccc,ccc,known,ccc,0.9928492849284929,1.3765632949721586e-82,normal,0.9928492849284929,0
447,ccc,ccc,known,ccc,0.9928492849284929,1.3667198830719176e-82,normal,0.9928492849284929,0
448,ccc,ccc,known,ccc,0.9928492849284929,1.356946858605507e-82,normal,0.9928492849284929,0
449,ccc,ccc,known,ccc,0.9928492849284929,1.3472437182524423e-82,normal,0.9928492849284929,0
450,ccc,ccc,known,ccc,0.9928492849284929,1.3376099622913413e-82,normal,0.9928492849284929,0
451,ccc,ccc,known,ccc,0.9928492849284929,1.3280450945741865e-82,normal,0.9928492849284929,0
452,ccc,ccc,known,ccc,0.9928492849284929,1.3185486225007738e-82,normal,0.9928492849284929,0
453,ccc,ccc,known,ccc,0.9928492849284929,1.3091200569933426e-82,normal,0.9928492849284929,0
454,ccc,ccc,known,ccc,0.9928492849284929,1.2997589124713881e-82,normal,0.9928492849284929,0
455,ccc,ccc,known,ccc,0.9928492849284929,1.2904647068266533e-82,normal,0.9928492849284929,0
456,ccc,ccc,known,ccc,0.9928492849284929,1.2812369613982999e-82,normal,0.9928492849284929,0
457,ccc,ccc,known,ccc,0.9928492849284929,1.2720752009482571e-82,normal,0.9928492849284929,0
458,ccc,ccc,known,ccc,0.9928492849284929,1.262978953636746e-82,normal,0.9928492849284929,0
459,ccc,ccc,known,ccc,0.9928492849284929,1.2539477509979795e-82,normal,0.9928492849284929,0
460,ccc,ccc,known,ccc,0.9928492849284929,1.2449811279160358e-82,normal,0.9928492849284929,0
461,ccc,ccc,known,ccc,0.9928492849284929,1.2360786226009046e-82,normal,0.9928492849284929,0
462,ccc,ccc,known,ccc,0.9928492849284929,1.2272397765647046e-82,normal,0.9928492849284929,0
463,ccc,ccc,known,ccc,0.9928492849284929,1.2184641345980703e-82,normal,0.9928492849284929,0
464,ccc,ccc,known,ccc,0.9928492849284929,1.209751244746709e-82,normal,0.9928492849284929,0
465,ccc,ccc,known,ccc,0.9928492849284929,1.2011006582881242e-82,normal,0.9928492849284929,0
466,ccc,ccc,known,ccc,0.9928492849284929,1.1925119297085062e-82,normal,0.9928492849284929,0
467,ccc,ccc,known,ccc,0.9928492849284929,1.1839846166797876e-82,normal,0.9928492849284929,0
468,ccc,ccc,known,ccc,0.9928492849284929,1.1755182800368628e-82,normal,0.9928492849284929,0
469,ccc,ccc,known,ccc,0.9928492849284929,1.1671124837549712e-82,normal,0.9928492849284929,0
470,ccc,ccc,known,ccc,0.9928492849284929,1.1587667949272404e-82,normal,0.9928492849284929,0
471,ccc,ccc,known,ccc,0.9928492849284929,1.1504807837423922e-82,normal,0.9928492849284929,0
472,ccc,ccc,known,ccc,0.9928492849284929,1.142254023462606e-82,normal,0.9928492849284929,0
473,ccc,ccc,known,ccc,0.9928492849284929,1.1340860904015424e-82,normal,0.9928492849284929,0
474,ccc,ccc,known,ccc,0.9928492849284929,1.1259765639025215e-82,normal,0.9928492849284929,0
475,ccc,ccc,known,ccc,0.9928492849284929,1.1179250263168599e-82,normal,0.9928492849284929,0
476,ccc,ccc,known,ccc,0.9928492849284929,1.109931062982361e-82,normal,0.9928492849284929,0
477,ccc,ccc,known,ccc,0.9928492849284929,1.1019942622019591e-82,normal,0.9928492849284929,0
478,ccc,ccc,known,ccc,0.9928492849284929,1.0941142152225172e-82,normal,0.9928492849284929,0
479,ccc,ccc,known,ccc,0.9928492849284929,1.0862905162137754e-82,normal,0.9928492849284929,0
480,ccc,ccc,known,ccc,0.9928492849284929,1.0785227622474503e-82,normal,0.9928492849284929,0
481,ccc,ccc,known,ccc,0.9928492849284929,1.070810553276484e-82,normal,0.9928492849284929,0
482,ccc,ccc,known,ccc,0.9928492849284929,1.063153492114441e-82,normal,0.9928492849284929,0
483,ccc,ccc,known,ccc,0.9928492849284929,1.0555511844150529e-82,normal,0.9928492849284929,0
484,ccc,ccc,known,ccc,0.9928492849284929,1.048003238651909e-82,normal,0.9928492849284929,0
485,ccc,ccc,known,ccc,0.9928492849284929,1.0405092660982926e-82,normal,0.9928492849284929,0
486,ccc,ccb,known,ccb,0.006600660066006601,6.868047961044835e-85,anomaly,0.006600660066006601,0
487,ccb,cbc,known,cbc,0.75,5.151035970783627e-85,normal,0.75,0
488,cbc,bcc,known,bcc,0.6363636363636364,3.2779319814077623e-85,normal,0.6363636363636364,0
489,bcc,ccc,known,ccc,1.0,3.2779319814077623e-85,normal,1.0,0
490,ccc,ccc,known,ccc,0.9928492849284929,3.254492423784935e-85,normal,0.9928492849284929,0
491,ccc,ccc,known,ccc,0.9928492849284929,3.2312204757600704e-85,normal,0.9928492849284929,0
492,ccc,ccc,known,ccc,0.9928492849284929,3.2081149388046906e-85,normal,0.9928492849284929,0
493,ccc,ccc,known,ccc,0.9928492849284929,3.185174622960653e-85,normal,0.9928492849284929,0
494,ccc,ccc,known,ccc,0.9928492849284929,3.162398346778866e-85,normal,0.9928492849284929,0
495,ccc,ccc,known,ccc,0.9928492849284929,3.1397849372584456e-85,normal,0.9928492849284929,0
496,ccc,ccb,known,ccb,0.006600660066006601,2.0724653051210864e-87,anomaly,0.006600660066006601,0
497,ccb,cbc,known,cbc,0.75,1.5543489788408148e-87,normal,0.75,0
498,cbc,bcc,known,bcc,0.6363636363636364,9.891311683532458e-88,normal,0.6363636363636364,0
499,bcc,ccc,known,ccc,1.0,9.891311683532458e-88,normal,1.0,0
500,ccc,ccb,known,ccb,0.006600660066006601,6.528918602991721e-90,anomaly,0.006600660066006601,0
501,ccb,cbb,known,cbb,0.25,1.6322296507479303e-90,normal,0.25,0
502,cbb,bbb,known,bbb,0.75,1.2241722380609477e-90,normal,0.75,0
503,bbb,bbb,known,bbb,0.6628787878787878,8.11477809320704e-91,normal,0.6628787878787878,0
504,bbb,bbb,known,bbb,0.6628787878787878,5.379114266330423e-91,normal,0.6628787878787878,0
505,bbb,bbc,known,bbc,0.045454545454545456,2.4450519392411016e-92,anomaly,0.045454545454545456,0
506,bbc,bcc,known,bcc,0.26666666666666666,6.520138504642938e-93,normal,0.26666666666666666,0
507,bcc,ccc,known,ccc,1.0,6.520138504642938e-93,normal,1.0,0
508,ccc,ccc,known,ccc,0.9928492849284929,6.4735148519694735e-93,normal,0.9928492849284929,0
509,ccc,ccc,known,ccc,0.9928492849284929,6.427224591751871e-93,normal,0.9928492849284929,0
510,ccc,ccc,known,ccc,0.9928492849284929,6.381265339995669e-93,normal,0.9928492849284929,0
511,ccc,ccc,known,ccc,0.9928492849284929,6.335634729753676e-93,normal,0.9928492849284929,0
512,ccc,ccc,known,ccc,0.9928492849284929,6.290330411004063e-93,normal,0.9928492849284929,0
513,ccc,ccc,known,ccc,0.9928492849284929,6.245350050529337e-93,normal,0.9928492849284929,0
514,ccc,ccc,known,ccc,0.9928492849284929,6.200691331796179e-93,normal,0.9928492849284929,0
515,ccc,ccc,known,ccc,0.9928492849284929,6.15635195483614e-93,normal,0.9928492849284929,0
516,ccc,ccc,known,ccc,0.9928492849284929,6.112329636127191e-93,normal,0.9928492849284929,0
517,ccc,ccc,known,ccc,0.9928492849284929,6.068622108476117e-93,normal,0.9928492849284929,0
518,ccc,ccc,known,ccc,0.9928492849284929,6.0252271209017555e-93,normal,0.9928492849284929,0
519,ccc,ccb,known,ccb,0.006600660066006601,3.977047604555614e-95,anomaly,0.006600660066006601,0
520,ccb,cbc,known,cbc,0.75,2.9827857034167105e-95,normal,0.75,0
521,cbc,bcc,known,bcc,0.6363636363636364,1.8981363567197247e-95,normal,0.6363636363636364,0
522,bcc,ccc,known,ccc,1.0,1.8981363567197247e-95,normal,1.0,0
523,ccc,ccc,known,ccc,0.9928492849284929,1.8845633244659534e-95,normal,0.9928492849284929,0
524,ccc,ccb,known,ccb,0.006600660066006601,1.2439361877663058e-97,anomaly,0.006600660066006601,0
525,ccb,cbb,known,cbb,0.25,3.1098404694157646e-98,normal,0.25,0
526,cbb,bbb,known,bbb,0.75,2.3323803520618234e-98,normal,0.75,0
527,bbb,bbb,known,bbb,0.6628787878787878,1.546085460647042e-98,normal,0.6628787878787878,0
528,bbb,bbc,known,bbc,0.045454545454545456,7.027661184759282e-100,anomaly,0.045454545454545456,0
529,bbc,bcc,known,bcc,0.26666666666666666,1.8740429826024752e-100,normal,0.26666666666666666,0
530,bcc,ccc,known,ccc,1.0,1.8740429826024752e-100,normal,1.0,0
531,ccc,ccb,known,ccb,0.006600660066006601,1.236992067724406e-102,anomaly,0.006600660066006601,0
532,ccb,cbb,known,cbb,0.25,3.092480169311015e-103,normal,0.25,0
533,cbb,bbb,known,bbb,0.75,2.3193601269832613e-103,normal,0.75,0
534,bbb,bbb,known,bbb,0.6628787878787878,1.5374546296290557e-103,normal,0.6628787878787878,0
535,bbb,bbc,known,bbc,0.045454545454545456,6.988430134677526e-105,anomaly,0.045454545454545456,0
536,bbc,bcc,known,bcc,0.26666666666666666,1.8635813692473404e-105,normal,0.26666666666666666,0
537,bcc,ccc,known,ccc,1.0,1.8635813692473404e-105,normal,1.0,0
538,ccc,ccc,known,ccc,0.9928492849284929,1.8502554298632837e-105,normal,0.9928492849284929,0
539,ccc,ccb,known,ccb,0.006600660066006601,1.2212907127810454e-107,anomaly,0.006600660066006601,0
540,ccb,cbc,known,cbc,0.75,9.15968034585784e-108,normal,0.75,0
541,cbc,bcc,known,bcc,0.6363636363636364,5.828887492818626e-108,normal,0.6363636363636364,0
542,bcc,ccc,known,ccc,1.0,5.828887492818626e-108,normal,1.0,0
543,ccc,ccc,known,ccc,0.9928492849284929,5.7872067791736084e-108,normal,0.9928492849284929,0
544,ccc,ccc,known,ccc,0.9928492849284929,5.745824112435844e-108,normal,0.9928492849284929,0
545,ccc,ccc,known,ccc,0.9928492849284929,5.70473736135682e-108,normal,0.9928492849284929,0
546,ccc,ccc,known,ccc,0.9928492849284929,5.663944409927976e-108,normal,0.9928492849284929,0
547,ccc,ccc,known,ccc,0.9928492849284929,5.623443157271726e-108,normal,0.9928492849284929,0
548,ccc,ccc,known,ccc,0.9928492849284929,5.583231517533259e-108,normal,0.9928492849284929,0
549,ccc,ccc,known,ccc,0.9928492849284929,5.5433074197731206e-108,normal,0.9928492849284929,0
550,ccc,ccc,known,ccc,0.9928492849284929,5.5036688078605516e-108,normal,0.9928492849284929,0
551,ccc,ccc,known,ccc,0.9928492849284929,5.4643136403675994e-108,normal,0.9928492849284929,0
552,ccc,ccc,known,ccc,0.9928492849284929,5.425239890463981e-108,normal,0.9928492849284929,0
553,ccc,ccc,known,ccc,0.9928492849284929,5.386445545812698e-108,normal,0.9928492849284929,0
554,ccc,ccc,known,ccc,0.9928492849284929,5.347928608466403e-108,normal,0.9928492849284929,0
555,ccc,ccc,known,ccc,0.9928492849284929,5.3096870947644984e-108,normal,0.9928492849284929,0
556,ccc,ccc,known,ccc,0.9928492849284929,5.271719035230979e-108,normal,0.9928492849284929,0
557,ccc,ccc,known,ccc,0.9928492849284929,5.234022474473002e-108,normal,0.9928492849284929,0
558,ccc,ccc,known,ccc,0.9928492849284929,5.196595471080181e-108,normal,0.9928492849284929,0
559,ccc,ccb,known,ccb,0.006600660066006601,3.430096020514971e-110,anomaly,0.006600660066006601,0
560,ccb,cbb,known,cbb,0.25,8.575240051287428e-111,normal,0.25,0
561,cbb,bbc,known,bbc,0.125,1.0719050064109285e-111,anomaly,0.125,0
562,bbc,bcc,known,bcc,0.26666666666666666,2.858413350429143e-112,normal,0.26666666666666666,0
563,bcc,ccc,known,ccc,1.0,2.858413350429143e-112,normal,1.0,0
564,ccc,ccc,known,ccc,0.9928492849284929,2.837973651003632e-112,normal,0.9928492849284929,0
565,ccc,ccc,known,ccc,0.9928492849284929,2.8176801100448607e-112,normal,0.9928492849284929,0
566,ccc,ccc,known,ccc,0.9928492849284929,2.797531682415277e-112,normal,0.9928492849284929,0
567,ccc,ccc,known,ccc,0.9928492849284929,2.7775273304508113e-112,normal,0.9928492849284929,0
568,ccc,ccc,known,ccc,0.9928492849284929,2.7576660239074337e-112,normal,0.9928492849284929,0
569,ccc,ccc,known,ccc,0.9928492849284929,2.7379467399080955e-112,normal,0.9928492849284929,0
570,ccc,ccc,known,ccc,0.9928492849284929,2.718368462890051e-112,normal,0.9928492849284929,0
571,ccc,ccc,known,ccc,0.9928492849284929,2.6989301845525535e-112,normal,0.9928492849284929,0
572,ccc,ccc,known,ccc,0.9928492849284929,2.679630903804928e-112,normal,0.9928492849284929,0
573,ccc,ccc,known,ccc,0.9928492849284929,2.660469626715014e-112,normal,0.9928492849284929,0
574,ccc,ccc,known,ccc,0.9928492849284929,2.641445366457976e-112,normal,0.9928492849284929,0
575,ccc,ccc,known,ccc,0.9928492849284929,2.6225571432654826e-112,normal,0.9928492849284929,0
576,ccc,ccc,known,ccc,0.9928492849284929,2.6038039843752457e-112,normal,0.9928492849284929,0
577,ccc,ccc,known,ccc,0.9928492849284929,2.585184923980923e-112,normal,0.9928492849284929,0
578,ccc,ccc,known,ccc,0.9928492849284929,2.5666990031823798e-112,normal,0.9928492849284929,0
579,ccc,ccb,known,ccb,0.006600660066006601,1.6941907611764882e-114,anomaly,0.006600660066006601,0
580,ccb,cbc,known,cbc,0.75,1.2706430708823661e-114,normal,0.75,0
581,cbc,bcc,known,bcc,0.6363636363636364,8.0859104510696025e-115,normal,0.6363636363636364,0
582,bcc,ccc,known,ccc,1.0,8.0859104510696025e-115,normal,1.0,0
583,ccc,ccb,known,ccb,0.006600660066006601,5.3372346211680545e-117,anomaly,0.006600660066006601,0
584,ccb,cbc,known,cbc,0.75,4.002925965876041e-117,normal,0.75,0
585,cbc,bcb,known,bcb,0.36363636363636365,1.4556094421367422e-117,normal,0.36363636363636365,0
586,bcb,cbb,known,cbb,0.6111111111111112,8.895391035280093e-118,normal,0.6111111111111112,0
587,cbb,bbb,known,bbb,0.75,6.671543276460069e-118,normal,0.75,0
588,bbb,bbb,known,bbb,0.6628787878787878,4.422424520380728e-118,normal,0.6628787878787878,0
589,bbb,bbb,known,bbb,0.6628787878787878,2.9315314055554065e-118,normal,0.6628787878787878,0
590,bbb,bbb,known,bbb,0.6628787878787878,1.943249984743167e-118,normal,0.6628787878787878,0
591,bbb,bbc,known,bbc,0.045454545454545456,8.832954476105306e-120,anomaly,0.045454545454545456,0
592,bbc,bcc,known,bcc,0.26666666666666666,2.355454526961415e-120,normal,0.26666666666666666,0
593,bcc,ccc,known,ccc,1.0,2.355454526961415e-120,normal,1.0,0
594,ccc,ccc,known,ccc,0.9928492849284929,2.3386113427752222e-120,normal,0.9928492849284929,0
595,ccc,ccb,known,ccb,0.006600660066006601,1.5436378500166484e-122,anomaly,0.006600660066006601,0
596,ccb,cbb,known,cbb,0.25,3.859094625041621e-123,normal,0.25,0
597,cbb,bbb,known,bbb,0.75,2.8943209687812157e-123,normal,0.75,0
598,bbb,bbc,known,bbc,0.045454545454545456,1.315600440355098e-124,anomaly,0.045454545454545456,0
599,bbc,bcc,known,bcc,0.26666666666666666,3.508267840946928e-125,normal,0.26666666666666666,0
600,bcc,ccc,known,ccc,1.0,3.508267840946928e-125,normal,1.0,0
601,ccc,ccc,known,ccc,0.9928492849284929,3.4831812172217847e-125,normal,0.9928492849284929,0
602,ccc,ccc,known,ccc,0.9928492849284929,3.4582739807950064e-125,normal,0.9928492849284929,0
603,ccc,ccb,known,ccb,0.006600660066006601,2.2826890962343278e-127,anomaly,0.006600660066006601,0
604,ccb,cbb,known,cbb,0.25,5.706722740585819e-128,normal,0.25,0
605,cbb,bbb,known,bbb,0.75,4.2800420554393643e-128,normal,0.75,0
606,bbb,bbb,known,bbb,0.6628787878787878,2.8371490897798814e-128,normal,0.6628787878787878,0
607,bbb,bbb,known,bbb,0.6628787878787878,1.880685949664694e-128,normal,0.6628787878787878,0
608,bbb,bbb,known,bbb,0.6628787878787878,1.2466668226943994e-128,normal,0.6628787878787878,0
609,bbb,bbc,known,bbc,0.045454545454545456,5.666667375883634e-130,anomaly,0.045454545454545456,0
610,bbc,bcc,known,bcc,0.26666666666666666,1.5111113002356358e-130,normal,0.26666666666666666,0
611,bcc,ccb,known,ccb,0.0,1.511111300235636e-134,anomaly,0.0,0
612,ccb,cbb,known,cbb,0.25,3.77777825058909e-135,normal,0.25,0
613,cbb,bbb,known,bbb,0.75,2.8333336879418176e-135,normal,0.75,0
614,bbb,bbb,known,bbb,0.6628787878787878,1.8781568007190078e-135,normal,0.6628787878787878,0
615,bbb,bbc,known,bbc,0.045454545454545456,8.537076366904582e-137,anomaly,0.045454545454545456,0
616,bbc,bcb,known,bcb,0.6666666666666666,5.691384244603054e-137,normal,0.6666666666666666,0
617,bcb,cbc,known,cbc,0.1111111111111111,6.323760271781171e-138,anomaly,0.1111111111111111,0
618,cbc,bcc,known,bcc,0.6363636363636364,4.0242110820425633e-138,normal,0.6363636363636364,0
619,bcc,ccb,known,ccb,0.0,4.024211082042564e-142,anomaly,0.0,0
620,ccb,cbb,known,cbb,0.25,1.006052770510641e-142,normal,0.25,0
621,cbb,bbc,known,bbc,0.125,1.2575659631383011e-143,anomaly,0.125,0
622,bbc,bcb,known,bcb,0.6666666666666666,8.383773087588674e-144,normal,0.6666666666666666,0
623,bcb,cbc,known,cbc,0.1111111111111111,9.315303430654082e-145,anomaly,0.1111111111111111,0
624,cbc,bcb,known,bcb,0.36363636363636365,3.387383065692393e-145,normal,0.36363636363636365,0
625,bcb,cbc,known,cbc,0.1111111111111111,3.7637589618804365e-146,anomaly,0.1111111111111111,0
626,cbc,bcc,known,bcc,0.6363636363636364,2.3951193393784597e-146,normal,0.6363636363636364,0
627,bcc,ccb,known,ccb,0.0,2.39511933937846e-150,anomaly,0.0,0
628,ccb,cbc,known,cbc,0.75,1.7963395045338448e-150,normal,0.75,0
629,cbc,bcc,known,bcc,0.6363636363636364,1.1431251392488103e-150,normal,0.6363636363636364,0
630,bcc,ccc,known,ccc,1.0,1.1431251392488103e-150,normal,1.0,0
631,ccc,ccc,known,ccc,0.9928492849284929,1.1349509770869652e-150,normal,0.9928492849284929,0
632,ccc,ccc,known,ccc,0.9928492849284929,1.1268352660296877e-150,normal,0.9928492849284929,0
633,ccc,ccc,known,ccc,0.9928492849284929,1.1187775881097836e-150,normal,0.9928492849284929,0
634,ccc,ccb,known,ccb,0.006600660066006601,7.38467054857943e-153,anomaly,0.006600660066006601,0
635,ccb,cbc,known,cbc,0.75,5.538502911434572e-153,normal,0.75,0
636,cbc,bcc,known,bcc,0.6363636363636364,3.524501852731091e-153,normal,0.6363636363636364,0
637,bcc,ccb,known,ccb,0.0,3.5245018527310914e-157,anomaly,0.0,0
638,ccb,cbb,known,cbb,0.25,8.811254631827729e-158,normal,0.25,0
639,cbb,bbb,known,bbb,0.75,6.6084409738707965e-158,normal,0.75,0
640,bbb,bbb,known,bbb,0.6628787878787878,4.38059534252799e-158,normal,0.6628787878787878,0
641,bbb,bbb,known,bbb,0.6628787878787878,2.9038037308424175e-158,normal,0.6628787878787878,0
642,bbb,bbb,known,bbb,0.6628787878787878,1.9248698973387235e-158,normal,0.6628787878787878,0
643,bbb,bbc,known,bbc,0.045454545454545456,8.749408624266925e-160,anomaly,0.045454545454545456,0
644,bbc,bcb,known,bcb,0.6666666666666666,5.832939082844617e-160,normal,0.6666666666666666,0
645,bcb,cbb,known,cbb,0.6111111111111112,3.5645738839605994e-160,normal,0.6111111111111112,0
646,cbb,bbb,known,bbb,0.75,2.6734304129704494e-160,normal,0.75,0
647,bbb,bbc,known,bbc,0.045454545454545456,1.2151956422592952e-161,anomaly,0.045454545454545456,0
648,bbc,bcb,known,bcb,0.6666666666666666,8.101304281728634e-162,normal,0.6666666666666666,0
649,bcb,cbc,known,cbc,0.1111111111111111,9.001449201920704e-163,anomaly,0.1111111111111111,0
650,cbc,bcc,known,bcc,0.6363636363636364,5.728194946676812e-163,normal,0.6363636363636364,0
651,bcc,ccc,known,ccc,1.0,5.728194946676812e-163,normal,1.0,0
652,ccc,ccc,known,ccc,0.9928492849284929,5.687234256739079e-163,normal,0.9928492849284929,0
653,ccc,ccc,known,ccc,0.9928492849284929,5.646566465024224e-163,normal,0.9928492849284929,0
654,ccc,ccc,known,ccc,0.9928492849284929,5.606189477100508e-163,normal,0.9928492849284929,0
655,ccc,ccc,known,ccc,0.9928492849284929,5.566101213512881e-163,normal,0.9928492849284929,0
656,ccc,ccb,known,ccb,0.006600660066006601,3.6739942003385358e-165,anomaly,0.006600660066006601,0
657,ccb,cbb,known,cbb,0.25,9.184985500846339e-166,normal,0.25,0
658,cbb,bbb,known,bbb,0.75,6.888739125634754e-166,normal,0.75,0
659,bbb,bbb,known,bbb,0.6628787878787878,4.566399041613947e-166,normal,0.6628787878787878,0
660,bbb,bbb,known,bbb,0.6628787878787878,3.0269690616759114e-166,normal,0.6628787878787878,0
661,bbb,bbb,known,bbb,0.6628787878787878,2.00651358255032e-166,normal,0.6628787878787878,0
662,bbb,bbb,known,bbb,0.6628787878787878,1.3300752914632802e-166,normal,0.6628787878787878,0
663,bbb,bbc,known,bbc,0.045454545454545456,6.045796779378546e-168,anomaly,0.045454545454545456,0
664,bbc,bcb,known,bcb,0.6666666666666666,4.030531186252364e-168,normal,0.6666666666666666,0
665,bcb,cbc,known,cbc,0.1111111111111111,4.478367984724849e-169,anomaly,0.1111111111111111,0
666,cbc,bcc,known,bcc,0.6363636363636364,2.849870535733995e-169,normal,0.6363636363636364,0
667,bcc,ccc,known,ccc,1.0,2.849870535733995e-169,normal,1.0,0
668,ccc,ccb,known,ccb,0.006600660066006601,1.8811026638508216e-171,anomaly,0.006600660066006601,0
669,ccb,cbb,known,cbb,0.25,4.702756659627054e-172,normal,0.25,0
670,cbb,bbc,known,bbc,0.125,5.8784458245338175e-173,anomaly,0.125,0
671,bbc,bcc,known,bcc,0.26666666666666666,1.567585553209018e-173,normal,0.26666666666666666,0
672,bcc,ccc,known,ccc,1.0,1.567585553209018e-173,normal,1.0,0
673,ccc,ccc,known,ccc,0.9928492849284929,1.5563761955678095e-173,normal,0.9928492849284929,0
674,ccc,ccb,known,ccb,0.006600660066006601,1.027311020176772e-175,anomaly,0.006600660066006601,0
675,ccb,cbb,known,cbb,0.25,2.56827755044193e-176,normal,0.25,0
676,cbb,bbb,known,bbb,0.75,1.9262081628314473e-176,normal,0.75,0
677,bbb,bbb,known,bbb,0.6628787878787878,1.2768425321799366e-176,normal,0.6628787878787878,0
678,bbb,bbc,known,bbc,0.045454545454545456,5.803829691726985e-178,anomaly,0.045454545454545456,0
679,bbc,bcc,known,bcc,0.26666666666666666,1.5476879177938626e-178,normal,0.26666666666666666,0
680,bcc,ccb,known,ccb,0.0,1.5476879177938627e-182,anomaly,0.0,0
681,ccb,cbb,known,cbb,0.25,3.869219794484657e-183,normal,0.25,0
682,cbb,bbb,known,bbb,0.75,2.9019148458634927e-183,normal,0.75,0
683,bbb,bbb,known,bbb,0.6628787878787878,1.9236177955534513e-183,normal,0.6628787878787878,0
684,bbb,bbb,known,bbb,0.6628787878787878,1.2751254326585376e-183,normal,0.6628787878787878,0
685,bbb,bbb,known,bbb,0.6628787878787878,8.452536011941063e-184,normal,0.6628787878787878,0
686,bbb,bbc,known,bbc,0.045454545454545456,3.8420618236095746e-185,anomaly,0.045454545454545456,0
687,bbc,bcc,known,bcc,0.26666666666666666,1.02454981962922e-185,normal,0.26666666666666666,0
688,bcc,ccc,known,ccc,1.0,1.02454981962922e-185,normal,1.0,0
689,ccc,ccc,known,ccc,0.9928492849284929,1.0172235557924874e-185,normal,0.9928492849284929,0
690,ccc,ccc,known,ccc,0.9928492849284929,1.00994967998099e-185,normal,0.9928492849284929,0
691,ccc,ccc,known,ccc,0.9928492849284929,1.0027278175828863e-185,normal,0.9928492849284929,0
692,ccc,ccc,known,ccc,0.9928492849284929,9.955575966650769e-186,normal,0.9928492849284929,0
693,ccc,ccc,known,ccc,0.9928492849284929,9.884386479540505e-186,normal,0.9928492849284929,0
694,ccc,ccc,known,ccc,0.9928492849284929,9.813706048168654e-186,normal,0.9928492849284929,0
695,ccc,ccb,known,ccb,0.006600660066006601,6.477693761167429e-188,anomaly,0.006600660066006601,0
696,ccb,cbb,known,cbb,0.25,1.6194234402918572e-188,normal,0.25,0
697,cbb,bbb,known,bbb,0.75,1.214567580218893e-188,normal,0.75,0
698,bbb,bbb,known,bbb,0.6628787878787878,8.051110853723722e-189,normal,0.6628787878787878,0
699,bbb,bbc,known,bbc,0.045454545454545456,3.6595958426016917e-190,anomaly,0.045454545454545456,0
700,bbc,bcc,known,bcc,0.26666666666666666,9.758922246937844e-191,normal,0.26666666666666666,0
701,bcc,ccc,known,ccc,1.0,9.758922246937844e-191,normal,1.0,0
702,ccc,ccc,known,ccc,0.9928492849284929,9.689138974545e-191,normal,0.9928492849284929,0
703,ccc,ccc,known,ccc,0.9928492849284929,9.619854702449794e-191,normal,0.9928492849284929,0
704,ccc,ccc,known,ccc,0.9928492849284929,9.551065862443278e-191,normal,0.9928492849284929,0
705,ccc,ccc,known,ccc,0.9928492849284929,9.482768911831747e-191,normal,0.9928492849284929,0
706,ccc,ccc,known,ccc,0.9928492849284929,9.414960333254293e-191,normal,0.9928492849284929,0
707,ccc,ccc,known,ccc,0.9928492849284929,9.347636634501649e-191,normal,0.9928492849284929,0
708,ccc,ccc,known,ccc,0.9928492849284929,9.280794348336347e-191,normal,0.9928492849284929,0
709,ccc,ccc,known,ccc,0.9928492849284929,9.21443003231414e-191,normal,0.9928492849284929,0
710,ccc,ccb,known,ccb,0.006600660066006601,6.082132034530786e-193,anomaly,0.006600660066006601,0
711,ccb,cbc,known,cbc,0.75,4.561599025898089e-193,normal,0.75,0
712,cbc,bcc,known,bcc,0.6363636363636364,2.902835743753329e-193,normal,0.6363636363636364,0
713,bcc,ccc,known,ccc,1.0,2.902835743753329e-193,normal,1.0,0
714,ccc,ccc,known,ccc,0.9928492849284929,2.8820783924503624e-193,normal,0.9928492849284929,0
715,ccc,ccc,known,ccc,0.9928492849284929,2.8614694710522025e-193,normal,0.9928492849284929,0
716,ccc,ccc,known,ccc,0.9928492849284929,2.841007918178892e-193,normal,0.9928492849284929,0
717,ccc,ccc,known,ccc,0.9928492849284929,2.8206926800400993e-193,normal,0.9928492849284929,0
718,ccc,ccc,known,ccc,0.9928492849284929,2.8005227103808466e-193,normal,0.9928492849284929,0
719,ccc,ccb,known,ccb,0.006600660066006601,1.848529841835542e-195,anomaly,0.006600660066006601,0
720,ccb,cbc,known,cbc,0.75,1.3863973813766566e-195,normal,0.75,0
721,cbc,bcc,known,bcc,0.6363636363636364,8.822528790578724e-196,normal,0.6363636363636364,0
722,bcc,ccb,known,ccb,0.0,8.822528790578725e-200,anomaly,0.0,0
723,ccb,cbb,known,cbb,0.25,2.2056321976446813e-200,normal,0.25,0
724,cbb,bbc,known,bbc,0.125,2.7570402470558516e-201,anomaly,0.125,0
725,bbc,bcb,known,bcb,0.6666666666666666,1.8380268313705676e-201,normal,0.6666666666666666,0
726,bcb,cbb,known,cbb,0.6111111111111112,1.1232386191709026e-201,normal,0.6111111111111112,0
727,cbb,bbb,known,bbb,0.75,8.42428964378177e-202,normal,0.75,0
728,bbb,bbc,known,bbc,0.045454545454545456,3.8292225653553496e-203,anomaly,0.045454545454545456,0
729,bbc,bcc,known,bcc,0.26666666666666666,1.0211260174280931e-203,normal,0.26666666666666666,0
730,bcc,ccc,known,ccc,1.0,1.0211260174280931e-203,normal,1.0,0
731,ccc,ccc,known,ccc,0.9928492849284929,1.013824236225362e-203,normal,0.9928492849284929,0
732,ccc,ccc,known,ccc,0.9928492849284929,1.0065746679795261e-203,normal,0.9928492849284929,0
733,ccc,ccc,known,ccc,0.9928492849284929,9.993769393306077e-204,normal,0.9928492849284929,0
734,ccc,ccc,known,ccc,0.9928492849284929,9.922306795884197e-204,normal,0.9928492849284929,0
735,ccc,ccc,known,ccc,0.9928492849284929,9.851355207134751e-204,normal,0.9928492849284929,0
736,ccc,ccc,known,ccc,0.9928492849284929,9.780910972980323e-204,normal,0.9928492849284929,0
737,ccc,ccb,known,ccb,0.006600660066006601,6.456046846851698e-206,anomaly,0.006600660066006601,0
738,ccb,cbc,known,cbc,0.75,4.8420351351387735e-206,normal,0.75,0
739,cbc,bcb,known,bcb,0.36363636363636365,1.7607400491413723e-206,normal,0.36363636363636365,0
740,bcb,cbb,known,cbb,0.6111111111111112,1.0760078078086164e-206,normal,0.6111111111111112,0
741,cbb,bbb,known,bbb,0.75,8.070058558564622e-207,normal,0.75,0
742,bbb,bbc,known,bbc,0.045454545454545456,3.668208435711192e-208,anomaly,0.045454545454545456,0
743,bbc,bcc,known,bcc,0.26666666666666666,9.78188916189651e-209,normal,0.26666666666666666,0
744,bcc,ccc,known,ccc,1.0,9.78188916189651e-209,normal,1.0,0
745,ccc,ccc,known,ccc,0.9928492849284929,9.711941659638725e-209,normal,0.9928492849284929,0
746,ccc,ccb,known,ccb,0.006600660066006601,6.41052254761632e-211,anomaly,0.006600660066006601,0
747,ccb,cbc,known,cbc,0.75,4.80789191071224e-211,normal,0.75,0
748,cbc,bcc,known,bcc,0.6363636363636364,3.059567579544153e-211,normal,0.6363636363636364,0
749,bcc,ccc,known,ccc,1.0,3.059567579544153e-211,normal,1.0,0
750,ccc,ccc,known,ccc,0.9928492849284929,3.037689483540812e-211,normal,0.9928492849284929,0
751,ccc,ccb,known,ccb,0.006600660066006601,2.0050755666936053e-213,anomaly,0.006600660066006601,0
752,ccb,cbc,known,cbc,0.75,1.503806675020204e-213,normal,0.75,0
753,cbc,bcc,known,bcc,0.6363636363636364,9.56967884103766e-214,normal,0.6363636363636364,0
754,bcc,ccc,known,ccc,1.0,9.56967884103766e-214,normal,1.0,0
755,ccc,ccc,known,ccc,0.9928492849284929,9.50124879431957e-214,normal,0.9928492849284929,0
756,ccc,ccc,known,ccc,0.9928492849284929,9.43330807136789e-214,normal,0.9928492849284929,0
757,ccc,ccc,known,ccc,0.9928492849284929,9.36585317316779e-214,normal,0.9928492849284929,0
758,ccc,ccb,known,ccb,0.006600660066006601,6.182081302420984e-216,anomaly,0.006600660066006601,0
759,ccb,cbc,known,cbc,0.75,4.636560976815738e-216,normal,0.75,0
760,cbc,bcb,known,bcb,0.36363636363636365,1.686022173387541e-216,normal,0.36363636363636365,0
761,bcb,cbc,known,cbc,0.1111111111111111,1.8733579704306013e-217,anomaly,0.1111111111111111,0
762,cbc,bcc,known,bcc,0.6363636363636364,1.1921368902740189e-217,normal,0.6363636363636364,0
763,bcc,ccc,known,ccc,1.0,1.1921368902740189e-217,normal,1.0,0
764,ccc,ccc,known,ccc,0.9928492849284929,1.1836122590454368e-217,normal,0.9928492849284929,0
765,ccc,ccc,known,ccc,0.9928492849284929,1.17514858502586e-217,normal,0.9928492849284929,0
766,ccc,ccc,known,ccc,0.9928492849284929,1.1667454323276554e-217,normal,0.9928492849284929,0
767,ccc,ccc,known,ccc,0.9928492849284929,1.158402368180098e-217,normal,0.9928492849284929,0
768,ccc,ccb,known,ccb,0.006600660066006601,7.646220252013848e-220,anomaly,0.006600660066006601,0
769,ccb,cbb,known,cbb,0.25,1.911555063003462e-220,normal,0.25,0
770,cbb,bbb,known,bbb,0.75,1.4336662972525964e-220,normal,0.75,0
771,bbb,bbb,known,bbb,0.6628787878787878,9.503469773454712e-221,normal,0.6628787878787878,0
772,bbb,bbc,known,bbc,0.045454545454545456,4.31975898793396e-222,anomaly,0.045454545454545456,0
773,bbc,bcc,known,bcc,0.26666666666666666,1.1519357301157226e-222,normal,0.26666666666666666,0
774,bcc,ccc,known,ccc,1.0,1.1519357301157226e-222,normal,1.0,0
775,ccc,ccc,known,ccc,0.9928492849284929,1.1436985659289766e-222,normal,0.9928492849284929,0
776,ccc,ccc,known,ccc,0.9928492849284929,1.1355203033563273e-222,normal,0.9928492849284929,0
777,ccc,ccc,known,ccc,0.9928492849284929,1.1274005212091148e-222,normal,0.9928492849284929,0
778,ccc,ccb,known,ccb,0.006600660066006601,7.441587598740032e-225,anomaly,0.006600660066006601,0
779,ccb,cbc,known,cbc,0.75,5.581190699055024e-225,normal,0.75,0
780,cbc,bcc,known,bcc,0.6363636363636364,3.5516668084895607e-225,normal,0.6363636363636364,0
781,bcc,ccb,known,ccb,0.0,3.551666808489561e-229,anomaly,0.0,0
782,ccb,cbc,known,cbc,0.75,2.6637501063671706e-229,normal,0.75,0
783,cbc,bcc,known,bcc,0.6363636363636364,1.6951137040518358e-229,normal,0.6363636363636364,0
784,bcc,ccc,known,ccc,1.0,1.6951137040518358e-229,normal,1.0,0
785,ccc,ccc,known,ccc,0.9928492849284929,1.682992428940354e-229,normal,0.9928492849284929,0
786,ccc,ccb,known,ccb,0.006600660066006601,1.1108860917098048e-231,anomaly,0.006600660066006601,0
787,ccb,cbb,known,cbb,0.25,2.777215229274512e-232,normal,0.25,0
788,cbb,bbb,known,bbb,0.75,2.082911421955884e-232,normal,0.75,0
789,bbb,bbb,known,bbb,0.6628787878787878,1.3807177986449987e-232,normal,0.6628787878787878,0
790,bbb,bbb,known,bbb,0.6628787878787878,9.15248540768465e-233,normal,0.6628787878787878,0
791,bbb,bbc,known,bbc,0.045454545454545456,4.160220639856659e-234,anomaly,0.045454545454545456,0
792,bbc,bcc,known,bcc,0.26666666666666666,1.1093921706284423e-234,normal,0.26666666666666666,0
793,bcc,ccc,known,ccc,1.0,1.1093921706284423e-234,normal,1.0,0
794,ccc,ccc,known,ccc,0.9928492849284929,1.1014592233137175e-234,normal,0.9928492849284929,0
795,ccc,ccb,known,ccb,0.006600660066006601,7.270357909661502e-237,anomaly,0.006600660066006601,0
796,ccb,cbb,known,cbb,0.25,1.8175894774153755e-237,normal,0.25,0
797,cbb,bbc,known,bbc,0.125,2.2719868467692194e-238,anomaly,0.125,0
798,bbc,bcc,known,bcc,0.26666666666666666,6.058631591384585e-239,normal,0.26666666666666666,0
799,bcc,ccc,known,ccc,1.0,6.058631591384585e-239,normal,1.0,0
800,ccc,ccc,known,ccc,0.9928492849284929,6.0153080431513616e-239,normal,0.9928492849284929,0
801,ccc,ccc,known,ccc,0.9928492849284929,5.9722942892674415e-239,normal,0.9928492849284929,0
802,ccc,ccc,known,ccc,0.9928492849284929,5.929588114481701e-239,normal,0.9928492849284929,0
803,ccc,ccc,known,ccc,0.9928492849284929,5.887187319383647e-239,normal,0.9928492849284929,0
804,ccc,ccc,known,ccc,0.9928492849284929,5.845089720290145e-239,normal,0.9928492849284929,0
805,ccc,ccc,known,ccc,0.9928492849284929,5.8032931491329555e-239,normal,0.9928492849284929,0
806,ccc,ccc,known,ccc,0.9928492849284929,5.761795453347076e-239,normal,0.9928492849284929,0
807,ccc,ccc,known,ccc,0.9928492849284929,5.720594495759886e-239,normal,0.9928492849284929,0
808,ccc,ccc,known,ccc,0.9928492849284929,5.679688154481075e-239,normal,0.9928492849284929,0
809,ccc,ccc,known,ccc,0.9928492849284929,5.639074322793367e-239,normal,0.9928492849284929,0
810,ccc,ccc,known,ccc,0.9928492849284929,5.59875090904402e-239,normal,0.9928492849284929,0
811,ccc,ccc,known,ccc,0.9928492849284929,5.558715836537105e-239,normal,0.9928492849284929,0
812,ccc,ccc,known,ccc,0.9928492849284929,5.518967043426554e-239,normal,0.9928492849284929,0
813,ccc,ccc,known,ccc,0.9928492849284929,5.479502482609972e-239,normal,0.9928492849284929,0
814,ccc,ccc,known,ccc,0.9928492849284929,5.440320121623213e-239,normal,0.9928492849284929,0
815,ccc,ccb,known,ccb,0.006600660066006601,3.590970377309052e-241,anomaly,0.006600660066006601,0
816,ccb,cbb,known,cbb,0.25,8.97742594327263e-242,normal,0.25,0
817,cbb,bbb,known,bbb,0.75,6.733069457454472e-242,normal,0.75,0
818,bbb,bbc,known,bbc,0.045454545454545456,3.0604861170247603e-243,anomaly,0.045454545454545456,0
819,bbc,bcc,known,bcc,0.26666666666666666,8.161296312066028e-244,normal,0.26666666666666666,0
820,bcc,ccc,known,ccc,1.0,8.161296312066028e-244,normal,1.0,0
821,ccc,ccc,known,ccc,0.9928492849284929,8.102937207524303e-244,normal,0.9928492849284929,0
822,ccc,ccc,known,ccc,0.9928492849284929,8.044995412310982e-244,normal,0.9928492849284929,0
823,ccc,ccc,known,ccc,0.9928492849284929,7.987467942365964e-244,normal,0.9928492849284929,0
824,ccc,ccc,known,ccc,0.9928492849284929,7.930351834967308e-244,normal,0.9928492849284929,0
825,ccc,ccc,known,ccc,0.9928492849284929,7.873644148578653e-244,normal,0.9928492849284929,0
826,ccc,ccc,known,ccc,0.9928492849284929,7.817341962697729e-244,normal,0.9928492849284929,0
827,ccc,ccc,known,ccc,0.9928492849284929,7.761442377705941e-244,normal,0.9928492849284929,0
828,ccc,ccc,known,ccc,0.9928492849284929,7.705942514719045e-244,normal,0.9928492849284929,0
829,ccc,ccc,known,ccc,0.9928492849284929,7.650839515438877e-244,normal,0.9928492849284929,0
830,ccc,ccc,known,ccc,0.9928492849284929,7.596130542006145e-244,normal,0.9928492849284929,0
831,ccc,ccb,known,ccb,0.006600660066006601,5.013947552479304e-246,anomaly,0.006600660066006601,0
832,ccb,cbc,known,cbc,0.75,3.760460664359478e-246,normal,0.75,0
833,cbc,bcb,known,bcb,0.36363636363636365,1.3674402415852647e-246,normal,0.36363636363636365,0
834,bcb,cbb,known,cbb,0.6111111111111112,8.356579254132174e-247,normal,0.6111111111111112,0
835,cbb,bbb,known,bbb,0.75,6.26743444059913e-247,normal,0.75,0
836,bbb,bbb,known,bbb,0.6628787878787878,4.15454934509412e-247,normal,0.6628787878787878,0
837,bbb,bbc,known,bbc,0.045454545454545456,1.8884315204973276e-248,anomaly,0.045454545454545456,0
838,bbc,bcb,known,bcb,0.6666666666666666,1.2589543469982184e-248,normal,0.6666666666666666,0
839,bcb,cbc,known,cbc,0.1111111111111111,1.3988381633313537e-249,anomaly,0.1111111111111111,0
840,cbc,bcc,known,bcc,0.6363636363636364,8.901697403017705e-250,normal,0.6363636363636364,0
841,bcc,ccc,known,ccc,1.0,8.901697403017705e-250,normal,1.0,0
842,ccc,ccc,known,ccc,0.9928492849284929,8.83804390123595e-250,normal,0.9928492849284929,0
843,ccc,ccc,known,ccc,0.9928492849284929,8.774845567508742e-250,normal,0.9928492849284929,0
844,ccc,ccc,known,ccc,0.9928492849284929,8.71209914705901e-250,normal,0.9928492849284929,0
845,ccc,ccc,known,ccc,0.9928492849284929,8.649801408383671e-250,normal,0.9928492849284929,0
846,ccc,ccb,known,ccb,0.006600660066006601,5.709439873520575e-252,anomaly,0.006600660066006601,0
847,ccb,cbc,known,cbc,0.75,4.2820799051404313e-252,normal,0.75,0
848,cbc,bcb,known,bcb,0.36363636363636365,1.5571199655056113e-252,normal,0.36363636363636365,0
849,bcb,cbb,known,cbb,0.6111111111111112,9.515733122534292e-253,normal,0.6111111111111112,0
850,cbb,bbb,known,bbb,0.75,7.136799841900719e-253,normal,0.75,0
851,bbb,bbb,known,bbb,0.6628787878787878,4.730833228532673e-253,normal,0.6628787878787878,0
852,bbb,bbb,known,bbb,0.6628787878787878,3.135968996186431e-253,normal,0.6628787878787878,0
853,bbb,bbb,known,bbb,0.6628787878787878,2.0787673270175205e-253,normal,0.6628787878787878,0
854,bbb,bbb,known,bbb,0.6628787878787878,1.3779707660154018e-253,normal,0.6628787878787878,0
855,bbb,bbb,known,bbb,0.6628787878787878,9.134275911086944e-254,normal,0.6628787878787878,0
856,bbb,bbb,known,bbb,0.6628787878787878,6.054917744091724e-254,normal,0.6628787878787878,0
857,bbb,bbb,known,bbb,0.6628787878787878,4.013676534909287e-254,normal,0.6628787878787878,0
858,bbb,bbb,known,bbb,0.6628787878787878,2.660581036398201e-254,normal,0.6628787878787878,0
859,bbb,bbb,known,bbb,0.6628787878787878,1.7636427324609286e-254,normal,0.6628787878787878,0
860,bbb,bbb,known,bbb,0.6628787878787878,1.1690813567449336e-254,normal,0.6628787878787878,0
861,bbb,bbb,known,bbb,0.6628787878787878,7.749592326907703e-255,normal,0.6628787878787878,0
862,bbb,bba,known,bba,0.2916666666666667,2.260297762014747e-255,normal,0.2916666666666667,0
863,bba,bab,known,bab,0.427536231884058,9.663591881077542e-256,normal,0.427536231884058,0
864,bab,abb,known,abb,0.3722627737226277,3.5973955177733914e-256,normal,0.3722627737226277,0
865,abb,bba,known,bba,0.43478260869565216,1.5640850077275615e-256,normal,0.43478260869565216,0
866,bba,bab,known,bab,0.427536231884058,6.687030105501893e-257,normal,0.427536231884058,0
867,bab,abb,known,abb,0.3722627737226277,2.489332375040851e-257,normal,0.3722627737226277,0
868,abb,bbb,known,bbb,0.5579710144927537,1.3889753107111995e-257,normal,0.5579710144927537,0
869,bbb,bbb,known,bbb,0.6628787878787878,9.207222703578026e-258,normal,0.6628787878787878,0
870,bbb,bbb,known,bbb,0.6628787878787878,6.103272625477857e-258,normal,0.6628787878787878,0
871,bbb,bbb,known,bbb,0.6628787878787878,4.045729960070549e-258,normal,0.6628787878787878,0
872,bbb,bbb,known,bbb,0.6628787878787878,2.681828572016462e-258,normal,0.6628787878787878,0
873,bbb,bba,known,bba,0.2916666666666667,7.822000001714681e-259,normal,0.2916666666666667,0
874,bba,baa,known,baa,0.5652173913043478,4.421130435751776e-259,normal,0.5652173913043478,0
875,baa,aab,known,aab,0.20588235294117646,9.102327367724244e-260,normal,0.20588235294117646,0
876,aab,abb,known,abb,0.42574257425742573,3.8752482852687374e-260,normal,0.42574257425742573,0
877,abb,bbb,known,bbb,0.5579710144927537,2.1622762171427016e-260,normal,0.5579710144927537,0
878,bbb,bbb,known,bbb,0.6628787878787878,1.4333270378786847e-260,normal,0.6628787878787878,0
879,bbb,bbb,known,bbb,0.6628787878787878,9.50122089502916e-261,normal,0.6628787878787878,0
880,bbb,bbb,known,bbb,0.6628787878787878,6.298157790265541e-261,normal,0.6628787878787878,0
881,bbb,bbb,known,bbb,0.6628787878787878,4.174915201880566e-261,normal,0.6628787878787878,0
882,bbb,bbb,known,bbb,0.6628787878787878,2.7674627285193145e-261,normal,0.6628787878787878,0
883,bbb,bbb,known,bbb,0.6628787878787878,1.834492338980606e-261,normal,0.6628787878787878,0
884,bbb,bbb,known,bbb,0.6628787878787878,1.2160460580363865e-261,normal,0.6628787878787878,0
885,bbb,bbc,known,bbc,0.045454545454545456,5.527482081983575e-263,anomaly,0.045454545454545456,0
886,bbc,bcb,known,bcb,0.6666666666666666,3.6849880546557164e-263,normal,0.6666666666666666,0
887,bcb,cbb,known,cbb,0.6111111111111112,2.2519371445118267e-263,normal,0.6111111111111112,0
888,cbb,bbb,known,bbb,0.75,1.68895285838387e-263,normal,0.75,0
889,bbb,bbb,known,bbb,0.6628787878787878,1.1195710235499138e-263,normal,0.6628787878787878,0
890,bbb,bbb,known,bbb,0.6628787878787878,7.421398830349807e-264,normal,0.6628787878787878,0
891,bbb,bbb,known,bbb,0.6628787878787878,4.919487861027334e-264,normal,0.6628787878787878,0
892,bbb,bbb,known,bbb,0.6628787878787878,3.2610241503022097e-264,normal,0.6628787878787878,0
893,bbb,bbb,known,bbb,0.6628787878787878,2.161663735995783e-264,normal,0.6628787878787878,0
894,bbb,bbb,known,bbb,0.6628787878787878,1.4329210371184166e-264,normal,0.6628787878787878,0
895,bbb,bbb,known,bbb,0.6628787878787878,9.498529602110716e-265,normal,0.6628787878787878,0
896,bbb,bbb,known,bbb,0.6628787878787878,6.296373789277936e-265,normal,0.6628787878787878,0
897,bbb,bbb,known,bbb,0.6628787878787878,4.1737326254683287e-265,normal,0.6628787878787878,0
898,bbb,bbb,known,bbb,0.6628787878787878,2.7666788237005964e-265,normal,0.6628787878787878,0
899,bbb,bbb,known,bbb,0.6628787878787878,1.833972705104562e-265,normal,0.6628787878787878,0
900,bbb,bbc,known,bbc,0.045454545454545456,8.3362395686571e-267,anomaly,0.045454545454545456,0
901,bbc,bcc,known,bcc,0.26666666666666666,2.22299721830856e-267,normal,0.26666666666666666,0
902,bcc,ccb,known,ccb,0.0,2.2229972183085602e-271,anomaly,0.0,0
903,ccb,cbb,known,cbb,0.25,5.5574930457714006e-272,normal,0.25,0
904,cbb,bbb,known,bbb,0.75,4.1681197843285506e-272,normal,0.75,0
905,bbb,bbb,known,bbb,0.6628787878787878,2.7629581903693044e-272,normal,0.6628787878787878,0
906,bbb,bbb,known,bbb,0.6628787878787878,1.8315063761917735e-272,normal,0.6628787878787878,0
907,bbb,bbb,known,bbb,0.6628787878787878,1.2140667266422741e-272,normal,0.6628787878787878,0
908,bbb,bbb,known,bbb,0.6628787878787878,8.047790801605983e-273,normal,0.6628787878787878,0
909,bbb,bbc,known,bbc,0.045454545454545456,3.6580867280027195e-274,anomaly,0.045454545454545456,0
910,bbc,bcb,known,bcb,0.6666666666666666,2.438724485335146e-274,normal,0.6666666666666666,0
911,bcb,cbb,known,cbb,0.6111111111111112,1.4903316299270337e-274,normal,0.6111111111111112,0
912,cbb,bbb,known,bbb,0.75,1.1177487224452753e-274,normal,0.75,0
913,bbb,bbb,known,bbb,0.6628787878787878,7.409319182875878e-275,normal,0.6628787878787878,0
914,bbb,bbb,known,bbb,0.6628787878787878,4.911480518951813e-275,normal,0.6628787878787878,0
915,bbb,bbb,known,bbb,0.6628787878787878,3.255716253093058e-275,normal,0.6628787878787878,0
916,bbb,bbb,known,bbb,0.6628787878787878,2.158145243527595e-275,normal,0.6628787878787878,0
917,bbb,bbb,known,bbb,0.6628787878787878,1.4305887030959435e-275,normal,0.6628787878787878,0
918,bbb,bbb,known,bbb,0.6628787878787878,9.483069054613261e-276,normal,0.6628787878787878,0
919,bbb,bbb,known,bbb,0.6628787878787878,6.286125320292881e-276,normal,0.6628787878787878,0
920,bbb,bbb,known,bbb,0.6628787878787878,4.1669391327699025e-276,normal,0.6628787878787878,0
921,bbb,bbb,known,bbb,0.6628787878787878,2.7621755614952004e-276,normal,0.6628787878787878,0
922,bbb,bbb,known,bbb,0.6628787878787878,1.8309875881123487e-276,normal,0.6628787878787878,0
923,bbb,bbb,known,bbb,0.6628787878787878,1.2137228330290188e-276,normal,0.6628787878787878,0
924,bbb,bbb,known,bbb,0.6628787878787878,8.045511203790844e-277,normal,0.6628787878787878,0
925,bbb,bbb,known,bbb,0.6628787878787878,5.333198714634082e-277,normal,0.6628787878787878,0
926,bbb,bbb,known,bbb,0.6628787878787878,3.5352642994733494e-277,normal,0.6628787878787878,0
927,bbb,bbb,known,bbb,0.6628787878787878,2.343451713666046e-277,normal,0.6628787878787878,0
928,bbb,bbb,known,bbb,0.6628787878787878,1.5534244314074169e-277,normal,0.6628787878787878,0
929,bbb,bbb,known,bbb,0.6628787878787878,1.0297321041526437e-277,normal,0.6628787878787878,0
930,bbb,bbb,known,bbb,0.6628787878787878,6.825875690405782e-278,normal,0.6628787878787878,0
931,bbb,bbc,known,bbc,0.045454545454545456,3.1026707683662645e-279,anomaly,0.045454545454545456,0
932,bbc,bcc,known,bcc,0.26666666666666666,8.273788715643372e-280,normal,0.26666666666666666,0
933,bcc,ccb,known,ccb,0.0,8.273788715643372e-284,anomaly,0.0,0
934,ccb,cbb,known,cbb,0.25,2.068447178910843e-284,normal,0.25,0
935,cbb,bbb,known,bbb,0.75,1.5513353841831323e-284,normal,0.75,0
936,bbb,bbb,known,bbb,0.6628787878787878,1.0283473190607884e-284,normal,0.6628787878787878,0
937,bbb,bbb,known,bbb,0.6628787878787878,6.816696243774165e-285,normal,0.6628787878787878,0
938,bbb,bbb,known,bbb,0.6628787878787878,4.518643343410904e-285,normal,0.6628787878787878,0
939,bbb,bbb,known,bbb,0.6628787878787878,2.995312822336773e-285,normal,0.6628787878787878,0
940,bbb,bbb,known,bbb,0.6628787878787878,1.9855293329883914e-285,normal,0.6628787878787878,0
941,bbb,bbb,known,bbb,0.6628787878787878,1.316165277549123e-285,normal,0.6628787878787878,0
942,bbb,bbc,known,bbc,0.045454545454545456,5.982569443405105e-287,anomaly,0.045454545454545456,0
943,bbc,bcb,known,bcb,0.6666666666666666,3.988379628936736e-287,normal,0.6666666666666666,0
944,bcb,cbc,known,cbc,0.1111111111111111,4.431532921040818e-288,anomaly,0.1111111111111111,0
945,cbc,bcc,known,bcc,0.6363636363636364,2.8200664042987023e-288,normal,0.6363636363636364,0
946,bcc,ccb,known,ccb,0.0,2.8200664042987024e-292,anomaly,0.0,0
947,ccb,cbb,known,cbb,0.25,7.050166010746756e-293,normal,0.25,0
948,cbb,bbb,known,bbb,0.75,5.287624508060067e-293,normal,0.75,0
949,bbb,bbb,known,bbb,0.6628787878787878,3.5050541246610285e-293,normal,0.6628787878787878,0
950,bbb,bbb,known,bbb,0.6628787878787878,2.3234260296048484e-293,normal,0.6628787878787878,0
951,bbb,bbb,known,bbb,0.6628787878787878,1.5401498302304865e-293,normal,0.6628787878787878,0
952,bbb,bbb,known,bbb,0.6628787878787878,1.0209326526149058e-293,normal,0.6628787878787878,0
953,bbb,bbb,known,bbb,0.6628787878787878,6.767545992712443e-294,normal,0.6628787878787878,0
954,bbb,bbb,known,bbb,0.6628787878787878,4.486062684563172e-294,normal,0.6628787878787878,0
955,bbb,bbb,known,bbb,0.6628787878787878,2.973715794691496e-294,normal,0.6628787878787878,0
956,bbb,bbb,known,bbb,0.6628787878787878,1.9712131214811053e-294,normal,0.6628787878787878,0
957,bbb,bbb,known,bbb,0.6628787878787878,1.3066753646181569e-294,normal,0.6628787878787878,0
958,bbb,bbb,known,bbb,0.6628787878787878,8.66167381849157e-295,normal,0.6628787878787878,0
959,bbb,bba,known,bba,0.2916666666666667,2.5263215303933745e-295,normal,0.2916666666666667,0
960,bba,bab,known,bab,0.427536231884058,1.08009398763195e-295,normal,0.427536231884058,0
961,bab,abb,known,abb,0.3722627737226277,4.0207878371700325e-296,normal,0.3722627737226277,0
962,abb,bbb,known,bbb,0.5579710144927537,2.2434830685658877e-296,normal,0.5579710144927537,0
963,bbb,bbb,known,bbb,0.6628787878787878,1.487157337117539e-296,normal,0.6628787878787878,0
964,bbb,bba,known,bba,0.2916666666666667,4.3375422332594895e-297,normal,0.2916666666666667,0
965,bba,bab,known,bab,0.427536231884058,1.854456462045724e-297,normal,0.427536231884058,0
966,bab,abb,known,abb,0.3722627737226277,6.903451063089921e-298,normal,0.3722627737226277,0
967,abb,bbb,known,bbb,0.5579710144927537,3.851925593173362e-298,normal,0.5579710144927537,0
968,bbb,bbb,known,bbb,0.6628787878787878,2.553359768202039e-298,normal,0.6628787878787878,0
969,bbb,bbb,known,bbb,0.6628787878787878,1.6925680281642303e-298,normal,0.6628787878787878,0
970,bbb,bbb,known,bbb,0.6628787878787878,1.1219674429118952e-298,normal,0.6628787878787878,0
971,bbb,bbb,known,bbb,0.6628787878787878,7.437284185969001e-299,normal,0.6628787878787878,0
972,bbb,bbb,known,bbb,0.6628787878787878,4.930017926305209e-299,normal,0.6628787878787878,0
973,bbb,bbb,known,bbb,0.6628787878787878,3.268004307209892e-299,normal,0.6628787878787878,0
974,bbb,bbb,known,bbb,0.6628787878787878,2.166290733945951e-299,normal,0.6628787878787878,0
975,bbb,bbb,known,bbb,0.6628787878787878,1.4359881759111416e-299,normal,0.6628787878787878,0
976,bbb,bbb,known,bbb,0.6628787878787878,9.518861014562492e-300,normal,0.6628787878787878,0
977,bbb,bbb,known,bbb,0.6628787878787878,6.309851051319834e-300,normal,0.6628787878787878,0
978,bbb,bbb,known,bbb,0.6628787878787878,4.182666416594587e-300,normal,0.6628787878787878,0
979,bbb,bbb,known,bbb,0.6628787878787878,2.7726008443335328e-300,normal,0.6628787878787878,0
980,bbb,bbb,known,bbb,0.6628787878787878,1.837898286963516e-300,normal,0.6628787878787878,0
981,bbb,bba,known,bba,0.2916666666666667,5.360536670310255e-301,normal,0.2916666666666667,0
982,bba,bab,known,bab,0.427536231884058,2.2918236489007613e-301,normal,0.427536231884058,0
983,bab,abb,known,abb,0.3722627737226277,8.531606284229111e-302,normal,0.3722627737226277,0
984,abb,bbb,known,bbb,0.5579710144927537,4.760389013664069e-302,normal,0.5579710144927537,0
985,bbb,bbb,known,bbb,0.6628787878787878,3.1555608992091364e-302,normal,0.6628787878787878,0
986,bbb,bbb,known,bbb,0.6628787878787878,2.0917543839454503e-302,normal,0.6628787878787878,0
987,bbb,bbb,known,bbb,0.6628787878787878,1.3865796105699008e-302,normal,0.6628787878787878,0
988,bbb,bbb,known,bbb,0.6628787878787878,9.191342115520175e-303,normal,0.6628787878787878,0
989,bbb,bbb,known,bbb,0.6628787878787878,6.092745720515267e-303,normal,0.6628787878787878,0
990,bbb,bbb,known,bbb,0.6628787878787878,4.038751898068832e-303,normal,0.6628787878787878,0
991,bbb,bbb,known,bbb,0.6628787878787878,2.6772029627350212e-303,normal,0.6628787878787878,0
992,bbb,bbb,known,bbb,0.6628787878787878,1.7746610548432905e-303,normal,0.6628787878787878,0
993,bbb,bbb,known,bbb,0.6628787878787878,1.1763851689302114e-303,normal,0.6628787878787878,0
994,bbb,bbb,known,bbb,0.6628787878787878,7.798007748590416e-304,normal,0.6628787878787878,0
995,bbb,bbb,known,bbb,0.6628787878787878,5.16913392425501e-304,normal,0.6628787878787878,0
996,bbb,bbb,known,bbb,0.6628787878787878,3.4265092300932832e-304,normal,0.6628787878787878,0
997,bbb,bbb,known,bbb,0.6628787878787878,2.271360285099714e-304,normal,0.6628787878787878,0
998,bbb,bbb,known,bbb,0.6628787878787878,1.5056365526229165e-304,normal,0.6628787878787878,0
999,bbb,bbb,known,bbb,0.6628787878787878,9.980545329886757e-305,normal,0.6628787878787878,0
1000,bbb,bbb,known,bbb,0.6628787878787878,6.61589179064463e-305,normal,0.6628787878787878,0
1001,bbb,bbb,known,bbb,0.6628787878787878,4.3855343309197354e-305,normal,0.6628787878787878,0
1002,bbb,bbb,known,bbb,0.6628787878787878,2.907077681480885e-305,normal,0.6628787878787878,0
1003,bbb,bbb,known,bbb,0.6628787878787878,1.927040129769526e-305,normal,0.6628787878787878,0
1004,bbb,bbb,known,bbb,0.6628787878787878,1.2773940254154054e-305,normal,0.6628787878787878,0
1005,bbb,bbb,known,bbb,0.6628787878787878,8.467574032109694e-306,normal,0.6628787878787878,0
1006,bbb,bbb,known,bbb,0.6628787878787878,5.612975210678774e-306,normal,0.6628787878787878,0
1007,bbb,bba,known,bba,0.2916666666666667,1.637117769781309e-306,normal,0.2916666666666667,0
1008,bba,baa,known,baa,0.5652173913043478,9.253274350937832e-307,normal,0.5652173913043478,0
1009,baa,aaa,known,aaa,0.7941176470588235,7.348188455156514e-307,normal,0.7941176470588235,0
1010,aaa,aaa,known,aaa,0.9410488245931284,6.915004108613833e-307,normal,0.9410488245931284,0
1011,aaa,aab,known,aab,0.05786618444846293,4.00144903210927e-308,anomaly,0.05786618444846293,0
1012,aab,abb,known,abb,0.42574257425742573,1.703587211690085e-308,normal,0.42574257425742573,0
1013,abb,bbb,known,bbb,0.5579710144927537,9.50552284783598e-309,normal,0.5579710144927537,0
1014,bbb,bbb,known,bbb,0.6628787878787878,6.30100946352764e-309,normal,0.6628787878787878,0
1015,bbb,bbb,known,bbb,0.6628787878787878,4.17680551559597e-309,normal,0.6628787878787878,0
1016,bbb,bbb,known,bbb,0.6628787878787878,2.768715777383695e-309,normal,0.6628787878787878,0
1017,bbb,bbb,known,bbb,0.6628787878787878,1.83532295849298e-309,normal,0.6628787878787878,0
1018,bbb,bbb,known,bbb,0.6628787878787878,1.21659665809194e-309,normal,0.6628787878787878,0
1019,bbb,bbc,known,bbc,0.045454545454545456,5.529984809509e-311,anomaly,0.045454545454545456,0
1020,bbc,bcb,known,bcb,0.6666666666666666,3.686656539673e-311,normal,0.6666666666666666,0
1021,bcb,cbb,known,cbb,0.6111111111111112,2.2529567742447e-311,normal,0.6111111111111112,0
1022,cbb,bbb,known,bbb,0.75,1.6897175806834e-311,normal,0.75,0
1023,bbb,bbb,known,bbb,0.6628787878787878,1.120077941741e-311,normal,0.6628787878787878,0
1024,bbb,bbb,known,bbb,0.6628787878787878,7.42475908351e-312,normal,0.6628787878787878,0
1025,bbb,bbb,known,bbb,0.6628787878787878,4.921715301566e-312,normal,0.6628787878787878,0
1026,bbb,bbb,known,bbb,0.6628787878787878,3.262500673386e-312,normal,0.6628787878787878,0
1027,bbb,bbb,known,bbb,0.6628787878787878,2.162642491827e-312,normal,0.6628787878787878,0
1028,bbb,bbb,known,bbb,0.6628787878787878,1.4335698336e-312,normal,0.6628787878787878,0
1029,bbb,bbb,known,bbb,0.6628787878787878,9.5028303364e-313,normal,0.6628787878787878,0
1030,bbb,bbb,known,bbb,0.6628787878787878,6.2992246548e-313,normal,0.6628787878787878,0
1031,bbb,bbb,known,bbb,0.6628787878787878,4.17562240375e-313,normal,0.6628787878787878,0
1032,bbb,bbb,known,bbb,0.6628787878787878,2.76793151764e-313,normal,0.6628787878787878,0
1033,bbb,bbb,known,bbb,0.6628787878787878,1.83480308935e-313,normal,0.6628787878787878,0
1034,bbb,bbb,known,bbb,0.6628787878787878,1.2162520479e-313,normal,0.6628787878787878,0
1035,bbb,bbb,known,bbb,0.6628787878787878,8.0622768326e-314,normal,0.6628787878787878,0
1036,bbb,bbb,known,bbb,0.6628787878787878,5.344312294e-314,normal,0.6628787878787878,0
1037,bbb,bbb,known,bbb,0.6628787878787878,3.5426312557e-314,normal,0.6628787878787878,0
1038,bbb,bbb,known,bbb,0.6628787878787878,2.3483351125e-314,normal,0.6628787878787878,0
1039,bbb,bbb,known,bbb,0.6628787878787878,1.556661533e-314,normal,0.6628787878787878,0
1040,bbb,bbb,known,bbb,0.6628787878787878,1.03187791e-314,normal,0.6628787878787878,0
1041,bbb,bbb,known,bbb,0.6628787878787878,6.840099783e-315,normal,0.6628787878787878,0
1042,bbb,bbb,known,bbb,0.6628787878787878,4.53415705e-315,normal,0.6628787878787878,0
1043,bbb,bbb,known,bbb,0.6628787878787878,3.00559653e-315,normal,0.6628787878787878,0
1044,bbb,bbb,known,bbb,0.6628787878787878,1.992346184e-315,normal,0.6628787878787878,0
1045,bbb,bbb,known,bbb,0.6628787878787878,1.32068402e-315,normal,0.6628787878787878,0
1046,bbb,bbb,known,bbb,0.6628787878787878,8.75453426e-316,normal,0.6628787878787878,0
1047,bbb,bbb,known,bbb,0.6628787878787878,5.8031951e-316,normal,0.6628787878787878,0
1048,bbb,bbb,known,bbb,0.6628787878787878,3.84681493e-316,normal,0.6628787878787878,0
1049,bbb,bbb,known,bbb,0.6628787878787878,2.549972e-316,normal,0.6628787878787878,0
1050,bbb,bbb,known,bbb,0.6628787878787878,1.69032234e-316,normal,0.6628787878787878,0
1051,bbb,bba,known,bba,0.2916666666666667,4.9301067e-317,normal,0.2916666666666667,0
1052,bba,bab,known,bab,0.427536231884058,2.107799e-317,normal,0.427536231884058,0
1053,bab,abb,known,abb,0.3722627737226277,7.846553e-318,normal,0.3722627737226277,0
1054,abb,bbb,known,bbb,0.5579710144927537,4.37815e-318,normal,0.5579710144927537,0
1055,bbb,bbb,known,bbb,0.6628787878787878,2.90218e-318,normal,0.6628787878787878,0
1056,bbb,bbb,known,bbb,0.6628787878787878,1.923793e-318,normal,0.6628787878787878,0
1057,bbb,bbb,known,bbb,0.6628787878787878,1.275243e-318,normal,0.6628787878787878,0
1058,bbb,bbb,known,bbb,0.6628787878787878,8.4533e-319,normal,0.6628787878787878,0
1059,bbb,bbb,known,bbb,0.6628787878787878,5.60354e-319,normal,0.6628787878787878,0
1060,bbb,bbb,known,bbb,0.6628787878787878,3.7145e-319,normal,0.6628787878787878,0
1061,bbb,bbb,known,bbb,0.6628787878787878,2.46227e-319,normal,0.6628787878787878,0
1062,bbb,bbb,known,bbb,0.6628787878787878,1.6322e-319,normal,0.6628787878787878,0
1063,bbb,bbb,known,bbb,0.6628787878787878,1.08195e-319,normal,0.6628787878787878,0
1064,bbb,bbb,known,bbb,0.6628787878787878,7.172e-320,normal,0.6628787878787878,0
1065,bbb,bbb,known,bbb,0.6628787878787878,4.754e-320,normal,0.6628787878787878,0
1066,bbb,bbb,known,bbb,0.6628787878787878,3.151e-320,normal,0.6628787878787878,0
1067,bbb,bbb,known,bbb,0.6628787878787878,2.089e-320,normal,0.6628787878787878,0
1068,bbb,bbb,known,bbb,0.6628787878787878,1.385e-320,normal,0.6628787878787878,0
1069,bbb,bbb,known,bbb,0.6628787878787878,9.18e-321,normal,0.6628787878787878,0
1070,bbb,bbb,known,bbb,0.6628787878787878,6.087e-321,normal,0.6628787878787878,0
1071,bbb,bbb,known,bbb,0.6628787878787878,4.037e-321,normal,0.6628787878787878,0
1072,bbb,bbb,known,bbb,0.6628787878787878,2.68e-321,normal,0.6628787878787878,0
1073,bbb,bbb,known,bbb,0.6628787878787878,1.774e-321,normal,0.6628787878787878,0
1074,bbb,bba,known,bba,0.2916666666666667,5.2e-322,normal,0.2916666666666667,0
1075,bba,bab,known,bab,0.427536231884058,2.2e-322,normal,0.427536231884058,0
1076,bab,abb,known,abb,0.3722627737226277,8.4e-323,normal,0.3722627737226277,0
1077,abb,bbb,known,bbb,0.5579710144927537,4.4e-323,normal,0.5579710144927537,0
1078,bbb,bbb,known,bbb,0.6628787878787878,3e-323,normal,0.6628787878787878,0
1079,bbb,bbc,known,bbc,0.045454545454545456,0.0,anomaly,0.045454545454545456,0
1080,bbc,bcc,known,bcc,0.26666666666666666,0.0,normal,0.26666666666666666,0
1081,bcc,ccb,known,ccb,0.0,0.0,anomaly,0.0,0
1082,ccb,cbb,known,cbb,0.25,0.0,normal,0.25,0
1083,cbb,bbb,known,bbb,0.75,0.0,normal,0.75,0
1084,bbb,bba,known,bba,0.2916666666666667,0.0,normal,0.2916666666666667,0
1085,bba,bab,known,bab,0.427536231884058,0.0,normal,0.427536231884058,0
1086,bab,aba,known,aba,0.5985401459854015,0.0,normal,0.5985401459854015,0
1087,aba,bab,known,bab,0.36683417085427134,0.0,normal,0.36683417085427134,0
1088,bab,abb,known,abb,0.3722627737226277,0.0,normal,0.3722627737226277,0
1089,abb,bbb,known,bbb,0.5579710144927537,0.0,normal,0.5579710144927537,0
1090,bbb,bbb,known,bbb,0.6628787878787878,0.0,normal,0.6628787878787878,0
1091,bbb,bbb,known,bbb,0.6628787878787878,0.0,normal,0.6628787878787878,0
1092,bbb,bbb,known,bbb,0.6628787878787878,0.0,normal,0.6628787878787878,0
1093,bbb,bbb,known,bbb,0.6628787878787878,0.0,normal,0.6628787878787878,0
1094,bbb,bbb,known,bbb,0.6628787878787878,0.0,normal,0.6628787878787878,0
1095,bbb,bba,known,bba,0.2916666666666667,0.0,normal,0.2916666666666667,0
1096,bba,bab,known,bab,0.427536231884058,0.0,normal,0.427536231884058,0
1097,bab,abb,known,abb,0.3722627737226277,0.0,normal,0.3722627737226277,0
1098,abb,bbb,known,bbb,0.5579710144927537,0.0,normal,0.5579710144927537,0
1099,bbb,bbb,known,bbb,0.6628787878787878,0.0,normal,0.6628787878787878,0
1100,bbb,bbb,known,bbb,0.6628787878787878,0.0,normal,0.6628787878787878,0
1101,bbb,bbb,known,bbb,0.6628787878787878,0.0,normal,0.6628787878787878,0
1102,bbb,bbb,known,bbb,0.6628787878787878,0.0,normal,0.6628787878787878,0
1103,bbb,bba,known,bba,0.2916666666666667,0.0,normal,0.2916666666666667,0
1104,bba,bab,known,bab,0.427536231884058,0.0,normal,0.427536231884058,0
1105,bab,abb,known,abb,0.3722627737226277,0.0,normal,0.3722627737226277,0
1106,abb,bbb,known,bbb,0.5579710144927537,0.0,normal,0.5579710144927537,0
1107,bbb,bbb,known,bbb,0.6628787878787878,0.0,normal,0.6628787878787878,0
1108,bbb,bbb,known,bbb,0.6628787878787878,0.0,normal,0.6628787878787878,0
1109,bbb,bbb,known,bbb,0.6628787878787878,0.0,normal,0.6628787878787878,0
1110,bbb,bbb,known,bbb,0.6628787878787878,0.0,normal,0.6628787878787878,0
1111,bbb,bbb,known,bbb,0.6628787878787878,0.0,normal,0.6628787878787878,0
1112,bbb,bba,known,bba,0.2916666666666667,0.0,normal,0.2916666666666667,0
1113,bba,bab,known,bab,0.427536231884058,0.0,normal,0.427536231884058,0
1114,bab,abb,known,abb,0.3722627737226277,0.0,normal,0.3722627737226277,0
1115,abb,bbb,known,bbb,0.5579710144927537,0.0,normal,0.5579710144927537,0
1116,bbb,bbb,known,bbb,0.6628787878787878,0.0,normal,0.6628787878787878,0
1117,bbb,bbb,known,bbb,0.6628787878787878,0.0,normal,0.6628787878787878,0
1118,bbb,bbb,known,bbb,0.6628787878787878,0.0,normal,0.6628787878787878,0
1119,bbb,bbb,known,bbb,0.6628787878787878,0.0,normal,0.6628787878787878,0
1120,bbb,bbb,known,bbb,0.6628787878787878,0.0,normal,0.6628787878787878,0
1121,bbb,bbc,known,bbc,0.045454545454545456,0.0,anomaly,0.045454545454545456,0
1122,bbc,bcb,known,bcb,0.6666666666666666,0.0,normal,0.6666666666666666,0
1123,bcb,cbb,known,cbb,0.6111111111111112,0.0,normal,0.6111111111111112,0
1124,cbb,bbb,known,bbb,0.75,0.0,normal,0.75,0
1125,bbb,bbb,known,bbb,0.6628787878787878,0.0,normal,0.6628787878787878,0
1126,bbb,bbb,known,bbb,0.6628787878787878,0.0,normal,0.6628787878787878,0
1127,bbb,bbb,known,bbb,0.6628787878787878,0.0,normal,0.6628787878787878,0
1128,bbb,bbb,known,bbb,0.6628787878787878,0.0,normal,0.6628787878787878,0
1129,bbb,bbb,known,bbb,0.6628787878787878,0.0,normal,0.6628787878787878,0
1130,bbb,bbb,known,bbb,0.6628787878787878,0.0,normal,0.6628787878787878,0
1131,bbb,bbb,known,bbb,0.6628787878787878,0.0,normal,0.6628787878787878,0
1132,bbb,bbb,known,bbb,0.6628787878787878,0.0,normal,0.6628787878787878,0
1133,bbb,bbb,known,bbb,0.6628787878787878,0.0,normal,0.6628787878787878,0
1134,bbb,bbb,known,bbb,0.6628787878787878,0.0,normal,0.6628787878787878,0
1135,bbb,bbb,known,bbb,0.6628787878787878,0.0,normal,0.6628787878787878,0
1136,bbb,bbb,known,bbb,0.6628787878787878,0.0,normal,0.6628787878787878,0
1137,bbb,bbb,known,bbb,0.6628787878787878,0.0,normal,0.6628787878787878,0
1138,bbb,bbb,known,bbb,0.6628787878787878,0.0,normal,0.6628787878787878,0
1139,bbb,bbb,known,bbb,0.6628787878787878,0.0,normal,0.6628787878787878,0
1140,bbb,bba,known,bba,0.2916666666666667,0.0,normal,0.2916666666666667,0
1141,bba,baa,known,baa,0.5652173913043478,0.0,normal,0.5652173913043478,0
1142,baa,aab,known,aab,0.20588235294117646,0.0,normal,0.20588235294117646,0
1143,aab,abb,known,abb,0.42574257425742573,0.0,normal,0.42574257425742573,0
1144,abb,bbb,known,bbb,0.5579710144927537,0.0,normal,0.5579710144927537,0
1145,bbb,bbb,known,bbb,0.6628787878787878,0.0,normal,0.6628787878787878,0
1146,bbb,bbb,known,bbb,0.6628787878787878,0.0,normal,0.6628787878787878,0
1147,bbb,bbb,known,bbb,0.6628787878787878,0.0,normal,0.6628787878787878,0
1148,bbb,bbb,known,bbb,0.6628787878787878,0.0,normal,0.6628787878787878,0
1149,bbb,bbb,known,bbb,0.6628787878787878,0.0,normal,0.6628787878787878,0
1150,bbb,bbb,known,bbb,0.6628787878787878,0.0,normal,0.6628787878787878,0
1151,bbb,bbb,known,bbb,0.6628787878787878,0.0,normal,0.6628787878787878,0
1152,bbb,bbb,known,bbb,0.6628787878787878,0.0,normal,0.6628787878787878,0
1153,bbb,bbb,known,bbb,0.6628787878787878,0.0,normal,0.6628787878787878,0
1154,bbb,bba,known,bba,0.2916666666666667,0.0,normal,0.2916666666666667,0
1155,bba,bab,known,bab,0.427536231884058,0.0,normal,0.427536231884058,0
1156,bab,abb,known,abb,0.3722627737226277,0.0,normal,0.3722627737226277,0
1157,abb,bbb,known,bbb,0.5579710144927537,0.0,normal,0.5579710144927537,0
1158,bbb,bbb,known,bbb,0.6628787878787878,0.0,normal,0.6628787878787878,0
1159,bbb,bbb,known,bbb,0.6628787878787878,0.0,normal,0.6628787878787878,0
1160,bbb,bbb,known,bbb,0.6628787878787878,0.0,normal,0.6628787878787878,0
1161,bbb,bbb,known,bbb,0.6628787878787878,0.0,normal,0.6628787878787878,0
1162,bbb,bbb,known,bbb,0.6628787878787878,0.0,normal,0.6628787878787878,0
1163,bbb,bbb,known,bbb,0.6628787878787878,0.0,normal,0.6628787878787878,0
1164,bbb,bbb,known,bbb,0.6628787878787878,0.0,normal,0.6628787878787878,0
1165,bbb,bbb,known,bbb,0.6628787878787878,0.0,normal,0.6628787878787878,0
1166,bbb,bbb,known,bbb,0.6628787878787878,0.0,normal,0.6628787878787878,0
1167,bbb,bbb,known,bbb,0.6628787878787878,0.0,normal,0.6628787878787878,0
1168,bbb,bbb,known,bbb,0.6628787878787878,0.0,normal,0.6628787878787878,0
1169,bbb,bbb,known,bbb,0.6628787878787878,0.0,normal,0.6628787878787878,0
1170,bbb,bbb,known,bbb,0.6628787878787878,0.0,normal,0.6628787878787878,0
1171,bbb,bbb,known,bbb,0.6628787878787878,0.0,normal,0.6628787878787878,0
1172,bbb,bbb,known,bbb,0.6628787878787878,0.0,normal,0.6628787878787878,0
1173,bbb,bbb,known,bbb,0.6628787878787878,0.0,normal,0.6628787878787878,0
1174,bbb,bbb,known,bbb,0.6628787878787878,0.0,normal,0.6628787878787878,0
1175,bbb,bbb,known,bbb,0.6628787878787878,0.0,normal,0.6628787878787878,0
1176,bbb,bbb,known,bbb,0.6628787878787878,0.0,normal,0.6628787878787878,0
1177,bbb,bbb,known,bbb,0.6628787878787878,0.0,normal,0.6628787878787878,0
1178,bbb,bbb,known,bbb,0.6628787878787878,0.0,normal,0.6628787878787878,0
1179,bbb,bbb,known,bbb,0.6628787878787878,0.0,normal,0.6628787878787878,0
1180,bbb,bbb,known,bbb,0.6628787878787878,0.0,normal,0.6628787878787878,0
1181,bbb,bbb,known,bbb,0.6628787878787878,0.0,normal,0.6628787878787878,0
1182,bbb,bbb,known,bbb,0.6628787878787878,0.0,normal,0.6628787878787878,0
1183,bbb,bbb,known,bbb,0.6628787878787878,0.0,normal,0.6628787878787878,0
1184,bbb,bbb,known,bbb,0.6628787878787878,0.0,normal,0.6628787878787878,0
1185,bbb,bbb,known,bbb,0.6628787878787878,0.0,normal,0.6628787878787878,0
1186,bbb,bbb,known,bbb,0.6628787878787878,0.0,normal,0.6628787878787878,0
1187,bbb,bbb,known,bbb,0.6628787878787878,0.0,normal,0.6628787878787878,0
1188,bbb,bbb,known,bbb,0.6628787878787878,0.0,normal,0.6628787878787878,0
1189,bbb,bbb,known,bbb,0.6628787878787878,0.0,normal,0.6628787878787878,0
1190,bbb,bbb,known,bbb,0.6628787878787878,0.0,normal,0.6628787878787878,0
1191,bbb,bbb,known,bbb,0.6628787878787878,0.0,normal,0.6628787878787878,0
1192,bbb,bbb,known,bbb,0.6628787878787878,0.0,normal,0.6628787878787878,0
1193,bbb,bbb,known,bbb,0.6628787878787878,0.0,normal,0.6628787878787878,0
1194,bbb,bbb,known,bbb,0.6628787878787878,0.0,normal,0.6628787878787878,0
1195,bbb,bbb,known,bbb,0.6628787878787878,0.0,normal,0.6628787878787878,0
1196,bbb,bbb,known,bbb,0.6628787878787878,0.0,normal,0.6628787878787878,0
1197,bbb,bbb,known,bbb,0.6628787878787878,0.0,normal,0.6628787878787878,0
1198,bbb,bbb,known,bbb,0.6628787878787878,0.0,normal,0.6628787878787878,0
1199,bbb,bbb,known,bbb,0.6628787878787878,0.0,normal,0.6628787878787878,0
1200,bbb,bbb,known,bbb,0.6628787878787878,0.0,normal,0.6628787878787878,0
1201,bbb,bbb,known,bbb,0.6628787878787878,0.0,normal,0.6628787878787878,0
1202,bbb,bbb,known,bbb,0.6628787878787878,0.0,normal,0.6628787878787878,0
1203,bbb,bbb,known,bbb,0.6628787878787878,0.0,normal,0.6628787878787878,0
1204,bbb,bbc,known,bbc,0.045454545454545456,0.0,anomaly,0.045454545454545456,0
1205,bbc,bcb,known,bcb,0.6666666666666666,0.0,normal,0.6666666666666666,0
1206,bcb,cbb,known,cbb,0.6111111111111112,0.0,normal,0.6111111111111112,0
1207,cbb,bbb,known,bbb,0.75,0.0,normal,0.75,0
1208,bbb,bbb,known,bbb,0.6628787878787878,0.0,normal,0.6628787878787878,0
1209,bbb,bbb,known,bbb,0.6628787878787878,0.0,normal,0.6628787878787878,0
1210,bbb,bba,known,bba,0.2916666666666667,0.0,normal,0.2916666666666667,0
1211,bba,bab,known,bab,0.427536231884058,0.0,normal,0.427536231884058,0
1212,bab,abb,known,abb,0.3722627737226277,0.0,normal,0.3722627737226277,0
1213,abb,bbb,known,bbb,0.5579710144927537,0.0,normal,0.5579710144927537,0
1214,bbb,bbb,known,bbb,0.6628787878787878,0.0,normal,0.6628787878787878,0
1215,bbb,bbb,known,bbb,0.6628787878787878,0.0,normal,0.6628787878787878,0
1216,bbb,bbc,known,bbc,0.045454545454545456,0.0,anomaly,0.045454545454545456,0
1217,bbc,bcb,known,bcb,0.6666666666666666,0.0,normal,0.6666666666666666,0
1218,bcb,cbb,known,cbb,0.6111111111111112,0.0,normal,0.6111111111111112,0
1219,cbb,bbb,known,bbb,0.75,0.0,normal,0.75,0
1220,bbb,bbb,known,bbb,0.6628787878787878,0.0,normal,0.6628787878787878,0
1221,bbb,bbb,known,bbb,0.6628787878787878,0.0,normal,0.6628787878787878,0
1222,bbb,bbb,known,bbb,0.6628787878787878,0.0,normal,0.6628787878787878,0
1223,bbb,bbb,known,bbb,0.6628787878787878,0.0,normal,0.6628787878787878,0
1224,bbb,bbc,known,bbc,0.045454545454545456,0.0,anomaly,0.045454545454545456,0
1225,bbc,bcb,known,bcb,0.6666666666666666,0.0,normal,0.6666666666666666,0
1226,bcb,cbb,known,cbb,0.6111111111111112,0.0,normal,0.6111111111111112,0
1227,cbb,bbb,known,bbb,0.75,0.0,normal,0.75,0
1228,bbb,bbb,known,bbb,0.6628787878787878,0.0,normal,0.6628787878787878,0
1229,bbb,bbb,known,bbb,0.6628787878787878,0.0,normal,0.6628787878787878,0
1230,bbb,bbc,known,bbc,0.045454545454545456,0.0,anomaly,0.045454545454545456,0
1231,bbc,bcc,known,bcc,0.26666666666666666,0.0,normal,0.26666666666666666,0
1232,bcc,ccb,known,ccb,0.0,0.0,anomaly,0.0,0
1233,ccb,cbb,known,cbb,0.25,0.0,normal,0.25,0
1234,cbb,bbb,known,bbb,0.75,0.0,normal,0.75,0
1235,bbb,bbb,known,bbb,0.6628787878787878,0.0,normal,0.6628787878787878,0
1236,bbb,bbb,known,bbb,0.6628787878787878,0.0,normal,0.6628787878787878,0
1237,bbb,bbb,known,bbb,0.6628787878787878,0.0,normal,0.6628787878787878,0
1238,bbb,bba,known,bba,0.2916666666666667,0.0,normal,0.2916666666666667,0
1239,bba,bab,known,bab,0.427536231884058,0.0,normal,0.427536231884058,0
1240,bab,abb,known,abb,0.3722627737226277,0.0,normal,0.3722627737226277,0
1241,abb,bbb,known,bbb,0.5579710144927537,0.0,normal,0.5579710144927537,0
1242,bbb,bbb,known,bbb,0.6628787878787878,0.0,normal,0.6628787878787878,0
1243,bbb,bba,known,bba,0.2916666666666667,0.0,normal,0.2916666666666667,0
1244,bba,baa,known,baa,0.5652173913043478,0.0,normal,0.5652173913043478,0
1245,baa,aab,known,aab,0.20588235294117646,0.0,normal,0.20588235294117646,0
1246,aab,abb,known,abb,0.42574257425742573,0.0,normal,0.42574257425742573,0
1247,abb,bbb,known,bbb,0.5579710144927537,0.0,normal,0.5579710144927537,0
1248,bbb,bbb,known,bbb,0.6628787878787878,0.0,normal,0.6628787878787878,0
1249,bbb,bbb,known,bbb,0.6628787878787878,0.0,normal,0.6628787878787878,0
1250,bbb,bbb,known,bbb,0.6628787878787878,0.0,normal,0.6628787878787878,0
1251,bbb,bbb,known,bbb,0.6628787878787878,0.0,normal,0.6628787878787878,0
1252,bbb,bbb,known,bbb,0.6628787878787878,0.0,normal,0.6628787878787878,0
1253,bbb,bbb,known,bbb,0.6628787878787878,0.0,normal,0.6628787878787878,0
1254,bbb,bbb,known,bbb,0.6628787878787878,0.0,normal,0.6628787878787878,0
1255,bbb,bbb,known,bbb,0.6628787878787878,0.0,normal,0.6628787878787878,0
1256,bbb,bbb,known,bbb,0.6628787878787878,0.0,normal,0.6628787878787878,0
1257,bbb,bbb,known,bbb,0.6628787878787878,0.0,normal,0.6628787878787878,0
1258,bbb,bbb,known,bbb,0.6628787878787878,0.0,normal,0.6628787878787878,0
1259,bbb,bbb,known,bbb,0.6628787878787878,0.0,normal,0.6628787878787878,0
1260,bbb,bbb,known,bbb,0.6628787878787878,0.0,normal,0.6628787878787878,0
1261,bbb,bbb,known,bbb,0.6628787878787878,0.0,normal,0.6628787878787878,0
1262,bbb,bbb,known,bbb,0.6628787878787878,0.0,normal,0.6628787878787878,0
1263,bbb,bbb,known,bbb,0.6628787878787878,0.0,normal,0.6628787878787878,0
1264,bbb,bbb,known,bbb,0.6628787878787878,0.0,normal,0.6628787878787878,0
1265,bbb,bbb,known,bbb,0.6628787878787878,0.0,normal,0.6628787878787878,0
1266,bbb,bbc,known,bbc,0.045454545454545456,0.0,anomaly,0.045454545454545456,0
1267,bbc,bcb,known,bcb,0.6666666666666666,0.0,normal,0.6666666666666666,0
1268,bcb,cbb,known,cbb,0.6111111111111112,0.0,normal,0.6111111111111112,0
1269,cbb,bbb,known,bbb,0.75,0.0,normal,0.75,0
1270,bbb,bbb,known,bbb,0.6628787878787878,0.0,normal,0.6628787878787878,0
1271,bbb,bbb,known,bbb,0.6628787878787878,0.0,normal,0.6628787878787878,0
1272,bbb,bbb,known,bbb,0.6628787878787878,0.0,normal,0.6628787878787878,0
1273,bbb,bbb,known,bbb,0.6628787878787878,0.0,normal,0.6628787878787878,0
1274,bbb,bbb,known,bbb,0.6628787878787878,0.0,normal,0.6628787878787878,0
1275,bbb,bbb,known,bbb,0.6628787878787878,0.0,normal,0.6628787878787878,0
1276,bbb,bbb,known,bbb,0.6628787878787878,0.0,normal,0.6628787878787878,0
1277,bbb,bbc,known,bbc,0.045454545454545456,0.0,anomaly,0.045454545454545456,0
1278,bbc,bcc,known,bcc,0.26666666666666666,0.0,normal,0.26666666666666666,0
1279,bcc,ccb,known,ccb,0.0,0.0,anomaly,0.0,0
1280,ccb,cbb,known,cbb,0.25,0.0,normal,0.25,0
1281,cbb,bbc,known,bbc,0.125,0.0,anomaly,0.125,0
1282,bbc,bcc,known,bcc,0.26666666666666666,0.0,normal,0.26666666666666666,0
1283,bcc,ccb,known,ccb,0.0,0.0,anomaly,0.0,0
1284,ccb,cbb,known,cbb,0.25,0.0,normal,0.25,0
1285,cbb,bbc,known,bbc,0.125,0.0,anomaly,0.125,0
1286,bbc,bcb,known,bcb,0.6666666666666666,0.0,normal,0.6666666666666666,0
1287,bcb,cba,known,cba,0.2777777777777778,0.0,normal,0.2777777777777778,0
1288,cba,baa,known,baa,0.0,0.0,anomaly,0.0,0
1289,baa,aab,known,aab,0.20588235294117646,0.0,normal,0.20588235294117646,0
1290,aab,abb,known,abb,0.42574257425742573,0.0,normal,0.42574257425742573,0
1291,abb,bbb,known,bbb,0.5579710144927537,0.0,normal,0.5579710144927537,0
1292,bbb,bbb,known,bbb,0.6628787878787878,0.0,normal,0.6628787878787878,0
1293,bbb,bbb,known,bbb,0.6628787878787878,0.0,normal,0.6628787878787878,0
1294,bbb,bbb,known,bbb,0.6628787878787878,0.0,normal,0.6628787878787878,0
1295,bbb,bbb,known,bbb,0.6628787878787878,0.0,normal,0.6628787878787878,0
1296,bbb,bbb,known,bbb,0.6628787878787878,0.0,normal,0.6628787878787878,0
1297,bbb,bbb,known,bbb,0.6628787878787878,0.0,normal,0.6628787878787878,0
1298,bbb,bbb,known,bbb,0.6628787878787878,0.0,normal,0.6628787878787878,0
1299,bbb,bbb,known,bbb,0.6628787878787878,0.0,normal,0.6628787878787878,0
1300,bbb,bbb,known,bbb,0.6628787878787878,0.0,normal,0.6628787878787878,0
1301,bbb,bbb,known,bbb,0.6628787878787878,0.0,normal,0.6628787878787878,0
1302,bbb,bbb,known,bbb,0.6628787878787878,0.0,normal,0.6628787878787878,0
1303,bbb,bbb,known,bbb,0.6628787878787878,0.0,normal,0.6628787878787878,0
1304,bbb,bbb,known,bbb,0.6628787878787878,0.0,normal,0.6628787878787878,0
1305,bbb,bbc,known,bbc,0.045454545454545456,0.0,anomaly,0.045454545454545456,0
1306,bbc,bcb,known,bcb,0.6666666666666666,0.0,normal,0.6666666666666666,0
1307,bcb,cbc,known,cbc,0.1111111111111111,0.0,anomaly,0.1111111111111111,0
1308,cbc,bcb,known,bcb,0.36363636363636365,0.0,normal,0.36363636363636365,0
1309,bcb,cbb,known,cbb,0.6111111111111112,0.0,normal,0.6111111111111112,0
1310,cbb,bbb,known,bbb,0.75,0.0,normal,0.75,0
1311,bbb,bbc,known,bbc,0.045454545454545456,0.0,anomaly,0.045454545454545456,0
1312,bbc,bcb,known,bcb,0.6666666666666666,0.0,normal,0.6666666666666666,0
1313,bcb,cbb,known,cbb,0.6111111111111112,0.0,normal,0.6111111111111112,0
1314,cbb,bbb,known,bbb,0.75,0.0,normal,0.75,0
1315,bbb,bbb,known,bbb,0.6628787878787878,0.0,normal,0.6628787878787878,0
1316,bbb,bbb,known,bbb,0.6628787878787878,0.0,normal,0.6628787878787878,0
1317,bbb,bbb,known,bbb,0.6628787878787878,0.0,normal,0.6628787878787878,0
1318,bbb,bbb,known,bbb,0.6628787878787878,0.0,normal,0.6628787878787878,0
1319,bbb,bbb,known,bbb,0.6628787878787878,0.0,normal,0.6628787878787878,0
1320,bbb,bbb,known,bbb,0.6628787878787878,0.0,normal,0.6628787878787878,0
1321,bbb,bbb,known,bbb,0.6628787878787878,0.0,normal,0.6628787878787878,0
1322,bbb,bbb,known,bbb,0.6628787878787878,0.0,normal,0.6628787878787878,0
1323,bbb,bbb,known,bbb,0.6628787878787878,0.0,normal,0.6628787878787878,0
1324,bbb,bbb,known,bbb,0.6628787878787878,0.0,normal,0.6628787878787878,0
1325,bbb,bbb,known,bbb,0.6628787878787878,0.0,normal,0.6628787878787878,0
1326,bbb,bbb,known,bbb,0.6628787878787878,0.0,normal,0.6628787878787878,0
1327,bbb,bbb,known,bbb,0.6628787878787878,0.0,normal,0.6628787878787878,0
1328,bbb,bba,known,bba,0.2916666666666667,0.0,normal,0.2916666666666667,0
1329,bba,bab,known,bab,0.427536231884058,0.0,normal,0.427536231884058,0
1330,bab,abb,known,abb,0.3722627737226277,0.0,normal,0.3722627737226277,0
1331,abb,bbb,known,bbb,0.5579710144927537,0.0,normal,0.5579710144927537,0
1332,bbb,bbb,known,bbb,0.6628787878787878,0.0,normal,0.6628787878787878,0
1333,bbb,bbb,known,bbb,0.6628787878787878,0.0,normal,0.6628787878787878,0
1334,bbb,bbb,known,bbb,0.6628787878787878,0.0,normal,0.6628787878787878,0
1335,bbb,bbb,known,bbb,0.6628787878787878,0.0,normal,0.6628787878787878,0
1336,bbb,bbb,known,bbb,0.6628787878787878,0.0,normal,0.6628787878787878,0
1337,bbb,bbb,known,bbb,0.6628787878787878,0.0,normal,0.6628787878787878,0
1338,bbb,bbb,known,bbb,0.6628787878787878,0.0,normal,0.6628787878787878,0
1339,bbb,bbb,known,bbb,0.6628787878787878,0.0,normal,0.6628787878787878,0
1340,bbb,bba,known,bba,0.2916666666666667,0.0,normal,0.2916666666666667,0
1341,bba,bab,known,bab,0.427536231884058,0.0,normal,0.427536231884058,0
1342,bab,aba,known,aba,0.5985401459854015,0.0,normal,0.5985401459854015,0
1343,aba,bab,known,bab,0.36683417085427134,0.0,normal,0.36683417085427134,0
1344,bab,abb,known,abb,0.3722627737226277,0.0,normal,0.3722627737226277,0
1345,abb,bbb,known,bbb,0.5579710144927537,0.0,normal,0.5579710144927537,0
1346,bbb,bbb,known,bbb,0.6628787878787878,0.0,normal,0.6628787878787878,0
1347,bbb,bbb,known,bbb,0.6628787878787878,0.0,normal,0.6628787878787878,0
1348,bbb,bbb,known,bbb,0.6628787878787878,0.0,normal,0.6628787878787878,0
1349,bbb,bbb,known,bbb,0.6628787878787878,0.0,normal,0.6628787878787878,0
1350,bbb,bbc,known,bbc,0.045454545454545456,0.0,anomaly,0.045454545454545456,0
1351,bbc,bcb,known,bcb,0.6666666666666666,0.0,normal,0.6666666666666666,0
1352,bcb,cbb,known,cbb,0.6111111111111112,0.0,normal,0.6111111111111112,0
1353,cbb,bbb,known,bbb,0.75,0.0,normal,0.75,0
1354,bbb,bbb,known,bbb,0.6628787878787878,0.0,normal,0.6628787878787878,0
1355,bbb,bba,known,bba,0.2916666666666667,0.0,normal,0.2916666666666667,0
1356,bba,baa,known,baa,0.5652173913043478,0.0,normal,0.5652173913043478,0
1357,baa,aaa,known,aaa,0.7941176470588235,0.0,normal,0.7941176470588235,0
1358,aaa,aab,known,aab,0.05786618444846293,0.0,anomaly,0.05786618444846293,0
1359,aab,aba,known,aba,0.5742574257425742,0.0,normal,0.5742574257425742,0
1360,aba,baa,known,baa,0.6331658291457286,0.0,normal,0.6331658291457286,0
1361,baa,aab,known,aab,0.20588235294117646,0.0,normal,0.20588235294117646,0
1362,aab,abb,known,abb,0.42574257425742573,0.0,normal,0.42574257425742573,0
1363,abb,bba,known,bba,0.43478260869565216,0.0,normal,0.43478260869565216,0
1364,bba,bab,known,bab,0.427536231884058,0.0,normal,0.427536231884058,0
1365,bab,abb,known,abb,0.3722627737226277,0.0,normal,0.3722627737226277,0
1366,abb,bbb,known,bbb,0.5579710144927537,0.0,normal,0.5579710144927537,0
1367,bbb,bba,known,bba,0.2916666666666667,0.0,normal,0.2916666666666667,0
1368,bba,bab,known,bab,0.427536231884058,0.0,normal,0.427536231884058,0
1369,bab,abb,known,abb,0.3722627737226277,0.0,normal,0.3722627737226277,0
1370,abb,bba,known,bba,0.43478260869565216,0.0,normal,0.43478260869565216,0
1371,bba,baa,known,baa,0.5652173913043478,0.0,normal,0.5652173913043478,0
1372,baa,aaa,known,aaa,0.7941176470588235,0.0,normal,0.7941176470588235,0
1373,aaa,aaa,known,aaa,0.9410488245931284,0.0,normal,0.9410488245931284,0
1374,aaa,aaa,known,aaa,0.9410488245931284,0.0,normal,0.9410488245931284,0
1375,aaa,aaa,known,aaa,0.9410488245931284,0.0,normal,0.9410488245931284,0
1376,aaa,aaa,known,aaa,0.9410488245931284,0.0,normal,0.9410488245931284,0
1377,aaa,aaa,known,aaa,0.9410488245931284,0.0,normal,0.9410488245931284,0
1378,aaa,aaa,known,aaa,0.9410488245931284,0.0,normal,0.9410488245931284,0
1379,aaa,aaa,known,aaa,0.9410488245931284,0.0,normal,0.9410488245931284,0
1380,aaa,aaa,known,aaa,0.9410488245931284,0.0,normal,0.9410488245931284,0
1381,aaa,aab,known,aab,0.05786618444846293,0.0,anomaly,0.05786618444846293,0
1382,aab,abb,known,abb,0.42574257425742573,0.0,normal,0.42574257425742573,0
1383,abb,bbb,known,bbb,0.5579710144927537,0.0,normal,0.5579710144927537,0
1384,bbb,bbb,known,bbb,0.6628787878787878,0.0,normal,0.6628787878787878,0
1385,bbb,bbb,known,bbb,0.6628787878787878,0.0,normal,0.6628787878787878,0
1386,bbb,bbb,known,bbb,0.6628787878787878,0.0,normal,0.6628787878787878,0
1387,bbb,bbb,known,bbb,0.6628787878787878,0.0,normal,0.6628787878787878,0
1388,bbb,bbb,known,bbb,0.6628787878787878,0.0,normal,0.6628787878787878,0
1389,bbb,bbb,known,bbb,0.6628787878787878,0.0,normal,0.6628787878787878,0
1390,bbb,bba,known,bba,0.2916666666666667,0.0,normal,0.2916666666666667,0
1391,bba,baa,known,baa,0.5652173913043478,0.0,normal,0.5652173913043478,0
1392,baa,aaa,known,aaa,0.7941176470588235,0.0,normal,0.7941176470588235,0
1393,aaa,aab,known,aab,0.05786618444846293,0.0,anomaly,0.05786618444846293,0
1394,aab,abb,known,abb,0.42574257425742573,0.0,normal,0.42574257425742573,0
1395,abb,bbb,known,bbb,0.5579710144927537,0.0,normal,0.5579710144927537,0
1396,bbb,bbb,known,bbb,0.6628787878787878,0.0,normal,0.6628787878787878,0
1397,bbb,bbb,known,bbb,0.6628787878787878,0.0,normal,0.6628787878787878,0
1398,bbb,bbb,known,bbb,0.6628787878787878,0.0,normal,0.6628787878787878,0
1399,bbb,bbb,known,bbb,0.6628787878787878,0.0,normal,0.6628787878787878,0
1400,bbb,bbb,known,bbb,0.6628787878787878,0.0,normal,0.6628787878787878,0
1401,bbb,bba,known,bba,0.2916666666666667,0.0,normal,0.2916666666666667,0
1402,bba,baa,known,baa,0.5652173913043478,0.0,normal,0.5652173913043478,0
1403,baa,aab,known,aab,0.20588235294117646,0.0,normal,0.20588235294117646,0
1404,aab,aba,known,aba,0.5742574257425742,0.0,normal,0.5742574257425742,0
1405,aba,baa,known,baa,0.6331658291457286,0.0,normal,0.6331658291457286,0
1406,baa,aaa,known,aaa,0.7941176470588235,0.0,normal,0.7941176470588235,0
1407,aaa,aaa,known,aaa,0.9410488245931284,0.0,normal,0.9410488245931284,0
1408,aaa,aaa,known,aaa,0.9410488245931284,0.0,normal,0.9410488245931284,0
1409,aaa,aaa,known,aaa,0.9410488245931284,0.0,normal,0.9410488245931284,0
1410,aaa,aab,known,aab,0.05786618444846293,0.0,anomaly,0.05786618444846293,0
1411,aab,abb,known,abb,0.42574257425742573,0.0,normal,0.42574257425742573,0
1412,abb,bbb,known,bbb,0.5579710144927537,0.0,normal,0.5579710144927537,0
1413,bbb,bbb,known,bbb,0.6628787878787878,0.0,normal,0.6628787878787878,0
1414,bbb,bbb,known,bbb,0.6628787878787878,0.0,normal,0.6628787878787878,0
1415,bbb,bbb,known,bbb,0.6628787878787878,0.0,normal,0.6628787878787878,0
1416,bbb,bbb,known,bbb,0.6628787878787878,0.0,normal,0.6628787878787878,0
1417,bbb,bbb,known,bbb,0.6628787878787878,0.0,normal,0.6628787878787878,0
1418,bbb,bbb,known,bbb,0.6628787878787878,0.0,normal,0.6628787878787878,0
1419,bbb,bbb,known,bbb,0.6628787878787878,0.0,normal,0.6628787878787878,0
1420,bbb,bbb,known,bbb,0.6628787878787878,0.0,normal,0.6628787878787878,0
1421,bbb,bbb,known,bbb,0.6628787878787878,0.0,normal,0.6628787878787878,0
1422,bbb,bbb,known,bbb,0.6628787878787878,0.0,normal,0.6628787878787878,0
1423,bbb,bbb,known,bbb,0.6628787878787878,0.0,normal,0.6628787878787878,0
1424,bbb,bbb,known,bbb,0.6628787878787878,0.0,normal,0.6628787878787878,0
1425,bbb,bbb,known,bbb,0.6628787878787878,0.0,normal,0.6628787878787878,0
1426,bbb,bbb,known,bbb,0.6628787878787878,0.0,normal,0.6628787878787878,0
1427,bbb,bbb,known,bbb,0.6628787878787878,0.0,normal,0.6628787878787878,0
1428,bbb,bbb,known,bbb,0.6628787878787878,0.0,normal,0.6628787878787878,0
1429,bbb,bbb,known,bbb,0.6628787878787878,0.0,normal,0.6628787878787878,0
1430,bbb,bbb,known,bbb,0.6628787878787878,0.0,normal,0.6628787878787878,0
1431,bbb,bba,known,bba,0.2916666666666667,0.0,normal,0.2916666666666667,0
1432,bba,baa,known,baa,0.5652173913043478,0.0,normal,0.5652173913043478,0
1433,baa,aaa,known,aaa,0.7941176470588235,0.0,normal,0.7941176470588235,0
1434,aaa,aaa,known,aaa,0.9410488245931284,0.0,normal,0.9410488245931284,0
1435,aaa,aaa,known,aaa,0.9410488245931284,0.0,normal,0.9410488245931284,0
1436,aaa,aab,known,aab,0.05786618444846293,0.0,anomaly,0.05786618444846293,0
1437,aab,abb,known,abb,0.42574257425742573,0.0,normal,0.42574257425742573,0
1438,abb,bbb,known,bbb,0.5579710144927537,0.0,normal,0.5579710144927537,0
1439,bbb,bbb,known,bbb,0.6628787878787878,0.0,normal,0.6628787878787878,0
1440,bbb,bba,known,bba,0.2916666666666667,0.0,normal,0.2916666666666667,0
1441,bba,bab,known,bab,0.427536231884058,0.0,normal,0.427536231884058,0
1442,bab,aba,known,aba,0.5985401459854015,0.0,normal,0.5985401459854015,0
1443,aba,baa,known,baa,0.6331658291457286,0.0,normal,0.6331658291457286,0
1444,baa,aaa,known,aaa,0.7941176470588235,0.0,normal,0.7941176470588235,0
1445,aaa,aab,known,aab,0.05786618444846293,0.0,anomaly,0.05786618444846293,0
1446,aab,abb,known,abb,0.42574257425742573,0.0,normal,0.42574257425742573,0
1447,abb,bbb,known,bbb,0.5579710144927537,0.0,normal,0.5579710144927537,0
1448,bbb,bbb,known,bbb,0.6628787878787878,0.0,normal,0.6628787878787878,0
1449,bbb,bbb,known,bbb,0.6628787878787878,0.0,normal,0.6628787878787878,0
1450,bbb,bbb,known,bbb,0.6628787878787878,0.0,normal,0.6628787878787878,0
1451,bbb,bbb,known,bbb,0.6628787878787878,0.0,normal,0.6628787878787878,0
1452,bbb,bba,known,bba,0.2916666666666667,0.0,normal,0.2916666666666667,0
1453,bba,bab,known,bab,0.427536231884058,0.0,normal,0.427536231884058,0
1454,bab,aba,known,aba,0.5985401459854015,0.0,normal,0.5985401459854015,0
1455,aba,baa,known,baa,0.6331658291457286,0.0,normal,0.6331658291457286,0
1456,baa,aab,known,aab,0.20588235294117646,0.0,normal,0.20588235294117646,0
1457,aab,abb,known,abb,0.42574257425742573,0.0,normal,0.42574257425742573,0
1458,abb,bbb,known,bbb,0.5579710144927537,0.0,normal,0.5579710144927537,0
1459,bbb,bbb,known,bbb,0.6628787878787878,0.0,normal,0.6628787878787878,0
1460,bbb,bba,known,bba,0.2916666666666667,0.0,normal,0.2916666666666667,0
1461,bba,bab,known,bab,0.427536231884058,0.0,normal,0.427536231884058,0
1462,bab,abb,known,abb,0.3722627737226277,0.0,normal,0.3722627737226277,0
1463,abb,bbb,known,bbb,0.5579710144927537,0.0,normal,0.5579710144927537,0
1464,bbb,bbb,known,bbb,0.6628787878787878,0.0,normal,0.6628787878787878,0
1465,bbb,bbb,known,bbb,0.6628787878787878,0.0,normal,0.6628787878787878,0
1466,bbb,bbb,known,bbb,0.6628787878787878,0.0,normal,0.6628787878787878,0
1467,bbb,bbb,known,bbb,0.6628787878787878,0.0,normal,0.6628787878787878,0
1468,bbb,bbb,known,bbb,0.6628787878787878,0.0,normal,0.6628787878787878,0
1469,bbb,bbb,known,bbb,0.6628787878787878,0.0,normal,0.6628787878787878,0
1470,bbb,bbb,known,bbb,0.6628787878787878,0.0,normal,0.6628787878787878,0
1471,bbb,bbb,known,bbb,0.6628787878787878,0.0,normal,0.6628787878787878,0
1472,bbb,bbb,known,bbb,0.6628787878787878,0.0,normal,0.6628787878787878,0
1473,bbb,bbb,known,bbb,0.6628787878787878,0.0,normal,0.6628787878787878,0
1474,bbb,bbb,known,bbb,0.6628787878787878,0.0,normal,0.6628787878787878,0
1475,bbb,bbb,known,bbb,0.6628787878787878,0.0,normal,0.6628787878787878,0
1476,bbb,bbb,known,bbb,0.6628787878787878,0.0,normal,0.6628787878787878,0
1477,bbb,bbb,known,bbb,0.6628787878787878,0.0,normal,0.6628787878787878,0
1478,bbb,bbc,known,bbc,0.045454545454545456,0.0,anomaly,0.045454545454545456,0
1479,bbc,bcb,known,bcb,0.6666666666666666,0.0,normal,0.6666666666666666,0
1480,bcb,cbb,known,cbb,0.6111111111111112,0.0,normal,0.6111111111111112,0
1481,cbb,bbb,known,bbb,0.75,0.0,normal,0.75,0
1482,bbb,bbb,known,bbb,0.6628787878787878,0.0,normal,0.6628787878787878,0
1483,bbb,bbb,known,bbb,0.6628787878787878,0.0,normal,0.6628787878787878,0
1484,bbb,bbb,known,bbb,0.6628787878787878,0.0,normal,0.6628787878787878,0
1485,bbb,bbb,known,bbb,0.6628787878787878,0.0,normal,0.6628787878787878,0
1486,bbb,bbb,known,bbb,0.6628787878787878,0.0,normal,0.6628787878787878,0
1487,bbb,bbb,known,bbb,0.6628787878787878,0.0,normal,0.6628787878787878,0
1488,bbb,bbc,known,bbc,0.045454545454545456,0.0,anomaly,0.045454545454545456,0
1489,bbc,bcc,known,bcc,0.26666666666666666,0.0,normal,0.26666666666666666,0
1490,bcc,ccb,known,ccb,0.0,0.0,anomaly,0.0,0
1491,ccb,cbb,known,cbb,0.25,0.0,normal,0.25,0
1492,cbb,bbb,known,bbb,0.75,0.0,normal,0.75,0
1493,bbb,bbb,known,bbb,0.6628787878787878,0.0,normal,0.6628787878787878,0
1494,bbb,bbc,known,bbc,0.045454545454545456,0.0,anomaly,0.045454545454545456,0
1495,bbc,bcb,known,bcb,0.6666666666666666,0.0,normal,0.6666666666666666,0
1496,bcb,cbb,known,cbb,0.6111111111111112,0.0,normal,0.6111111111111112,0
1497,cbb,bbc,known,bbc,0.125,0.0,anomaly,0.125,0
1498,bbc,bcb,known,bcb,0.6666666666666666,0.0,normal,0.6666666666666666,0
1499,bcb,cbb,known,cbb,0.6111111111111112,0.0,normal,0.6111111111111112,0
1500,cbb,bbb,known,bbb,0.75,0.0,normal,0.75,0
1501,bbb,bbb,known,bbb,0.6628787878787878,0.0,normal,0.6628787878787878,0
1502,bbb,bba,known,bba,0.2916666666666667,0.0,normal,0.2916666666666667,0
1503,bba,bab,known,bab,0.427536231884058,0.0,normal,0.427536231884058,0
1504,bab,abb,known,abb,0.3722627737226277,0.0,normal,0.3722627737226277,0
1505,abb,bbb,known,bbb,0.5579710144927537,0.0,normal,0.5579710144927537,0
1506,bbb,bbb,known,bbb,0.6628787878787878,0.0,normal,0.6628787878787878,0
1507,bbb,bbb,known,bbb,0.6628787878787878,0.0,normal,0.6628787878787878,0
1508,bbb,bbb,known,bbb,0.6628787878787878,0.0,normal,0.6628787878787878,0
1509,bbb,bbb,known,bbb,0.6628787878787878,0.0,normal,0.6628787878787878,0
1510,bbb,bbb,known,bbb,0.6628787878787878,0.0,normal,0.6628787878787878,0
1511,bbb,bbb,known,bbb,0.6628787878787878,0.0,normal,0.6628787878787878,0
