time_step,state,pattern,status,mapped_to,probability,path_probability,decision,confidence,distance
1,abb,bba,known,bba,0.3370165745856354,0.3370165745856354,normal,0.3370165745856354,0
2,bba,bab,known,bab,0.40555555555555556,0.1366789441375077,normal,0.40555555555555556,0
3,bab,abb,known,abb,0.46,0.06287231430325355,normal,0.46,0
4,abb,bba,known,bba,0.3370165745856354,0.02118901200275396,normal,0.3370165745856354,0
5,bba,baa,known,baa,0.5555555555555556,0.011771673334863312,normal,0.5555555555555556,0
6,baa,aaa,known,aaa,0.759090909090909,0.008935770213282604,normal,0.759090909090909,0
7,aaa,aaa,known,aaa,0.9177679882525698,0.008200963852131612,normal,0.9177679882525698,0
8,aaa,aaa,known,aaa,0.9177679882525698,0.007526582096302875,normal,0.9177679882525698,0
9,aaa,aaa,known,aaa,0.9177679882525698,0.006907656108941699,normal,0.9177679882525698,0
10,aaa,aaa,known,aaa,0.9177679882525698,0.006339625650643998,normal,0.9177679882525698,0
11,aaa,aaa,known,aaa,0.9177679882525698,0.00581830547966593,normal,0.9177679882525698,0
12,aaa,aaa,known,aaa,0.9177679882525698,0.005339854515111904,normal,0.9177679882525698,0
13,aaa,aaa,known,aaa,0.9177679882525698,0.004900747535895654,normal,0.9177679882525698,0
14,aaa,aaa,known,aaa,0.9177679882525698,0.0044977492069526925,normal,0.9177679882525698,0
15,aaa,aaa,known,aaa,0.9177679882525698,0.0041278902413295635,normal,0.9177679882525698,0
16,aaa,aab,known,aab,0.08125305922662751,0.00033540371025976876,anomaly,0.08125305922662751,0
17,aab,aba,known,aba,0.4954128440366973,0.00016616330600025241,normal,0.4954128440366973,0
18,aba,bab,known,bab,0.39361702127659576,6.540470555329084e-05,normal,0.39361702127659576,0
19,bab,abb,known,abb,0.46,3.0086164554513786e-05,normal,0.46,0
20,abb,bbb,known,bbb,0.6132596685082873,1.8450631301386907e-05,normal,0.6132596685082873,0
21,bbb,bbb,known,bbb,0.7377938517179023,1.361276233447714e-05,normal,0.7377938517179023,0
22,bbb,bbb,known,bbb,0.7377938517179023,1.0043412355274274e-05,normal,0.7377938517179023,0
23,bbb,bba,known,bba,0.19891500904159132,1.997785459457812e-06,anomaly,0.19891500904159132,0
24,bba,baa,known,baa,0.5555555555555556,1.1098808108098956e-06,normal,0.5555555555555556,0
25,baa,aaa,known,aaa,0.759090909090909,8.42500433660239e-07,normal,0.759090909090909,0
26,aaa,aab,known,aab,0.08125305922662751,6.845573763465476e-08,anomaly,0.08125305922662751,0
27,aab,abb,known,abb,0.47706422018348627,3.2657783091761905e-08,normal,0.47706422018348627,0
28,abb,bba,known,bba,0.3370165745856354,1.1006214191146279e-08,normal,0.3370165745856354,0
29,bba,baa,known,baa,0.5555555555555556,6.114563439525711e-09,normal,0.5555555555555556,0
30,baa,aaa,known,aaa,0.759090909090909,4.641509520003607e-09,normal,0.759090909090909,0
31,aaa,aaa,known,aaa,0.9177679882525698,4.259828854628861e-09,normal,0.9177679882525698,0
32,aaa,aaa,known,aaa,0.9177679882525698,3.909534558212978e-09,normal,0.9177679882525698,0
33,aaa,aaa,known,aaa,0.9177679882525698,3.588045666495024e-09,normal,0.9177679882525698,0
34,aaa,aab,known,aab,0.08125305922662751,2.9153968704756437e-10,anomaly,0.08125305922662751,0
35,aab,aba,known,aba,0.4954128440366973,1.4443250550980253e-10,normal,0.4954128440366973,0
36,aba,bab,known,bab,0.39361702127659576,5.6851092594283975e-11,normal,0.39361702127659576,0
37,bab,abb,known,abb,0.46,2.615150259337063e-11,normal,0.46,0
38,abb,bba,known,bba,0.3370165745856354,8.813489824285129e-12,normal,0.3370165745856354,0
39,bba,baa,known,baa,0.5555555555555556,4.896383235713961e-12,normal,0.5555555555555556,0
40,baa,aaa,known,aaa,0.759090909090909,3.716800001655598e-12,normal,0.759090909090909,0
41,aaa,aaa,known,aaa,0.9177679882525698,3.411160060256606e-12,normal,0.9177679882525698,0
42,aaa,aaa,known,aaa,0.9177679882525698,3.13065350610922e-12,normal,0.9177679882525698,0
43,aaa,aaa,known,aaa,0.9177679882525698,2.873213570217713e-12,normal,0.9177679882525698,0
44,aaa,aaa,known,aaa,0.9177679882525698,2.636943438158694e-12,normal,0.9177679882525698,0
45,aaa,aaa,known,aaa,0.9177679882525698,2.420102274374719e-12,normal,0.9177679882525698,0
46,aaa,aab,known,aab,0.08125305922662751,1.96640713434265e-13,anomaly,0.08125305922662751,0
47,aab,aba,known,aba,0.4954128440366973,9.741833509587441e-14,normal,0.4954128440366973,0
48,aba,bab,known,bab,0.39361702127659576,3.834551487816333e-14,normal,0.39361702127659576,0
49,bab,abb,known,abb,0.46,1.7638936843955134e-14,normal,0.46,0
50,abb,bba,known,bba,0.3370165745856354,5.944614074482118e-15,normal,0.3370165745856354,0
51,bba,bab,known,bab,0.40555555555555556,2.41087126353997e-15,normal,0.40555555555555556,0
52,bab,aba,known,aba,0.5,1.205435631769985e-15,normal,0.5,0
53,aba,bab,known,bab,0.39361702127659576,4.744799827179729e-16,normal,0.39361702127659576,0
54,bab,aba,known,aba,0.5,2.3723999135898645e-16,normal,0.5,0
55,aba,bab,known,bab,0.39361702127659576,9.338169872640956e-17,normal,0.39361702127659576,0
56,bab,abb,known,abb,0.46,4.29555814141484e-17,normal,0.46,0
57,abb,bba,known,bba,0.3370165745856354,1.4476742907530678e-17,normal,0.3370165745856354,0
58,bba,bac,known,bac,0.03888888888888889,5.629844464039709e-19,anomaly,0.03888888888888889,0
59,bac,aca,known,aca,0.2727272727272727,1.535412126556284e-19,normal,0.2727272727272727,0
60,aca,cab,known,cab,0.5714285714285714,8.773783580321622e-20,normal,0.5714285714285714,0
61,cab,aba,known,aba,0.35714285714285715,3.133494135829151e-20,normal,0.35714285714285715,0
62,aba,bab,known,bab,0.39361702127659576,1.233396627932751e-20,normal,0.39361702127659576,0
63,bab,aba,known,aba,0.5,6.166983139663755e-21,normal,0.5,0
64,aba,baa,known,baa,0.601063829787234,3.706750504159597e-21,normal,0.601063829787234,0
65,baa,aaa,known,aaa,0.759090909090909,2.8137606099756943e-21,normal,0.759090909090909,0
66,aaa,aaa,known,aaa,0.9177679882525698,2.5823794144417165e-21,normal,0.9177679882525698,0
67,aaa,aaa,known,aaa,0.9177679882525698,2.370025160097023e-21,normal,0.9177679882525698,0
68,aaa,aaa,known,aaa,0.9177679882525698,2.1751332232902196e-21,normal,0.9177679882525698,0
69,aaa,aab,known,aab,0.08125305922662751,1.7673622861780542e-22,anomaly,0.08125305922662751,0
70,aab,aba,known,aba,0.4954128440366973,8.755739766386691e-23,normal,0.4954128440366973,0
71,aba,baa,known,baa,0.601063829787234,5.262758476604766e-23,normal,0.601063829787234,0
72,baa,aab,known,aab,0.22727272727272727,1.1960814719556287e-23,normal,0.22727272727272727,0
73,aab,aba,known,aba,0.4954128440366973,5.925541237211372e-24,normal,0.4954128440366973,0
74,aba,baa,known,baa,0.601063829787234,3.561628509600452e-24,normal,0.601063829787234,0
75,baa,aab,known,aab,0.22727272727272727,8.094610249091936e-25,normal,0.22727272727272727,0
76,aab,aba,known,aba,0.4954128440366973,4.010173884871235e-25,normal,0.4954128440366973,0
77,aba,bab,known,bab,0.39361702127659576,1.5784726993642094e-25,normal,0.39361702127659576,0
78,bab,aba,known,aba,0.5,7.892363496821047e-26,normal,0.5,0
79,aba,baa,known,baa,0.601063829787234,4.743814229472225e-26,normal,0.601063829787234,0
80,baa,aab,known,aab,0.22727272727272727,1.0781395976073239e-26,normal,0.22727272727272727,0
81,aab,aba,known,aba,0.4954128440366973,5.3412420431922475e-27,normal,0.4954128440366973,0
82,aba,baa,known,baa,0.601063829787234,3.210427398301723e-27,normal,0.601063829787234,0
83,baa,aaa,known,aaa,0.759090909090909,2.437006252347217e-27,normal,0.759090909090909,0
84,aaa,aaa,known,aaa,0.9177679882525698,2.2366063255756398e-27,normal,0.9177679882525698,0
85,aaa,aaa,known,aaa,0.9177679882525698,2.052685687936527e-27,normal,0.9177679882525698,0
86,aaa,aaa,known,aaa,0.9177679882525698,1.8838892143323486e-27,normal,0.9177679882525698,0
87,aaa,aaa,known,aaa,0.9177679882525698,1.728973214328514e-27,normal,0.9177679882525698,0
88,aaa,aaa,known,aaa,0.9177679882525698,1.5867962686568593e-27,normal,0.9177679882525698,0
89,aaa,aaa,known,aaa,0.9177679882525698,1.45631081925189e-27,normal,0.9177679882525698,0
90,aaa,aaa,known,aaa,0.9177679882525698,1.3365554508552588e-27,normal,0.9177679882525698,0
91,aaa,aaa,known,aaa,0.9177679882525698,1.2266478073194372e-27,normal,0.9177679882525698,0
92,aaa,aaa,known,aaa,0.9177679882525698,1.1257780904179857e-27,normal,0.9177679882525698,0
93,aaa,aaa,known,aaa,0.9177679882525698,1.0332030932617343e-27,normal,0.9177679882525698,0
94,aaa,aaa,known,aaa,0.9177679882525698,9.48240724359154e-28,normal,0.9177679882525698,0
95,aaa,aaa,known,aaa,0.9177679882525698,8.702649819742603e-28,normal,0.9177679882525698,0
96,aaa,aaa,known,aaa,0.9177679882525698,7.987013417531757e-28,normal,0.9177679882525698,0
97,aaa,aaa,known,aaa,0.9177679882525698,7.330225236354403e-28,normal,0.9177679882525698,0
98,aaa,aaa,known,aaa,0.9177679882525698,6.7274460686071985e-28,normal,0.9177679882525698,0
99,aaa,aaa,known,aaa,0.9177679882525698,6.174234644463288e-28,normal,0.9177679882525698,0
100,aaa,aaa,known,aaa,0.9177679882525698,5.666514908648392e-28,normal,0.9177679882525698,0
101,aaa,aaa,known,aaa,0.9177679882525698,5.200545988113429e-28,normal,0.9177679882525698,0
102,aaa,aaa,known,aaa,0.9177679882525698,4.772894629325834e-28,normal,0.9177679882525698,0
103,aaa,aaa,known,aaa,0.9177679882525698,4.380409902097866e-28,normal,0.9177679882525698,0
104,aaa,aaa,known,aaa,0.9177679882525698,4.0201999835699947e-28,normal,0.9177679882525698,0
105,aaa,aaa,known,aaa,0.9177679882525698,3.689610851294048e-28,normal,0.9177679882525698,0
106,aaa,aaa,known,aaa,0.9177679882525698,3.38620672842699e-28,normal,0.9177679882525698,0
107,aaa,aab,known,aab,0.08125305922662751,2.751396558584828e-29,anomaly,0.08125305922662751,0
108,aab,aba,known,aba,0.4954128440366973,1.363077194161291e-29,normal,0.4954128440366973,0
109,aba,baa,known,baa,0.601063829787234,8.192963986182229e-30,normal,0.601063829787234,0
110,baa,aaa,known,aaa,0.759090909090909,6.2192044804201464e-30,normal,0.759090909090909,0
111,aaa,aaa,known,aaa,0.9177679882525698,5.707786784526566e-30,normal,0.9177679882525698,0
112,aaa,aaa,known,aaa,0.9177679882525698,5.23842399460955e-30,normal,0.9177679882525698,0
113,aaa,aaa,known,aaa,0.9177679882525698,4.807657851146797e-30,normal,0.9177679882525698,0
114,aaa,aaa,known,aaa,0.9177679882525698,4.4123144742536686e-30,normal,0.9177679882525698,0
115,aaa,aaa,known,aaa,0.9177679882525698,4.049480978573484e-30,normal,0.9177679882525698,0
116,aaa,aab,known,aab,0.08125305922662751,3.2903271778913287e-31,anomaly,0.08125305922662751,0
117,aab,aba,known,aba,0.4954128440366973,1.630070345010383e-31,normal,0.4954128440366973,0
118,aba,bab,known,bab,0.39361702127659576,6.416234336742998e-32,normal,0.39361702127659576,0
119,bab,aba,known,aba,0.5,3.208117168371499e-32,normal,0.5,0
120,aba,baa,known,baa,0.601063829787234,1.9282831916275498e-32,normal,0.601063829787234,0
121,baa,aaa,known,aaa,0.759090909090909,1.4637422409172764e-32,normal,0.759090909090909,0
122,aaa,aaa,known,aaa,0.9177679882525698,1.343375771766957e-32,normal,0.9177679882525698,0
123,aaa,aaa,known,aaa,0.9177679882525698,1.2329072795218036e-32,normal,0.9177679882525698,0
124,aaa,aaa,known,aaa,0.9177679882525698,1.1315228336286745e-32,normal,0.9177679882525698,0
125,aaa,aaa,known,aaa,0.9177679882525698,1.0384754346812358e-32,normal,0.9177679882525698,0
126,aaa,aaa,known,aaa,0.9177679882525698,9.530795105371107e-33,normal,0.9177679882525698,0
127,aaa,aaa,known,aaa,0.9177679882525698,8.74705865030388e-33,normal,0.9177679882525698,0
128,aaa,aaa,known,aaa,0.9177679882525698,8.02777042061663e-33,normal,0.9177679882525698,0
129,aaa,aaa,known,aaa,0.9177679882525698,7.36763070908281e-33,normal,0.9177679882525698,0
130,aaa,aaa,known,aaa,0.9177679882525698,6.761775614062785e-33,normal,0.9177679882525698,0
131,aaa,aaa,known,aaa,0.9177679882525698,6.205741202333687e-33,normal,0.9177679882525698,0
132,aaa,aaa,known,aaa,0.9177679882525698,5.6954306188818716e-33,normal,0.9177679882525698,0
133,aaa,aaa,known,aaa,0.9177679882525698,5.2270839013233036e-33,normal,0.9177679882525698,0
134,aaa,aaa,known,aaa,0.9177679882525698,4.797250276544882e-33,normal,0.9177679882525698,0
135,aaa,aaa,known,aaa,0.9177679882525698,4.40276273544868e-33,normal,0.9177679882525698,0
136,aaa,aaa,known,aaa,0.9177679882525698,4.0407146984661165e-33,normal,0.9177679882525698,0
137,aaa,aaa,known,aaa,0.9177679882525698,3.708438599913837e-33,normal,0.9177679882525698,0
138,aaa,aaa,known,aaa,0.9177679882525698,3.4034862334010985e-33,normal,0.9177679882525698,0
139,aaa,aaa,known,aaa,0.9177679882525698,3.123610713473842e-33,normal,0.9177679882525698,0
140,aaa,aaa,known,aaa,0.9177679882525698,2.8667499205890623e-33,normal,0.9177679882525698,0
141,aaa,aaa,known,aaa,0.9177679882525698,2.631011307442238e-33,normal,0.9177679882525698,0
142,aaa,aaa,known,aaa,0.9177679882525698,2.4146579547010262e-33,normal,0.9177679882525698,0
143,aaa,aaa,known,aaa,0.9177679882525698,2.2160957734040256e-33,normal,0.9177679882525698,0
144,aaa,aaa,known,aaa,0.9177679882525698,2.0338617597320353e-33,normal,0.9177679882525698,0
145,aaa,aaa,known,aaa,0.9177679882525698,1.8666132156131015e-33,normal,0.9177679882525698,0
146,aaa,aaa,known,aaa,0.9177679882525698,1.7131178557388963e-33,normal,0.9177679882525698,0
147,aaa,aaa,known,aaa,0.9177679882525698,1.572244728101043e-33,normal,0.9177679882525698,0
148,aaa,aaa,known,aaa,0.9177679882525698,1.4429558811500027e-33,normal,0.9177679882525698,0
149,aaa,aaa,known,aaa,0.9177679882525698,1.3242987161802522e-33,normal,0.9177679882525698,0
150,aaa,aaa,known,aaa,0.9177679882525698,1.215398968594211e-33,normal,0.9177679882525698,0
151,aaa,aaa,known,aaa,0.9177679882525698,1.1154542663309572e-33,normal,0.9177679882525698,0
152,aaa,aaa,known,aaa,0.9177679882525698,1.0237282179983087e-33,normal,0.9177679882525698,0
153,aaa,aaa,known,aaa,0.9177679882525698,9.39544987149696e-34,normal,0.9177679882525698,0
154,aaa,aaa,known,aaa,0.9177679882525698,8.62284312729163e-34,normal,0.9177679882525698,0
155,aaa,aaa,known,aaa,0.9177679882525698,7.913769389951936e-34,normal,0.9177679882525698,0
156,aaa,aab,known,aab,0.08125305922662751,6.430179729476366e-35,anomaly,0.08125305922662751,0
157,aab,abb,known,abb,0.47706422018348627,3.067608678282303e-35,normal,0.47706422018348627,0
158,abb,bbb,known,bbb,0.6132596685082873,1.8812406811565504e-35,normal,0.6132596685082873,0
159,bbb,bbb,known,bbb,0.7377938517179023,1.3879678081589015e-35,normal,0.7377938517179023,0
160,bbb,bba,known,bba,0.19891500904159132,2.760876291093656e-36,anomaly,0.19891500904159132,0
161,bba,bab,known,bab,0.40555555555555556,1.1196887180546494e-36,normal,0.40555555555555556,0
162,bab,aba,known,aba,0.5,5.598443590273247e-37,normal,0.5,0
163,aba,baa,known,baa,0.601063829787234,3.3650219452174303e-37,normal,0.601063829787234,0
164,baa,aab,known,aab,0.22727272727272727,7.647777148221432e-38,normal,0.22727272727272727,0
165,aab,aba,known,aba,0.4954128440366973,3.7888070275592417e-38,normal,0.4954128440366973,0
166,aba,baa,known,baa,0.601063829787234,2.2773148623095444e-38,normal,0.601063829787234,0
167,baa,aaa,known,aaa,0.759090909090909,1.7286890091167904e-38,normal,0.759090909090909,0
168,aaa,aaa,known,aaa,0.9177679882525698,1.586535434211445e-38,normal,0.9177679882525698,0
169,aaa,aab,known,aab,0.08125305922662751,1.2891085760112574e-39,anomaly,0.08125305922662751,0
170,aab,abb,known,abb,0.47706422018348627,6.1498757754665495e-40,normal,0.47706422018348627,0
171,abb,bba,known,bba,0.3370165745856354,2.072610067974915e-40,normal,0.3370165745856354,0
172,bba,baa,known,baa,0.5555555555555556,1.1514500377638416e-40,normal,0.5555555555555556,0
173,baa,aaa,known,aaa,0.759090909090909,8.74055255938916e-41,normal,0.759090909090909,0
174,aaa,aaa,known,aaa,0.9177679882525698,8.021799338646439e-41,normal,0.9177679882525698,0
175,aaa,aaa,known,aaa,0.9177679882525698,7.362150641195337e-41,normal,0.9177679882525698,0
176,aaa,aaa,known,aaa,0.9177679882525698,6.756746183182211e-41,normal,0.9177679882525698,0
177,aaa,aab,known,aab,0.08125305922662751,5.4900629780139356e-42,anomaly,0.08125305922662751,0
178,aab,abb,known,abb,0.47706422018348627,2.6191126133644465e-42,normal,0.47706422018348627,0
179,abb,bbb,known,bbb,0.6132596685082873,1.6061961330577544e-42,normal,0.6132596685082873,0
180,bbb,bbb,known,bbb,0.7377938517179023,1.185041631623081e-42,normal,0.7377938517179023,0
181,bbb,bba,known,bba,0.19891500904159132,2.3572256686896725e-43,anomaly,0.19891500904159132,0
182,bba,baa,known,baa,0.5555555555555556,1.309569815938707e-43,normal,0.5555555555555556,0
183,baa,aaa,known,aaa,0.759090909090909,9.940825420989275e-44,normal,0.759090909090909,0
184,aaa,aab,known,aab,0.08125305922662751,8.077224766932059e-45,anomaly,0.08125305922662751,0
185,aab,abb,known,abb,0.47706422018348627,3.8533549346831847e-45,normal,0.47706422018348627,0
186,abb,bbb,known,bbb,0.6132596685082873,2.363107169888583e-45,normal,0.6132596685082873,0
187,bbb,bba,known,bba,0.19891500904159132,4.7005748406463676e-46,anomaly,0.19891500904159132,0
188,bba,bab,known,bab,0.40555555555555556,1.9063442409288045e-46,normal,0.40555555555555556,0
189,bab,abb,known,abb,0.46,8.7691835082725e-47,normal,0.46,0
190,abb,bbb,known,bbb,0.6132596685082873,5.377786571371533e-47,normal,0.6132596685082873,0
191,bbb,bbb,known,bbb,0.7377938517179023,3.9676978682090154e-47,normal,0.7377938517179023,0
192,bbb,bbb,known,bbb,0.7377938517179023,2.9273430926388396e-47,normal,0.7377938517179023,0
193,bbb,bbb,known,bbb,0.7377938517179023,2.1597757356178058e-47,normal,0.7377938517179023,0
194,bbb,bbb,known,bbb,0.7377938517179023,1.593469258828327e-47,normal,0.7377938517179023,0
195,bbb,bbb,known,bbb,0.7377938517179023,1.1756518220650224e-47,normal,0.7377938517179023,0
196,bbb,bba,known,bba,0.19891500904159132,2.3385479281582724e-48,anomaly,0.19891500904159132,0
197,bba,bab,known,bab,0.40555555555555556,9.484111041975216e-49,normal,0.40555555555555556,0
198,bab,abb,known,abb,0.46,4.362691079308599e-49,normal,0.46,0
199,abb,bbb,known,bbb,0.6132596685082873,2.6754624851008535e-49,normal,0.6132596685082873,0
200,bbb,bbb,known,bbb,0.7377938517179023,1.9739397720093095e-49,normal,0.7377938517179023,0
201,bbb,bbb,known,bbb,0.7377938517179023,1.4563606274499065e-49,normal,0.7377938517179023,0
202,bbb,bba,known,bba,0.19891500904159132,2.8969198737701576e-50,anomaly,0.19891500904159132,0
203,bba,bab,known,bab,0.40555555555555556,1.174861948806786e-50,normal,0.40555555555555556,0
204,bab,abb,known,abb,0.46,5.404364964511216e-51,normal,0.46,0
205,abb,bbb,known,bbb,0.6132596685082873,3.31427906663395e-51,normal,0.6132596685082873,0
206,bbb,bba,known,bba,0.19891500904159132,6.59259850505849e-52,anomaly,0.19891500904159132,0
207,bba,baa,known,baa,0.5555555555555556,3.662554725032494e-52,normal,0.5555555555555556,0
208,baa,aaa,known,aaa,0.759090909090909,2.7802119958201203e-52,normal,0.759090909090909,0
209,aaa,aaa,known,aaa,0.9177679882525698,2.5515895703194938e-52,normal,0.9177679882525698,0
210,aaa,aaa,known,aaa,0.9177679882525698,2.3417672267983607e-52,normal,0.9177679882525698,0
211,aaa,aaa,known,aaa,0.9177679882525698,2.1491989966945306e-52,normal,0.9177679882525698,0
212,aaa,aaa,known,aaa,0.9177679882525698,1.9724660395507806e-52,normal,0.9177679882525698,0
213,aaa,aaa,known,aaa,0.9177679882525698,1.8102661890150338e-52,normal,0.9177679882525698,0
214,aaa,aaa,known,aaa,0.9177679882525698,1.6614043584939738e-52,normal,0.9177679882525698,0
215,aaa,aaa,known,aaa,0.9177679882525698,1.5247837357690655e-52,normal,0.9177679882525698,0
216,aaa,aaa,known,aaa,0.9177679882525698,1.3993977016970132e-52,normal,0.9177679882525698,0
217,aaa,aaa,known,aaa,0.9177679882525698,1.2843224134517374e-52,normal,0.9177679882525698,0
218,aaa,aaa,known,aaa,0.9177679882525698,1.1787099976612862e-52,normal,0.9177679882525698,0
219,aaa,aaa,known,aaa,0.9177679882525698,1.0817823032867898e-52,normal,0.9177679882525698,0
220,aaa,aaa,known,aaa,0.9177679882525698,9.928251682147484e-53,normal,0.9177679882525698,0
221,aaa,aaa,known,aaa,0.9177679882525698,9.111831573189688e-53,normal,0.9177679882525698,0
222,aaa,aaa,known,aaa,0.9177679882525698,8.362547332222548e-53,normal,0.9177679882525698,0
223,aaa,aaa,known,aaa,0.9177679882525698,7.674878241760782e-53,normal,0.9177679882525698,0
224,aaa,aaa,known,aaa,0.9177679882525698,7.043757564024212e-53,normal,0.9177679882525698,0
225,aaa,aaa,known,aaa,0.9177679882525698,6.4645352092733225e-53,normal,0.9177679882525698,0
226,aaa,aaa,known,aaa,0.9177679882525698,5.932943474002682e-53,normal,0.9177679882525698,0
227,aaa,aaa,known,aaa,0.9177679882525698,5.445065596551654e-53,normal,0.9177679882525698,0
228,aaa,aaa,known,aaa,0.9177679882525698,4.99730689845049e-53,normal,0.9177679882525698,0
229,aaa,aaa,known,aaa,0.9177679882525698,4.586368298871596e-53,normal,0.9177679882525698,0
230,aaa,aaa,known,aaa,0.9177679882525698,4.209222007040745e-53,normal,0.9177679882525698,0
231,aaa,aaa,known,aaa,0.9177679882525698,3.863089213510228e-53,normal,0.9177679882525698,0
232,aaa,aaa,known,aaa,0.9177679882525698,3.545419615923484e-53,normal,0.9177679882525698,0
233,aaa,aaa,known,aaa,0.9177679882525698,3.2538726284172947e-53,normal,0.9177679882525698,0
234,aaa,aaa,known,aaa,0.9177679882525698,2.986300136212642e-53,normal,0.9177679882525698,0
235,aaa,aaa,known,aaa,0.9177679882525698,2.7407306683302516e-53,normal,0.9177679882525698,0
236,aaa,aaa,known,aaa,0.9177679882525698,2.515354871815576e-53,normal,0.9177679882525698,0
237,aaa,aaa,known,aaa,0.9177679882525698,2.3085121804474816e-53,normal,0.9177679882525698,0
238,aaa,aaa,known,aaa,0.9177679882525698,2.1186785797058386e-53,normal,0.9177679882525698,0
239,aaa,aaa,known,aaa,0.9177679882525698,1.9444553778504392e-53,normal,0.9177679882525698,0
240,aaa,aaa,known,aaa,0.9177679882525698,1.784558900376688e-53,normal,0.9177679882525698,0
241,aaa,aaa,known,aaa,0.9177679882525698,1.637811031916931e-53,normal,0.9177679882525698,0
242,aaa,aaa,known,aaa,0.9177679882525698,1.5031305359002672e-53,normal,0.9177679882525698,0
243,aaa,aaa,known,aaa,0.9177679882525698,1.3795250880141954e-53,normal,0.9177679882525698,0
244,aaa,aaa,known,aaa,0.9177679882525698,1.2660839647707373e-53,normal,0.9177679882525698,0
245,aaa,aaa,known,aaa,0.9177679882525698,1.161971333306477e-53,normal,0.9177679882525698,0
246,aaa,aaa,known,aaa,0.9177679882525698,1.0664200929758415e-53,normal,0.9177679882525698,0
247,aaa,aaa,known,aaa,0.9177679882525698,9.787262233625565e-54,normal,0.9177679882525698,0
248,aaa,aaa,known,aaa,0.9177679882525698,8.982435970654887e-54,normal,0.9177679882525698,0
249,aaa,aaa,known,aaa,0.9177679882525698,8.243792190395455e-54,normal,0.9177679882525698,0
250,aaa,aaa,known,aaa,0.9177679882525698,7.565888574151482e-54,normal,0.9177679882525698,0
251,aaa,aaa,known,aaa,0.9177679882525698,6.943730336042109e-54,normal,0.9177679882525698,0
252,aaa,aaa,known,aaa,0.9177679882525698,6.372733421477707e-54,normal,0.9177679882525698,0
253,aaa,aaa,known,aaa,0.9177679882525698,5.848690731899511e-54,normal,0.9177679882525698,0
254,aaa,aaa,known,aaa,0.9177679882525698,5.367741126926865e-54,normal,0.9177679882525698,0
255,aaa,aaa,known,aaa,0.9177679882525698,4.9263409755202506e-54,normal,0.9177679882525698,0
256,aaa,aaa,known,aaa,0.9177679882525698,4.521238046549422e-54,normal,0.9177679882525698,0
257,aaa,aaa,known,aaa,0.9177679882525698,4.149447546392642e-54,normal,0.9177679882525698,0
258,aaa,aaa,known,aaa,0.9177679882525698,3.808230127012337e-54,normal,0.9177679882525698,0
259,aaa,aaa,known,aaa,0.9177679882525698,3.495071702470941e-54,normal,0.9177679882525698,0
260,aaa,aaa,known,aaa,0.9177679882525698,3.2076649251752394e-54,normal,0.9177679882525698,0
261,aaa,aaa,known,aaa,0.9177679882525698,2.943892185366409e-54,normal,0.9177679882525698,0
262,aaa,aaa,known,aaa,0.9177679882525698,2.7018100085961906e-54,normal,0.9177679882525698,0
263,aaa,aaa,known,aaa,0.9177679882525698,2.479634736229984e-54,normal,0.9177679882525698,0
264,aaa,aaa,known,aaa,0.9177679882525698,2.275729383470984e-54,normal,0.9177679882525698,0
265,aaa,aaa,known,aaa,0.9177679882525698,2.088591578075426e-54,normal,0.9177679882525698,0
266,aaa,aaa,known,aaa,0.9177679882525698,1.9168424908915437e-54,normal,0.9177679882525698,0
267,aaa,aaa,known,aaa,0.9177679882525698,1.7592166766625768e-54,normal,0.9177679882525698,0
268,aaa,aaa,known,aaa,0.9177679882525698,1.6145527502409847e-54,normal,0.9177679882525698,0
269,aaa,aaa,known,aaa,0.9177679882525698,1.4817848295163223e-54,normal,0.9177679882525698,0
270,aaa,aaa,known,aaa,0.9177679882525698,1.3599346820083722e-54,normal,0.9177679882525698,0
271,aaa,aaa,known,aaa,0.9177679882525698,1.248104517261722e-54,normal,0.9177679882525698,0
272,aaa,aaa,known,aaa,0.9177679882525698,1.1454703719362354e-54,normal,0.9177679882525698,0
273,aaa,aaa,known,aaa,0.9177679882525698,1.0512760388548416e-54,normal,0.9177679882525698,0
274,aaa,aaa,known,aaa,0.9177679882525698,9.648274952779384e-55,normal,0.9177679882525698,0
275,aaa,aaa,known,aaa,0.9177679882525698,8.854877893519992e-55,normal,0.9177679882525698,0
276,aaa,aaa,known,aaa,0.9177679882525698,8.126723470557996e-55,normal,0.9177679882525698,0
277,aaa,aaa,known,aaa,0.9177679882525698,7.458446650658954e-55,normal,0.9177679882525698,0
278,aaa,aaa,known,aaa,0.9177679882525698,6.845123578064385e-55,normal,0.9177679882525698,0
279,aaa,aaa,known,aaa,0.9177679882525698,6.282235295580383e-55,normal,0.9177679882525698,0
280,aaa,aaa,known,aaa,0.9177679882525698,5.7656344489540964e-55,normal,0.9177679882525698,0
281,aaa,aaa,known,aaa,0.9177679882525698,5.291514729216315e-55,normal,0.9177679882525698,0
282,aaa,aaa,known,aaa,0.9177679882525698,4.8563828278416985e-55,normal,0.9177679882525698,0
283,aaa,aaa,known,aaa,0.9177679882525698,4.457032698092601e-55,normal,0.9177679882525698,0
284,aaa,aaa,known,aaa,0.9177679882525698,4.09052193290437e-55,normal,0.9177679882525698,0
285,aaa,aaa,known,aaa,0.9177679882525698,3.754150085264657e-55,normal,0.9177679882525698,0
286,aaa,aaa,known,aaa,0.9177679882525698,3.4454387713515574e-55,normal,0.9177679882525698,0
287,aaa,aaa,known,aaa,0.9177679882525698,3.1621134098307248e-55,normal,0.9177679882525698,0
288,aaa,aaa,known,aaa,0.9177679882525698,2.902086462766818e-55,normal,0.9177679882525698,0
289,aaa,aaa,known,aaa,0.9177679882525698,2.6634420546685188e-55,normal,0.9177679882525698,0
290,aaa,aaa,known,aaa,0.9177679882525698,2.4444218563404175e-55,normal,0.9177679882525698,0
291,aaa,aaa,known,aaa,0.9177679882525698,2.243412129534157e-55,normal,0.9177679882525698,0
292,aaa,aaa,known,aaa,0.9177679882525698,2.058931836943977e-55,normal,0.9177679882525698,0
293,aaa,aaa,known,aaa,0.9177679882525698,1.8896217299412417e-55,normal,0.9177679882525698,0
294,aaa,aab,known,aab,0.08125305922662751,1.5353754633883804e-56,anomaly,0.08125305922662751,0
295,aab,aba,known,aba,0.4954128440366973,7.606447249813996e-57,normal,0.4954128440366973,0
296,aba,baa,known,baa,0.601063829787234,4.571960315047774e-57,normal,0.601063829787234,0
297,baa,aaa,known,aaa,0.759090909090909,3.4705335118771735e-57,normal,0.759090909090909,0
298,aaa,aaa,known,aaa,0.9177679882525698,3.18514455935864e-57,normal,0.9177679882525698,0
299,aaa,aab,known,aab,0.08125305922662751,2.5880273952693795e-58,anomaly,0.08125305922662751,0
300,aab,aba,known,aba,0.4954128440366973,1.282142012335289e-58,normal,0.4954128440366973,0
301,aba,baa,known,baa,0.601063829787234,7.706491882653598e-59,normal,0.601063829787234,0
302,baa,aab,known,aab,0.22727272727272727,1.7514754278758176e-59,normal,0.22727272727272727,0
303,aab,abb,known,abb,0.47706422018348627,8.355662591701149e-60,normal,0.47706422018348627,0
304,abb,bbb,known,bbb,0.6132596685082873,5.124190871153743e-60,normal,0.6132596685082873,0
305,bbb,bba,known,bba,0.19891500904159132,1.0192784734663866e-60,anomaly,0.19891500904159132,0
306,bba,bab,known,bab,0.40555555555555556,4.13374047572479e-61,normal,0.40555555555555556,0
307,bab,abb,known,abb,0.46,1.9015206188334034e-61,normal,0.46,0
308,abb,bba,known,bba,0.3370165745856354,6.408439654631913e-62,normal,0.3370165745856354,0
309,bba,bab,known,bab,0.40555555555555556,2.598978304378498e-62,normal,0.40555555555555556,0
310,bab,abb,known,abb,0.46,1.195530020014109e-62,normal,0.46,0
311,abb,bba,known,bba,0.3370165745856354,4.0291343215945115e-63,normal,0.3370165745856354,0
312,bba,bab,known,bab,0.40555555555555556,1.6340378082022184e-63,normal,0.40555555555555556,0
313,bab,abb,known,abb,0.46,7.516573917730206e-64,normal,0.46,0
314,abb,bba,known,bba,0.3370165745856354,2.5332099943731634e-64,normal,0.3370165745856354,0
315,bba,bab,known,bab,0.40555555555555556,1.027357386606894e-64,normal,0.40555555555555556,0
316,bab,aba,known,aba,0.5,5.13678693303447e-65,normal,0.5,0
317,aba,bab,known,bab,0.39361702127659576,2.0219267715135682e-65,normal,0.39361702127659576,0
318,bab,abc,known,abc,0.04,8.087707086054273e-67,anomaly,0.04,0
319,abc,bcb,known,bcb,0.9230769230769231,7.465575771742407e-67,normal,0.9230769230769231,0
320,bcb,cbb,known,cbb,0.5471698113207547,4.084937686425091e-67,normal,0.5471698113207547,0
321,cbb,bbb,known,bbb,0.5964912280701754,2.4366294971658434e-67,normal,0.5964912280701754,0
322,bbb,bbb,known,bbb,0.7377938517179023,1.7977302619234433e-67,normal,0.7377938517179023,0
323,bbb,bbb,known,bbb,0.7377938517179023,1.3263543342943308e-67,normal,0.7377938517179023,0
324,bbb,bbc,known,bbc,0.06329113924050633,8.394647685407158e-69,anomaly,0.06329113924050633,0
325,bbc,bcc,known,bcc,0.3448275862068966,2.8947060984162615e-69,normal,0.3448275862068966,0
326,bcc,ccb,known,ccb,0.6363636363636364,1.8420856989921663e-69,normal,0.6363636363636364,0
327,ccb,cba,known,cba,0.06060606060606061,1.1164155751467675e-70,anomaly,0.06060606060606061,0
328,cba,bab,known,bab,0.23076923076923078,2.576343634954079e-71,normal,0.23076923076923078,0
329,bab,abb,known,abb,0.46,1.1851180720788764e-71,normal,0.46,0
330,abb,bbb,known,bbb,0.6132596685082873,7.267851160262722e-72,normal,0.6132596685082873,0
331,bbb,bbc,known,bbc,0.06329113924050633,4.5999057976346344e-73,anomaly,0.06329113924050633,0
332,bbc,bcb,known,bcb,0.5344827586206896,2.4585703401150632e-73,normal,0.5344827586206896,0
333,bcb,cbb,known,cbb,0.5471698113207547,1.3452554691195629e-73,normal,0.5471698113207547,0
334,cbb,bbb,known,bbb,0.5964912280701754,8.02433086843248e-74,normal,0.5964912280701754,0
335,bbb,bbb,known,bbb,0.7377938517179023,5.920301978879659e-74,normal,0.7377938517179023,0
336,bbb,bbb,known,bbb,0.7377938517179023,4.367962400330743e-74,normal,0.7377938517179023,0
337,bbb,bbc,known,bbc,0.06329113924050633,2.7645331647662933e-75,anomaly,0.06329113924050633,0
338,bbc,bcb,known,bcb,0.5344827586206896,1.4775953122026738e-75,normal,0.5344827586206896,0
339,bcb,cbb,known,cbb,0.5471698113207547,8.084955481863686e-76,normal,0.5471698113207547,0
340,cbb,bbc,known,bbc,0.24561403508771928,1.985778539405116e-76,normal,0.24561403508771928,0
341,bbc,bcb,known,bcb,0.5344827586206896,1.0613643917510101e-76,normal,0.5344827586206896,0
342,bcb,cba,known,cba,0.16981132075471697,1.8023168916526585e-77,anomaly,0.16981132075471697,0
343,cba,bab,known,bab,0.23076923076923078,4.1591928268907504e-78,normal,0.23076923076923078,0
344,bab,abb,known,abb,0.46,1.9132287003697454e-78,normal,0.46,0
345,abb,bba,known,bba,0.3370165745856354,6.447897829975385e-79,normal,0.3370165745856354,0
346,bba,bab,known,bab,0.40555555555555556,2.6149807866011286e-79,normal,0.40555555555555556,0
347,bab,abb,known,abb,0.46,1.2028911618365192e-79,normal,0.46,0
348,abb,bba,known,bba,0.3370165745856354,4.0539425896147885e-80,normal,0.3370165745856354,0
349,bba,bab,known,bab,0.40555555555555556,1.6440989391215532e-80,normal,0.40555555555555556,0
350,bab,aba,known,aba,0.5,8.220494695607766e-81,normal,0.5,0
351,aba,bab,known,bab,0.39361702127659576,3.2357266355051845e-81,normal,0.39361702127659576,0
352,bab,abb,known,abb,0.46,1.488434252332385e-81,normal,0.46,0
353,abb,bbb,known,bbb,0.6132596685082873,9.127966961817389e-82,normal,0.6132596685082873,0
354,bbb,bbc,known,bbc,0.06329113924050633,5.777194279631259e-83,anomaly,0.06329113924050633,0
355,bbc,bcb,known,bcb,0.5344827586206896,3.0878107356649833e-83,normal,0.5344827586206896,0
356,bcb,cbb,known,cbb,0.5471698113207547,1.6895568176280096e-83,normal,0.5471698113207547,0
357,cbb,bbc,known,bbc,0.24561403508771928,4.149788674875813e-84,normal,0.24561403508771928,0
358,bbc,bcb,known,bcb,0.5344827586206896,2.2179904986405203e-84,normal,0.5344827586206896,0
359,bcb,cbc,known,cbc,0.2830188679245283,6.277331599926e-85,normal,0.2830188679245283,0
360,cbc,bcb,known,bcb,0.4,2.5109326399704002e-85,normal,0.4,0
361,bcb,cbb,known,cbb,0.5471698113207547,1.3739065388517285e-85,normal,0.5471698113207547,0
362,cbb,bbb,known,bbb,0.5964912280701754,8.195231986133116e-86,normal,0.5964912280701754,0
363,bbb,bbb,known,bbb,0.7377938517179023,6.046391772770907e-86,normal,0.7377938517179023,0
364,bbb,bbb,known,bbb,0.7377938517179023,4.460990675028083e-86,normal,0.7377938517179023,0
365,bbb,bbb,known,bbb,0.7377938517179023,3.291291492606615e-86,normal,0.7377938517179023,0
366,bbb,bbb,known,bbb,0.7377938517179023,2.4282946274565985e-86,normal,0.7377938517179023,0
367,bbb,bbb,known,bbb,0.7377938517179023,1.7915808462970924e-86,normal,0.7377938517179023,0
368,bbb,bba,known,bba,0.19891500904159132,3.5637232023992795e-87,anomaly,0.19891500904159132,0
369,bba,bac,known,bac,0.03888888888888889,1.3858923564886088e-88,anomaly,0.03888888888888889,0
370,bac,acb,known,acb,0.6363636363636364,8.819314995836601e-89,normal,0.6363636363636364,0
371,acb,cba,known,cba,0.2222222222222222,1.9598477768525778e-89,normal,0.2222222222222222,0
372,cba,bac,known,bac,0.23076923076923078,4.522725638890565e-90,normal,0.23076923076923078,0
373,bac,acb,known,acb,0.6363636363636364,2.8780981338394504e-90,normal,0.6363636363636364,0
374,acb,cbb,known,cbb,0.5555555555555556,1.5989434076885835e-90,normal,0.5555555555555556,0
375,cbb,bbc,known,bbc,0.24561403508771928,3.927229422393012e-91,normal,0.24561403508771928,0
376,bbc,bcb,known,bcb,0.5344827586206896,2.0990364154169546e-91,normal,0.5344827586206896,0
377,bcb,cbc,known,cbc,0.2830188679245283,5.940669100236664e-92,normal,0.2830188679245283,0
378,cbc,bcd,known,bcd,0.0,5.940669100236664e-96,anomaly,0.0,0
379,bcd,cdd,known,cdd,0.0,5.940669100236665e-100,anomaly,0.0,0
380,cdd,ddd,known,ddd,0.8260869565217391,4.907509256717245e-100,normal,0.8260869565217391,0
381,ddd,ddd,known,ddd,0.9878048780487805,4.84766158285484e-100,normal,0.9878048780487805,0
382,ddd,ddd,known,ddd,0.9878048780487805,4.788543758673684e-100,normal,0.9878048780487805,0
383,ddd,ddd,known,ddd,0.9878048780487805,4.730146883567907e-100,normal,0.9878048780487805,0
384,ddd,ddd,known,ddd,0.9878048780487805,4.672462165475615e-100,normal,0.9878048780487805,0
385,ddd,ddd,known,ddd,0.9878048780487805,4.615480919555181e-100,normal,0.9878048780487805,0
386,ddd,ddd,known,ddd,0.9878048780487805,4.5591945668776787e-100,normal,0.9878048780487805,0
387,ddd,ddd,known,ddd,0.9878048780487805,4.5035946331352677e-100,normal,0.9878048780487805,0
388,ddd,ddd,known,ddd,0.9878048780487805,4.4486727473653253e-100,normal,0.9878048780487805,0
389,ddd,ddd,known,ddd,0.9878048780487805,4.394420640690138e-100,normal,0.9878048780487805,0
390,ddd,ddd,known,ddd,0.9878048780487805,4.3408301450719657e-100,normal,0.9878048780487805,0
391,ddd,ddd,known,ddd,0.9878048780487805,4.287893192083283e-100,normal,0.9878048780487805,0
392,ddd,ddd,known,ddd,0.9878048780487805,4.235601811692023e-100,normal,0.9878048780487805,0
393,ddd,ddd,known,ddd,0.9878048780487805,4.1839481310616324e-100,normal,0.9878048780487805,0
394,ddd,ddd,known,ddd,0.9878048780487805,4.132924373365759e-100,normal,0.9878048780487805,0
395,ddd,ddd,known,ddd,0.9878048780487805,4.082522856617396e-100,normal,0.9878048780487805,0
396,ddd,ddd,known,ddd,0.9878048780487805,4.0327359925123055e-100,normal,0.9878048780487805,0
397,ddd,ddd,known,ddd,0.9878048780487805,3.9835562852865455e-100,normal,0.9878048780487805,0
398,ddd,ddd,known,ddd,0.9878048780487805,3.9349763305879293e-100,normal,0.9878048780487805,0
399,ddd,ddd,known,ddd,0.9878048780487805,3.8869888143612474e-100,normal,0.9878048780487805,0
400,ddd,ddc,known,ddc,0.011614401858304297,4.514505010872529e-102,anomaly,0.011614401858304297,0
401,ddc,dcd,known,dcd,0.6086956521739131,2.7479595718354524e-102,normal,0.6086956521739131,0
402,dcd,cdc,known,cdc,0.391304347826087,1.0752885281095249e-102,normal,0.391304347826087,0
403,cdc,dcc,known,dcc,0.375,4.032331980410718e-103,normal,0.375,0
404,dcc,ccd,known,ccd,0.4666666666666667,1.8817549241916685e-103,normal,0.4666666666666667,0
405,ccd,cdc,known,cdc,0.4,7.527019696766674e-104,normal,0.4,0
406,cdc,dcd,known,dcd,0.5625,4.233948579431254e-104,normal,0.5625,0
407,dcd,cdd,known,cdd,0.6086956521739131,2.57718609182772e-104,normal,0.6086956521739131,0
408,cdd,ddd,known,ddd,0.8260869565217391,2.1289798149881164e-104,normal,0.8260869565217391,0
409,ddd,ddd,known,ddd,0.9878048780487805,2.1030166465126515e-104,normal,0.9878048780487805,0
410,ddd,ddd,known,ddd,0.9878048780487805,2.0773701020429848e-104,normal,0.9878048780487805,0
411,ddd,ddd,known,ddd,0.9878048780487805,2.0520363203107533e-104,normal,0.9878048780487805,0
412,ddd,ddd,known,ddd,0.9878048780487805,2.027011487136232e-104,normal,0.9878048780487805,0
413,ddd,ddd,known,ddd,0.9878048780487805,2.002291834854083e-104,normal,0.9878048780487805,0
414,ddd,ddd,known,ddd,0.9878048780487805,1.9778736417461063e-104,normal,0.9878048780487805,0
415,ddd,ddd,known,ddd,0.9878048780487805,1.95375323148091e-104,normal,0.9878048780487805,0
416,ddd,ddd,known,ddd,0.9878048780487805,1.929926972560411e-104,normal,0.9878048780487805,0
417,ddd,ddd,known,ddd,0.9878048780487805,1.906391277773089e-104,normal,0.9878048780487805,0
418,ddd,ddd,known,ddd,0.9878048780487805,1.8831426036539048e-104,normal,0.9878048780487805,0
419,ddd,ddd,known,ddd,0.9878048780487805,1.8601774499508083e-104,normal,0.9878048780487805,0
420,ddd,ddd,known,ddd,0.9878048780487805,1.8374923590977498e-104,normal,0.9878048780487805,0
421,ddd,ddd,known,ddd,0.9878048780487805,1.8150839156941186e-104,normal,0.9878048780487805,0
422,ddd,ddd,known,ddd,0.9878048780487805,1.7929487459905318e-104,normal,0.9878048780487805,0
423,ddd,ddd,known,ddd,0.9878048780487805,1.771083517380891e-104,normal,0.9878048780487805,0
424,ddd,ddd,known,ddd,0.9878048780487805,1.7494849379006362e-104,normal,0.9878048780487805,0
425,ddd,ddd,known,ddd,0.9878048780487805,1.7281497557311163e-104,normal,0.9878048780487805,0
426,ddd,ddd,known,ddd,0.9878048780487805,1.707074758710005e-104,normal,0.9878048780487805,0
427,ddd,ddc,known,ddc,0.011614401858304297,1.9826652249825844e-106,anomaly,0.011614401858304297,0
428,ddc,dcc,known,dcc,0.391304347826087,7.758255228192722e-107,normal,0.391304347826087,0
429,dcc,ccd,known,ccd,0.4666666666666667,3.620519106489937e-107,normal,0.4666666666666667,0
430,ccd,cdc,known,cdc,0.4,1.4482076425959748e-107,normal,0.4,0
431,cdc,dcc,known,dcc,0.375,5.430778659734906e-108,normal,0.375,0
432,dcc,ccd,known,ccd,0.4666666666666667,2.534363374542956e-108,normal,0.4666666666666667,0
433,ccd,cdc,known,cdc,0.4,1.0137453498171824e-108,normal,0.4,0
434,cdc,dcc,known,dcc,0.375,3.801545061814434e-109,normal,0.375,0
435,dcc,ccd,known,ccd,0.4666666666666667,1.7740543621800694e-109,normal,0.4666666666666667,0
436,ccd,cdc,known,cdc,0.4,7.096217448720279e-110,normal,0.4,0
437,cdc,dcd,known,dcd,0.5625,3.9916223149051567e-110,normal,0.5625,0
438,dcd,cdd,known,cdd,0.6086956521739131,2.429683148203139e-110,normal,0.6086956521739131,0
439,cdd,ddd,known,ddd,0.8260869565217391,2.0071295572112887e-110,normal,0.8260869565217391,0
440,ddd,ddd,known,ddd,0.9878048780487805,1.9826523674891998e-110,normal,0.9878048780487805,0
441,ddd,ddd,known,ddd,0.9878048780487805,1.958473680080795e-110,normal,0.9878048780487805,0
442,ddd,ddd,known,ddd,0.9878048780487805,1.934589854713956e-110,normal,0.9878048780487805,0
443,ddd,ddd,known,ddd,0.9878048780487805,1.9109972955101273e-110,normal,0.9878048780487805,0
444,ddd,ddd,known,ddd,0.9878048780487805,1.8876924504429306e-110,normal,0.9878048780487805,0
445,ddd,ddd,known,ddd,0.9878048780487805,1.8646718108033827e-110,normal,0.9878048780487805,0
446,ddd,ddd,known,ddd,0.9878048780487805,1.841931910671634e-110,normal,0.9878048780487805,0
447,ddd,ddd,known,ddd,0.9878048780487805,1.819469326395151e-110,normal,0.9878048780487805,0
448,ddd,ddd,known,ddd,0.9878048780487805,1.7972806760732587e-110,normal,0.9878048780487805,0
449,ddd,ddd,known,ddd,0.9878048780487805,1.775362619047975e-110,normal,0.9878048780487805,0
450,ddd,ddd,known,ddd,0.9878048780487805,1.7537118554010483e-110,normal,0.9878048780487805,0
451,ddd,ddd,known,ddd,0.9878048780487805,1.7323251254571332e-110,normal,0.9878048780487805,0
452,ddd,ddd,known,ddd,0.9878048780487805,1.7111992092930217e-110,normal,0.9878048780487805,0
453,ddd,ddd,known,ddd,0.9878048780487805,1.6903309262528628e-110,normal,0.9878048780487805,0
454,ddd,ddd,known,ddd,0.9878048780487805,1.6697171344692914e-110,normal,0.9878048780487805,0
455,ddd,ddd,known,ddd,0.9878048780487805,1.6493547303903975e-110,normal,0.9878048780487805,0
456,ddd,ddc,known,ddc,0.011614401858304297,1.9156268645649217e-112,anomaly,0.011614401858304297,0
457,ddc,dcc,known,dcc,0.391304347826087,7.495931209167085e-113,normal,0.391304347826087,0
458,dcc,ccd,known,ccd,0.4666666666666667,3.4981012309446397e-113,normal,0.4666666666666667,0
459,ccd,cdd,known,cdd,0.6,2.0988607385667838e-113,normal,0.6,0
460,cdd,ddd,known,ddd,0.8260869565217391,1.733841479685604e-113,normal,0.8260869565217391,0
461,ddd,ddd,known,ddd,0.9878048780487805,1.7126970713967553e-113,normal,0.9878048780487805,0
462,ddd,ddd,known,ddd,0.9878048780487805,1.6918105217455754e-113,normal,0.9878048780487805,0
463,ddd,ddd,known,ddd,0.9878048780487805,1.6711786861145317e-113,normal,0.9878048780487805,0
464,ddd,ddd,known,ddd,0.9878048780487805,1.6507984582350863e-113,normal,0.9878048780487805,0
465,ddd,ddd,known,ddd,0.9878048780487805,1.6306667697200242e-113,normal,0.9878048780487805,0
466,ddd,ddd,known,ddd,0.9878048780487805,1.6107805896014873e-113,normal,0.9878048780487805,0
467,ddd,ddd,known,ddd,0.9878048780487805,1.59113692387464e-113,normal,0.9878048780487805,0
468,ddd,ddc,known,ddc,0.011614401858304297,1.84801036454662e-115,anomaly,0.011614401858304297,0
469,ddc,dcc,known,dcc,0.391304347826087,7.231344904747644e-116,normal,0.391304347826087,0
470,dcc,ccd,known,ccd,0.4666666666666667,3.374627622215567e-116,normal,0.4666666666666667,0
471,ccd,cdd,known,cdd,0.6,2.02477657332934e-116,normal,0.6,0
472,cdd,ddd,known,ddd,0.8260869565217391,1.6726415170981505e-116,normal,0.8260869565217391,0
473,ddd,ddd,known,ddd,0.9878048780487805,1.6522434498164657e-116,normal,0.9878048780487805,0
474,ddd,ddd,known,ddd,0.9878048780487805,1.6320941394528502e-116,normal,0.9878048780487805,0
475,ddd,ddd,known,ddd,0.9878048780487805,1.612190552386352e-116,normal,0.9878048780487805,0
476,ddd,ddd,known,ddd,0.9878048780487805,1.5925296919913965e-116,normal,0.9878048780487805,0
477,ddd,ddd,known,ddd,0.9878048780487805,1.5731085981866234e-116,normal,0.9878048780487805,0
478,ddd,ddc,known,ddc,0.011614401858304297,1.8270715426093186e-118,anomaly,0.011614401858304297,0
479,ddc,dcd,known,dcd,0.6086956521739131,1.1121305041969765e-118,normal,0.6086956521739131,0
480,dcd,cdc,known,cdc,0.391304347826087,4.3518150164229515e-119,normal,0.391304347826087,0
481,cdc,dcd,known,dcd,0.5625,2.4478959467379103e-119,normal,0.5625,0
482,dcd,cdd,known,cdd,0.6086956521739131,1.4900236197535108e-119,normal,0.6086956521739131,0
483,cdd,ddc,known,ddc,0.13043478260869565,1.9435090692437097e-120,anomaly,0.13043478260869565,0
484,ddc,dcd,known,dcd,0.6086956521739131,1.1830055204092147e-120,normal,0.6086956521739131,0
485,dcd,cdc,known,cdc,0.391304347826087,4.629152036383883e-121,normal,0.391304347826087,0
486,cdc,dcc,known,dcc,0.375,1.7359320136439562e-121,normal,0.375,0
487,dcc,ccd,known,ccd,0.4666666666666667,8.101016063671796e-122,normal,0.4666666666666667,0
488,ccd,cdc,known,cdc,0.4,3.240406425468719e-122,normal,0.4,0
489,cdc,dcd,known,dcd,0.5625,1.8227286143261544e-122,normal,0.5625,0
490,dcd,cdd,known,cdd,0.6086956521739131,1.1094869826333114e-122,normal,0.6086956521739131,0
491,cdd,ddd,known,ddd,0.8260869565217391,9.165327247840399e-123,normal,0.8260869565217391,0
492,ddd,ddd,known,ddd,0.9878048780487805,9.05355496433015e-123,normal,0.9878048780487805,0
493,ddd,ddd,known,ddd,0.9878048780487805,8.943145757448075e-123,normal,0.9878048780487805,0
494,ddd,ddc,known,ddc,0.011614401858304297,1.038692887043911e-124,anomaly,0.011614401858304297,0
495,ddc,dcc,known,dcc,0.391304347826087,4.0644504275631306e-125,normal,0.391304347826087,0
496,dcc,ccc,known,ccc,0.5333333333333333,2.1677068947003363e-125,normal,0.5333333333333333,0
497,ccc,ccd,known,ccd,0.16,3.468331031520538e-126,anomaly,0.16,0
498,ccd,cdc,known,cdc,0.4,1.3873324126082154e-126,normal,0.4,0
499,cdc,dcc,known,dcc,0.375,5.202496547280808e-127,normal,0.375,0
500,dcc,ccc,known,ccc,0.5333333333333333,2.774664825216431e-127,normal,0.5333333333333333,0
501,ccc,ccc,known,ccc,0.62,1.7202921916341872e-127,normal,0.62,0
502,ccc,ccc,known,ccc,0.62,1.066581158813196e-127,normal,0.62,0
503,ccc,ccc,known,ccc,0.62,6.612803184641815e-128,normal,0.62,0
504,ccc,ccc,known,ccc,0.62,4.0999379744779253e-128,normal,0.62,0
505,ccc,ccc,known,ccc,0.62,2.5419615441763136e-128,normal,0.62,0
506,ccc,ccd,known,ccd,0.16,4.067138470682102e-129,anomaly,0.16,0
507,ccd,cdd,known,cdd,0.6,2.440283082409261e-129,normal,0.6,0
508,cdd,ddc,known,ddc,0.13043478260869565,3.182977933577297e-130,anomaly,0.13043478260869565,0
509,ddc,dcc,known,dcc,0.391304347826087,1.2455131044432903e-130,normal,0.391304347826087,0
510,dcc,ccc,known,ccc,0.5333333333333333,6.642736557030882e-131,normal,0.5333333333333333,0
511,ccc,ccc,known,ccc,0.62,4.1184966653591466e-131,normal,0.62,0
512,ccc,ccc,known,ccc,0.62,2.553467932522671e-131,normal,0.62,0
513,ccc,ccd,known,ccd,0.16,4.0855486920362734e-132,anomaly,0.16,0
514,ccd,cdd,known,cdd,0.6,2.451329215221764e-132,normal,0.6,0
515,cdd,ddc,known,ddc,0.13043478260869565,3.1973859328979528e-133,anomaly,0.13043478260869565,0
516,ddc,dcc,known,dcc,0.391304347826087,1.251151017220938e-133,normal,0.391304347826087,0
517,dcc,ccc,known,ccc,0.5333333333333333,6.672805425178336e-134,normal,0.5333333333333333,0
518,ccc,ccc,known,ccc,0.62,4.1371393636105684e-134,normal,0.62,0
519,ccc,ccc,known,ccc,0.62,2.5650264054385523e-134,normal,0.62,0
520,ccc,ccc,known,ccc,0.62,1.5903163713719025e-134,normal,0.62,0
521,ccc,ccd,known,ccd,0.16,2.5445061941950442e-135,anomaly,0.16,0
522,ccd,cdd,known,cdd,0.6,1.5267037165170264e-135,normal,0.6,0
523,cdd,ddd,known,ddd,0.8260869565217391,1.2611900266879782e-135,normal,0.8260869565217391,0
524,ddd,ddc,known,ddc,0.011614401858304297,1.46479677896397e-137,anomaly,0.011614401858304297,0
525,ddc,dcc,known,dcc,0.391304347826087,5.731813482902491e-138,normal,0.391304347826087,0
526,dcc,ccc,known,ccc,0.5333333333333333,3.056967190881329e-138,normal,0.5333333333333333,0
527,ccc,ccc,known,ccc,0.62,1.895319658346424e-138,normal,0.62,0
528,ccc,ccc,known,ccc,0.62,1.1750981881747829e-138,normal,0.62,0
529,ccc,ccd,known,ccd,0.16,1.8801571010796525e-139,anomaly,0.16,0
530,ccd,cdd,known,cdd,0.6,1.1280942606477915e-139,normal,0.6,0
531,cdd,ddc,known,ddc,0.13043478260869565,1.4714272964971192e-140,anomaly,0.13043478260869565,0
532,ddc,dcc,known,dcc,0.391304347826087,5.757758986293075e-141,normal,0.391304347826087,0
533,dcc,ccc,known,ccc,0.5333333333333333,3.07080479268964e-141,normal,0.5333333333333333,0
534,ccc,ccc,known,ccc,0.62,1.9038989714675768e-141,normal,0.62,0
535,ccc,ccd,known,ccd,0.16,3.046238354348123e-142,anomaly,0.16,0
536,ccd,cdd,known,cdd,0.6,1.8277430126088737e-142,normal,0.6,0
537,cdd,ddc,known,ddc,0.13043478260869565,2.384012625142009e-143,anomaly,0.13043478260869565,0
538,ddc,dcc,known,dcc,0.391304347826087,9.328745054903514e-144,normal,0.391304347826087,0
539,dcc,ccc,known,ccc,0.5333333333333333,4.975330695948541e-144,normal,0.5333333333333333,0
540,ccc,ccc,known,ccc,0.62,3.0847050314880956e-144,normal,0.62,0
541,ccc,ccc,known,ccc,0.62,1.9125171195226194e-144,normal,0.62,0
542,ccc,ccd,known,ccd,0.16,3.0600273912361912e-145,anomaly,0.16,0
543,ccd,cdd,known,cdd,0.6,1.8360164347417147e-145,normal,0.6,0
544,cdd,ddd,known,ddd,0.8260869565217391,1.5167092286996774e-145,normal,0.8260869565217391,0
545,ddd,ddd,known,ddd,0.9878048780487805,1.4982127746911447e-145,normal,0.9878048780487805,0
546,ddd,ddc,known,ddc,0.011614401858304297,1.7400845234508068e-147,anomaly,0.011614401858304297,0
547,ddc,dcd,known,dcd,0.6086956521739131,1.0591818838396216e-147,normal,0.6086956521739131,0
548,dcd,cdd,known,cdd,0.6086956521739131,6.447194075545523e-148,normal,0.6086956521739131,0
549,cdd,ddd,known,ddd,0.8260869565217391,5.3259429319723886e-148,normal,0.8260869565217391,0
550,ddd,ddd,known,ddd,0.9878048780487805,5.2609924084117494e-148,normal,0.9878048780487805,0
551,ddd,ddd,known,ddd,0.9878048780487805,5.196833964406728e-148,normal,0.9878048780487805,0
552,ddd,ddd,known,ddd,0.9878048780487805,5.133457940450548e-148,normal,0.9878048780487805,0
553,ddd,ddd,known,ddd,0.9878048780487805,5.070854794835298e-148,normal,0.9878048780487805,0
554,ddd,ddd,known,ddd,0.9878048780487805,5.009015102215355e-148,normal,0.9878048780487805,0
555,ddd,ddd,known,ddd,0.9878048780487805,4.9479295521883385e-148,normal,0.9878048780487805,0
556,ddd,ddd,known,ddd,0.9878048780487805,4.887588947893359e-148,normal,0.9878048780487805,0
557,ddd,ddd,known,ddd,0.9878048780487805,4.8279842046263664e-148,normal,0.9878048780487805,0
558,ddd,ddd,known,ddd,0.9878048780487805,4.769106348472386e-148,normal,0.9878048780487805,0
559,ddd,ddc,known,ddc,0.011614401858304297,5.53903176361485e-150,anomaly,0.011614401858304297,0
560,ddc,dcc,known,dcc,0.391304347826087,2.1674472118492894e-150,normal,0.391304347826087,0
561,dcc,ccc,known,ccc,0.5333333333333333,1.155971846319621e-150,normal,0.5333333333333333,0
562,ccc,ccc,known,ccc,0.62,7.16702544718165e-151,normal,0.62,0
563,ccc,ccd,known,ccd,0.16,1.146724071549064e-151,anomaly,0.16,0
564,ccd,cdc,known,cdc,0.4,4.586896286196257e-152,normal,0.4,0
565,cdc,dcd,known,dcd,0.5625,2.5801291609853944e-152,normal,0.5625,0
566,dcd,cdd,known,cdd,0.6086956521739131,1.5705134023389358e-152,normal,0.6086956521739131,0
567,cdd,ddd,known,ddd,0.8260869565217391,1.297380636714773e-152,normal,0.8260869565217391,0
568,ddd,ddd,known,ddd,0.9878048780487805,1.2815589216328854e-152,normal,0.9878048780487805,0
569,ddd,ddc,known,ddc,0.011614401858304297,1.4884540320939437e-154,anomaly,0.011614401858304297,0
570,ddc,dcd,known,dcd,0.6086956521739131,9.060154977963135e-155,normal,0.6086956521739131,0
571,dcd,cdc,known,cdc,0.391304347826087,3.54527803485514e-155,normal,0.391304347826087,0
572,cdc,dcd,known,dcd,0.5625,1.994218894606016e-155,normal,0.5625,0
573,dcd,cdd,known,cdd,0.6086956521739131,1.213872370629749e-155,normal,0.6086956521739131,0
574,cdd,ddd,known,ddd,0.8260869565217391,1.002764132259358e-155,normal,0.8260869565217391,0
575,ddd,ddd,known,ddd,0.9878048780487805,9.905353013781464e-156,normal,0.9878048780487805,0
576,ddd,ddc,known,ddc,0.011614401858304297,1.150447504504235e-157,anomaly,0.011614401858304297,0
577,ddc,dcd,known,dcd,0.6086956521739131,7.002723940460561e-158,normal,0.6086956521739131,0
578,dcd,cdc,known,cdc,0.391304347826087,2.7401963245280458e-158,normal,0.391304347826087,0
579,cdc,dcc,known,dcc,0.375,1.027573621698017e-158,normal,0.375,0
580,dcc,ccc,known,ccc,0.5333333333333333,5.480392649056091e-159,normal,0.5333333333333333,0
581,ccc,ccd,known,ccd,0.16,8.768628238489745e-160,anomaly,0.16,0
582,ccd,cdc,known,cdc,0.4,3.5074512953958984e-160,normal,0.4,0
583,cdc,dcc,known,dcc,0.375,1.3152942357734619e-160,normal,0.375,0
584,dcc,ccc,known,ccc,0.5333333333333333,7.014902590791797e-161,normal,0.5333333333333333,0
585,ccc,ccc,known,ccc,0.62,4.349239606290914e-161,normal,0.62,0
586,ccc,ccc,known,ccc,0.62,2.6965285559003664e-161,normal,0.62,0
587,ccc,ccc,known,ccc,0.62,1.6718477046582271e-161,normal,0.62,0
588,ccc,ccc,known,ccc,0.62,1.0365455768881009e-161,normal,0.62,0
589,ccc,ccc,known,ccc,0.62,6.426582576706225e-162,normal,0.62,0
590,ccc,ccc,known,ccc,0.62,3.9844811975578595e-162,normal,0.62,0
591,ccc,ccc,known,ccc,0.62,2.4703783424858726e-162,normal,0.62,0
592,ccc,ccd,known,ccd,0.16,3.952605347977396e-163,anomaly,0.16,0
593,ccd,cdc,known,cdc,0.4,1.5810421391909584e-163,normal,0.4,0
594,cdc,dcc,known,dcc,0.375,5.928908021966094e-164,normal,0.375,0
595,dcc,ccb,known,ccb,0.0,5.928908021966094e-168,anomaly,0.0,0
596,ccb,cbb,known,cbb,0.696969696969697,4.1322692274309144e-168,normal,0.696969696969697,0
597,cbb,bbb,known,bbb,0.5964912280701754,2.464862346186861e-168,normal,0.5964912280701754,0
598,bbb,bbc,known,bbc,0.06329113924050633,1.5600394596119374e-169,anomaly,0.06329113924050633,0
599,bbc,bcc,known,bcc,0.3448275862068966,5.379446412454957e-170,normal,0.3448275862068966,0
600,bcc,ccd,known,ccd,0.0,5.379446412454957e-174,anomaly,0.0,0
601,ccd,cdd,known,cdd,0.6,3.2276678474729744e-174,normal,0.6,0
602,cdd,ddc,known,ddc,0.13043478260869565,4.2100015401821404e-175,anomaly,0.13043478260869565,0
603,ddc,dcc,known,dcc,0.391304347826087,1.647391907027794e-175,normal,0.391304347826087,0
604,dcc,ccc,known,ccc,0.5333333333333333,8.786090170814901e-176,normal,0.5333333333333333,0
605,ccc,ccb,known,ccb,0.22,1.9329398375792784e-176,normal,0.22,0
606,ccb,cbc,known,cbc,0.24242424242424243,4.685914757767948e-177,normal,0.24242424242424243,0
607,cbc,bcc,known,bcc,0.48,2.249239083728615e-177,normal,0.48,0
608,bcc,ccc,known,ccc,0.3333333333333333,7.497463612428716e-178,normal,0.3333333333333333,0
609,ccc,ccc,known,ccc,0.62,4.648427439705804e-178,normal,0.62,0
610,ccc,ccc,known,ccc,0.62,2.882025012617598e-178,normal,0.62,0
611,ccc,ccc,known,ccc,0.62,1.7868555078229108e-178,normal,0.62,0
612,ccc,ccc,known,ccc,0.62,1.1078504148502047e-178,normal,0.62,0
613,ccc,ccb,known,ccb,0.22,2.4372709126704504e-179,normal,0.22,0
614,ccb,cbb,known,cbb,0.696969696969697,1.6987039694369807e-179,normal,0.696969696969697,0
615,cbb,bbc,known,bbc,0.24561403508771928,4.172255363529426e-180,normal,0.24561403508771928,0
616,bbc,bcc,known,bcc,0.3448275862068966,1.4387087460446297e-180,normal,0.3448275862068966,0
617,bcc,ccc,known,ccc,0.3333333333333333,4.795695820148766e-181,normal,0.3333333333333333,0
618,ccc,ccc,known,ccc,0.62,2.9733314084922346e-181,normal,0.62,0
619,ccc,ccc,known,ccc,0.62,1.8434654732651855e-181,normal,0.62,0
620,ccc,ccc,known,ccc,0.62,1.142948593424415e-181,normal,0.62,0
621,ccc,ccc,known,ccc,0.62,7.086281279231373e-182,normal,0.62,0
622,ccc,ccc,known,ccc,0.62,4.3934943931234514e-182,normal,0.62,0
623,ccc,ccc,known,ccc,0.62,2.72396652373654e-182,normal,0.62,0
624,ccc,ccc,known,ccc,0.62,1.688859244716655e-182,normal,0.62,0
625,ccc,ccc,known,ccc,0.62,1.047092731724326e-182,normal,0.62,0
626,ccc,ccd,known,ccd,0.16,1.6753483707589217e-183,anomaly,0.16,0
627,ccd,cdc,known,cdc,0.4,6.701393483035687e-184,normal,0.4,0
628,cdc,dcd,known,dcd,0.5625,3.769533834207574e-184,normal,0.5625,0
629,dcd,cdc,known,cdc,0.391304347826087,1.4750349786029636e-184,normal,0.391304347826087,0
630,cdc,dcc,known,dcc,0.375,5.5313811697611137e-185,normal,0.375,0
631,dcc,ccc,known,ccc,0.5333333333333333,2.950069957205927e-185,normal,0.5333333333333333,0
632,ccc,ccd,known,ccd,0.16,4.720111931529484e-186,anomaly,0.16,0
633,ccd,cdc,known,cdc,0.4,1.8880447726117935e-186,normal,0.4,0
634,cdc,dcc,known,dcc,0.375,7.080167897294225e-187,normal,0.375,0
635,dcc,ccc,known,ccc,0.5333333333333333,3.7760895452235866e-187,normal,0.5333333333333333,0
636,ccc,ccd,known,ccd,0.16,6.041743272357739e-188,anomaly,0.16,0
637,ccd,cdc,known,cdc,0.4,2.416697308943096e-188,normal,0.4,0
638,cdc,dcc,known,dcc,0.375,9.06261490853661e-189,normal,0.375,0
639,dcc,ccc,known,ccc,0.5333333333333333,4.833394617886192e-189,normal,0.5333333333333333,0
640,ccc,ccc,known,ccc,0.62,2.996704663089439e-189,normal,0.62,0
641,ccc,ccc,known,ccc,0.62,1.857956891115452e-189,normal,0.62,0
642,ccc,ccc,known,ccc,0.62,1.1519332724915803e-189,normal,0.62,0
643,ccc,ccc,known,ccc,0.62,7.141986289447798e-190,normal,0.62,0
644,ccc,ccc,known,ccc,0.62,4.4280314994576345e-190,normal,0.62,0
645,ccc,ccc,known,ccc,0.62,2.7453795296637335e-190,normal,0.62,0
646,ccc,ccc,known,ccc,0.62,1.7021353083915147e-190,normal,0.62,0
647,ccc,ccc,known,ccc,0.62,1.0553238912027392e-190,normal,0.62,0
648,ccc,ccc,known,ccc,0.62,6.543008125456982e-191,normal,0.62,0
649,ccc,ccc,known,ccc,0.62,4.056665037783329e-191,normal,0.62,0
650,ccc,ccc,known,ccc,0.62,2.515132323425664e-191,normal,0.62,0
651,ccc,ccc,known,ccc,0.62,1.5593820405239118e-191,normal,0.62,0
652,ccc,ccd,known,ccd,0.16,2.495011264838259e-192,anomaly,0.16,0
653,ccd,cdc,known,cdc,0.4,9.980045059353037e-193,normal,0.4,0
654,cdc,dcc,known,dcc,0.375,3.742516897257389e-193,normal,0.375,0
655,dcc,ccc,known,ccc,0.5333333333333333,1.9960090118706073e-193,normal,0.5333333333333333,0
656,ccc,ccb,known,ccb,0.22,4.391219826115336e-194,normal,0.22,0
657,ccb,cbc,known,cbc,0.24242424242424243,1.0645381396643238e-194,normal,0.24242424242424243,0
658,cbc,bcc,known,bcc,0.48,5.109783070388754e-195,normal,0.48,0
659,bcc,ccc,known,ccc,0.3333333333333333,1.7032610234629179e-195,normal,0.3333333333333333,0
660,ccc,ccc,known,ccc,0.62,1.056021834547009e-195,normal,0.62,0
661,ccc,ccc,known,ccc,0.62,6.547335374191457e-196,normal,0.62,0
662,ccc,ccc,known,ccc,0.62,4.059347931998703e-196,normal,0.62,0
663,ccc,ccd,known,ccd,0.16,6.494956691197925e-197,anomaly,0.16,0
664,ccd,cdc,known,cdc,0.4,2.59798267647917e-197,normal,0.4,0
665,cdc,dcc,known,dcc,0.375,9.742435036796888e-198,normal,0.375,0
666,dcc,ccd,known,ccd,0.4666666666666667,4.546469683838548e-198,normal,0.4666666666666667,0
667,ccd,cdc,known,cdc,0.4,1.8185878735354192e-198,normal,0.4,0
668,cdc,dcb,unseen,acb,0.0,1.8185878735354193e-202,anomaly,0.0,1
669,acb,cbc,known,cbc,0.2222222222222222,4.041306385634265e-203,normal,0.2222222222222222,0
670,cbc,bcc,known,bcc,0.48,1.939827065104447e-203,normal,0.48,0
671,bcc,ccc,known,ccc,0.3333333333333333,6.466090217014823e-204,normal,0.3333333333333333,0
672,ccc,ccd,known,ccd,0.16,1.0345744347223718e-204,anomaly,0.16,0
673,ccd,cdc,known,cdc,0.4,4.138297738889488e-205,normal,0.4,0
674,cdc,dcb,unseen,acb,0.0,4.1382977388894877e-209,anomaly,0.0,1
675,acb,cbc,known,cbc,0.2222222222222222,9.196217197532194e-210,normal,0.2222222222222222,0
676,cbc,bcc,known,bcc,0.48,4.414184254815453e-210,normal,0.48,0
677,bcc,ccc,known,ccc,0.3333333333333333,1.4713947516051509e-210,normal,0.3333333333333333,0
678,ccc,ccc,known,ccc,0.62,9.122647459951936e-211,normal,0.62,0
679,ccc,ccd,known,ccd,0.16,1.4596235935923098e-211,anomaly,0.16,0
680,ccd,cdc,known,cdc,0.4,5.83849437436924e-212,normal,0.4,0
681,cdc,dcb,unseen,acb,0.0,5.83849437436924e-216,anomaly,0.0,1
682,acb,cbc,known,cbc,0.2222222222222222,1.2974431943042756e-216,normal,0.2222222222222222,0
683,cbc,bcc,known,bcc,0.48,6.227727332660523e-217,normal,0.48,0
684,bcc,ccc,known,ccc,0.3333333333333333,2.0759091108868407e-217,normal,0.3333333333333333,0
685,ccc,ccb,known,ccb,0.22,4.56700004395105e-218,normal,0.22,0
686,ccb,cbc,known,cbc,0.24242424242424243,1.1071515258063151e-218,normal,0.24242424242424243,0
687,cbc,bcc,known,bcc,0.48,5.314327323870312e-219,normal,0.48,0
688,bcc,ccc,known,ccc,0.3333333333333333,1.771442441290104e-219,normal,0.3333333333333333,0
689,ccc,ccc,known,ccc,0.62,1.0982943135998644e-219,normal,0.62,0
690,ccc,ccd,known,ccd,0.16,1.757270901759783e-220,anomaly,0.16,0
691,ccd,cdc,known,cdc,0.4,7.029083607039132e-221,normal,0.4,0
692,cdc,dcd,known,dcd,0.5625,3.953859528959512e-221,normal,0.5625,0
693,dcd,cdc,known,cdc,0.391304347826087,1.5471624243754613e-221,normal,0.391304347826087,0
694,cdc,dcc,known,dcc,0.375,5.80185909140798e-222,normal,0.375,0
695,dcc,ccc,known,ccc,0.5333333333333333,3.094324848750923e-222,normal,0.5333333333333333,0
696,ccc,ccc,known,ccc,0.62,1.9184814062255722e-222,normal,0.62,0
697,ccc,ccc,known,ccc,0.62,1.1894584718598548e-222,normal,0.62,0
698,ccc,ccc,known,ccc,0.62,7.374642525531099e-223,normal,0.62,0
699,ccc,ccc,known,ccc,0.62,4.572278365829281e-223,normal,0.62,0
700,ccc,ccc,known,ccc,0.62,2.8348125868141542e-223,normal,0.62,0
701,ccc,ccd,known,ccd,0.16,4.535700138902647e-224,anomaly,0.16,0
702,ccd,cdc,known,cdc,0.4,1.814280055561059e-224,normal,0.4,0
703,cdc,dcc,known,dcc,0.375,6.803550208353971e-225,normal,0.375,0
704,dcc,ccd,known,ccd,0.4666666666666667,3.174990097231853e-225,normal,0.4666666666666667,0
705,ccd,cdc,known,cdc,0.4,1.2699960388927413e-225,normal,0.4,0
706,cdc,dcc,known,dcc,0.375,4.76248514584778e-226,normal,0.375,0
707,dcc,ccd,known,ccd,0.4666666666666667,2.2224930680622974e-226,normal,0.4666666666666667,0
708,ccd,cdc,known,cdc,0.4,8.88997227224919e-227,normal,0.4,0
709,cdc,dcc,known,dcc,0.375,3.3337396020934465e-227,normal,0.375,0
710,dcc,ccc,known,ccc,0.5333333333333333,1.777994454449838e-227,normal,0.5333333333333333,0
711,ccc,ccc,known,ccc,0.62,1.1023565617588996e-227,normal,0.62,0
712,ccc,ccc,known,ccc,0.62,6.834610682905178e-228,normal,0.62,0
713,ccc,ccc,known,ccc,0.62,4.23745862340121e-228,normal,0.62,0
714,ccc,ccc,known,ccc,0.62,2.6272243465087505e-228,normal,0.62,0
715,ccc,ccc,known,ccc,0.62,1.6288790948354253e-228,normal,0.62,0
716,ccc,ccc,known,ccc,0.62,1.0099050387979637e-228,normal,0.62,0
717,ccc,ccc,known,ccc,0.62,6.261411240547375e-229,normal,0.62,0
718,ccc,ccc,known,ccc,0.62,3.882074969139372e-229,normal,0.62,0
719,ccc,ccc,known,ccc,0.62,2.4068864808664107e-229,normal,0.62,0
720,ccc,ccc,known,ccc,0.62,1.4922696181371747e-229,normal,0.62,0
721,ccc,ccc,known,ccc,0.62,9.252071632450482e-230,normal,0.62,0
722,ccc,ccc,known,ccc,0.62,5.736284412119299e-230,normal,0.62,0
723,ccc,ccc,known,ccc,0.62,3.5564963355139654e-230,normal,0.62,0
724,ccc,ccc,known,ccc,0.62,2.2050277280186586e-230,normal,0.62,0
725,ccc,ccc,known,ccc,0.62,1.3671171913715683e-230,normal,0.62,0
726,ccc,ccc,known,ccc,0.62,8.476126586503723e-231,normal,0.62,0
727,ccc,ccc,known,ccc,0.62,5.255198483632309e-231,normal,0.62,0
728,ccc,ccc,known,ccc,0.62,3.2582230598520315e-231,normal,0.62,0
729,ccc,ccd,known,ccd,0.16,5.2131568957632505e-232,anomaly,0.16,0
730,ccd,cdd,known,cdd,0.6,3.1278941374579503e-232,normal,0.6,0
731,cdd,ddc,known,ddc,0.13043478260869565,4.0798619184234135e-233,anomaly,0.13043478260869565,0
732,ddc,dcd,known,dcd,0.6086956521739131,2.483394211214252e-233,normal,0.6086956521739131,0
733,dcd,cdd,known,cdd,0.6086956521739131,1.5116312589999794e-233,normal,0.6086956521739131,0
734,cdd,ddd,known,ddd,0.8260869565217391,1.2487388661304177e-233,normal,0.8260869565217391,0
735,ddd,ddd,known,ddd,0.9878048780487805,1.2335103433727298e-233,normal,0.9878048780487805,0
736,ddd,ddd,known,ddd,0.9878048780487805,1.2184675343072086e-233,normal,0.9878048780487805,0
737,ddd,ddc,known,ddc,0.011614401858304297,1.4151771594741099e-235,anomaly,0.011614401858304297,0
738,ddc,dcd,known,dcd,0.6086956521739131,8.614121840277191e-236,normal,0.6086956521739131,0
739,dcd,cdc,known,cdc,0.391304347826087,3.3707433288041184e-236,normal,0.391304347826087,0
740,cdc,dcc,known,dcc,0.375,1.2640287483015444e-236,normal,0.375,0
741,dcc,ccc,known,ccc,0.5333333333333333,6.741486657608236e-237,normal,0.5333333333333333,0
742,ccc,ccd,known,ccd,0.16,1.0786378652173178e-237,anomaly,0.16,0
743,ccd,cdd,known,cdd,0.6,6.471827191303906e-238,normal,0.6,0
744,cdd,ddd,known,ddd,0.8260869565217391,5.346292027598879e-238,normal,0.8260869565217391,0
745,ddd,ddc,known,ddc,0.011614401858304297,6.209398406038188e-240,anomaly,0.011614401858304297,0
746,ddc,dcc,known,dcc,0.391304347826087,2.429764593667117e-240,normal,0.391304347826087,0
747,dcc,ccc,known,ccc,0.5333333333333333,1.295874449955796e-240,normal,0.5333333333333333,0
748,ccc,ccd,known,ccd,0.16,2.0733991199292734e-241,anomaly,0.16,0
749,ccd,cdd,known,cdd,0.6,1.244039471957564e-241,normal,0.6,0
750,cdd,ddd,known,ddd,0.8260869565217391,1.0276847811823355e-241,normal,0.8260869565217391,0
751,ddd,ddc,known,ddc,0.011614401858304297,1.1935944032315164e-243,anomaly,0.011614401858304297,0
752,ddc,dcc,known,dcc,0.391304347826087,4.67058679525376e-244,normal,0.391304347826087,0
753,dcc,ccc,known,ccc,0.5333333333333333,2.4909796241353386e-244,normal,0.5333333333333333,0
754,ccc,ccd,known,ccd,0.16,3.985567398616542e-245,anomaly,0.16,0
755,ccd,cdd,known,cdd,0.6,2.3913404391699253e-245,normal,0.6,0
756,cdd,ddc,known,ddc,0.13043478260869565,3.1191397032651196e-246,anomaly,0.13043478260869565,0
757,ddc,dcc,known,dcc,0.391304347826087,1.2205329273646122e-246,normal,0.391304347826087,0
758,dcc,ccc,known,ccc,0.5333333333333333,6.509508945944599e-247,normal,0.5333333333333333,0
759,ccc,ccc,known,ccc,0.62,4.0358955464856514e-247,normal,0.62,0
760,ccc,ccc,known,ccc,0.62,2.502255238821104e-247,normal,0.62,0
761,ccc,ccc,known,ccc,0.62,1.5513982480690845e-247,normal,0.62,0
762,ccc,ccd,known,ccd,0.16,2.4822371969105354e-248,anomaly,0.16,0
763,ccd,cdd,known,cdd,0.6,1.4893423181463212e-248,normal,0.6,0
764,cdd,ddd,known,ddd,0.8260869565217391,1.2303262628165262e-248,normal,0.8260869565217391,0
765,ddd,ddd,known,ddd,0.9878048780487805,1.2153222840016904e-248,normal,0.9878048780487805,0
766,ddd,ddd,known,ddd,0.9878048780487805,1.2005012805382552e-248,normal,0.9878048780487805,0
767,ddd,ddc,known,ddc,0.011614401858304297,1.39431043035802e-250,anomaly,0.011614401858304297,0
768,ddc,dcc,known,dcc,0.391304347826087,5.4559973361835566e-251,normal,0.391304347826087,0
769,dcc,ccc,known,ccc,0.5333333333333333,2.9098652459645634e-251,normal,0.5333333333333333,0
770,ccc,ccc,known,ccc,0.62,1.8041164524980294e-251,normal,0.62,0
771,ccc,ccc,known,ccc,0.62,1.1185522005487783e-251,normal,0.62,0
772,ccc,ccd,known,ccd,0.16,1.7896835208780453e-252,anomaly,0.16,0
773,ccd,cdd,known,cdd,0.6,1.0738101125268271e-252,normal,0.6,0
774,cdd,ddd,known,ddd,0.8260869565217391,8.870605277395528e-253,normal,0.8260869565217391,0
775,ddd,ddc,known,ddc,0.011614401858304297,1.0302677441806653e-254,anomaly,0.011614401858304297,0
776,ddc,dcd,known,dcd,0.6086956521739131,6.271194964577963e-255,normal,0.6086956521739131,0
777,dcd,cdc,known,cdc,0.391304347826087,2.4539458557044206e-255,normal,0.391304347826087,0
778,cdc,dcc,known,dcc,0.375,9.202296958891577e-256,normal,0.375,0
779,dcc,ccc,known,ccc,0.5333333333333333,4.907891711408841e-256,normal,0.5333333333333333,0
780,ccc,ccd,known,ccd,0.16,7.852626738254145e-257,anomaly,0.16,0
781,ccd,cdc,known,cdc,0.4,3.141050695301658e-257,normal,0.4,0
782,cdc,dcd,known,dcd,0.5625,1.7668410161071827e-257,normal,0.5625,0
783,dcd,cdc,known,cdc,0.391304347826087,6.913725715202019e-258,normal,0.391304347826087,0
784,cdc,dcd,known,dcd,0.5625,3.888970714801136e-258,normal,0.5625,0
785,dcd,cdd,known,cdd,0.6086956521739131,2.3671995655311264e-258,normal,0.6086956521739131,0
786,cdd,ddc,known,ddc,0.13043478260869565,3.087651607214513e-259,anomaly,0.13043478260869565,0
787,ddc,dcc,known,dcc,0.391304347826087,1.2082114984752442e-259,normal,0.391304347826087,0
788,dcc,ccc,known,ccc,0.5333333333333333,6.443794658534635e-260,normal,0.5333333333333333,0
789,ccc,ccc,known,ccc,0.62,3.995152688291474e-260,normal,0.62,0
790,ccc,ccc,known,ccc,0.62,2.476994666740714e-260,normal,0.62,0
791,ccc,ccd,known,ccd,0.16,3.9631914667851423e-261,anomaly,0.16,0
792,ccd,cdd,known,cdd,0.6,2.3779148800710855e-261,normal,0.6,0
793,cdd,ddd,known,ddd,0.8260869565217391,1.9643644661456794e-261,normal,0.8260869565217391,0
794,ddd,ddc,known,ddc,0.011614401858304297,2.281491830598931e-263,anomaly,0.011614401858304297,0
795,ddc,dcc,known,dcc,0.391304347826087,8.927576728430599e-264,normal,0.391304347826087,0
796,dcc,ccc,known,ccc,0.5333333333333333,4.761374255162986e-264,normal,0.5333333333333333,0
797,ccc,ccc,known,ccc,0.62,2.9520520382010515e-264,normal,0.62,0
798,ccc,ccc,known,ccc,0.62,1.8302722636846519e-264,normal,0.62,0
799,ccc,ccd,known,ccd,0.16,2.9284356218954433e-265,anomaly,0.16,0
800,ccd,cdc,known,cdc,0.4,1.1713742487581774e-265,normal,0.4,0
801,cdc,dcc,known,dcc,0.375,4.392653432843165e-266,normal,0.375,0
802,dcc,ccd,known,ccd,0.4666666666666667,2.0499049353268104e-266,normal,0.4666666666666667,0
803,ccd,cdd,known,cdd,0.6,1.2299429611960862e-266,normal,0.6,0
804,cdd,ddd,known,ddd,0.8260869565217391,1.0160398375098104e-266,normal,0.8260869565217391,0
805,ddd,ddd,known,ddd,0.9878048780487805,1.003649107784081e-266,normal,0.9878048780487805,0
806,ddd,ddc,known,ddc,0.011614401858304297,1.1656784062532879e-268,anomaly,0.011614401858304297,0
807,ddc,dcd,known,dcd,0.6086956521739131,7.095433777193927e-269,normal,0.6086956521739131,0
808,dcd,cdc,known,cdc,0.391304347826087,2.7764740867280584e-269,normal,0.391304347826087,0
809,cdc,dcd,known,dcd,0.5625,1.561766673784533e-269,normal,0.5625,0
810,dcd,cdd,known,cdd,0.6086956521739131,9.506405840427593e-270,normal,0.6086956521739131,0
811,cdd,ddd,known,ddd,0.8260869565217391,7.853117868179316e-270,normal,0.8260869565217391,0
812,ddd,ddd,known,ddd,0.9878048780487805,7.757348138079569e-270,normal,0.9878048780487805,0
813,ddd,ddd,known,ddd,0.9878048780487805,7.662746331517624e-270,normal,0.9878048780487805,0
814,ddd,ddd,known,ddd,0.9878048780487805,7.569298205523506e-270,normal,0.9878048780487805,0
815,ddd,ddc,known,ddc,0.011614401858304297,8.79128711442916e-272,anomaly,0.011614401858304297,0
816,ddc,dcc,known,dcc,0.391304347826087,3.4400688708635847e-272,normal,0.391304347826087,0
817,dcc,ccc,known,ccc,0.5333333333333333,1.834703397793912e-272,normal,0.5333333333333333,0
818,ccc,ccc,known,ccc,0.62,1.1375161066322254e-272,normal,0.62,0
819,ccc,ccc,known,ccc,0.62,7.052599861119797e-273,normal,0.62,0
820,ccc,ccd,known,ccd,0.16,1.1284159777791676e-273,anomaly,0.16,0
821,ccd,cdd,known,cdd,0.6,6.770495866675005e-274,normal,0.6,0
822,cdd,ddd,known,ddd,0.8260869565217391,5.593018324644569e-274,normal,0.8260869565217391,0
823,ddd,ddd,known,ddd,0.9878048780487805,5.524810784100124e-274,normal,0.9878048780487805,0
824,ddd,ddd,known,ddd,0.9878048780487805,5.45743504283061e-274,normal,0.9878048780487805,0
825,ddd,ddd,known,ddd,0.9878048780487805,5.390880956942432e-274,normal,0.9878048780487805,0
826,ddd,ddd,known,ddd,0.9878048780487805,5.325138506248013e-274,normal,0.9878048780487805,0
827,ddd,ddd,known,ddd,0.9878048780487805,5.260197792757184e-274,normal,0.9878048780487805,0
828,ddd,ddc,known,ddc,0.011614401858304297,6.1094051019247196e-276,anomaly,0.011614401858304297,0
829,ddc,dcc,known,dcc,0.391304347826087,2.3906367790140208e-276,normal,0.391304347826087,0
830,dcc,ccc,known,ccc,0.5333333333333333,1.2750062821408111e-276,normal,0.5333333333333333,0
831,ccc,ccc,known,ccc,0.62,7.905038949273029e-277,normal,0.62,0
832,ccc,ccc,known,ccc,0.62,4.901124148549277e-277,normal,0.62,0
833,ccc,ccc,known,ccc,0.62,3.038696972100552e-277,normal,0.62,0
834,ccc,ccc,known,ccc,0.62,1.8839921227023425e-277,normal,0.62,0
835,ccc,ccc,known,ccc,0.62,1.1680751160754523e-277,normal,0.62,0
836,ccc,ccc,known,ccc,0.62,7.242065719667805e-278,normal,0.62,0
837,ccc,ccc,known,ccc,0.62,4.490080746194039e-278,normal,0.62,0
838,ccc,ccc,known,ccc,0.62,2.783850062640304e-278,normal,0.62,0
839,ccc,ccc,known,ccc,0.62,1.7259870388369887e-278,normal,0.62,0
840,ccc,ccc,known,ccc,0.62,1.070111964078933e-278,normal,0.62,0
841,ccc,ccd,known,ccd,0.16,1.712179142526293e-279,anomaly,0.16,0
842,ccd,cdc,known,cdc,0.4,6.848716570105172e-280,normal,0.4,0
843,cdc,dcd,known,dcd,0.5625,3.852403070684159e-280,normal,0.5625,0
844,dcd,cdc,known,cdc,0.391304347826087,1.5074620711372796e-280,normal,0.391304347826087,0
845,cdc,dcd,known,dcd,0.5625,8.479474150147198e-281,normal,0.5625,0
846,dcd,cdc,known,cdc,0.391304347826087,3.318055102231512e-281,normal,0.391304347826087,0
847,cdc,dcc,known,dcc,0.375,1.2442706633368171e-281,normal,0.375,0
848,dcc,ccc,known,ccc,0.5333333333333333,6.636110204463024e-282,normal,0.5333333333333333,0
849,ccc,ccc,known,ccc,0.62,4.114388326767075e-282,normal,0.62,0
850,ccc,ccb,known,ccb,0.22,9.051654318887565e-283,normal,0.22,0
851,ccb,cbb,known,cbb,0.696969696969697,6.308728767709516e-283,normal,0.696969696969697,0
852,cbb,bbb,known,bbb,0.5964912280701754,3.7631013702126935e-283,normal,0.5964912280701754,0
853,bbb,bbb,known,bbb,0.7377938517179023,2.776393054334139e-283,normal,0.7377938517179023,0
854,bbb,bbc,known,bbc,0.06329113924050633,1.7572107938823665e-284,anomaly,0.06329113924050633,0
855,bbc,bcc,known,bcc,0.3448275862068966,6.0593475651116094e-285,normal,0.3448275862068966,0
856,bcc,ccc,known,ccc,0.3333333333333333,2.0197825217038695e-285,normal,0.3333333333333333,0
857,ccc,ccc,known,ccc,0.62,1.2522651634563991e-285,normal,0.62,0
858,ccc,ccc,known,ccc,0.62,7.764044013429674e-286,normal,0.62,0
859,ccc,ccb,known,ccb,0.22,1.7080896829545283e-286,normal,0.22,0
860,ccb,cbb,known,cbb,0.696969696969697,1.1904867487258835e-286,normal,0.696969696969697,0
861,cbb,bbb,known,bbb,0.5964912280701754,7.101149027487726e-287,normal,0.5964912280701754,0
862,bbb,bbb,known,bbb,0.7377938517179023,5.2391840926130056e-287,normal,0.7377938517179023,0
863,bbb,bbb,known,bbb,0.7377938517179023,3.8654378115481125e-287,normal,0.7377938517179023,0
864,bbb,bbb,known,bbb,0.7377938517179023,2.851896251558101e-287,normal,0.7377938517179023,0
865,bbb,bbb,known,bbb,0.7377938517179023,2.104111520136899e-287,normal,0.7377938517179023,0
866,bbb,bbb,known,bbb,0.7377938517179023,1.5524005428858134e-287,normal,0.7377938517179023,0
867,bbb,bbb,known,bbb,0.7377938517179023,1.1453515759446868e-287,normal,0.7377938517179023,0
868,bbb,bbb,known,bbb,0.7377938517179023,8.450333507874e-288,normal,0.7377938517179023,0
869,bbb,bbc,known,bbc,0.06329113924050633,5.348312346755697e-289,anomaly,0.06329113924050633,0
870,bbc,bcc,known,bcc,0.3448275862068966,1.8442456368123093e-289,normal,0.3448275862068966,0
871,bcc,ccb,known,ccb,0.6363636363636364,1.1736108597896513e-289,normal,0.6363636363636364,0
872,ccb,cbb,known,cbb,0.696969696969697,8.179712053079389e-290,normal,0.696969696969697,0
873,cbb,bbb,known,bbb,0.5964912280701754,4.8791264878017404e-290,normal,0.5964912280701754,0
874,bbb,bbb,known,bbb,0.7377938517179023,3.599789524454087e-290,normal,0.7377938517179023,0
875,bbb,bbb,known,bbb,0.7377938517179023,2.655902578620737e-290,normal,0.7377938517179023,0
876,bbb,bbc,known,bbc,0.06329113924050633,1.6809509991270488e-291,anomaly,0.06329113924050633,0
877,bbc,bcb,known,bcb,0.5344827586206896,8.984393271196295e-292,normal,0.5344827586206896,0
878,bcb,cbb,known,cbb,0.5471698113207547,4.915988771031935e-292,normal,0.5471698113207547,0
879,cbb,bbb,known,bbb,0.5964912280701754,2.932344179212031e-292,normal,0.5964912280701754,0
880,bbb,bbb,known,bbb,0.7377938517179023,2.1634655065434155e-292,normal,0.7377938517179023,0
881,bbb,bbb,known,bbb,0.7377938517179023,1.5961915491314892e-292,normal,0.7377938517179023,0
882,bbb,bbb,known,bbb,0.7377938517179023,1.1776603111132868e-292,normal,0.7377938517179023,0
883,bbb,bbb,known,bbb,0.7377938517179023,8.68870536951575e-293,normal,0.7377938517179023,0
884,bbb,bbb,known,bbb,0.7377938517179023,6.410473401017045e-293,normal,0.7377938517179023,0
885,bbb,bbc,known,bbc,0.06329113924050633,4.05726164621332e-294,anomaly,0.06329113924050633,0
886,bbc,bcc,known,bcc,0.3448275862068966,1.3990557400735587e-294,normal,0.3448275862068966,0
887,bcc,ccb,known,ccb,0.6363636363636364,8.903081982286282e-295,normal,0.6363636363636364,0
888,ccb,cbb,known,cbb,0.696969696969697,6.20517835129044e-295,normal,0.696969696969697,0
889,cbb,bbb,known,bbb,0.5964912280701754,3.701334455155701e-295,normal,0.5964912280701754,0
890,bbb,bbc,known,bbc,0.06329113924050633,2.3426167437694311e-296,anomaly,0.06329113924050633,0
891,bbc,bcb,known,bcb,0.5344827586206896,1.2520882596009027e-296,normal,0.5344827586206896,0
892,bcb,cbb,known,cbb,0.5471698113207547,6.85104896762758e-297,normal,0.5471698113207547,0
893,cbb,bbc,known,bbc,0.24561403508771928,1.6827137815225636e-297,normal,0.24561403508771928,0
894,bbc,bcc,known,bcc,0.3448275862068966,5.802461315595048e-298,normal,0.3448275862068966,0
895,bcc,ccc,known,ccc,0.3333333333333333,1.9341537718650156e-298,normal,0.3333333333333333,0
896,ccc,ccb,known,ccb,0.22,4.2551382981030344e-299,normal,0.22,0
897,ccb,cbb,known,cbb,0.696969696969697,2.965702450193024e-299,normal,0.696969696969697,0
898,cbb,bbc,known,bbc,0.24561403508771928,7.284181456614444e-300,normal,0.24561403508771928,0
899,bbc,bcc,known,bcc,0.3448275862068966,2.5117867091773947e-300,normal,0.3448275862068966,0
900,bcc,ccc,known,ccc,0.3333333333333333,8.372622363924649e-301,normal,0.3333333333333333,0
901,ccc,ccc,known,ccc,0.62,5.191025865633283e-301,normal,0.62,0
902,ccc,ccb,known,ccb,0.22,1.1420256904393223e-301,normal,0.22,0
903,ccb,cbb,known,cbb,0.696969696969697,7.959572993971035e-302,normal,0.696969696969697,0
904,cbb,bbb,known,bbb,0.5964912280701754,4.747815470087985e-302,normal,0.5964912280701754,0
905,bbb,bbb,known,bbb,0.7377938517179023,3.502909062922058e-302,normal,0.7377938517179023,0
906,bbb,bbc,known,bbc,0.06329113924050633,2.2170310524823152e-303,anomaly,0.06329113924050633,0
907,bbc,bcc,known,bcc,0.3448275862068966,7.644934663732121e-304,normal,0.3448275862068966,0
908,bcc,ccc,known,ccc,0.3333333333333333,2.5483115545773736e-304,normal,0.3333333333333333,0
909,ccc,ccc,known,ccc,0.62,1.5799531638379717e-304,normal,0.62,0
910,ccc,ccc,known,ccc,0.62,9.795709615795425e-305,normal,0.62,0
911,ccc,ccb,known,ccb,0.22,2.1550561154749934e-305,normal,0.22,0
912,ccb,cbb,known,cbb,0.696969696969697,1.5020088077552986e-305,normal,0.696969696969697,0
913,cbb,bbb,known,bbb,0.5964912280701754,8.959350783101781e-306,normal,0.5964912280701754,0
914,bbb,bbb,known,bbb,0.7377938517179023,6.610153923156468e-306,normal,0.7377938517179023,0
915,bbb,bbb,known,bbb,0.7377938517179023,4.8769309234138134e-306,normal,0.7377938517179023,0
916,bbb,bbc,known,bbc,0.06329113924050633,3.086665141401148e-307,anomaly,0.06329113924050633,0
917,bbc,bcb,known,bcb,0.5344827586206896,1.6497692997144065e-307,normal,0.5344827586206896,0
918,bcb,cbc,known,cbc,0.2830188679245283,4.669158395418131e-308,normal,0.2830188679245283,0
919,cbc,bcc,known,bcc,0.48,2.241196029800703e-308,normal,0.48,0
920,bcc,ccc,known,ccc,0.3333333333333333,7.47065343266901e-309,normal,0.3333333333333333,0
921,ccc,ccc,known,ccc,0.62,4.63180512825479e-309,normal,0.62,0
922,ccc,ccc,known,ccc,0.62,2.87171917951797e-309,normal,0.62,0
923,ccc,ccc,known,ccc,0.62,1.78046589130114e-309,normal,0.62,0
924,ccc,ccc,known,ccc,0.62,1.103888852606706e-309,normal,0.62,0
925,ccc,ccc,known,ccc,0.62,6.8441108861616e-310,normal,0.62,0
926,ccc,ccc,known,ccc,0.62,4.24334874942017e-310,normal,0.62,0
927,ccc,ccc,known,ccc,0.62,2.6308762246405e-310,normal,0.62,0
928,ccc,ccb,known,ccb,0.22,5.787927694209e-311,normal,0.22,0
929,ccb,cbc,known,cbc,0.24242424242424243,1.403133986475e-311,normal,0.24242424242424243,0
930,cbc,bcc,known,bcc,0.48,6.73504313508e-312,normal,0.48,0
931,bcc,ccc,known,ccc,0.3333333333333333,2.24501437836e-312,normal,0.3333333333333333,0
932,ccc,ccc,known,ccc,0.62,1.39190891458e-312,normal,0.62,0
933,ccc,ccc,known,ccc,0.62,8.6298352704e-313,normal,0.62,0
934,ccc,ccc,known,ccc,0.62,5.35049786766e-313,normal,0.62,0
935,ccc,ccc,known,ccc,0.62,3.31730867794e-313,normal,0.62,0
936,ccc,ccc,known,ccc,0.62,2.0567313803e-313,normal,0.62,0
937,ccc,ccb,known,ccb,0.22,4.5248090366e-314,normal,0.22,0
938,ccb,cbb,known,cbb,0.696969696969697,3.1536547833e-314,normal,0.696969696969697,0
939,cbb,bbb,known,bbb,0.5964912280701754,1.8811274147e-314,normal,0.5964912280701754,0
940,bbb,bbb,known,bbb,0.7377938517179023,1.387884241e-314,normal,0.7377938517179023,0
941,bbb,bbb,known,bbb,0.7377938517179023,1.02397246e-314,normal,0.7377938517179023,0
942,bbb,bbc,known,bbc,0.06329113924050633,6.48083837e-316,anomaly,0.06329113924050633,0
943,bbc,bcc,known,bcc,0.3448275862068966,2.23477186e-316,normal,0.3448275862068966,0
944,bcc,ccc,known,ccc,0.3333333333333333,7.4492397e-317,normal,0.3333333333333333,0
945,ccc,ccc,known,ccc,0.62,4.6185286e-317,normal,0.62,0
946,ccc,ccc,known,ccc,0.62,2.863488e-317,normal,0.62,0
947,ccc,ccc,known,ccc,0.62,1.7753626e-317,normal,0.62,0
948,ccc,ccc,known,ccc,0.62,1.100725e-317,normal,0.62,0
949,ccc,ccc,known,ccc,0.62,6.824494e-318,normal,0.62,0
950,ccc,ccc,known,ccc,0.62,4.23119e-318,normal,0.62,0
951,ccc,ccb,known,ccb,0.22,9.3086e-319,normal,0.22,0
952,ccb,cbc,known,cbc,0.24242424242424243,2.25664e-319,normal,0.24242424242424243,0
953,cbc,bcb,known,bcb,0.4,9.0266e-320,normal,0.4,0
954,bcb,cbb,known,cbb,0.5471698113207547,4.939e-320,normal,0.5471698113207547,0
955,cbb,bbc,known,bbc,0.24561403508771928,1.213e-320,normal,0.24561403508771928,0
956,bbc,bcc,known,bcc,0.3448275862068966,4.185e-321,normal,0.3448275862068966,0
957,bcc,ccc,known,ccc,0.3333333333333333,1.393e-321,normal,0.3333333333333333,0
958,ccc,ccb,known,ccb,0.22,3.06e-322,normal,0.22,0
959,ccb,cbb,known,cbb,0.696969696969697,2.1e-322,normal,0.696969696969697,0
960,cbb,bbb,known,bbb,0.5964912280701754,1.3e-322,normal,0.5964912280701754,0
961,bbb,bbc,known,bbc,0.06329113924050633,1e-323,anomaly,0.06329113924050633,0
962,bbc,bcc,known,bcc,0.3448275862068966,5e-324,normal,0.3448275862068966,0
963,bcc,ccb,known,ccb,0.6363636363636364,5e-324,normal,0.6363636363636364,0
964,ccb,cbb,known,cbb,0.696969696969697,5e-324,normal,0.696969696969697,0
965,cbb,bbb,known,bbb,0.5964912280701754,5e-324,normal,0.5964912280701754,0
966,bbb,bbb,known,bbb,0.7377938517179023,5e-324,normal,0.7377938517179023,0
967,bbb,bbc,known,bbc,0.06329113924050633,0.0,anomaly,0.06329113924050633,0
968,bbc,bcc,known,bcc,0.3448275862068966,0.0,normal,0.3448275862068966,0
969,bcc,ccc,known,ccc,0.3333333333333333,0.0,normal,0.3333333333333333,0
970,ccc,ccb,known,ccb,0.22,0.0,normal,0.22,0
971,ccb,cbb,known,cbb,0.696969696969697,0.0,normal,0.696969696969697,0
972,cbb,bbb,known,bbb,0.5964912280701754,0.0,normal,0.5964912280701754,0
973,bbb,bbb,known,bbb,0.7377938517179023,0.0,normal,0.7377938517179023,0
974,bbb,bbb,known,bbb,0.7377938517179023,0.0,normal,0.7377938517179023,0
975,bbb,bbc,known,bbc,0.06329113924050633,0.0,anomaly,0.06329113924050633,0
976,bbc,bcc,known,bcc,0.3448275862068966,0.0,normal,0.3448275862068966,0
977,bcc,ccc,known,ccc,0.3333333333333333,0.0,normal,0.3333333333333333,0
978,ccc,ccb,known,ccb,0.22,0.0,normal,0.22,0
979,ccb,cbb,known,cbb,0.696969696969697,0.0,normal,0.696969696969697,0
980,cbb,bbb,known,bbb,0.5964912280701754,0.0,normal,0.5964912280701754,0
981,bbb,bbb,known,bbb,0.7377938517179023,0.0,normal,0.7377938517179023,0
982,bbb,bbb,known,bbb,0.7377938517179023,0.0,normal,0.7377938517179023,0
983,bbb,bbb,known,bbb,0.7377938517179023,0.0,normal,0.7377938517179023,0
984,bbb,bbc,known,bbc,0.06329113924050633,0.0,anomaly,0.06329113924050633,0
985,bbc,bcb,known,bcb,0.5344827586206896,0.0,normal,0.5344827586206896,0
986,bcb,cbc,known,cbc,0.2830188679245283,0.0,normal,0.2830188679245283,0
987,cbc,bcc,known,bcc,0.48,0.0,normal,0.48,0
988,bcc,ccc,known,ccc,0.3333333333333333,0.0,normal,0.3333333333333333,0
989,ccc,ccc,known,ccc,0.62,0.0,normal,0.62,0
990,ccc,ccb,known,ccb,0.22,0.0,normal,0.22,0
991,ccb,cbb,known,cbb,0.696969696969697,0.0,normal,0.696969696969697,0
992,cbb,bbb,known,bbb,0.5964912280701754,0.0,normal,0.5964912280701754,0
993,bbb,bbc,known,bbc,0.06329113924050633,0.0,anomaly,0.06329113924050633,0
994,bbc,bcb,known,bcb,0.5344827586206896,0.0,normal,0.5344827586206896,0
995,bcb,cbb,known,cbb,0.5471698113207547,0.0,normal,0.5471698113207547,0
996,cbb,bbb,known,bbb,0.5964912280701754,0.0,normal,0.5964912280701754,0
997,bbb,bbb,known,bbb,0.7377938517179023,0.0,normal,0.7377938517179023,0
998,bbb,bbc,known,bbc,0.06329113924050633,0.0,anomaly,0.06329113924050633,0
999,bbc,bcb,known,bcb,0.5344827586206896,0.0,normal,0.5344827586206896,0
1000,bcb,cbb,known,cbb,0.5471698113207547,0.0,normal,0.5471698113207547,0
1001,cbb,bbb,known,bbb,0.5964912280701754,0.0,normal,0.5964912280701754,0
1002,bbb,bbc,known,bbc,0.06329113924050633,0.0,anomaly,0.06329113924050633,0
1003,bbc,bcb,known,bcb,0.5344827586206896,0.0,normal,0.5344827586206896,0
1004,bcb,cbb,known,cbb,0.5471698113207547,0.0,normal,0.5471698113207547,0
1005,cbb,bbb,known,bbb,0.5964912280701754,0.0,normal,0.5964912280701754,0
1006,bbb,bbb,known,bbb,0.7377938517179023,0.0,normal,0.7377938517179023,0
1007,bbb,bbb,known,bbb,0.7377938517179023,0.0,normal,0.7377938517179023,0
1008,bbb,bbb,known,bbb,0.7377938517179023,0.0,normal,0.7377938517179023,0
1009,bbb,bbb,known,bbb,0.7377938517179023,0.0,normal,0.7377938517179023,0
1010,bbb,bbb,known,bbb,0.7377938517179023,0.0,normal,0.7377938517179023,0
1011,bbb,bbb,known,bbb,0.7377938517179023,0.0,normal,0.7377938517179023,0
1012,bbb,bbb,known,bbb,0.7377938517179023,0.0,normal,0.7377938517179023,0
1013,bbb,bbb,known,bbb,0.7377938517179023,0.0,normal,0.7377938517179023,0
1014,bbb,bbb,known,bbb,0.7377938517179023,0.0,normal,0.7377938517179023,0
1015,bbb,bbb,known,bbb,0.7377938517179023,0.0,normal,0.7377938517179023,0
1016,bbb,bbb,known,bbb,0.7377938517179023,0.0,normal,0.7377938517179023,0
1017,bbb,bbb,known,bbb,0.7377938517179023,0.0,normal,0.7377938517179023,0
1018,bbb,bbc,known,bbc,0.06329113924050633,0.0,anomaly,0.06329113924050633,0
1019,bbc,bcc,known,bcc,0.3448275862068966,0.0,normal,0.3448275862068966,0
1020,bcc,ccc,known,ccc,0.3333333333333333,0.0,normal,0.3333333333333333,0
1021,ccc,ccc,known,ccc,0.62,0.0,normal,0.62,0
1022,ccc,ccc,known,ccc,0.62,0.0,normal,0.62,0
1023,ccc,ccb,known,ccb,0.22,0.0,normal,0.22,0
1024,ccb,cbc,known,cbc,0.24242424242424243,0.0,normal,0.24242424242424243,0
1025,cbc,bcc,known,bcc,0.48,0.0,normal,0.48,0
1026,bcc,ccc,known,ccc,0.3333333333333333,0.0,normal,0.3333333333333333,0
1027,ccc,ccc,known,ccc,0.62,0.0,normal,0.62,0
1028,ccc,ccc,known,ccc,0.62,0.0,normal,0.62,0
1029,ccc,ccc,known,ccc,0.62,0.0,normal,0.62,0
1030,ccc,ccc,known,ccc,0.62,0.0,normal,0.62,0
1031,ccc,ccb,known,ccb,0.22,0.0,normal,0.22,0
1032,ccb,cbb,known,cbb,0.696969696969697,0.0,normal,0.696969696969697,0
1033,cbb,bbb,known,bbb,0.5964912280701754,0.0,normal,0.5964912280701754,0
1034,bbb,bbb,known,bbb,0.7377938517179023,0.0,normal,0.7377938517179023,0
1035,bbb,bbb,known,bbb,0.7377938517179023,0.0,normal,0.7377938517179023,0
1036,bbb,bbc,known,bbc,0.06329113924050633,0.0,anomaly,0.06329113924050633,0
1037,bbc,bcc,known,bcc,0.3448275862068966,0.0,normal,0.3448275862068966,0
1038,bcc,ccc,known,ccc,0.3333333333333333,0.0,normal,0.3333333333333333,0
1039,ccc,ccc,known,ccc,0.62,0.0,normal,0.62,0
1040,ccc,ccc,known,ccc,0.62,0.0,normal,0.62,0
1041,ccc,ccc,known,ccc,0.62,0.0,normal,0.62,0
1042,ccc,ccc,known,ccc,0.62,0.0,normal,0.62,0
1043,ccc,ccc,known,ccc,0.62,0.0,normal,0.62,0
1044,ccc,ccb,known,ccb,0.22,0.0,normal,0.22,0
1045,ccb,cbb,known,cbb,0.696969696969697,0.0,normal,0.696969696969697,0
1046,cbb,bbb,known,bbb,0.5964912280701754,0.0,normal,0.5964912280701754,0
1047,bbb,bbb,known,bbb,0.7377938517179023,0.0,normal,0.7377938517179023,0
1048,bbb,bbb,known,bbb,0.7377938517179023,0.0,normal,0.7377938517179023,0
1049,bbb,bbb,known,bbb,0.7377938517179023,0.0,normal,0.7377938517179023,0
1050,bbb,bbb,known,bbb,0.7377938517179023,0.0,normal,0.7377938517179023,0
1051,bbb,bbb,known,bbb,0.7377938517179023,0.0,normal,0.7377938517179023,0
1052,bbb,bbb,known,bbb,0.7377938517179023,0.0,normal,0.7377938517179023,0
1053,bbb,bbb,known,bbb,0.7377938517179023,0.0,normal,0.7377938517179023,0
1054,bbb,bbb,known,bbb,0.7377938517179023,0.0,normal,0.7377938517179023,0
1055,bbb,bbb,known,bbb,0.7377938517179023,0.0,normal,0.7377938517179023,0
1056,bbb,bbc,known,bbc,0.06329113924050633,0.0,anomaly,0.06329113924050633,0
1057,bbc,bcb,known,bcb,0.5344827586206896,0.0,normal,0.5344827586206896,0
1058,bcb,cbb,known,cbb,0.5471698113207547,0.0,normal,0.5471698113207547,0
1059,cbb,bbc,known,bbc,0.24561403508771928,0.0,normal,0.24561403508771928,0
1060,bbc,bcc,known,bcc,0.3448275862068966,0.0,normal,0.3448275862068966,0
1061,bcc,ccc,known,ccc,0.3333333333333333,0.0,normal,0.3333333333333333,0
1062,ccc,ccc,known,ccc,0.62,0.0,normal,0.62,0
1063,ccc,ccb,known,ccb,0.22,0.0,normal,0.22,0
1064,ccb,cbb,known,cbb,0.696969696969697,0.0,normal,0.696969696969697,0
1065,cbb,bbb,known,bbb,0.5964912280701754,0.0,normal,0.5964912280701754,0
1066,bbb,bbb,known,bbb,0.7377938517179023,0.0,normal,0.7377938517179023,0
1067,bbb,bbb,known,bbb,0.7377938517179023,0.0,normal,0.7377938517179023,0
1068,bbb,bbb,known,bbb,0.7377938517179023,0.0,normal,0.7377938517179023,0
1069,bbb,bbc,known,bbc,0.06329113924050633,0.0,anomaly,0.06329113924050633,0
1070,bbc,bcb,known,bcb,0.5344827586206896,0.0,normal,0.5344827586206896,0
1071,bcb,cbb,known,cbb,0.5471698113207547,0.0,normal,0.5471698113207547,0
1072,cbb,bbb,known,bbb,0.5964912280701754,0.0,normal,0.5964912280701754,0
1073,bbb,bbb,known,bbb,0.7377938517179023,0.0,normal,0.7377938517179023,0
1074,bbb,bbb,known,bbb,0.7377938517179023,0.0,normal,0.7377938517179023,0
1075,bbb,bbb,known,bbb,0.7377938517179023,0.0,normal,0.7377938517179023,0
1076,bbb,bbb,known,bbb,0.7377938517179023,0.0,normal,0.7377938517179023,0
1077,bbb,bbc,known,bbc,0.06329113924050633,0.0,anomaly,0.06329113924050633,0
1078,bbc,bcc,known,bcc,0.3448275862068966,0.0,normal,0.3448275862068966,0
1079,bcc,ccc,known,ccc,0.3333333333333333,0.0,normal,0.3333333333333333,0
1080,ccc,ccc,known,ccc,0.62,0.0,normal,0.62,0
1081,ccc,ccc,known,ccc,0.62,0.0,normal,0.62,0
1082,ccc,ccb,known,ccb,0.22,0.0,normal,0.22,0
1083,ccb,cbb,known,cbb,0.696969696969697,0.0,normal,0.696969696969697,0
1084,cbb,bbb,known,bbb,0.5964912280701754,0.0,normal,0.5964912280701754,0
1085,bbb,bbb,known,bbb,0.7377938517179023,0.0,normal,0.7377938517179023,0
1086,bbb,bbb,known,bbb,0.7377938517179023,0.0,normal,0.7377938517179023,0
1087,bbb,bbb,known,bbb,0.7377938517179023,0.0,normal,0.7377938517179023,0
1088,bbb,bbb,known,bbb,0.7377938517179023,0.0,normal,0.7377938517179023,0
1089,bbb,bbc,known,bbc,0.06329113924050633,0.0,anomaly,0.06329113924050633,0
1090,bbc,bcc,known,bcc,0.3448275862068966,0.0,normal,0.3448275862068966,0
1091,bcc,ccb,known,ccb,0.6363636363636364,0.0,normal,0.6363636363636364,0
1092,ccb,cbb,known,cbb,0.696969696969697,0.0,normal,0.696969696969697,0
1093,cbb,bbb,known,bbb,0.5964912280701754,0.0,normal,0.5964912280701754,0
1094,bbb,bbc,known,bbc,0.06329113924050633,0.0,anomaly,0.06329113924050633,0
1095,bbc,bca,known,bca,0.10344827586206896,0.0,anomaly,0.10344827586206896,0
1096,bca,cab,known,cab,0.8888888888888888,0.0,normal,0.8888888888888888,0
1097,cab,abb,known,abb,0.5714285714285714,0.0,normal,0.5714285714285714,0
1098,abb,bbc,known,bbc,0.049723756906077346,0.0,anomaly,0.049723756906077346,0
1099,bbc,bcc,known,bcc,0.3448275862068966,0.0,normal,0.3448275862068966,0
1100,bcc,ccc,known,ccc,0.3333333333333333,0.0,normal,0.3333333333333333,0
1101,ccc,ccb,known,ccb,0.22,0.0,normal,0.22,0
1102,ccb,cbb,known,cbb,0.696969696969697,0.0,normal,0.696969696969697,0
1103,cbb,bbb,known,bbb,0.5964912280701754,0.0,normal,0.5964912280701754,0
1104,bbb,bbc,known,bbc,0.06329113924050633,0.0,anomaly,0.06329113924050633,0
1105,bbc,bcc,known,bcc,0.3448275862068966,0.0,normal,0.3448275862068966,0
1106,bcc,ccc,known,ccc,0.3333333333333333,0.0,normal,0.3333333333333333,0
1107,ccc,ccc,known,ccc,0.62,0.0,normal,0.62,0
1108,ccc,ccc,known,ccc,0.62,0.0,normal,0.62,0
1109,ccc,ccb,known,ccb,0.22,0.0,normal,0.22,0
1110,ccb,cbb,known,cbb,0.696969696969697,0.0,normal,0.696969696969697,0
1111,cbb,bbb,known,bbb,0.5964912280701754,0.0,normal,0.5964912280701754,0
1112,bbb,bbb,known,bbb,0.7377938517179023,0.0,normal,0.7377938517179023,0
1113,bbb,bbb,known,bbb,0.7377938517179023,0.0,normal,0.7377938517179023,0
1114,bbb,bbb,known,bbb,0.7377938517179023,0.0,normal,0.7377938517179023,0
1115,bbb,bbc,known,bbc,0.06329113924050633,0.0,anomaly,0.06329113924050633,0
1116,bbc,bcc,known,bcc,0.3448275862068966,0.0,normal,0.3448275862068966,0
1117,bcc,ccc,known,ccc,0.3333333333333333,0.0,normal,0.3333333333333333,0
1118,ccc,ccc,known,ccc,0.62,0.0,normal,0.62,0
1119,ccc,ccc,known,ccc,0.62,0.0,normal,0.62,0
1120,ccc,ccc,known,ccc,0.62,0.0,normal,0.62,0
1121,ccc,ccc,known,ccc,0.62,0.0,normal,0.62,0
1122,ccc,ccc,known,ccc,0.62,0.0,normal,0.62,0
1123,ccc,ccc,known,ccc,0.62,0.0,normal,0.62,0
1124,ccc,ccb,known,ccb,0.22,0.0,normal,0.22,0
1125,ccb,cbc,known,cbc,0.24242424242424243,0.0,normal,0.24242424242424243,0
1126,cbc,bcb,known,bcb,0.4,0.0,normal,0.4,0
1127,bcb,cbc,known,cbc,0.2830188679245283,0.0,normal,0.2830188679245283,0
1128,cbc,bcb,known,bcb,0.4,0.0,normal,0.4,0
1129,bcb,cbb,known,cbb,0.5471698113207547,0.0,normal,0.5471698113207547,0
1130,cbb,bbc,known,bbc,0.24561403508771928,0.0,normal,0.24561403508771928,0
1131,bbc,bcb,known,bcb,0.5344827586206896,0.0,normal,0.5344827586206896,0
1132,bcb,cbb,known,cbb,0.5471698113207547,0.0,normal,0.5471698113207547,0
1133,cbb,bbb,known,bbb,0.5964912280701754,0.0,normal,0.5964912280701754,0
1134,bbb,bbb,known,bbb,0.7377938517179023,0.0,normal,0.7377938517179023,0
1135,bbb,bbb,known,bbb,0.7377938517179023,0.0,normal,0.7377938517179023,0
1136,bbb,bbb,known,bbb,0.7377938517179023,0.0,normal,0.7377938517179023,0
1137,bbb,bbc,known,bbc,0.06329113924050633,0.0,anomaly,0.06329113924050633,0
1138,bbc,bcc,known,bcc,0.3448275862068966,0.0,normal,0.3448275862068966,0
1139,bcc,ccb,known,ccb,0.6363636363636364,0.0,normal,0.6363636363636364,0
1140,ccb,cbb,known,cbb,0.696969696969697,0.0,normal,0.696969696969697,0
1141,cbb,bbb,known,bbb,0.5964912280701754,0.0,normal,0.5964912280701754,0
1142,bbb,bbb,known,bbb,0.7377938517179023,0.0,normal,0.7377938517179023,0
1143,bbb,bbc,known,bbc,0.06329113924050633,0.0,anomaly,0.06329113924050633,0
1144,bbc,bcc,known,bcc,0.3448275862068966,0.0,normal,0.3448275862068966,0
1145,bcc,ccc,known,ccc,0.3333333333333333,0.0,normal,0.3333333333333333,0
1146,ccc,ccc,known,ccc,0.62,0.0,normal,0.62,0
1147,ccc,ccc,known,ccc,0.62,0.0,normal,0.62,0
1148,ccc,ccc,known,ccc,0.62,0.0,normal,0.62,0
1149,ccc,ccb,known,ccb,0.22,0.0,normal,0.22,0
1150,ccb,cbb,known,cbb,0.696969696969697,0.0,normal,0.696969696969697,0
1151,cbb,bbb,known,bbb,0.5964912280701754,0.0,normal,0.5964912280701754,0
1152,bbb,bbb,known,bbb,0.7377938517179023,0.0,normal,0.7377938517179023,0
1153,bbb,bbb,known,bbb,0.7377938517179023,0.0,normal,0.7377938517179023,0
1154,bbb,bbb,known,bbb,0.7377938517179023,0.0,normal,0.7377938517179023,0
1155,bbb,bbb,known,bbb,0.7377938517179023,0.0,normal,0.7377938517179023,0
1156,bbb,bbb,known,bbb,0.7377938517179023,0.0,normal,0.7377938517179023,0
1157,bbb,bbb,known,bbb,0.7377938517179023,0.0,normal,0.7377938517179023,0
1158,bbb,bbb,known,bbb,0.7377938517179023,0.0,normal,0.7377938517179023,0
1159,bbb,bbb,known,bbb,0.7377938517179023,0.0,normal,0.7377938517179023,0
1160,bbb,bbb,known,bbb,0.7377938517179023,0.0,normal,0.7377938517179023,0
1161,bbb,bbb,known,bbb,0.7377938517179023,0.0,normal,0.7377938517179023,0
1162,bbb,bbb,known,bbb,0.7377938517179023,0.0,normal,0.7377938517179023,0
1163,bbb,bbb,known,bbb,0.7377938517179023,0.0,normal,0.7377938517179023,0
1164,bbb,bbb,known,bbb,0.7377938517179023,0.0,normal,0.7377938517179023,0
1165,bbb,bbc,known,bbc,0.06329113924050633,0.0,anomaly,0.06329113924050633,0
1166,bbc,bcb,known,bcb,0.5344827586206896,0.0,normal,0.5344827586206896,0
1167,bcb,cbc,known,cbc,0.2830188679245283,0.0,normal,0.2830188679245283,0
1168,cbc,bcb,known,bcb,0.4,0.0,normal,0.4,0
1169,bcb,cbc,known,cbc,0.2830188679245283,0.0,normal,0.2830188679245283,0
1170,cbc,bcc,known,bcc,0.48,0.0,normal,0.48,0
1171,bcc,ccb,known,ccb,0.6363636363636364,0.0,normal,0.6363636363636364,0
1172,ccb,cbb,known,cbb,0.696969696969697,0.0,normal,0.696969696969697,0
1173,cbb,bbb,known,bbb,0.5964912280701754,0.0,normal,0.5964912280701754,0
1174,bbb,bbc,known,bbc,0.06329113924050633,0.0,anomaly,0.06329113924050633,0
1175,bbc,bcb,known,bcb,0.5344827586206896,0.0,normal,0.5344827586206896,0
1176,bcb,cbb,known,cbb,0.5471698113207547,0.0,normal,0.5471698113207547,0
1177,cbb,bbb,known,bbb,0.5964912280701754,0.0,normal,0.5964912280701754,0
1178,bbb,bbb,known,bbb,0.7377938517179023,0.0,normal,0.7377938517179023,0
1179,bbb,bbb,known,bbb,0.7377938517179023,0.0,normal,0.7377938517179023,0
1180,bbb,bbc,known,bbc,0.06329113924050633,0.0,anomaly,0.06329113924050633,0
1181,bbc,bcc,known,bcc,0.3448275862068966,0.0,normal,0.3448275862068966,0
1182,bcc,ccc,known,ccc,0.3333333333333333,0.0,normal,0.3333333333333333,0
1183,ccc,ccc,known,ccc,0.62,0.0,normal,0.62,0
1184,ccc,ccb,known,ccb,0.22,0.0,normal,0.22,0
1185,ccb,cbb,known,cbb,0.696969696969697,0.0,normal,0.696969696969697,0
1186,cbb,bbb,known,bbb,0.5964912280701754,0.0,normal,0.5964912280701754,0
1187,bbb,bbb,known,bbb,0.7377938517179023,0.0,normal,0.7377938517179023,0
1188,bbb,bbb,known,bbb,0.7377938517179023,0.0,normal,0.7377938517179023,0
1189,bbb,bbb,known,bbb,0.7377938517179023,0.0,normal,0.7377938517179023,0
1190,bbb,bbc,known,bbc,0.06329113924050633,0.0,anomaly,0.06329113924050633,0
1191,bbc,bcb,known,bcb,0.5344827586206896,0.0,normal,0.5344827586206896,0
1192,bcb,cbb,known,cbb,0.5471698113207547,0.0,normal,0.5471698113207547,0
1193,cbb,bbb,known,bbb,0.5964912280701754,0.0,normal,0.5964912280701754,0
1194,bbb,bbb,known,bbb,0.7377938517179023,0.0,normal,0.7377938517179023,0
1195,bbb,bbc,known,bbc,0.06329113924050633,0.0,anomaly,0.06329113924050633,0
1196,bbc,bcc,known,bcc,0.3448275862068966,0.0,normal,0.3448275862068966,0
1197,bcc,ccc,known,ccc,0.3333333333333333,0.0,normal,0.3333333333333333,0
1198,ccc,ccc,known,ccc,0.62,0.0,normal,0.62,0
1199,ccc,ccb,known,ccb,0.22,0.0,normal,0.22,0
1200,ccb,cbb,known,cbb,0.696969696969697,0.0,normal,0.696969696969697,0
1201,cbb,bbb,known,bbb,0.5964912280701754,0.0,normal,0.5964912280701754,0
1202,bbb,bbb,known,bbb,0.7377938517179023,0.0,normal,0.7377938517179023,0
1203,bbb,bbc,known,bbc,0.06329113924050633,0.0,anomaly,0.06329113924050633,0
1204,bbc,bcc,known,bcc,0.3448275862068966,0.0,normal,0.3448275862068966,0
1205,bcc,ccc,known,ccc,0.3333333333333333,0.0,normal,0.3333333333333333,0
1206,ccc,ccc,known,ccc,0.62,0.0,normal,0.62,0
1207,ccc,ccb,known,ccb,0.22,0.0,normal,0.22,0
1208,ccb,cbb,known,cbb,0.696969696969697,0.0,normal,0.696969696969697,0
1209,cbb,bbb,known,bbb,0.5964912280701754,0.0,normal,0.5964912280701754,0
1210,bbb,bbb,known,bbb,0.7377938517179023,0.0,normal,0.7377938517179023,0
1211,bbb,bbb,known,bbb,0.7377938517179023,0.0,normal,0.7377938517179023,0
1212,bbb,bbb,known,bbb,0.7377938517179023,0.0,normal,0.7377938517179023,0
1213,bbb,bbc,known,bbc,0.06329113924050633,0.0,anomaly,0.06329113924050633,0
1214,bbc,bcc,known,bcc,0.3448275862068966,0.0,normal,0.3448275862068966,0
1215,bcc,ccc,known,ccc,0.3333333333333333,0.0,normal,0.3333333333333333,0
1216,ccc,ccc,known,ccc,0.62,0.0,normal,0.62,0
1217,ccc,ccc,known,ccc,0.62,0.0,normal,0.62,0
1218,ccc,ccb,known,ccb,0.22,0.0,normal,0.22,0
1219,ccb,cbc,known,cbc,0.24242424242424243,0.0,normal,0.24242424242424243,0
1220,cbc,bcb,known,bcb,0.4,0.0,normal,0.4,0
1221,bcb,cbc,known,cbc,0.2830188679245283,0.0,normal,0.2830188679245283,0
1222,cbc,bcc,known,bcc,0.48,0.0,normal,0.48,0
1223,bcc,ccc,known,ccc,0.3333333333333333,0.0,normal,0.3333333333333333,0
1224,ccc,ccc,known,ccc,0.62,0.0,normal,0.62,0
1225,ccc,ccc,known,ccc,0.62,0.0,normal,0.62,0
1226,ccc,ccb,known,ccb,0.22,0.0,normal,0.22,0
1227,ccb,cbc,known,cbc,0.24242424242424243,0.0,normal,0.24242424242424243,0
1228,cbc,bcc,known,bcc,0.48,0.0,normal,0.48,0
1229,bcc,ccc,known,ccc,0.3333333333333333,0.0,normal,0.3333333333333333,0
1230,ccc,ccc,known,ccc,0.62,0.0,normal,0.62,0
1231,ccc,ccc,known,ccc,0.62,0.0,normal,0.62,0
1232,ccc,ccc,known,ccc,0.62,0.0,normal,0.62,0
1233,ccc,ccc,known,ccc,0.62,0.0,normal,0.62,0
1234,ccc,ccc,known,ccc,0.62,0.0,normal,0.62,0
1235,ccc,ccb,known,ccb,0.22,0.0,normal,0.22,0
1236,ccb,cbb,known,cbb,0.696969696969697,0.0,normal,0.696969696969697,0
1237,cbb,bbb,known,bbb,0.5964912280701754,0.0,normal,0.5964912280701754,0
1238,bbb,bbb,known,bbb,0.7377938517179023,0.0,normal,0.7377938517179023,0
1239,bbb,bbc,known,bbc,0.06329113924050633,0.0,anomaly,0.06329113924050633,0
1240,bbc,bcc,known,bcc,0.3448275862068966,0.0,normal,0.3448275862068966,0
1241,bcc,ccc,known,ccc,0.3333333333333333,0.0,normal,0.3333333333333333,0
1242,ccc,ccb,known,ccb,0.22,0.0,normal,0.22,0
1243,ccb,cbb,known,cbb,0.696969696969697,0.0,normal,0.696969696969697,0
1244,cbb,bbb,known,bbb,0.5964912280701754,0.0,normal,0.5964912280701754,0
1245,bbb,bbb,known,bbb,0.7377938517179023,0.0,normal,0.7377938517179023,0
1246,bbb,bbb,known,bbb,0.7377938517179023,0.0,normal,0.7377938517179023,0
1247,bbb,bbb,known,bbb,0.7377938517179023,0.0,normal,0.7377938517179023,0
1248,bbb,bbb,known,bbb,0.7377938517179023,0.0,normal,0.7377938517179023,0
1249,bbb,bbc,known,bbc,0.06329113924050633,0.0,anomaly,0.06329113924050633,0
1250,bbc,bcc,known,bcc,0.3448275862068966,0.0,normal,0.3448275862068966,0
1251,bcc,ccc,known,ccc,0.3333333333333333,0.0,normal,0.3333333333333333,0
1252,ccc,ccc,known,ccc,0.62,0.0,normal,0.62,0
1253,ccc,ccb,known,ccb,0.22,0.0,normal,0.22,0
1254,ccb,cbb,known,cbb,0.696969696969697,0.0,normal,0.696969696969697,0
1255,cbb,bbc,known,bbc,0.24561403508771928,0.0,normal,0.24561403508771928,0
1256,bbc,bcb,known,bcb,0.5344827586206896,0.0,normal,0.5344827586206896,0
1257,bcb,cbb,known,cbb,0.5471698113207547,0.0,normal,0.5471698113207547,0
1258,cbb,bbb,known,bbb,0.5964912280701754,0.0,normal,0.5964912280701754,0
1259,bbb,bbb,known,bbb,0.7377938517179023,0.0,normal,0.7377938517179023,0
1260,bbb,bbb,known,bbb,0.7377938517179023,0.0,normal,0.7377938517179023,0
1261,bbb,bbc,known,bbc,0.06329113924050633,0.0,anomaly,0.06329113924050633,0
1262,bbc,bcc,known,bcc,0.3448275862068966,0.0,normal,0.3448275862068966,0
1263,bcc,ccb,known,ccb,0.6363636363636364,0.0,normal,0.6363636363636364,0
1264,ccb,cbc,known,cbc,0.24242424242424243,0.0,normal,0.24242424242424243,0
1265,cbc,bcc,known,bcc,0.48,0.0,normal,0.48,0
1266,bcc,ccc,known,ccc,0.3333333333333333,0.0,normal,0.3333333333333333,0
1267,ccc,ccb,known,ccb,0.22,0.0,normal,0.22,0
1268,ccb,cbb,known,cbb,0.696969696969697,0.0,normal,0.696969696969697,0
1269,cbb,bbb,known,bbb,0.5964912280701754,0.0,normal,0.5964912280701754,0
1270,bbb,bbb,known,bbb,0.7377938517179023,0.0,normal,0.7377938517179023,0
1271,bbb,bbb,known,bbb,0.7377938517179023,0.0,normal,0.7377938517179023,0
1272,bbb,bbb,known,bbb,0.7377938517179023,0.0,normal,0.7377938517179023,0
1273,bbb,bbb,known,bbb,0.7377938517179023,0.0,normal,0.7377938517179023,0
1274,bbb,bbc,known,bbc,0.06329113924050633,0.0,anomaly,0.06329113924050633,0
1275,bbc,bcc,known,bcc,0.3448275862068966,0.0,normal,0.3448275862068966,0
1276,bcc,ccc,known,ccc,0.3333333333333333,0.0,normal,0.3333333333333333,0
1277,ccc,ccc,known,ccc,0.62,0.0,normal,0.62,0
1278,ccc,ccc,known,ccc,0.62,0.0,normal,0.62,0
1279,ccc,ccc,known,ccc,0.62,0.0,normal,0.62,0
1280,ccc,ccc,known,ccc,0.62,0.0,normal,0.62,0
1281,ccc,ccc,known,ccc,0.62,0.0,normal,0.62,0
1282,ccc,ccc,known,ccc,0.62,0.0,normal,0.62,0
1283,ccc,ccc,known,ccc,0.62,0.0,normal,0.62,0
1284,ccc,ccc,known,ccc,0.62,0.0,normal,0.62,0
1285,ccc,ccc,known,ccc,0.62,0.0,normal,0.62,0
1286,ccc,ccb,known,ccb,0.22,0.0,normal,0.22,0
1287,ccb,cbb,known,cbb,0.696969696969697,0.0,normal,0.696969696969697,0
1288,cbb,bbb,known,bbb,0.5964912280701754,0.0,normal,0.5964912280701754,0
1289,bbb,bbb,known,bbb,0.7377938517179023,0.0,normal,0.7377938517179023,0
1290,bbb,bbb,known,bbb,0.7377938517179023,0.0,normal,0.7377938517179023,0
1291,bbb,bbb,known,bbb,0.7377938517179023,0.0,normal,0.7377938517179023,0
1292,bbb,bbc,known,bbc,0.06329113924050633,0.0,anomaly,0.06329113924050633,0
1293,bbc,bcc,known,bcc,0.3448275862068966,0.0,normal,0.3448275862068966,0
1294,bcc,ccc,known,ccc,0.3333333333333333,0.0,normal,0.3333333333333333,0
1295,ccc,ccc,known,ccc,0.62,0.0,normal,0.62,0
1296,ccc,ccb,known,ccb,0.22,0.0,normal,0.22,0
1297,ccb,cbb,known,cbb,0.696969696969697,0.0,normal,0.696969696969697,0
1298,cbb,bbc,known,bbc,0.24561403508771928,0.0,normal,0.24561403508771928,0
1299,bbc,bcb,known,bcb,0.5344827586206896,0.0,normal,0.5344827586206896,0
1300,bcb,cbc,known,cbc,0.2830188679245283,0.0,normal,0.2830188679245283,0
1301,cbc,bcc,known,bcc,0.48,0.0,normal,0.48,0
1302,bcc,ccc,known,ccc,0.3333333333333333,0.0,normal,0.3333333333333333,0
1303,ccc,ccc,known,ccc,0.62,0.0,normal,0.62,0
1304,ccc,ccc,known,ccc,0.62,0.0,normal,0.62,0
1305,ccc,ccc,known,ccc,0.62,0.0,normal,0.62,0
1306,ccc,ccc,known,ccc,0.62,0.0,normal,0.62,0
1307,ccc,ccc,known,ccc,0.62,0.0,normal,0.62,0
1308,ccc,ccc,known,ccc,0.62,0.0,normal,0.62,0
1309,ccc,ccc,known,ccc,0.62,0.0,normal,0.62,0
1310,ccc,ccb,known,ccb,0.22,0.0,normal,0.22,0
1311,ccb,cbc,known,cbc,0.24242424242424243,0.0,normal,0.24242424242424243,0
1312,cbc,bcc,known,bcc,0.48,0.0,normal,0.48,0
1313,bcc,ccc,known,ccc,0.3333333333333333,0.0,normal,0.3333333333333333,0
1314,ccc,ccc,known,ccc,0.62,0.0,normal,0.62,0
1315,ccc,ccc,known,ccc,0.62,0.0,normal,0.62,0
1316,ccc,ccc,known,ccc,0.62,0.0,normal,0.62,0
1317,ccc,ccc,known,ccc,0.62,0.0,normal,0.62,0
1318,ccc,ccb,known,ccb,0.22,0.0,normal,0.22,0
1319,ccb,cbb,known,cbb,0.696969696969697,0.0,normal,0.696969696969697,0
1320,cbb,bbc,known,bbc,0.24561403508771928,0.0,normal,0.24561403508771928,0
1321,bbc,bcc,known,bcc,0.3448275862068966,0.0,normal,0.3448275862068966,0
1322,bcc,ccb,known,ccb,0.6363636363636364,0.0,normal,0.6363636363636364,0
1323,ccb,cbb,known,cbb,0.696969696969697,0.0,normal,0.696969696969697,0
1324,cbb,bbb,known,bbb,0.5964912280701754,0.0,normal,0.5964912280701754,0
1325,bbb,bbb,known,bbb,0.7377938517179023,0.0,normal,0.7377938517179023,0
1326,bbb,bbb,known,bbb,0.7377938517179023,0.0,normal,0.7377938517179023,0
1327,bbb,bbb,known,bbb,0.7377938517179023,0.0,normal,0.7377938517179023,0
1328,bbb,bbb,known,bbb,0.7377938517179023,0.0,normal,0.7377938517179023,0
1329,bbb,bbb,known,bbb,0.7377938517179023,0.0,normal,0.7377938517179023,0
1330,bbb,bbb,known,bbb,0.7377938517179023,0.0,normal,0.7377938517179023,0
1331,bbb,bbb,known,bbb,0.7377938517179023,0.0,normal,0.7377938517179023,0
1332,bbb,bbc,known,bbc,0.06329113924050633,0.0,anomaly,0.06329113924050633,0
1333,bbc,bcb,known,bcb,0.5344827586206896,0.0,normal,0.5344827586206896,0
1334,bcb,cbb,known,cbb,0.5471698113207547,0.0,normal,0.5471698113207547,0
1335,cbb,bbb,known,bbb,0.5964912280701754,0.0,normal,0.5964912280701754,0
1336,bbb,bbb,known,bbb,0.7377938517179023,0.0,normal,0.7377938517179023,0
1337,bbb,bbb,known,bbb,0.7377938517179023,0.0,normal,0.7377938517179023,0
1338,bbb,bbb,known,bbb,0.7377938517179023,0.0,normal,0.7377938517179023,0
1339,bbb,bbb,known,bbb,0.7377938517179023,0.0,normal,0.7377938517179023,0
1340,bbb,bbb,known,bbb,0.7377938517179023,0.0,normal,0.7377938517179023,0
1341,bbb,bbb,known,bbb,0.7377938517179023,0.0,normal,0.7377938517179023,0
1342,bbb,bbb,known,bbb,0.7377938517179023,0.0,normal,0.7377938517179023,0
1343,bbb,bbb,known,bbb,0.7377938517179023,0.0,normal,0.7377938517179023,0
1344,bbb,bbb,known,bbb,0.7377938517179023,0.0,normal,0.7377938517179023,0
1345,bbb,bbb,known,bbb,0.7377938517179023,0.0,normal,0.7377938517179023,0
1346,bbb,bbb,known,bbb,0.7377938517179023,0.0,normal,0.7377938517179023,0
1347,bbb,bbb,known,bbb,0.7377938517179023,0.0,normal,0.7377938517179023,0
1348,bbb,bbc,known,bbc,0.06329113924050633,0.0,anomaly,0.06329113924050633,0
1349,bbc,bcc,known,bcc,0.3448275862068966,0.0,normal,0.3448275862068966,0
1350,bcc,ccc,known,ccc,0.3333333333333333,0.0,normal,0.3333333333333333,0
1351,ccc,ccc,known,ccc,0.62,0.0,normal,0.62,0
1352,ccc,ccb,known,ccb,0.22,0.0,normal,0.22,0
1353,ccb,cbc,known,cbc,0.24242424242424243,0.0,normal,0.24242424242424243,0
1354,cbc,bcb,known,bcb,0.4,0.0,normal,0.4,0
1355,bcb,cbb,known,cbb,0.5471698113207547,0.0,normal,0.5471698113207547,0
1356,cbb,bba,known,bba,0.15789473684210525,0.0,anomaly,0.15789473684210525,0
1357,bba,bab,known,bab,0.40555555555555556,0.0,normal,0.40555555555555556,0
1358,bab,abb,known,abb,0.46,0.0,normal,0.46,0
1359,abb,bbb,known,bbb,0.6132596685082873,0.0,normal,0.6132596685082873,0
1360,bbb,bbb,known,bbb,0.7377938517179023,0.0,normal,0.7377938517179023,0
1361,bbb,bbb,known,bbb,0.7377938517179023,0.0,normal,0.7377938517179023,0
1362,bbb,bbb,known,bbb,0.7377938517179023,0.0,normal,0.7377938517179023,0
1363,bbb,bbb,known,bbb,0.7377938517179023,0.0,normal,0.7377938517179023,0
1364,bbb,bbb,known,bbb,0.7377938517179023,0.0,normal,0.7377938517179023,0
1365,bbb,bbb,known,bbb,0.7377938517179023,0.0,normal,0.7377938517179023,0
1366,bbb,bbb,known,bbb,0.7377938517179023,0.0,normal,0.7377938517179023,0
1367,bbb,bbb,known,bbb,0.7377938517179023,0.0,normal,0.7377938517179023,0
1368,bbb,bbb,known,bbb,0.7377938517179023,0.0,normal,0.7377938517179023,0
1369,bbb,bbb,known,bbb,0.7377938517179023,0.0,normal,0.7377938517179023,0
1370,bbb,bbb,known,bbb,0.7377938517179023,0.0,normal,0.7377938517179023,0
1371,bbb,bbb,known,bbb,0.7377938517179023,0.0,normal,0.7377938517179023,0
1372,bbb,bbb,known,bbb,0.7377938517179023,0.0,normal,0.7377938517179023,0
1373,bbb,bbb,known,bbb,0.7377938517179023,0.0,normal,0.7377938517179023,0
1374,bbb,bbb,known,bbb,0.7377938517179023,0.0,normal,0.7377938517179023,0
1375,bbb,bba,known,bba,0.19891500904159132,0.0,anomaly,0.19891500904159132,0
1376,bba,bab,known,bab,0.40555555555555556,0.0,normal,0.40555555555555556,0
1377,bab,abb,known,abb,0.46,0.0,normal,0.46,0
1378,abb,bba,known,bba,0.3370165745856354,0.0,normal,0.3370165745856354,0
1379,bba,bab,known,bab,0.40555555555555556,0.0,normal,0.40555555555555556,0
1380,bab,abb,known,abb,0.46,0.0,normal,0.46,0
1381,abb,bbb,known,bbb,0.6132596685082873,0.0,normal,0.6132596685082873,0
1382,bbb,bbb,known,bbb,0.7377938517179023,0.0,normal,0.7377938517179023,0
1383,bbb,bbc,known,bbc,0.06329113924050633,0.0,anomaly,0.06329113924050633,0
1384,bbc,bcb,known,bcb,0.5344827586206896,0.0,normal,0.5344827586206896,0
1385,bcb,cbc,known,cbc,0.2830188679245283,0.0,normal,0.2830188679245283,0
1386,cbc,bcc,known,bcc,0.48,0.0,normal,0.48,0
1387,bcc,ccb,known,ccb,0.6363636363636364,0.0,normal,0.6363636363636364,0
1388,ccb,cbb,known,cbb,0.696969696969697,0.0,normal,0.696969696969697,0
1389,cbb,bbc,known,bbc,0.24561403508771928,0.0,normal,0.24561403508771928,0
1390,bbc,bcb,known,bcb,0.5344827586206896,0.0,normal,0.5344827586206896,0
1391,bcb,cbb,known,cbb,0.5471698113207547,0.0,normal,0.5471698113207547,0
1392,cbb,bbb,known,bbb,0.5964912280701754,0.0,normal,0.5964912280701754,0
1393,bbb,bbb,known,bbb,0.7377938517179023,0.0,normal,0.7377938517179023,0
1394,bbb,bbb,known,bbb,0.7377938517179023,0.0,normal,0.7377938517179023,0
1395,bbb,bbc,known,bbc,0.06329113924050633,0.0,anomaly,0.06329113924050633,0
1396,bbc,bcb,known,bcb,0.5344827586206896,0.0,normal,0.5344827586206896,0
1397,bcb,cbb,known,cbb,0.5471698113207547,0.0,normal,0.5471698113207547,0
1398,cbb,bbb,known,bbb,0.5964912280701754,0.0,normal,0.5964912280701754,0
1399,bbb,bbb,known,bbb,0.7377938517179023,0.0,normal,0.7377938517179023,0
1400,bbb,bbb,known,bbb,0.7377938517179023,0.0,normal,0.7377938517179023,0
1401,bbb,bbb,known,bbb,0.7377938517179023,0.0,normal,0.7377938517179023,0
1402,bbb,bbb,known,bbb,0.7377938517179023,0.0,normal,0.7377938517179023,0
1403,bbb,bbb,known,bbb,0.7377938517179023,0.0,normal,0.7377938517179023,0
1404,bbb,bba,known,bba,0.19891500904159132,0.0,anomaly,0.19891500904159132,0
1405,bba,bab,known,bab,0.40555555555555556,0.0,normal,0.40555555555555556,0
1406,bab,abb,known,abb,0.46,0.0,normal,0.46,0
1407,abb,bba,known,bba,0.3370165745856354,0.0,normal,0.3370165745856354,0
1408,bba,baa,known,baa,0.5555555555555556,0.0,normal,0.5555555555555556,0
1409,baa,aab,known,aab,0.22727272727272727,0.0,normal,0.22727272727272727,0
1410,aab,abb,known,abb,0.47706422018348627,0.0,normal,0.47706422018348627,0
1411,abb,bbb,known,bbb,0.6132596685082873,0.0,normal,0.6132596685082873,0
1412,bbb,bbb,known,bbb,0.7377938517179023,0.0,normal,0.7377938517179023,0
1413,bbb,bbb,known,bbb,0.7377938517179023,0.0,normal,0.7377938517179023,0
1414,bbb,bbb,known,bbb,0.7377938517179023,0.0,normal,0.7377938517179023,0
1415,bbb,bbc,known,bbc,0.06329113924050633,0.0,anomaly,0.06329113924050633,0
1416,bbc,bcc,known,bcc,0.3448275862068966,0.0,normal,0.3448275862068966,0
1417,bcc,ccc,known,ccc,0.3333333333333333,0.0,normal,0.3333333333333333,0
1418,ccc,ccc,known,ccc,0.62,0.0,normal,0.62,0
1419,ccc,ccb,known,ccb,0.22,0.0,normal,0.22,0
1420,ccb,cbb,known,cbb,0.696969696969697,0.0,normal,0.696969696969697,0
1421,cbb,bbb,known,bbb,0.5964912280701754,0.0,normal,0.5964912280701754,0
1422,bbb,bbb,known,bbb,0.7377938517179023,0.0,normal,0.7377938517179023,0
1423,bbb,bbb,known,bbb,0.7377938517179023,0.0,normal,0.7377938517179023,0
1424,bbb,bbb,known,bbb,0.7377938517179023,0.0,normal,0.7377938517179023,0
1425,bbb,bbb,known,bbb,0.7377938517179023,0.0,normal,0.7377938517179023,0
1426,bbb,bbb,known,bbb,0.7377938517179023,0.0,normal,0.7377938517179023,0
1427,bbb,bbb,known,bbb,0.7377938517179023,0.0,normal,0.7377938517179023,0
1428,bbb,bbb,known,bbb,0.7377938517179023,0.0,normal,0.7377938517179023,0
1429,bbb,bbb,known,bbb,0.7377938517179023,0.0,normal,0.7377938517179023,0
1430,bbb,bbb,known,bbb,0.7377938517179023,0.0,normal,0.7377938517179023,0
1431,bbb,bbb,known,bbb,0.7377938517179023,0.0,normal,0.7377938517179023,0
1432,bbb,bbb,known,bbb,0.7377938517179023,0.0,normal,0.7377938517179023,0
1433,bbb,bbb,known,bbb,0.7377938517179023,0.0,normal,0.7377938517179023,0
1434,bbb,bbb,known,bbb,0.7377938517179023,0.0,normal,0.7377938517179023,0
1435,bbb,bbb,known,bbb,0.7377938517179023,0.0,normal,0.7377938517179023,0
1436,bbb,bbb,known,bbb,0.7377938517179023,0.0,normal,0.7377938517179023,0
1437,bbb,bbb,known,bbb,0.7377938517179023,0.0,normal,0.7377938517179023,0
1438,bbb,bbb,known,bbb,0.7377938517179023,0.0,normal,0.7377938517179023,0
1439,bbb,bbb,known,bbb,0.7377938517179023,0.0,normal,0.7377938517179023,0
1440,bbb,bbb,known,bbb,0.7377938517179023,0.0,normal,0.7377938517179023,0
1441,bbb,bbb,known,bbb,0.7377938517179023,0.0,normal,0.7377938517179023,0
1442,bbb,bbb,known,bbb,0.7377938517179023,0.0,normal,0.7377938517179023,0
1443,bbb,bbb,known,bbb,0.7377938517179023,0.0,normal,0.7377938517179023,0
1444,bbb,bbb,known,bbb,0.7377938517179023,0.0,normal,0.7377938517179023,0
1445,bbb,bbb,known,bbb,0.7377938517179023,0.0,normal,0.7377938517179023,0
1446,bbb,bbb,known,bbb,0.7377938517179023,0.0,normal,0.7377938517179023,0
1447,bbb,bbb,known,bbb,0.7377938517179023,0.0,normal,0.7377938517179023,0
1448,bbb,bbb,known,bbb,0.7377938517179023,0.0,normal,0.7377938517179023,0
1449,bbb,bbb,known,bbb,0.7377938517179023,0.0,normal,0.7377938517179023,0
1450,bbb,bbb,known,bbb,0.7377938517179023,0.0,normal,0.7377938517179023,0
1451,bbb,bbb,known,bbb,0.7377938517179023,0.0,normal,0.7377938517179023,0
1452,bbb,bbb,known,bbb,0.7377938517179023,0.0,normal,0.7377938517179023,0
1453,bbb,bbb,known,bbb,0.7377938517179023,0.0,normal,0.7377938517179023,0
1454,bbb,bbb,known,bbb,0.7377938517179023,0.0,normal,0.7377938517179023,0
1455,bbb,bbb,known,bbb,0.7377938517179023,0.0,normal,0.7377938517179023,0
1456,bbb,bbb,known,bbb,0.7377938517179023,0.0,normal,0.7377938517179023,0
1457,bbb,bbc,known,bbc,0.06329113924050633,0.0,anomaly,0.06329113924050633,0
1458,bbc,bcc,known,bcc,0.3448275862068966,0.0,normal,0.3448275862068966,0
1459,bcc,ccc,known,ccc,0.3333333333333333,0.0,normal,0.3333333333333333,0
1460,ccc,ccb,known,ccb,0.22,0.0,normal,0.22,0
1461,ccb,cbb,known,cbb,0.696969696969697,0.0,normal,0.696969696969697,0
1462,cbb,bbb,known,bbb,0.5964912280701754,0.0,normal,0.5964912280701754,0
1463,bbb,bbb,known,bbb,0.7377938517179023,0.0,normal,0.7377938517179023,0
1464,bbb,bbb,known,bbb,0.7377938517179023,0.0,normal,0.7377938517179023,0
1465,bbb,bbb,known,bbb,0.7377938517179023,0.0,normal,0.7377938517179023,0
1466,bbb,bbb,known,bbb,0.7377938517179023,0.0,normal,0.7377938517179023,0
1467,bbb,bbc,known,bbc,0.06329113924050633,0.0,anomaly,0.06329113924050633,0
1468,bbc,bcc,known,bcc,0.3448275862068966,0.0,normal,0.3448275862068966,0
1469,bcc,ccb,known,ccb,0.6363636363636364,0.0,normal,0.6363636363636364,0
1470,ccb,cbb,known,cbb,0.696969696969697,0.0,normal,0.696969696969697,0
1471,cbb,bbb,known,bbb,0.5964912280701754,0.0,normal,0.5964912280701754,0
1472,bbb,bbc,known,bbc,0.06329113924050633,0.0,anomaly,0.06329113924050633,0
1473,bbc,bcc,known,bcc,0.3448275862068966,0.0,normal,0.3448275862068966,0
1474,bcc,ccc,known,ccc,0.3333333333333333,0.0,normal,0.3333333333333333,0
1475,ccc,ccc,known,ccc,0.62,0.0,normal,0.62,0
1476,ccc,ccb,known,ccb,0.22,0.0,normal,0.22,0
1477,ccb,cbc,known,cbc,0.24242424242424243,0.0,normal,0.24242424242424243,0
1478,cbc,bcc,known,bcc,0.48,0.0,normal,0.48,0
1479,bcc,ccc,known,ccc,0.3333333333333333,0.0,normal,0.3333333333333333,0
1480,ccc,ccb,known,ccb,0.22,0.0,normal,0.22,0
1481,ccb,cbc,known,cbc,0.24242424242424243,0.0,normal,0.24242424242424243,0
1482,cbc,bcb,known,bcb,0.4,0.0,normal,0.4,0
1483,bcb,cbb,known,cbb,0.5471698113207547,0.0,normal,0.5471698113207547,0
1484,cbb,bbb,known,bbb,0.5964912280701754,0.0,normal,0.5964912280701754,0
1485,bbb,bbc,known,bbc,0.06329113924050633,0.0,anomaly,0.06329113924050633,0
1486,bbc,bcc,known,bcc,0.3448275862068966,0.0,normal,0.3448275862068966,0
1487,bcc,ccc,known,ccc,0.3333333333333333,0.0,normal,0.3333333333333333,0
1488,ccc,ccc,known,ccc,0.62,0.0,normal,0.62,0
1489,ccc,ccc,known,ccc,0.62,0.0,normal,0.62,0
1490,ccc,ccc,known,ccc,0.62,0.0,normal,0.62,0
1491,ccc,ccc,known,ccc,0.62,0.0,normal,0.62,0
1492,ccc,ccc,known,ccc,0.62,0.0,normal,0.62,0
1493,ccc,ccc,known,ccc,0.62,0.0,normal,0.62,0
1494,ccc,ccc,known,ccc,0.62,0.0,normal,0.62,0
1495,ccc,ccc,known,ccc,0.62,0.0,normal,0.62,0
1496,ccc,ccc,known,ccc,0.62,0.0,normal,0.62,0
1497,ccc,ccc,known,ccc,0.62,0.0,normal,0.62,0
1498,ccc,ccc,known,ccc,0.62,0.0,normal,0.62,0
1499,ccc,ccc,known,ccc,0.62,0.0,normal,0.62,0
1500,ccc,ccc,known,ccc,0.62,0.0,normal,0.62,0
1501,ccc,ccb,known,ccb,0.22,0.0,normal,0.22,0
1502,ccb,cbb,known,cbb,0.696969696969697,0.0,normal,0.696969696969697,0
1503,cbb,bbb,known,bbb,0.5964912280701754,0.0,normal,0.5964912280701754,0
1504,bbb,bbb,known,bbb,0.7377938517179023,0.0,normal,0.7377938517179023,0
1505,bbb,bbc,known,bbc,0.06329113924050633,0.0,anomaly,0.06329113924050633,0
1506,bbc,bcc,known,bcc,0.3448275862068966,0.0,normal,0.3448275862068966,0
1507,bcc,ccc,known,ccc,0.3333333333333333,0.0,normal,0.3333333333333333,0
1508,ccc,ccc,known,ccc,0.62,0.0,normal,0.62,0
1509,ccc,ccb,known,ccb,0.22,0.0,normal,0.22,0
1510,ccb,cbb,known,cbb,0.696969696969697,0.0,normal,0.696969696969697,0
1511,cbb,bbc,known,bbc,0.24561403508771928,0.0,normal,0.24561403508771928,0
