time_step,state,pattern,status,mapped_to,probability,path_probability,decision,confidence,distance
1,abb,bba,known,bba,0.32642487046632124,0.32642487046632124,normal,0.32642487046632124,0
2,bba,bab,known,bab,0.46994535519125685,0.15340185169455534,normal,0.46994535519125685,0
3,bab,abb,known,abb,0.4972677595628415,0.07628179510494282,normal,0.4972677595628415,0
4,abb,bba,known,bba,0.32642487046632124,0.02490027508606942,normal,0.32642487046632124,0
5,bba,bab,known,bab,0.46994535519125685,0.011701768619682897,normal,0.46994535519125685,0
6,bab,aba,known,aba,0.4426229508196721,0.005179471356253085,normal,0.4426229508196721,0
7,aba,baa,known,baa,0.5355191256830601,0.0027737059722011057,normal,0.5355191256830601,0
8,baa,aaa,known,aaa,0.6633663366336634,0.0018399831696779612,normal,0.6633663366336634,0
9,aaa,aaa,known,aaa,0.9110671936758893,0.0016763483028093677,normal,0.9110671936758893,0
10,aaa,aaa,known,aaa,0.9110671936758893,0.0015272659438638704,normal,0.9110671936758893,0
11,aaa,aab,known,aab,0.08827404479578392,0.0001348179423437145,anomaly,0.08827404479578392,0
12,aab,aba,known,aba,0.4744897959183674,6.396973794880331e-05,normal,0.4744897959183674,0
13,aba,baa,known,baa,0.5355191256830601,3.4257018136517625e-05,normal,0.5355191256830601,0
14,baa,aab,known,aab,0.30198019801980197,1.034494112043354e-05,normal,0.30198019801980197,0
15,aab,abb,known,abb,0.49489795918367346,5.119690248377824e-06,normal,0.49489795918367346,0
16,abb,bbb,known,bbb,0.5647668393782384,2.8914312801719315e-06,normal,0.5647668393782384,0
17,bbb,bbb,known,bbb,0.6860670194003528,1.9837156401885035e-06,normal,0.6860670194003528,0
18,bbb,bbb,known,bbb,0.6860670194003528,1.3609618766019892e-06,normal,0.6860670194003528,0
19,bbb,bbc,known,bbc,0.13403880070546736,1.824216977455929e-07,anomaly,0.13403880070546736,0
20,bbc,bcb,known,bcb,0.5798319327731093,1.0577392558357908e-07,normal,0.5798319327731093,0
21,bcb,cbb,known,cbb,0.5491803278688525,5.8088959131965564e-08,normal,0.5491803278688525,0
22,cbb,bbb,known,bbb,0.6238532110091743,3.623898367865742e-08,normal,0.6238532110091743,0
23,bbb,bba,known,bba,0.1781305114638448,6.4552686976091695e-09,anomaly,0.1781305114638448,0
24,bba,bab,known,bab,0.46994535519125685,3.0336235409529433e-09,normal,0.46994535519125685,0
25,bab,abb,known,abb,0.4972677595628415,1.5085231815667642e-09,normal,0.4972677595628415,0
26,abb,bbb,known,bbb,0.5647668393782384,8.519638693822659e-10,normal,0.5647668393782384,0
27,bbb,bbc,known,bbc,0.13403880070546736,1.1419621529638836e-10,anomaly,0.13403880070546736,0
28,bbc,bcb,known,bcb,0.5798319327731093,6.621461223067897e-11,normal,0.5798319327731093,0
29,bcb,cba,known,cba,0.1557377049180328,1.0312111740843447e-11,anomaly,0.1557377049180328,0
30,cba,bab,known,bab,0.5666666666666667,5.843529986477953e-12,normal,0.5666666666666667,0
31,bab,aba,known,aba,0.4426229508196721,2.5864804858181104e-12,normal,0.4426229508196721,0
32,aba,bab,known,bab,0.4371584699453552,1.130701851723764e-12,normal,0.4371584699453552,0
33,bab,abb,known,abb,0.4972677595628415,5.622615765402324e-13,normal,0.4972677595628415,0
34,abb,bbc,known,bbc,0.09844559585492228,5.535217592883117e-14,anomaly,0.09844559585492228,0
35,bbc,bcb,known,bcb,0.5798319327731093,3.209495915201135e-14,normal,0.5798319327731093,0
36,bcb,cbb,known,cbb,0.5491803278688525,1.7625920190039024e-14,normal,0.5491803278688525,0
37,cbb,bbb,known,bbb,0.6238532110091743,1.0995986907547282e-14,normal,0.6238532110091743,0
38,bbb,bbb,known,bbb,0.6860670194003528,7.543983963026265e-15,normal,0.6860670194003528,0
39,bbb,bbb,known,bbb,0.6860670194003528,5.1756785919174905e-15,normal,0.6860670194003528,0
40,bbb,bba,known,bba,0.1781305114638448,9.219462747507346e-16,anomaly,0.1781305114638448,0
41,bba,baa,known,baa,0.5027322404371585,4.634921162681289e-16,normal,0.5027322404371585,0
42,baa,aaa,known,aaa,0.6633663366336634,3.0746506722737262e-16,normal,0.6633663366336634,0
43,aaa,aaa,known,aaa,0.9110671936758893,2.8012133595221103e-16,normal,0.9110671936758893,0
44,aaa,aaa,known,aaa,0.9110671936758893,2.5520935943472187e-16,normal,0.9110671936758893,0
45,aaa,aab,known,aab,0.08827404479578392,2.2528362427043957e-17,anomaly,0.08827404479578392,0
46,aab,abc,known,abc,0.030612244897959183,6.896437477666518e-19,anomaly,0.030612244897959183,0
47,abc,bcb,known,bcb,0.9444444444444444,6.5133020622406e-19,normal,0.9444444444444444,0
48,bcb,cbb,known,cbb,0.5491803278688525,3.5769773620501657e-19,normal,0.5491803278688525,0
49,cbb,bbb,known,bbb,0.6238532110091743,2.231508813022122e-19,normal,0.6238532110091743,0
50,bbb,bba,known,bba,0.1781305114638448,3.9749980619970774e-20,anomaly,0.1781305114638448,0
51,bba,bab,known,bab,0.46994535519125685,1.8680318761297742e-20,normal,0.46994535519125685,0
52,bab,abb,known,abb,0.4972677595628415,9.289120258350243e-21,normal,0.4972677595628415,0
53,abb,bbb,known,bbb,0.5647668393782384,5.246187088912832e-21,normal,0.5647668393782384,0
54,bbb,bbb,known,bbb,0.6860670194003528,3.59923593930704e-21,normal,0.6860670194003528,0
55,bbb,bbb,known,bbb,0.6860670194003528,2.46931707299901e-21,normal,0.6860670194003528,0
56,bbb,bbc,known,bbc,0.13403880070546736,3.309842990263223e-22,anomaly,0.13403880070546736,0
57,bbc,bca,known,bca,0.04201680672268908,1.3906903320433712e-23,anomaly,0.04201680672268908,0
58,bca,cac,known,cac,0.4666666666666667,6.4898882162023996e-24,normal,0.4666666666666667,0
59,cac,aca,known,aca,0.3076923076923077,1.9968886819084306e-24,normal,0.3076923076923077,0
60,aca,cab,known,cab,0.5454545454545454,1.0892120083136894e-24,normal,0.5454545454545454,0
61,cab,aba,known,aba,0.5384615384615384,5.8649877370737115e-25,normal,0.5384615384615384,0
62,aba,bab,known,bab,0.4371584699453552,2.5639290653874147e-25,normal,0.4371584699453552,0
63,bab,aba,known,aba,0.4426229508196721,1.1348538486141017e-25,normal,0.4426229508196721,0
64,aba,bab,known,bab,0.4371584699453552,4.961109720717384e-26,normal,0.4371584699453552,0
65,bab,aba,known,aba,0.4426229508196721,2.195901023924088e-26,normal,0.4426229508196721,0
66,aba,baa,known,baa,0.5355191256830601,1.1759469964183641e-26,normal,0.5355191256830601,0
67,baa,aab,known,aab,0.30198019801980197,3.55112706839209e-27,normal,0.30198019801980197,0
68,aab,aba,known,aba,0.4744897959183674,1.684973557961553e-27,normal,0.4744897959183674,0
69,aba,bab,known,bab,0.4371584699453552,7.366004624968537e-28,normal,0.4371584699453552,0
70,bab,abb,known,abb,0.4972677595628415,3.662876616787633e-28,normal,0.4972677595628415,0
71,abb,bba,known,bba,0.32642487046632124,1.19565402516902e-28,normal,0.32642487046632124,0
72,bba,bab,known,bab,0.46994535519125685,5.618920555439111e-29,normal,0.46994535519125685,0
73,bab,aba,known,aba,0.4426229508196721,2.4870631966697705e-29,normal,0.4426229508196721,0
74,aba,baa,known,baa,0.5355191256830601,1.331869908599112e-29,normal,0.5355191256830601,0
75,baa,aab,known,aab,0.30198019801980197,4.0219833873537545e-30,normal,0.30198019801980197,0
76,aab,aba,known,aba,0.4744897959183674,1.908390076652547e-30,normal,0.4744897959183674,0
77,aba,bab,known,bab,0.4371584699453552,8.342688859683265e-31,normal,0.4371584699453552,0
78,bab,aba,known,aba,0.4426229508196721,3.692665560843412e-31,normal,0.4426229508196721,0
79,aba,baa,known,baa,0.5355191256830601,1.977493032582811e-31,normal,0.5355191256830601,0
80,baa,aab,known,aab,0.30198019801980197,5.97163737562136e-32,normal,0.30198019801980197,0
81,aab,aba,known,aba,0.4744897959183674,2.833480999657074e-32,normal,0.4744897959183674,0
82,aba,baa,known,baa,0.5355191256830601,1.5173832675759196e-32,normal,0.5355191256830601,0
83,baa,aaa,known,aaa,0.6633663366336634,1.0065809794810556e-32,normal,0.6633663366336634,0
84,aaa,aaa,known,aaa,0.9110671936758893,9.170629081833332e-33,normal,0.9110671936758893,0
85,aaa,aaa,known,aaa,0.9110671936758893,8.355059301828391e-33,normal,0.9110671936758893,0
86,aaa,aaa,known,aaa,0.9110671936758893,7.612020431112427e-33,normal,0.9110671936758893,0
87,aaa,aaa,known,aaa,0.9110671936758893,6.935062092377132e-33,normal,0.9110671936758893,0
88,aaa,aaa,known,aaa,0.9110671936758893,6.318307558470075e-33,normal,0.9110671936758893,0
89,aaa,aaa,known,aaa,0.9110671936758893,5.756402736076491e-33,normal,0.9110671936758893,0
90,aaa,aaa,known,aaa,0.9110671936758893,5.244469686425419e-33,normal,0.9110671936758893,0
91,aaa,aaa,known,aaa,0.9110671936758893,4.7780642795298775e-33,normal,0.9110671936758893,0
92,aaa,aaa,known,aaa,0.9110671936758893,4.353137614354295e-33,normal,0.9110671936758893,0
93,aaa,aaa,known,aaa,0.9110671936758893,3.966000869994723e-33,normal,0.9110671936758893,0
94,aaa,aaa,known,aaa,0.9110671936758893,3.613293282742228e-33,normal,0.9110671936758893,0
95,aaa,aaa,known,aaa,0.9110671936758893,3.291952971035903e-33,normal,0.9110671936758893,0
96,aaa,aaa,known,aaa,0.9110671936758893,2.9991903550346863e-33,normal,0.9110671936758893,0
97,aaa,aaa,known,aaa,0.9110671936758893,2.7324639400612455e-33,normal,0.9110671936758893,0
98,aaa,aaa,known,aaa,0.9110671936758893,2.4894582536921623e-33,normal,0.9110671936758893,0
99,aaa,aaa,known,aaa,0.9110671936758893,2.2680637449645984e-33,normal,0.9110671936758893,0
100,aaa,aaa,known,aaa,0.9110671936758893,2.0663584712029245e-33,normal,0.9110671936758893,0
101,aaa,aaa,known,aaa,0.9110671936758893,1.882591413487249e-33,normal,0.9110671936758893,0
102,aaa,aaa,known,aaa,0.9110671936758893,1.715167275924154e-33,normal,0.9110671936758893,0
103,aaa,aaa,known,aaa,0.9110671936758893,1.5626326367609387e-33,normal,0.9110671936758893,0
104,aaa,aaa,known,aaa,0.9110671936758893,1.4236633311201438e-33,normal,0.9110671936758893,0
105,aaa,aaa,known,aaa,0.9110671936758893,1.2970529558228977e-33,normal,0.9110671936758893,0
106,aaa,aaa,known,aaa,0.9110671936758893,1.1817023965105846e-33,normal,0.9110671936758893,0
107,aaa,aab,known,aab,0.08827404479578392,1.0431365028486055e-34,anomaly,0.08827404479578392,0
108,aab,aba,known,aba,0.4744897959183674,4.949576263516343e-35,normal,0.4744897959183674,0
109,aba,baa,known,baa,0.5355191256830601,2.6505927531398996e-35,normal,0.5355191256830601,0
110,baa,aaa,known,aaa,0.6633663366336634,1.7583140045581514e-35,normal,0.6633663366336634,0
111,aaa,aaa,known,aaa,0.9110671936758893,1.6019422057338097e-35,normal,0.9110671936758893,0
112,aaa,aaa,known,aaa,0.9110671936758893,1.459476989808866e-35,normal,0.9110671936758893,0
113,aaa,aaa,known,aaa,0.9110671936758893,1.329681605339698e-35,normal,0.9110671936758893,0
114,aaa,aaa,known,aaa,0.9110671936758893,1.21142928865929e-35,normal,0.9110671936758893,0
115,aaa,aaa,known,aaa,0.9110671936758893,1.1036934823555982e-35,normal,0.9110671936758893,0
116,aaa,aab,known,aab,0.08827404479578392,9.742748790227283e-37,anomaly,0.08827404479578392,0
117,aab,aba,known,aba,0.4744897959183674,4.622834885158864e-37,normal,0.4744897959183674,0
118,aba,bab,known,bab,0.4371584699453552,2.020911425206061e-37,normal,0.4371584699453552,0
119,bab,aba,known,aba,0.4426229508196721,8.945017783698958e-38,normal,0.4426229508196721,0
120,aba,baa,known,baa,0.5355191256830601,4.79022810274589e-38,normal,0.5355191256830601,0
121,baa,aaa,known,aaa,0.6633663366336634,3.177676068158165e-38,normal,0.6633663366336634,0
122,aaa,aaa,known,aaa,0.9110671936758893,2.8950764178278934e-38,normal,0.9110671936758893,0
123,aaa,aaa,known,aaa,0.9110671936758893,2.637609147467705e-38,normal,0.9110671936758893,0
124,aaa,aaa,known,aaa,0.9110671936758893,2.403039163997257e-38,normal,0.9110671936758893,0
125,aaa,aaa,known,aaa,0.9110671936758893,2.1893301474362358e-38,normal,0.9110671936758893,0
126,aaa,aaa,known,aaa,0.9110671936758893,1.9946268734547524e-38,normal,0.9110671936758893,0
127,aaa,aaa,known,aaa,0.9110671936758893,1.8172391080289344e-38,normal,0.9110671936758893,0
128,aaa,aaa,known,aaa,0.9110671936758893,1.6556269343899976e-38,normal,0.9110671936758893,0
129,aaa,aaa,known,aaa,0.9110671936758893,1.5083873848889107e-38,normal,0.9110671936758893,0
130,aaa,aaa,known,aaa,0.9110671936758893,1.3742422617268533e-38,normal,0.9110671936758893,0
131,aaa,aaa,known,aaa,0.9110671936758893,1.2520270408222913e-38,normal,0.9110671936758893,0
132,aaa,aaa,known,aaa,0.9110671936758893,1.140680762488293e-38,normal,0.9110671936758893,0
133,aaa,aaa,known,aaa,0.9110671936758893,1.0392368211602827e-38,normal,0.9110671936758893,0
134,aaa,aaa,known,aaa,0.9110671936758893,9.468145742191508e-39,normal,0.9110671936758893,0
135,aaa,aaa,known,aaa,0.9110671936758893,8.626116970652738e-39,normal,0.9110671936758893,0
136,aaa,aaa,known,aaa,0.9110671936758893,7.858972180772553e-39,normal,0.9110671936758893,0
137,aaa,aab,known,aab,0.08827404479578392,6.93743262334336e-40,anomaly,0.08827404479578392,0
138,aab,aba,known,aba,0.4744897959183674,3.291740989647615e-40,normal,0.4744897959183674,0
139,aba,baa,known,baa,0.5355191256830601,1.7627902567511819e-40,normal,0.5355191256830601,0
140,baa,aaa,known,aaa,0.6633663366336634,1.1693757148745464e-40,normal,0.6633663366336634,0
141,aaa,aaa,known,aaa,0.9110671936758893,1.0653798509034899e-40,normal,0.9110671936758893,0
142,aaa,aaa,known,aaa,0.9110671936758893,9.706326309614798e-41,normal,0.9110671936758893,0
143,aaa,aaa,known,aaa,0.9110671936758893,8.843115471803205e-41,normal,0.9110671936758893,0
144,aaa,aaa,known,aaa,0.9110671936758893,8.056672396247583e-41,normal,0.9110671936758893,0
145,aaa,aaa,known,aaa,0.9110671936758893,7.340169910415288e-41,normal,0.9110671936758893,0
146,aaa,aaa,known,aaa,0.9110671936758893,6.68738800138626e-41,normal,0.9110671936758893,0
147,aaa,aaa,known,aaa,0.9110671936758893,6.092659819444794e-41,normal,0.9110671936758893,0
148,aaa,aaa,known,aaa,0.9110671936758893,5.550822483723419e-41,normal,0.9110671936758893,0
149,aaa,aaa,known,aaa,0.9110671936758893,5.057172262838925e-41,normal,0.9110671936758893,0
150,aaa,aaa,known,aaa,0.9110671936758893,4.607423741440206e-41,normal,0.9110671936758893,0
151,aaa,aaa,known,aaa,0.9110671936758893,4.1976726181895946e-41,normal,0.9110671936758893,0
152,aaa,aaa,known,aaa,0.9110671936758893,3.8243618122241166e-41,normal,0.9110671936758893,0
153,aaa,aaa,known,aaa,0.9110671936758893,3.484250583864264e-41,normal,0.9110671936758893,0
154,aaa,aab,known,aab,0.08827404479578392,3.0756889211977034e-42,anomaly,0.08827404479578392,0
155,aab,aba,known,aba,0.4744897959183674,1.459383008527482e-42,normal,0.4744897959183674,0
156,aba,bab,known,bab,0.4371584699453552,6.379816430721232e-43,normal,0.4371584699453552,0
157,bab,abb,known,abb,0.4972677595628415,3.1724770229269514e-43,normal,0.4972677595628415,0
158,abb,bbb,known,bbb,0.5647668393782384,1.7917098212385374e-43,normal,0.5647668393782384,0
159,bbb,bbb,known,bbb,0.6860670194003528,1.2292330166874622e-43,normal,0.6860670194003528,0
160,bbb,bba,known,bba,0.1781305114638448,2.189639059707825e-44,anomaly,0.1781305114638448,0
161,bba,bab,known,bab,0.46994535519125685,1.0290107056550436e-44,normal,0.46994535519125685,0
162,bab,aba,known,aba,0.4426229508196721,4.554637549620685e-45,normal,0.4426229508196721,0
163,aba,baa,known,baa,0.5355191256830601,2.4390955183761045e-45,normal,0.5355191256830601,0
164,baa,aab,known,aab,0.30198019801980197,7.365585476284276e-46,normal,0.30198019801980197,0
165,aab,aba,known,aba,0.4744897959183674,3.4948951494614168e-46,normal,0.4744897959183674,0
166,aba,baa,known,baa,0.5355191256830601,1.8715831947935457e-46,normal,0.5355191256830601,0
167,baa,aab,known,aab,0.30198019801980197,5.651810637742886e-47,normal,0.30198019801980197,0
168,aab,abb,known,abb,0.49489795918367346,2.79706955031153e-47,normal,0.49489795918367346,0
169,abb,bbb,known,bbb,0.5647668393782384,1.5796921294505533e-47,normal,0.5647668393782384,0
170,bbb,bbb,known,bbb,0.6860670194003528,1.0837746708223373e-47,normal,0.6860670194003528,0
171,bbb,bbb,known,bbb,0.6860670194003528,7.435420581126794e-48,normal,0.6860670194003528,0
172,bbb,bba,known,bba,0.1781305114638448,1.3244752710649139e-48,anomaly,0.1781305114638448,0
173,bba,baa,known,baa,0.5027322404371585,6.6585642042607696e-49,normal,0.5027322404371585,0
174,baa,aaa,known,aaa,0.6633663366336634,4.417067343420511e-49,normal,0.6633663366336634,0
175,aaa,aab,known,aab,0.08827404479578392,3.899124005390965e-50,anomaly,0.08827404479578392,0
176,aab,abb,known,abb,0.49489795918367346,1.9296685128720592e-50,normal,0.49489795918367346,0
177,abb,bbb,known,bbb,0.5647668393782384,1.0898127870624584e-50,normal,0.5647668393782384,0
178,bbb,bbb,known,bbb,0.6860670194003528,7.476846105243322e-51,normal,0.6860670194003528,0
179,bbb,bbb,known,bbb,0.6860670194003528,5.129617521939422e-51,normal,0.6860670194003528,0
180,bbb,bbb,known,bbb,0.6860670194003528,3.519261403940803e-51,normal,0.6860670194003528,0
181,bbb,bbb,known,bbb,0.6860670194003528,2.4144491818923674e-51,normal,0.6860670194003528,0
182,bbb,bbb,known,bbb,0.6860670194003528,1.6564739537145167e-51,normal,0.6860670194003528,0
183,bbb,bbb,known,bbb,0.6860670194003528,1.1364521481392364e-51,normal,0.6860670194003528,0
184,bbb,bbb,known,bbb,0.6860670194003528,7.796823379650141e-52,normal,0.6860670194003528,0
185,bbb,bbb,known,bbb,0.6860670194003528,5.349143376867557e-52,normal,0.6860670194003528,0
186,bbb,bbb,known,bbb,0.6860670194003528,3.669870852912663e-52,normal,0.6860670194003528,0
187,bbb,bbb,known,bbb,0.6860670194003528,2.517777357642021e-52,normal,0.6860670194003528,0
188,bbb,bbb,known,bbb,0.6860670194003528,1.7273640072711573e-52,normal,0.6860670194003528,0
189,bbb,bbb,known,bbb,0.6860670194003528,1.1850874758879722e-52,normal,0.6860670194003528,0
190,bbb,bbb,known,bbb,0.6860670194003528,8.130494323111485e-53,normal,0.6860670194003528,0
191,bbb,bbb,known,bbb,0.6860670194003528,5.578064006508585e-53,normal,0.6860670194003528,0
192,bbb,bbb,known,bbb,0.6860670194003528,3.826925746969735e-53,normal,0.6860670194003528,0
193,bbb,bbc,known,bbc,0.13403880070546736,5.129565375126981e-54,anomaly,0.13403880070546736,0
194,bbc,bcb,known,bcb,0.5798319327731093,2.974285805745897e-54,normal,0.5798319327731093,0
195,bcb,cbb,known,cbb,0.5491803278688525,1.6334192539752057e-54,normal,0.5491803278688525,0
196,cbb,bbb,known,bbb,0.6238532110091743,1.0190138465166421e-54,normal,0.6238532110091743,0
197,bbb,bbc,known,bbc,0.13403880070546736,1.365873938893559e-55,anomaly,0.13403880070546736,0
198,bbc,bcb,known,bcb,0.5798319327731093,7.919773259130721e-56,normal,0.5798319327731093,0
199,bcb,cbc,known,cbc,0.29508196721311475,2.3369822731861143e-56,normal,0.29508196721311475,0
200,cbc,bcb,known,bcb,0.4861111111111111,1.1360330494654723e-56,normal,0.4861111111111111,0
201,bcb,cbb,known,cbb,0.5491803278688525,6.238870025753004e-57,normal,0.5491803278688525,0
202,cbb,bba,known,bba,0.1651376146788991,1.0302721143445328e-57,anomaly,0.1651376146788991,0
203,bba,bab,known,bab,0.46994535519125685,4.8417159471928864e-58,normal,0.46994535519125685,0
204,bab,abb,known,abb,0.4972677595628415,2.4076292415002878e-58,normal,0.4972677595628415,0
205,abb,bbb,known,bbb,0.5647668393782384,1.359749157116743e-58,normal,0.5647668393782384,0
206,bbb,bba,known,bba,0.1781305114638448,2.4221281281973725e-59,anomaly,0.1781305114638448,0
207,bba,bab,known,bab,0.46994535519125685,1.1382678635244483e-59,normal,0.46994535519125685,0
208,bab,aba,known,aba,0.4426229508196721,5.038234805763951e-60,normal,0.4426229508196721,0
209,aba,baa,known,baa,0.5355191256830601,2.6980710981686735e-60,normal,0.5355191256830601,0
210,baa,aaa,known,aaa,0.6633663366336634,1.789809540369318e-60,normal,0.6633663366336634,0
211,aaa,aaa,known,aaa,0.9110671936758893,1.630636755158608e-60,normal,0.9110671936758893,0
212,aaa,aaa,known,aaa,0.9110671936758893,1.485619652427111e-60,normal,0.9110671936758893,0
213,aaa,aaa,known,aaa,0.9110671936758893,1.353499327606518e-60,normal,0.9110671936758893,0
214,aaa,aaa,known,aaa,0.9110671936758893,1.2331288340446735e-60,normal,0.9110671936758893,0
215,aaa,aaa,known,aaa,0.9110671936758893,1.1234632262739021e-60,normal,0.9110671936758893,0
216,aaa,aaa,known,aaa,0.9110671936758893,1.0235504887594246e-60,normal,0.9110671936758893,0
217,aaa,aaa,known,aaa,0.9110671936758893,9.325232713796339e-61,normal,0.9110671936758893,0
218,aaa,aaa,known,aaa,0.9110671936758893,8.495913598933027e-61,normal,0.9110671936758893,0
219,aaa,aaa,known,aaa,0.9110671936758893,7.740348160292738e-61,normal,0.9110671936758893,0
220,aaa,aaa,known,aaa,0.9110671936758893,7.051977276472238e-61,normal,0.9110671936758893,0
221,aaa,aaa,known,aaa,0.9110671936758893,6.424825147141702e-61,normal,0.9110671936758893,0
222,aaa,aaa,known,aaa,0.9110671936758893,5.853447416664673e-61,normal,0.9110671936758893,0
223,aaa,aaa,known,aaa,0.9110671936758893,5.332883911230067e-61,normal,0.9110671936758893,0
224,aaa,aaa,known,aaa,0.9110671936758893,4.858615579203678e-61,normal,0.9110671936758893,0
225,aaa,aaa,known,aaa,0.9110671936758893,4.42652526089505e-61,normal,0.9110671936758893,0
226,aaa,aaa,known,aaa,0.9110671936758893,4.032861947179087e-61,normal,0.9110671936758893,0
227,aaa,aaa,known,aaa,0.9110671936758893,3.6742082166987336e-61,normal,0.9110671936758893,0
228,aaa,aaa,known,aaa,0.9110671936758893,3.3474505689686086e-61,normal,0.9110671936758893,0
229,aaa,aaa,known,aaa,0.9110671936758893,3.049752395838989e-61,normal,0.9110671936758893,0
230,aaa,aaa,known,aaa,0.9110671936758893,2.7785293566833477e-61,normal,0.9110671936758893,0
231,aaa,aaa,known,aaa,0.9110671936758893,2.5314269435395718e-61,normal,0.9110671936758893,0
232,aaa,aaa,known,aaa,0.9110671936758893,2.3063000414461313e-61,normal,0.9110671936758893,0
233,aaa,aaa,known,aaa,0.9110671936758893,2.101194306534914e-61,normal,0.9110671936758893,0
234,aaa,aaa,known,aaa,0.9110671936758893,1.9143292002225202e-61,normal,0.9110671936758893,0
235,aaa,aaa,known,aaa,0.9110671936758893,1.7440825322185412e-61,normal,0.9110671936758893,0
236,aaa,aaa,known,aaa,0.9110671936758893,1.588976378167485e-61,normal,0.9110671936758893,0
237,aaa,aaa,known,aaa,0.9110671936758893,1.4476642496743292e-61,normal,0.9110671936758893,0
238,aaa,aaa,known,aaa,0.9110671936758893,1.318919405335703e-61,normal,0.9110671936758893,0
239,aaa,aaa,known,aaa,0.9110671936758893,1.2016242013038718e-61,normal,0.9110671936758893,0
240,aaa,aaa,known,aaa,0.9110671936758893,1.0947603889349504e-61,normal,0.9110671936758893,0
241,aaa,aaa,known,aaa,0.9110671936758893,9.974002752944903e-62,normal,0.9110671936758893,0
242,aaa,aaa,known,aaa,0.9110671936758893,9.086986697841106e-62,normal,0.9110671936758893,0
243,aaa,aaa,known,aaa,0.9110671936758893,8.278855469772232e-62,normal,0.9110671936758893,0
244,aaa,aaa,known,aaa,0.9110671936758893,7.542593619693673e-62,normal,0.9110671936758893,0
245,aaa,aaa,known,aaa,0.9110671936758893,6.871809602131982e-62,normal,0.9110671936758893,0
246,aaa,aaa,known,aaa,0.9110671936758893,6.2606802896894146e-62,normal,0.9110671936758893,0
247,aaa,aaa,known,aaa,0.9110671936758893,5.703900422029289e-62,normal,0.9110671936758893,0
248,aaa,aaa,known,aaa,0.9110671936758893,5.196636550504945e-62,normal,0.9110671936758893,0
249,aaa,aaa,known,aaa,0.9110671936758893,4.734485078622094e-62,normal,0.9110671936758893,0
250,aaa,aaa,known,aaa,0.9110671936758893,4.313434034080603e-62,normal,0.9110671936758893,0
251,aaa,aaa,known,aaa,0.9110671936758893,3.929828240535885e-62,normal,0.9110671936758893,0
252,aaa,aaa,known,aaa,0.9110671936758893,3.5803375867332863e-62,normal,0.9110671936758893,0
253,aaa,aaa,known,aaa,0.9110671936758893,3.261928117557401e-62,normal,0.9110671936758893,0
254,aaa,aaa,known,aaa,0.9110671936758893,2.9718356960354974e-62,normal,0.9110671936758893,0
255,aaa,aaa,known,aaa,0.9110671936758893,2.7075420076528936e-62,normal,0.9110671936758893,0
256,aaa,aaa,known,aaa,0.9110671936758893,2.466752698671905e-62,normal,0.9110671936758893,0
257,aaa,aaa,known,aaa,0.9110671936758893,2.247377458671439e-62,normal,0.9110671936758893,0
258,aaa,aaa,known,aaa,0.9110671936758893,2.04751187440224e-62,normal,0.9110671936758893,0
259,aaa,aaa,known,aaa,0.9110671936758893,1.8654208974297086e-62,normal,0.9110671936758893,0
260,aaa,aaa,known,aaa,0.9110671936758893,1.6995237820456435e-62,normal,0.9110671936758893,0
261,aaa,aaa,known,aaa,0.9110671936758893,1.548380362693758e-62,normal,0.9110671936758893,0
262,aaa,aaa,known,aaa,0.9110671936758893,1.4106785517822578e-62,normal,0.9110671936758893,0
263,aaa,aaa,known,aaa,0.9110671936758893,1.2852229493510293e-62,normal,0.9110671936758893,0
264,aaa,aaa,known,aaa,0.9110671936758893,1.170924465713092e-62,normal,0.9110671936758893,0
265,aaa,aaa,known,aaa,0.9110671936758893,1.0667908669836667e-62,normal,0.9110671936758893,0
266,aaa,aaa,known,aaa,0.9110671936758893,9.719181614218781e-63,normal,0.9110671936758893,0
267,aaa,aaa,known,aaa,0.9110671936758893,8.854827518092605e-63,normal,0.9110671936758893,0
268,aaa,aaa,known,aaa,0.9110671936758893,8.067342857392669e-63,normal,0.9110671936758893,0
269,aaa,aaa,known,aaa,0.9110671936758893,7.349891417505969e-63,normal,0.9110671936758893,0
270,aaa,aaa,known,aaa,0.9110671936758893,6.696244947569667e-63,normal,0.9110671936758893,0
271,aaa,aaa,known,aaa,0.9110671936758893,6.100729092548649e-63,normal,0.9110671936758893,0
272,aaa,aaa,known,aaa,0.9110671936758893,5.558174133725153e-63,normal,0.9110671936758893,0
273,aaa,aaa,known,aaa,0.9110671936758893,5.063870109974892e-63,normal,0.9110671936758893,0
274,aaa,aaa,known,aaa,0.9110671936758893,4.613525930234042e-63,normal,0.9110671936758893,0
275,aaa,aaa,known,aaa,0.9110671936758893,4.203232122209275e-63,normal,0.9110671936758893,0
276,aaa,aaa,known,aaa,0.9110671936758893,3.829426893949557e-63,normal,0.9110671936758893,0
277,aaa,aaa,known,aaa,0.9110671936758893,3.4888652136576e-63,normal,0.9110671936758893,0
278,aaa,aaa,known,aaa,0.9110671936758893,3.1785906393204615e-63,normal,0.9110671936758893,0
279,aaa,aaa,known,aaa,0.9110671936758893,2.8959096536101437e-63,normal,0.9110671936758893,0
280,aaa,aaa,known,aaa,0.9110671936758893,2.63836828125351e-63,normal,0.9110671936758893,0
281,aaa,aaa,known,aaa,0.9110671936758893,2.4037307858851148e-63,normal,0.9110671936758893,0
282,aaa,aaa,known,aaa,0.9110671936758893,2.1899602614486915e-63,normal,0.9110671936758893,0
283,aaa,aaa,known,aaa,0.9110671936758893,1.995200949659776e-63,normal,0.9110671936758893,0
284,aaa,aaa,known,aaa,0.9110671936758893,1.8177621300260014e-63,normal,0.9110671936758893,0
285,aaa,aaa,known,aaa,0.9110671936758893,1.656103442573096e-63,normal,0.9110671936758893,0
286,aaa,aaa,known,aaa,0.9110671936758893,1.50882151586205e-63,normal,0.9110671936758893,0
287,aaa,aaa,known,aaa,0.9110671936758893,1.374637784214239e-63,normal,0.9110671936758893,0
288,aaa,aaa,known,aaa,0.9110671936758893,1.2523873883849095e-63,normal,0.9110671936758893,0
289,aaa,aaa,known,aaa,0.9110671936758893,1.1410090633309155e-63,normal,0.9110671936758893,0
290,aaa,aaa,known,aaa,0.9110671936758893,1.0395359252876522e-63,normal,0.9110671936758893,0
291,aaa,aaa,known,aaa,0.9110671936758893,9.470870781770902e-64,normal,0.9110671936758893,0
292,aaa,aaa,known,aaa,0.9110671936758893,8.628599664814991e-64,normal,0.9110671936758893,0
293,aaa,aab,known,aab,0.08827404479578392,7.616813933367646e-65,anomaly,0.08827404479578392,0
294,aab,abb,known,abb,0.49489795918367346,3.7695456711054164e-65,normal,0.49489795918367346,0
295,abb,bbb,known,bbb,0.5647668393782384,2.1289143945621265e-65,normal,0.5647668393782384,0
296,bbb,bba,known,bba,0.1781305114638448,3.7922460996609304e-66,anomaly,0.1781305114638448,0
297,bba,baa,known,baa,0.5027322404371585,1.9064843779716151e-66,normal,0.5027322404371585,0
298,baa,aab,known,aab,0.30198019801980197,5.757205299815273e-67,normal,0.30198019801980197,0
299,aab,abb,known,abb,0.49489795918367346,2.8492291534800075e-67,normal,0.49489795918367346,0
300,abb,bba,known,bba,0.32642487046632124,9.300592573535775e-68,normal,0.32642487046632124,0
301,bba,baa,known,baa,0.5027322404371585,4.675707741886838e-68,normal,0.5027322404371585,0
302,baa,aab,known,aab,0.30198019801980197,1.4119711497777083e-68,normal,0.30198019801980197,0
303,aab,abb,known,abb,0.49489795918367346,6.987816404512128e-69,normal,0.49489795918367346,0
304,abb,bbc,known,bbc,0.09844559585492228,6.87919749666997e-70,anomaly,0.09844559585492228,0
305,bbc,bcb,known,bcb,0.5798319327731093,3.988778380422084e-70,normal,0.5798319327731093,0
306,bcb,cbc,known,cbc,0.29508196721311475,1.1770165712720903e-70,normal,0.29508196721311475,0
307,cbc,bcb,known,bcb,0.4861111111111111,5.721608332572661e-71,normal,0.4861111111111111,0
308,bcb,cba,known,cba,0.1557377049180328,8.910701501547588e-72,anomaly,0.1557377049180328,0
309,cba,bab,known,bab,0.5666666666666667,5.049397517543633e-72,normal,0.5666666666666667,0
310,bab,abb,known,abb,0.4972677595628415,2.510902590691096e-72,normal,0.4972677595628415,0
311,abb,bbb,known,bbb,0.5647668393782384,1.418074520131241e-72,normal,0.5647668393782384,0
312,bbb,bbb,known,bbb,0.6860670194003528,9.72894159314026e-73,normal,0.6860670194003528,0
313,bbb,bbb,known,bbb,0.6860670194003528,6.674705960725858e-73,normal,0.6860670194003528,0
314,bbb,bbb,known,bbb,0.6860670194003528,4.5792956238489576e-73,normal,0.6860670194003528,0
315,bbb,bbb,known,bbb,0.6860670194003528,3.1417036996071333e-73,normal,0.6860670194003528,0
316,bbb,bbb,known,bbb,0.6860670194003528,2.1554192930285272e-73,normal,0.6860670194003528,0
317,bbb,bbb,known,bbb,0.6860670194003528,1.478762089926097e-73,normal,0.6860670194003528,0
318,bbb,bbc,known,bbc,0.13403880070546736,1.9821149706240454e-74,anomaly,0.13403880070546736,0
319,bbc,bcc,known,bcc,0.3277310924369748,6.496007046583006e-75,normal,0.3277310924369748,0
320,bcc,ccb,known,ccb,0.6229508196721312,4.0466929142648237e-75,normal,0.6229508196721312,0
321,ccb,cbb,known,cbb,0.5294117647058824,2.1423668369637302e-75,normal,0.5294117647058824,0
322,cbb,bbb,known,bbb,0.6238532110091743,1.3365224303993914e-75,normal,0.6238532110091743,0
323,bbb,bbb,known,bbb,0.6860670194003528,9.169439601858259e-76,normal,0.6860670194003528,0
324,bbb,bbc,known,bbc,0.13403880070546736,1.2290606873742991e-76,anomaly,0.13403880070546736,0
325,bbc,bcc,known,bcc,0.3277310924369748,4.028014017445182e-77,normal,0.3277310924369748,0
326,bcc,ccb,known,ccb,0.6229508196721312,2.50925463381831e-77,normal,0.6229508196721312,0
327,ccb,cbb,known,cbb,0.5294117647058824,1.3284289237861642e-77,normal,0.5294117647058824,0
328,cbb,bbb,known,bbb,0.6238532110091743,8.287446497014602e-78,normal,0.6238532110091743,0
329,bbb,bbb,known,bbb,0.6860670194003528,5.685743716646703e-78,normal,0.6860670194003528,0
330,bbb,bbc,known,bbc,0.13403880070546736,7.621102688979707e-79,anomaly,0.13403880070546736,0
331,bbc,bcd,known,bcd,0.05042016806722689,3.842572784359516e-80,anomaly,0.05042016806722689,0
332,bcd,cdb,known,cdb,0.15384615384615385,5.9116504374761795e-81,anomaly,0.15384615384615385,0
333,cdb,dbb,known,dbb,1.0,5.9116504374761795e-81,normal,1.0,0
334,dbb,bbb,known,bbb,0.3333333333333333,1.970550145825393e-81,normal,0.3333333333333333,0
335,bbb,bbc,known,bbc,0.13403880070546736,2.641301782764195e-82,anomaly,0.13403880070546736,0
336,bbc,bcb,known,bcb,0.5798319327731093,1.5315111177372226e-82,normal,0.5798319327731093,0
337,bcb,cbc,known,cbc,0.29508196721311475,4.519213134306558e-83,normal,0.29508196721311475,0
338,cbc,bcc,known,bcc,0.2777777777777778,1.2553369817518218e-83,normal,0.2777777777777778,0
339,bcc,ccb,known,ccb,0.6229508196721312,7.820132017470365e-84,normal,0.6229508196721312,0
340,ccb,cbd,known,cbd,0.029411764705882353,2.3000388286677544e-85,anomaly,0.029411764705882353,0
341,cbd,bdb,known,bdb,0.0,2.3000388286677544e-89,anomaly,0.0,0
342,bdb,dba,unseen,aba,0.0,2.3000388286677544e-93,anomaly,0.0,1
343,aba,bac,known,bac,0.0273224043715847,6.28425909472064e-95,anomaly,0.0273224043715847,0
344,bac,acb,known,acb,0.6,3.7705554568323836e-95,normal,0.6,0
345,acb,cbb,known,cbb,0.1875,7.069791481560719e-96,anomaly,0.1875,0
346,cbb,bbb,known,bbb,0.6238532110091743,4.410512116936963e-96,normal,0.6238532110091743,0
347,bbb,bbb,known,bbb,0.6860670194003528,3.025906902096082e-96,normal,0.6860670194003528,0
348,bbb,bbb,known,bbb,0.6860670194003528,2.075974929304014e-96,normal,0.6860670194003528,0
349,bbb,bbb,known,bbb,0.6860670194003528,1.424257932097463e-96,normal,0.6860670194003528,0
350,bbb,bbb,known,bbb,0.6860670194003528,9.771363943314164e-97,normal,0.6860670194003528,0
351,bbb,bbc,known,bbc,0.13403880070546736,1.309741904218477e-97,anomaly,0.13403880070546736,0
352,bbc,bcc,known,bcc,0.3277310924369748,4.29243145080005e-98,normal,0.3277310924369748,0
353,bcc,ccb,known,ccb,0.6229508196721312,2.6739736906623263e-98,normal,0.6229508196721312,0
354,ccb,cbd,known,cbd,0.029411764705882353,7.864628501948018e-100,anomaly,0.029411764705882353,0
355,cbd,bdc,known,bdc,1.0,7.864628501948018e-100,normal,1.0,0
356,bdc,dcb,known,dcb,0.0,7.864628501948018e-104,anomaly,0.0,0
357,dcb,cbd,known,cbd,0.0,7.864628501948019e-108,anomaly,0.0,0
358,cbd,bdb,known,bdb,0.0,7.864628501948019e-112,anomaly,0.0,0
359,bdb,dbc,known,dbc,0.0,7.86462850194802e-116,anomaly,0.0,0
360,dbc,bcc,known,bcc,0.5,3.93231425097401e-116,normal,0.5,0
361,bcc,ccb,known,ccb,0.6229508196721312,2.449638385852662e-116,normal,0.6229508196721312,0
362,ccb,cbc,known,cbc,0.3382352941176471,8.285541599207533e-117,normal,0.3382352941176471,0
363,cbc,bcb,known,bcb,0.4861111111111111,4.027693832948107e-117,normal,0.4861111111111111,0
364,bcb,cbc,known,cbc,0.29508196721311475,1.1884998195584577e-117,normal,0.29508196721311475,0
365,cbc,bcb,known,bcb,0.4861111111111111,5.77742967840917e-118,normal,0.4861111111111111,0
366,bcb,cbb,known,cbb,0.5491803278688525,3.172850725027987e-118,normal,0.5491803278688525,0
367,cbb,bbb,known,bbb,0.6238532110091743,1.9793931128614965e-118,normal,0.6238532110091743,0
368,bbb,bba,known,bba,0.1781305114638448,3.525903075820302e-119,anomaly,0.1781305114638448,0
369,bba,bac,known,bac,0.0273224043715847,9.633614961257655e-121,anomaly,0.0273224043715847,0
370,bac,acb,known,acb,0.6,5.780168976754593e-121,normal,0.6,0
371,acb,cbb,known,cbb,0.1875,1.0837816831414861e-121,anomaly,0.1875,0
372,cbb,bbd,known,bbd,0.009174311926605505,9.942951221481525e-124,anomaly,0.009174311926605505,0
373,bbd,bdc,known,bdc,0.2,1.988590244296305e-124,normal,0.2,0
374,bdc,dcb,known,dcb,0.0,1.988590244296305e-128,anomaly,0.0,0
375,dcb,cbc,known,cbc,0.5,9.942951221481525e-129,normal,0.5,0
376,cbc,bcb,known,bcb,0.4861111111111111,4.833379065997964e-129,normal,0.4861111111111111,0
377,bcb,cbc,known,cbc,0.29508196721311475,1.4262430030813663e-129,normal,0.29508196721311475,0
378,cbc,bcd,known,bcd,0.09722222222222222,1.3866251418846618e-130,anomaly,0.09722222222222222,0
379,bcd,cdd,known,cdd,0.3076923076923077,4.266538898106652e-131,normal,0.3076923076923077,0
380,cdd,dde,known,dde,0.0,4.2665388981066523e-135,anomaly,0.0,0
381,dde,dee,known,dee,0.7391304347826086,3.153528750774482e-135,normal,0.7391304347826086,0
382,dee,eee,known,eee,0.8148148148148148,2.5695419450755034e-135,normal,0.8148148148148148,0
383,eee,eee,known,eee,0.9853836784409257,2.5319846937467504e-135,normal,0.9853836784409257,0
384,eee,eee,known,eee,0.9853836784409257,2.4949763912802937e-135,normal,0.9853836784409257,0
385,eee,eee,known,eee,0.9853836784409257,2.4585090140630422e-135,normal,0.9853836784409257,0
386,eee,eee,known,eee,0.9853836784409257,2.422574655757614e-135,normal,0.9853836784409257,0
387,eee,eee,known,eee,0.9853836784409257,2.387165525588197e-135,normal,0.9853836784409257,0
388,eee,eee,known,eee,0.9853836784409257,2.3522739466514632e-135,normal,0.9853836784409257,0
389,eee,eee,known,eee,0.9853836784409257,2.3178923542521727e-135,normal,0.9853836784409257,0
390,eee,eee,known,eee,0.9853836784409257,2.2840132942631032e-135,normal,0.9853836784409257,0
391,eee,eee,known,eee,0.9853836784409257,2.250629421508953e-135,normal,0.9853836784409257,0
392,eee,eee,known,eee,0.9853836784409257,2.2177334981738646e-135,normal,0.9853836784409257,0
393,eee,eee,known,eee,0.9853836784409257,2.1853183922322246e-135,normal,0.9853836784409257,0
394,eee,eee,known,eee,0.9853836784409257,2.153377075902399e-135,normal,0.9853836784409257,0
395,eee,eee,known,eee,0.9853836784409257,2.1219026241230704e-135,normal,0.9853836784409257,0
396,eee,eee,known,eee,0.9853836784409257,2.090888213051844e-135,normal,0.9853836784409257,0
397,eee,eee,known,eee,0.9853836784409257,2.0603271185858e-135,normal,0.9853836784409257,0
398,eee,eee,known,eee,0.9853836784409257,2.0302127149036688e-135,normal,0.9853836784409257,0
399,eee,eee,known,eee,0.9853836784409257,2.0005384730293154e-135,normal,0.9853836784409257,0
400,eee,eed,known,eed,0.014007308160779537,2.802215887921696e-137,anomaly,0.014007308160779537,0
401,eed,edd,known,edd,0.5714285714285714,1.6012662216695406e-137,normal,0.5714285714285714,0
402,edd,ddd,known,ddd,0.6956521739130435,1.1139243281179412e-137,normal,0.6956521739130435,0
403,ddd,ddd,known,ddd,0.7407407407407407,8.251291319392157e-138,normal,0.7407407407407407,0
404,ddd,dde,known,dde,0.2222222222222222,1.833620293198257e-138,normal,0.2222222222222222,0
405,dde,dec,known,dec,0.043478260869565216,7.972262144340248e-140,anomaly,0.043478260869565216,0
406,dec,ece,unseen,ecb,1.0,7.972262144340248e-140,normal,1.0,1
407,ecb,cee,unseen,aee,0.0,7.972262144340248e-144,anomaly,0.0,1
408,aee,eee,known,eee,1.0,7.972262144340248e-144,normal,1.0,0
409,eee,eee,known,eee,0.9853836784409257,7.855736997285336e-144,normal,0.9853836784409257,0
410,eee,eee,known,eee,0.9853836784409257,7.740915019249496e-144,normal,0.9853836784409257,0
411,eee,eee,known,eee,0.9853836784409257,7.627771316166678e-144,normal,0.9853836784409257,0
412,eee,eee,known,eee,0.9853836784409257,7.516281357830501e-144,normal,0.9853836784409257,0
413,eee,eee,known,eee,0.9853836784409257,7.406420972575975e-144,normal,0.9853836784409257,0
414,eee,eee,known,eee,0.9853836784409257,7.298166342038933e-144,normal,0.9853836784409257,0
415,eee,eee,known,eee,0.9853836784409257,7.191493995992079e-144,normal,0.9853836784409257,0
416,eee,eee,known,eee,0.9853836784409257,7.086380807256506e-144,normal,0.9853836784409257,0
417,eee,eee,known,eee,0.9853836784409257,6.982803986687592e-144,normal,0.9853836784409257,0
418,eee,eee,known,eee,0.9853836784409257,6.880741078234179e-144,normal,0.9853836784409257,0
419,eee,eee,known,eee,0.9853836784409257,6.780169954069976e-144,normal,0.9853836784409257,0
420,eee,eee,known,eee,0.9853836784409257,6.681068809796115e-144,normal,0.9853836784409257,0
421,eee,eee,known,eee,0.9853836784409257,6.583416159713833e-144,normal,0.9853836784409257,0
422,eee,eed,known,eed,0.014007308160779537,9.221593889976745e-146,anomaly,0.014007308160779537,0
423,eed,ede,known,ede,0.42857142857142855,3.9521116671328904e-146,normal,0.42857142857142855,0
424,ede,dee,known,dee,0.5882352941176471,2.3247715689017e-146,normal,0.5882352941176471,0
425,dee,eed,known,eed,0.18518518518518517,4.3051325350031485e-147,anomaly,0.18518518518518517,0
426,eed,edd,known,edd,0.5714285714285714,2.4600757342875132e-147,normal,0.5714285714285714,0
427,edd,ddd,known,ddd,0.6956521739130435,1.7113570325478353e-147,normal,0.6956521739130435,0
428,ddd,ddd,known,ddd,0.7407407407407407,1.2676718759613593e-147,normal,0.7407407407407407,0
429,ddd,dde,known,dde,0.2222222222222222,2.817048613247465e-148,normal,0.2222222222222222,0
430,dde,ded,known,ded,0.21739130434782608,6.12401872445101e-149,normal,0.21739130434782608,0
431,ded,edd,known,edd,0.5833333333333334,3.5723442559297563e-149,normal,0.5833333333333334,0
432,edd,ddd,known,ddd,0.6956521739130435,2.485109047603309e-149,normal,0.6956521739130435,0
433,ddd,ddd,known,ddd,0.7407407407407407,1.8408215167431916e-149,normal,0.7407407407407407,0
434,ddd,ddd,known,ddd,0.7407407407407407,1.3635714938838455e-149,normal,0.7407407407407407,0
435,ddd,dde,known,dde,0.2222222222222222,3.0301588752974344e-150,normal,0.2222222222222222,0
436,dde,ded,known,ded,0.21739130434782608,6.58730190282051e-151,normal,0.21739130434782608,0
437,ded,ede,known,ede,0.4166666666666667,2.7447091261752124e-151,normal,0.4166666666666667,0
438,ede,dee,known,dee,0.5882352941176471,1.614534780103066e-151,normal,0.5882352941176471,0
439,dee,eee,known,eee,0.8148148148148148,1.3155468578617575e-151,normal,0.8148148148148148,0
440,eee,eee,known,eee,0.9853836784409257,1.2963184019612202e-151,normal,0.9853836784409257,0
441,eee,eed,known,eed,0.014007308160779537,1.8157931330760088e-153,anomaly,0.014007308160779537,0
442,eed,ede,known,ede,0.42857142857142855,7.781970570325751e-154,normal,0.42857142857142855,0
443,ede,ded,known,ded,0.4117647058823529,3.204340823075309e-154,normal,0.4117647058823529,0
444,ded,ede,known,ede,0.4166666666666667,1.3351420096147122e-154,normal,0.4166666666666667,0
445,ede,ded,known,ded,0.4117647058823529,5.497643569001756e-155,normal,0.4117647058823529,0
446,ded,ede,known,ede,0.4166666666666667,2.2906848204173985e-155,normal,0.4166666666666667,0
447,ede,dee,known,dee,0.5882352941176471,1.3474616590690579e-155,normal,0.5882352941176471,0
448,dee,eee,known,eee,0.8148148148148148,1.0979317222044175e-155,normal,0.8148148148148148,0
449,eee,eee,known,eee,0.9853836784409257,1.0818839991027695e-155,normal,0.9853836784409257,0
450,eee,eee,known,eee,0.9853836784409257,1.066070834682266e-155,normal,0.9853836784409257,0
451,eee,eee,known,eee,0.9853836784409257,1.0504888005577992e-155,normal,0.9853836784409257,0
452,eee,eee,known,eee,0.9853836784409257,1.0351345184546402e-155,normal,0.9853836784409257,0
453,eee,eee,known,eee,0.9853836784409257,1.0200046594760095e-155,normal,0.9853836784409257,0
454,eee,eee,known,eee,0.9853836784409257,1.0050959433813541e-155,normal,0.9853836784409257,0
455,eee,eed,known,eed,0.014007308160779537,1.4078688610092048e-157,anomaly,0.014007308160779537,0
456,eed,edd,known,edd,0.5714285714285714,8.044964920052599e-158,normal,0.5714285714285714,0
457,edd,ddd,known,ddd,0.6956521739130435,5.5964973356887645e-158,normal,0.6956521739130435,0
458,ddd,ddd,known,ddd,0.7407407407407407,4.145553581991677e-158,normal,0.7407407407407407,0
459,ddd,ddd,known,ddd,0.7407407407407407,3.0707804311049455e-158,normal,0.7407407407407407,0
460,ddd,ddd,known,ddd,0.7407407407407407,2.2746521711888485e-158,normal,0.7407407407407407,0
461,ddd,dde,known,dde,0.2222222222222222,5.054782602641885e-159,normal,0.2222222222222222,0
462,dde,dee,known,dee,0.7391304347826086,3.736143662822263e-159,normal,0.7391304347826086,0
463,dee,eee,known,eee,0.8148148148148148,3.044265206744066e-159,normal,0.8148148148148148,0
464,eee,eee,known,eee,0.9853836784409257,2.9997692475711925e-159,normal,0.9853836784409257,0
465,eee,eee,known,eee,0.9853836784409257,2.9559236556456696e-159,normal,0.9853836784409257,0
466,eee,eed,known,eed,0.014007308160779537,4.140453354436687e-161,anomaly,0.014007308160779537,0
467,eed,edd,known,edd,0.5714285714285714,2.365973345392392e-161,normal,0.5714285714285714,0
468,edd,ddd,known,ddd,0.6956521739130435,1.6458945011425337e-161,normal,0.6956521739130435,0
469,ddd,ddd,known,ddd,0.7407407407407407,1.2191811119574322e-161,normal,0.7407407407407407,0
470,ddd,ddd,known,ddd,0.7407407407407407,9.030971199684683e-162,normal,0.7407407407407407,0
471,ddd,dde,known,dde,0.2222222222222222,2.0068824888188183e-162,normal,0.2222222222222222,0
472,dde,dee,known,dee,0.7391304347826086,1.4833479265182568e-162,normal,0.7391304347826086,0
473,dee,eee,known,eee,0.8148148148148148,1.208653866051913e-162,normal,0.8148148148148148,0
474,eee,eee,known,eee,0.9853836784409257,1.1909877924920799e-162,normal,0.9853836784409257,0
475,eee,eee,known,eee,0.9853836784409257,1.1735799319440834e-162,normal,0.9853836784409257,0
476,eee,eee,known,eee,0.9853836784409257,1.1564265102835122e-162,normal,0.9853836784409257,0
477,eee,eed,known,eed,0.014007308160779537,1.6198422494836041e-164,anomaly,0.014007308160779537,0
478,eed,edd,known,edd,0.5714285714285714,9.256241425620595e-165,normal,0.5714285714285714,0
479,edd,dde,known,dde,0.21739130434782608,2.0122263968740422e-165,normal,0.21739130434782608,0
480,dde,ded,known,ded,0.21739130434782608,4.374405210595744e-166,normal,0.21739130434782608,0
481,ded,edd,known,edd,0.5833333333333334,2.5517363728475173e-166,normal,0.5833333333333334,0
482,edd,dde,known,dde,0.21739130434782608,5.5472529844511245e-167,normal,0.21739130434782608,0
483,dde,ded,known,ded,0.21739130434782608,1.2059245618372009e-167,normal,0.21739130434782608,0
484,ded,ede,known,ede,0.4166666666666667,5.024685674321671e-168,normal,0.4166666666666667,0
485,ede,ded,known,ded,0.4117647058823529,2.0689882188383349e-168,normal,0.4117647058823529,0
486,ded,edd,known,edd,0.5833333333333334,1.206909794322362e-168,normal,0.5833333333333334,0
487,edd,ddd,known,ddd,0.6956521739130435,8.395894221372954e-169,normal,0.6956521739130435,0
488,ddd,ddd,known,ddd,0.7407407407407407,6.219180904720707e-169,normal,0.7407407407407407,0
489,ddd,dde,known,dde,0.2222222222222222,1.382040201049046e-169,normal,0.2222222222222222,0
490,dde,dee,known,dee,0.7391304347826086,1.0215079746884252e-169,normal,0.7391304347826086,0
491,dee,eee,known,eee,0.8148148148148148,8.323398312276057e-170,normal,0.8148148148148148,0
492,eee,eee,known,eee,0.9853836784409257,8.201740846079573e-170,normal,0.9853836784409257,0
493,eee,eee,known,eee,0.9853836784409257,8.08186156452908e-170,normal,0.9853836784409257,0
494,eee,eed,known,eed,0.014007308160779537,1.1320512544711866e-171,anomaly,0.014007308160779537,0
495,eed,edd,known,edd,0.5714285714285714,6.468864311263923e-172,normal,0.5714285714285714,0
496,edd,ddd,known,ddd,0.6956521739130435,4.50007952087925e-172,normal,0.6956521739130435,0
497,ddd,ddd,known,ddd,0.7407407407407407,3.333392237688333e-172,normal,0.7407407407407407,0
498,ddd,ddd,known,ddd,0.7407407407407407,2.469179435324691e-172,normal,0.7407407407407407,0
499,ddd,ddd,known,ddd,0.7407407407407407,1.8290218039442155e-172,normal,0.7407407407407407,0
500,ddd,ddd,known,ddd,0.7407407407407407,1.354830965884604e-172,normal,0.7407407407407407,0
501,ddd,ddd,known,ddd,0.7407407407407407,1.0035784932478549e-172,normal,0.7407407407407407,0
502,ddd,ddc,known,ddc,0.037037037037037035,3.716957382399462e-174,anomaly,0.037037037037037035,0
503,ddc,dcd,known,dcd,0.4,1.4867829529597849e-174,normal,0.4,0
504,dcd,cdd,known,cdd,0.625,9.292393455998655e-175,normal,0.625,0
505,cdd,ddd,known,ddd,0.4166666666666667,3.871830606666107e-175,normal,0.4166666666666667,0
506,ddd,ddd,known,ddd,0.7407407407407407,2.8680226716045236e-175,normal,0.7407407407407407,0
507,ddd,ddd,known,ddd,0.7407407407407407,2.124461238225573e-175,normal,0.7407407407407407,0
508,ddd,ddd,known,ddd,0.7407407407407407,1.573674991278202e-175,normal,0.7407407407407407,0
509,ddd,ddd,known,ddd,0.7407407407407407,1.1656851787245941e-175,normal,0.7407407407407407,0
510,ddd,ddd,known,ddd,0.7407407407407407,8.634705027589586e-176,normal,0.7407407407407407,0
511,ddd,ddd,known,ddd,0.7407407407407407,6.396077798214507e-176,normal,0.7407407407407407,0
512,ddd,ddd,known,ddd,0.7407407407407407,4.73783540608482e-176,normal,0.7407407407407407,0
513,ddd,dde,known,dde,0.2222222222222222,1.0528523124632932e-176,normal,0.2222222222222222,0
514,dde,dee,known,dee,0.7391304347826086,7.781951874728688e-177,normal,0.7391304347826086,0
515,dee,eed,known,eed,0.18518518518518517,1.441102199023831e-177,anomaly,0.18518518518518517,0
516,eed,edd,known,edd,0.5714285714285714,8.234869708707605e-178,normal,0.5714285714285714,0
517,edd,ddd,known,ddd,0.6956521739130435,5.728605014753116e-178,normal,0.6956521739130435,0
518,ddd,ddd,known,ddd,0.7407407407407407,4.2434111220393446e-178,normal,0.7407407407407407,0
519,ddd,ddd,known,ddd,0.7407407407407407,3.143267497806922e-178,normal,0.7407407407407407,0
520,ddd,ddd,known,ddd,0.7407407407407407,2.3283462946717938e-178,normal,0.7407407407407407,0
521,ddd,ddd,known,ddd,0.7407407407407407,1.7247009590161435e-178,normal,0.7407407407407407,0
522,ddd,dde,known,dde,0.2222222222222222,3.832668797813652e-179,normal,0.2222222222222222,0
523,dde,ded,known,ded,0.21739130434782608,8.331888690899243e-180,normal,0.21739130434782608,0
524,ded,edd,known,edd,0.5833333333333334,4.860268403024559e-180,normal,0.5833333333333334,0
525,edd,ddc,known,ddc,0.08695652173913043,4.2263203504561376e-181,anomaly,0.08695652173913043,0
526,ddc,dcc,known,dcc,0.5,2.1131601752280688e-181,normal,0.5,0
527,dcc,ccd,known,ccd,0.125,2.641450219035086e-182,anomaly,0.125,0
528,ccd,cdd,known,cdd,0.2727272727272727,7.203955142822961e-183,normal,0.2727272727272727,0
529,cdd,dde,known,dde,0.0,7.203955142822961e-187,anomaly,0.0,0
530,dde,ded,known,ded,0.21739130434782608,1.5660772049615132e-187,normal,0.21739130434782608,0
531,ded,edc,unseen,bdc,0.0,1.5660772049615134e-191,anomaly,0.0,1
532,bdc,dcc,known,dcc,1.0,1.5660772049615134e-191,normal,1.0,0
533,dcc,ccc,known,ccc,0.8125,1.2724377290312296e-191,normal,0.8125,0
534,ccc,ccd,known,ccd,0.1111111111111111,1.4138196989235884e-192,anomaly,0.1111111111111111,0
535,ccd,cdd,known,cdd,0.2727272727272727,3.855871906155241e-193,normal,0.2727272727272727,0
536,cdd,ddd,known,ddd,0.4166666666666667,1.6066132942313505e-193,normal,0.4166666666666667,0
537,ddd,ddd,known,ddd,0.7407407407407407,1.190083921652852e-193,normal,0.7407407407407407,0
538,ddd,ddd,known,ddd,0.7407407407407407,8.815436456687792e-194,normal,0.7407407407407407,0
539,ddd,ddc,known,ddc,0.037037037037037035,3.2649764654399227e-195,anomaly,0.037037037037037035,0
540,ddc,dcd,known,dcd,0.4,1.3059905861759691e-195,normal,0.4,0
541,dcd,cdd,known,cdd,0.625,8.162441163599807e-196,normal,0.625,0
542,cdd,ddd,known,ddd,0.4166666666666667,3.4010171514999194e-196,normal,0.4166666666666667,0
543,ddd,dde,known,dde,0.2222222222222222,7.557815892222043e-197,normal,0.2222222222222222,0
544,dde,dee,known,dee,0.7391304347826086,5.586211746424988e-197,normal,0.7391304347826086,0
545,dee,eed,known,eed,0.18518518518518517,1.034483656745368e-197,anomaly,0.18518518518518517,0
546,eed,edd,known,edd,0.5714285714285714,5.911335181402103e-198,normal,0.5714285714285714,0
547,edd,dde,known,dde,0.21739130434782608,1.2850728655221962e-198,normal,0.21739130434782608,0
548,dde,ded,known,ded,0.21739130434782608,2.793636664178687e-199,normal,0.21739130434782608,0
549,ded,ede,known,ede,0.4166666666666667,1.1640152767411198e-199,normal,0.4166666666666667,0
550,ede,dee,known,dee,0.5882352941176471,6.84714868671247e-200,normal,0.5882352941176471,0
551,dee,eee,known,eee,0.8148148148148148,5.579158189173123e-200,normal,0.8148148148148148,0
552,eee,eee,known,eee,0.9853836784409257,5.497611419051226e-200,normal,0.9853836784409257,0
553,eee,eee,known,eee,0.9853836784409257,5.417256562743534e-200,normal,0.9853836784409257,0
554,eee,eee,known,eee,0.9853836784409257,5.33807619885447e-200,normal,0.9853836784409257,0
555,eee,eee,known,eee,0.9853836784409257,5.260053160625172e-200,normal,0.9853836784409257,0
556,eee,eee,known,eee,0.9853836784409257,5.183170532211649e-200,normal,0.9853836784409257,0
557,eee,eee,known,eee,0.9853836784409257,5.1074116450173254e-200,normal,0.9853836784409257,0
558,eee,eed,known,eed,0.014007308160779537,7.154108881571162e-202,anomaly,0.014007308160779537,0
559,eed,edd,known,edd,0.5714285714285714,4.088062218040663e-202,normal,0.5714285714285714,0
560,edd,ddd,known,ddd,0.6956521739130435,2.8438693690717657e-202,normal,0.6956521739130435,0
561,ddd,ddd,known,ddd,0.7407407407407407,2.1065699030161225e-202,normal,0.7407407407407407,0
562,ddd,ddd,known,ddd,0.7407407407407407,1.560422150382313e-202,normal,0.7407407407407407,0
563,ddd,ddd,known,ddd,0.7407407407407407,1.155868259542454e-202,normal,0.7407407407407407,0
564,ddd,ddd,known,ddd,0.7407407407407407,8.561987107721881e-203,normal,0.7407407407407407,0
565,ddd,ddd,known,ddd,0.7407407407407407,6.342212672386578e-203,normal,0.7407407407407407,0
566,ddd,dde,known,dde,0.2222222222222222,1.409380593863684e-203,normal,0.2222222222222222,0
567,dde,ded,known,ded,0.21739130434782608,3.0638708562254e-204,normal,0.21739130434782608,0
568,ded,ede,known,ede,0.4166666666666667,1.2766128567605835e-204,normal,0.4166666666666667,0
569,ede,ded,known,ded,0.4117647058823529,5.25664117489652e-205,normal,0.4117647058823529,0
570,ded,edd,known,edd,0.5833333333333334,3.066374018689637e-205,normal,0.5833333333333334,0
571,edd,ddd,known,ddd,0.6956521739130435,2.1331297521319215e-205,normal,0.6956521739130435,0
572,ddd,ddd,known,ddd,0.7407407407407407,1.580096112690312e-205,normal,0.7407407407407407,0
573,ddd,dde,known,dde,0.2222222222222222,3.51132469486736e-206,normal,0.2222222222222222,0
574,dde,ded,known,ded,0.21739130434782608,7.633314554059478e-207,normal,0.21739130434782608,0
575,ded,ede,known,ede,0.4166666666666667,3.180547730858116e-207,normal,0.4166666666666667,0
576,ede,ded,known,ded,0.4117647058823529,1.309637300941577e-207,normal,0.4117647058823529,0
577,ded,edd,known,edd,0.5833333333333334,7.6395509221592e-208,normal,0.5833333333333334,0
578,edd,ddd,known,ddd,0.6956521739130435,5.314470206719444e-208,normal,0.6956521739130435,0
579,ddd,ddd,known,ddd,0.7407407407407407,3.936644597569958e-208,normal,0.7407407407407407,0
580,ddd,ddd,known,ddd,0.7407407407407407,2.9160330352370055e-208,normal,0.7407407407407407,0
581,ddd,ddd,known,ddd,0.7407407407407407,2.16002447054593e-208,normal,0.7407407407407407,0
582,ddd,ddd,known,ddd,0.7407407407407407,1.6000181263303185e-208,normal,0.7407407407407407,0
583,ddd,ddc,known,ddc,0.037037037037037035,5.925993060482661e-210,anomaly,0.037037037037037035,0
584,ddc,dcd,known,dcd,0.4,2.3703972241930645e-210,normal,0.4,0
585,dcd,cdc,known,cdc,0.375,8.888989590723991e-211,normal,0.375,0
586,cdc,dcd,known,dcd,0.23529411764705882,2.0915269625232918e-211,normal,0.23529411764705882,0
587,dcd,cdc,known,cdc,0.375,7.843226109462344e-212,normal,0.375,0
588,cdc,dcd,known,dcd,0.23529411764705882,1.8454649669323162e-212,normal,0.23529411764705882,0
589,dcd,cdd,known,cdd,0.625,1.1534156043326976e-212,normal,0.625,0
590,cdd,ddd,known,ddd,0.4166666666666667,4.80589835138624e-213,normal,0.4166666666666667,0
591,ddd,ddd,known,ddd,0.7407407407407407,3.559924704730548e-213,normal,0.7407407407407407,0
592,ddd,ddd,known,ddd,0.7407407407407407,2.6369812627633684e-213,normal,0.7407407407407407,0
593,ddd,ddd,known,ddd,0.7407407407407407,1.953319453898791e-213,normal,0.7407407407407407,0
594,ddd,ddd,known,ddd,0.7407407407407407,1.4469032991842896e-213,normal,0.7407407407407407,0
595,ddd,ddc,known,ddc,0.037037037037037035,5.358901108089962e-215,anomaly,0.037037037037037035,0
596,ddc,dcc,known,dcc,0.5,2.679450554044981e-215,normal,0.5,0
597,dcc,ccc,known,ccc,0.8125,2.1770535751615469e-215,normal,0.8125,0
598,ccc,ccd,known,ccd,0.1111111111111111,2.418948416846163e-216,anomaly,0.1111111111111111,0
599,ccd,cdd,known,cdd,0.2727272727272727,6.59713204594408e-217,normal,0.2727272727272727,0
600,cdd,ddd,known,ddd,0.4166666666666667,2.748805019143367e-217,normal,0.4166666666666667,0
601,ddd,ddd,known,ddd,0.7407407407407407,2.0361518660321236e-217,normal,0.7407407407407407,0
602,ddd,ddd,known,ddd,0.7407407407407407,1.5082606415052767e-217,normal,0.7407407407407407,0
603,ddd,ddc,known,ddc,0.037037037037037035,5.586150524093617e-219,anomaly,0.037037037037037035,0
604,ddc,dcd,known,dcd,0.4,2.234460209637447e-219,normal,0.4,0
605,dcd,cdc,known,cdc,0.375,8.379225786140426e-220,normal,0.375,0
606,cdc,dcc,known,dcc,0.4117647058823529,3.4502694413519397e-220,normal,0.4117647058823529,0
607,dcc,ccc,known,ccc,0.8125,2.803343921098451e-220,normal,0.8125,0
608,ccc,ccd,known,ccd,0.1111111111111111,3.1148265789982786e-221,anomaly,0.1111111111111111,0
609,ccd,cdd,known,cdd,0.2727272727272727,8.494981579086214e-222,normal,0.2727272727272727,0
610,cdd,ddd,known,ddd,0.4166666666666667,3.5395756579525895e-222,normal,0.4166666666666667,0
611,ddd,ddc,known,ddc,0.037037037037037035,1.3109539473898478e-223,anomaly,0.037037037037037035,0
612,ddc,dcc,known,dcc,0.5,6.554769736949239e-224,normal,0.5,0
613,dcc,ccc,known,ccc,0.8125,5.325750411271257e-224,normal,0.8125,0
614,ccc,ccc,known,ccc,0.5277777777777778,2.8108127170598304e-224,normal,0.5277777777777778,0
615,ccc,ccd,known,ccd,0.1111111111111111,3.123125241177589e-225,anomaly,0.1111111111111111,0
616,ccd,cdc,known,cdc,0.6363636363636364,1.9874433352948294e-225,normal,0.6363636363636364,0
617,cdc,dcd,known,dcd,0.23529411764705882,4.676337259517246e-226,normal,0.23529411764705882,0
618,dcd,cdd,known,cdd,0.625,2.9227107871982787e-226,normal,0.625,0
619,cdd,ddd,known,ddd,0.4166666666666667,1.217796161332616e-226,normal,0.4166666666666667,0
620,ddd,ddd,known,ddd,0.7407407407407407,9.020712306167526e-227,normal,0.7407407407407407,0
621,ddd,ddd,known,ddd,0.7407407407407407,6.682009115679648e-227,normal,0.7407407407407407,0
622,ddd,ddc,known,ddc,0.037037037037037035,2.474818190992462e-228,anomaly,0.037037037037037035,0
623,ddc,dcd,known,dcd,0.4,9.899272763969848e-229,normal,0.4,0
624,dcd,cdd,known,cdd,0.625,6.187045477481155e-229,normal,0.625,0
625,cdd,ddd,known,ddd,0.4166666666666667,2.5779356156171478e-229,normal,0.4166666666666667,0
626,ddd,ddd,known,ddd,0.7407407407407407,1.9095819374941834e-229,normal,0.7407407407407407,0
627,ddd,ddd,known,ddd,0.7407407407407407,1.4145051388845802e-229,normal,0.7407407407407407,0
628,ddd,dde,known,dde,0.2222222222222222,3.143344753076845e-230,normal,0.2222222222222222,0
629,dde,ded,known,ded,0.21739130434782608,6.833358158862706e-231,normal,0.21739130434782608,0
630,ded,edd,known,edd,0.5833333333333334,3.986125592669912e-231,normal,0.5833333333333334,0
631,edd,ddd,known,ddd,0.6956521739130435,2.772956934031243e-231,normal,0.6956521739130435,0
632,ddd,ddd,known,ddd,0.7407407407407407,2.0540421733564762e-231,normal,0.7407407407407407,0
633,ddd,ddd,known,ddd,0.7407407407407407,1.521512721004797e-231,normal,0.7407407407407407,0
634,ddd,ddd,known,ddd,0.7407407407407407,1.1270464600035533e-231,normal,0.7407407407407407,0
635,ddd,ddd,known,ddd,0.7407407407407407,8.348492296322616e-232,normal,0.7407407407407407,0
636,ddd,ddd,known,ddd,0.7407407407407407,6.1840683676463816e-232,normal,0.7407407407407407,0
637,ddd,ddc,known,ddc,0.037037037037037035,2.290395691720882e-233,anomaly,0.037037037037037035,0
638,ddc,dcd,known,dcd,0.4,9.161582766883529e-234,normal,0.4,0
639,dcd,cdd,known,cdd,0.625,5.725989229302205e-234,normal,0.625,0
640,cdd,ddd,known,ddd,0.4166666666666667,2.3858288455425857e-234,normal,0.4166666666666667,0
641,ddd,ddd,known,ddd,0.7407407407407407,1.7672806263278412e-234,normal,0.7407407407407407,0
642,ddd,ddd,known,ddd,0.7407407407407407,1.3090967602428452e-234,normal,0.7407407407407407,0
643,ddd,ddd,known,ddd,0.7407407407407407,9.69701303883589e-235,normal,0.7407407407407407,0
644,ddd,ddd,known,ddd,0.7407407407407407,7.182972621359918e-235,normal,0.7407407407407407,0
645,ddd,ddd,known,ddd,0.7407407407407407,5.320720460266606e-235,normal,0.7407407407407407,0
646,ddd,ddd,known,ddd,0.7407407407407407,3.9412744150123004e-235,normal,0.7407407407407407,0
647,ddd,ddd,known,ddd,0.7407407407407407,2.919462529638741e-235,normal,0.7407407407407407,0
648,ddd,ddd,known,ddd,0.7407407407407407,2.1625648367694376e-235,normal,0.7407407407407407,0
649,ddd,ddd,known,ddd,0.7407407407407407,1.601899879088472e-235,normal,0.7407407407407407,0
650,ddd,ddd,known,ddd,0.7407407407407407,1.1865925030284977e-235,normal,0.7407407407407407,0
651,ddd,ddd,known,ddd,0.7407407407407407,8.78957409650739e-236,normal,0.7407407407407407,0
652,ddd,dde,known,dde,0.2222222222222222,1.9532386881127531e-236,normal,0.2222222222222222,0
653,dde,ded,known,ded,0.21739130434782608,4.246171061114681e-237,normal,0.21739130434782608,0
654,ded,edd,known,edd,0.5833333333333334,2.476933118983564e-237,normal,0.5833333333333334,0
655,edd,ddd,known,ddd,0.6956521739130435,1.7230839088581313e-237,normal,0.6956521739130435,0
656,ddd,ddc,known,ddc,0.037037037037037035,6.381792255030116e-239,anomaly,0.037037037037037035,0
657,ddc,dcc,known,dcc,0.5,3.190896127515058e-239,normal,0.5,0
658,dcc,ccc,known,ccc,0.8125,2.5926031036059847e-239,normal,0.8125,0
659,ccc,ccc,known,ccc,0.5277777777777778,1.3683183046809363e-239,normal,0.5277777777777778,0
660,ccc,ccc,known,ccc,0.5277777777777778,7.221679941371608e-240,normal,0.5277777777777778,0
661,ccc,ccd,known,ccd,0.1111111111111111,8.024088823746231e-241,anomaly,0.1111111111111111,0
662,ccd,cdc,known,cdc,0.6363636363636364,5.106238342383965e-241,normal,0.6363636363636364,0
663,cdc,dcd,known,dcd,0.23529411764705882,1.2014678452668153e-241,normal,0.23529411764705882,0
664,dcd,cdd,known,cdd,0.625,7.509174032917596e-242,normal,0.625,0
665,cdd,ddd,known,ddd,0.4166666666666667,3.128822513715665e-242,normal,0.4166666666666667,0
666,ddd,ddd,known,ddd,0.7407407407407407,2.3176463064560482e-242,normal,0.7407407407407407,0
667,ddd,ddd,known,ddd,0.7407407407407407,1.716775041819295e-242,normal,0.7407407407407407,0
668,ddd,ddc,known,ddc,0.037037037037037035,6.358426080812203e-244,anomaly,0.037037037037037035,0
669,ddc,dcc,known,dcc,0.5,3.1792130404061016e-244,normal,0.5,0
670,dcc,ccd,known,ccd,0.125,3.974016300507627e-245,anomaly,0.125,0
671,ccd,cdd,known,cdd,0.2727272727272727,1.083822627411171e-245,normal,0.2727272727272727,0
672,cdd,ddd,known,ddd,0.4166666666666667,4.5159276142132125e-246,normal,0.4166666666666667,0
673,ddd,ddd,known,ddd,0.7407407407407407,3.345131566083861e-246,normal,0.7407407407407407,0
674,ddd,ddc,known,ddc,0.037037037037037035,1.2389376170680966e-247,anomaly,0.037037037037037035,0
675,ddc,dcc,known,dcc,0.5,6.194688085340483e-248,normal,0.5,0
676,dcc,ccd,known,ccd,0.125,7.743360106675604e-249,anomaly,0.125,0
677,ccd,cdc,known,cdc,0.6363636363636364,4.927592795157203e-249,normal,0.6363636363636364,0
678,cdc,dcd,known,dcd,0.23529411764705882,1.1594335988605184e-249,normal,0.23529411764705882,0
679,dcd,cdd,known,cdd,0.625,7.24645999287824e-250,normal,0.625,0
680,cdd,ddc,known,ddc,0.4166666666666667,3.019358330365933e-250,normal,0.4166666666666667,0
681,ddc,dcc,known,dcc,0.5,1.5096791651829666e-250,normal,0.5,0
682,dcc,ccc,known,ccc,0.8125,1.2266143217111604e-250,normal,0.8125,0
683,ccc,ccd,known,ccd,0.1111111111111111,1.3629048019012894e-251,anomaly,0.1111111111111111,0
684,ccd,cdc,known,cdc,0.6363636363636364,8.67303055755366e-252,normal,0.6363636363636364,0
685,cdc,dcc,known,dcc,0.4117647058823529,3.571247876639742e-252,normal,0.4117647058823529,0
686,dcc,ccd,known,ccd,0.125,4.464059845799678e-253,anomaly,0.125,0
687,ccd,cdd,known,cdd,0.2727272727272727,1.2174708670362757e-253,normal,0.2727272727272727,0
688,cdd,ddd,known,ddd,0.4166666666666667,5.072795279317816e-254,normal,0.4166666666666667,0
689,ddd,ddd,known,ddd,0.7407407407407407,3.757626132828011e-254,normal,0.7407407407407407,0
690,ddd,ddd,known,ddd,0.7407407407407407,2.783426765057786e-254,normal,0.7407407407407407,0
691,ddd,ddd,known,ddd,0.7407407407407407,2.061797603746508e-254,normal,0.7407407407407407,0
692,ddd,ddd,known,ddd,0.7407407407407407,1.5272574842566726e-254,normal,0.7407407407407407,0
693,ddd,ddd,known,ddd,0.7407407407407407,1.1313018401901279e-254,normal,0.7407407407407407,0
694,ddd,ddd,known,ddd,0.7407407407407407,8.380013631037984e-255,normal,0.7407407407407407,0
695,ddd,ddc,known,ddc,0.037037037037037035,3.10370875223629e-256,anomaly,0.037037037037037035,0
696,ddc,dcd,known,dcd,0.4,1.2414835008945162e-256,normal,0.4,0
697,dcd,cdd,known,cdd,0.625,7.759271880590726e-257,normal,0.625,0
698,cdd,ddd,known,ddd,0.4166666666666667,3.233029950246136e-257,normal,0.4166666666666667,0
699,ddd,ddd,known,ddd,0.7407407407407407,2.3948370001823228e-257,normal,0.7407407407407407,0
700,ddd,ddd,known,ddd,0.7407407407407407,1.7739533334683872e-257,normal,0.7407407407407407,0
701,ddd,dde,known,dde,0.2222222222222222,3.942118518818638e-258,normal,0.2222222222222222,0
702,dde,ded,known,ded,0.21739130434782608,8.569822866997039e-259,normal,0.21739130434782608,0
703,ded,edd,known,edd,0.5833333333333334,4.9990633390816066e-259,normal,0.5833333333333334,0
704,edd,ddd,known,ddd,0.6956521739130435,3.477609279361118e-259,normal,0.6956521739130435,0
705,ddd,ddd,known,ddd,0.7407407407407407,2.576006873600828e-259,normal,0.7407407407407407,0
706,ddd,ddd,known,ddd,0.7407407407407407,1.908153239704317e-259,normal,0.7407407407407407,0
707,ddd,ddd,known,ddd,0.7407407407407407,1.41344684422542e-259,normal,0.7407407407407407,0
708,ddd,ddd,known,ddd,0.7407407407407407,1.0469976623891999e-259,normal,0.7407407407407407,0
709,ddd,ddd,known,ddd,0.7407407407407407,7.755538239919999e-260,normal,0.7407407407407407,0
710,ddd,ddd,known,ddd,0.7407407407407407,5.74484314068148e-260,normal,0.7407407407407407,0
711,ddd,ddd,known,ddd,0.7407407407407407,4.255439363467763e-260,normal,0.7407407407407407,0
712,ddd,ddd,known,ddd,0.7407407407407407,3.152177306272417e-260,normal,0.7407407407407407,0
713,ddd,ddd,known,ddd,0.7407407407407407,2.334946152794383e-260,normal,0.7407407407407407,0
714,ddd,ddd,known,ddd,0.7407407407407407,1.729589742810654e-260,normal,0.7407407407407407,0
715,ddd,ddd,known,ddd,0.7407407407407407,1.281177587267151e-260,normal,0.7407407407407407,0
716,ddd,ddd,known,ddd,0.7407407407407407,9.490204350127043e-261,normal,0.7407407407407407,0
717,ddd,ddd,known,ddd,0.7407407407407407,7.029781000094105e-261,normal,0.7407407407407407,0
718,ddd,ddd,known,ddd,0.7407407407407407,5.2072451852548925e-261,normal,0.7407407407407407,0
719,ddd,ddd,known,ddd,0.7407407407407407,3.8572186557443645e-261,normal,0.7407407407407407,0
720,ddd,ddd,known,ddd,0.7407407407407407,2.8571990042550845e-261,normal,0.7407407407407407,0
721,ddd,ddd,known,ddd,0.7407407407407407,2.116443706855618e-261,normal,0.7407407407407407,0
722,ddd,ddd,known,ddd,0.7407407407407407,1.5677360791523098e-261,normal,0.7407407407407407,0
723,ddd,ddc,known,ddc,0.037037037037037035,5.8064299227863324e-263,anomaly,0.037037037037037035,0
724,ddc,dcd,known,dcd,0.4,2.322571969114533e-263,normal,0.4,0
725,dcd,cdd,known,cdd,0.625,1.4516074806965831e-263,normal,0.625,0
726,cdd,ddd,known,ddd,0.4166666666666667,6.04836450290243e-264,normal,0.4166666666666667,0
727,ddd,ddd,known,ddd,0.7407407407407407,4.480270002149948e-264,normal,0.7407407407407407,0
728,ddd,ddd,known,ddd,0.7407407407407407,3.3187185201110725e-264,normal,0.7407407407407407,0
729,ddd,ddd,known,ddd,0.7407407407407407,2.4583100148970904e-264,normal,0.7407407407407407,0
730,ddd,ddd,known,ddd,0.7407407407407407,1.820970381405252e-264,normal,0.7407407407407407,0
731,ddd,ddd,known,ddd,0.7407407407407407,1.3488669491890755e-264,normal,0.7407407407407407,0
732,ddd,ddd,known,ddd,0.7407407407407407,9.991607031030189e-265,normal,0.7407407407407407,0
733,ddd,ddd,known,ddd,0.7407407407407407,7.401190393355695e-265,normal,0.7407407407407407,0
734,ddd,dde,known,dde,0.2222222222222222,1.6447089763012654e-265,normal,0.2222222222222222,0
735,dde,dee,known,dee,0.7391304347826086,1.2156544607444136e-265,normal,0.7391304347826086,0
736,dee,eed,known,eed,0.18518518518518517,2.2512119643415065e-266,anomaly,0.18518518518518517,0
737,eed,edd,known,edd,0.5714285714285714,1.2864068367665751e-266,normal,0.5714285714285714,0
738,edd,ddd,known,ddd,0.6956521739130435,8.948917125332696e-267,normal,0.6956521739130435,0
739,ddd,ddd,known,ddd,0.7407407407407407,6.6288275002464414e-267,normal,0.7407407407407407,0
740,ddd,ddd,known,ddd,0.7407407407407407,4.910242592775142e-267,normal,0.7407407407407407,0
741,ddd,ddc,known,ddc,0.037037037037037035,1.8186083676944968e-268,anomaly,0.037037037037037035,0
742,ddc,dcd,known,dcd,0.4,7.274433470777987e-269,normal,0.4,0
743,dcd,cdd,known,cdd,0.625,4.546520919236242e-269,normal,0.625,0
744,cdd,ddd,known,ddd,0.4166666666666667,1.894383716348434e-269,normal,0.4166666666666667,0
745,ddd,ddd,known,ddd,0.7407407407407407,1.4032471972951363e-269,normal,0.7407407407407407,0
746,ddd,ddc,known,ddc,0.037037037037037035,5.197211841833838e-271,anomaly,0.037037037037037035,0
747,ddc,dcd,known,dcd,0.4,2.0788847367335353e-271,normal,0.4,0
748,dcd,cdd,known,cdd,0.625,1.2993029604584594e-271,normal,0.625,0
749,cdd,dde,known,dde,0.0,1.2993029604584594e-275,anomaly,0.0,0
750,dde,ded,known,ded,0.21739130434782608,2.824571653170564e-276,normal,0.21739130434782608,0
751,ded,edd,known,edd,0.5833333333333334,1.647666797682829e-276,normal,0.5833333333333334,0
752,edd,ddd,known,ddd,0.6956521739130435,1.1462029896924028e-276,normal,0.6956521739130435,0
753,ddd,ddd,known,ddd,0.7407407407407407,8.49039251624002e-277,normal,0.7407407407407407,0
754,ddd,dde,known,dde,0.2222222222222222,1.8867538924977822e-277,normal,0.2222222222222222,0
755,dde,dee,known,dee,0.7391304347826086,1.394557224889665e-277,normal,0.7391304347826086,0
756,dee,eed,known,eed,0.18518518518518517,2.5825133794253054e-278,anomaly,0.18518518518518517,0
757,eed,edd,known,edd,0.5714285714285714,1.4757219311001746e-278,normal,0.5714285714285714,0
758,edd,ddd,known,ddd,0.6956521739130435,1.026589169460991e-278,normal,0.6956521739130435,0
759,ddd,ddd,known,ddd,0.7407407407407407,7.604364218229562e-279,normal,0.7407407407407407,0
760,ddd,ddd,known,ddd,0.7407407407407407,5.6328623838737496e-279,normal,0.7407407407407407,0
761,ddd,ddd,known,ddd,0.7407407407407407,4.172490654721296e-279,normal,0.7407407407407407,0
762,ddd,ddd,known,ddd,0.7407407407407407,3.0907338183120708e-279,normal,0.7407407407407407,0
763,ddd,dde,known,dde,0.2222222222222222,6.868297374026824e-280,normal,0.2222222222222222,0
764,dde,ded,known,ded,0.21739130434782608,1.49310812478844e-280,normal,0.21739130434782608,0
765,ded,ede,known,ede,0.4166666666666667,6.221283853285166e-281,normal,0.4166666666666667,0
766,ede,ded,known,ded,0.4117647058823529,2.561705116058598e-281,normal,0.4117647058823529,0
767,ded,edd,known,edd,0.5833333333333334,1.4943279843675156e-281,normal,0.5833333333333334,0
768,edd,ddd,known,ddd,0.6956521739130435,1.0395325108643587e-281,normal,0.6956521739130435,0
769,ddd,ddd,known,ddd,0.7407407407407407,7.700240821217471e-282,normal,0.7407407407407407,0
770,ddd,ddd,known,ddd,0.7407407407407407,5.703882089790719e-282,normal,0.7407407407407407,0
771,ddd,ddd,known,ddd,0.7407407407407407,4.2250978442894215e-282,normal,0.7407407407407407,0
772,ddd,ddd,known,ddd,0.7407407407407407,3.1297021068810526e-282,normal,0.7407407407407407,0
773,ddd,ddd,known,ddd,0.7407407407407407,2.3182978569489277e-282,normal,0.7407407407407407,0
774,ddd,dde,known,dde,0.2222222222222222,5.151773015442061e-283,normal,0.2222222222222222,0
775,dde,ded,known,ded,0.21739130434782608,1.1199506555308827e-283,normal,0.21739130434782608,0
776,ded,edd,known,edd,0.5833333333333334,6.533045490596816e-284,normal,0.5833333333333334,0
777,edd,ddd,known,ddd,0.6956521739130435,4.5447272978064803e-284,normal,0.6956521739130435,0
778,ddd,ddd,known,ddd,0.7407407407407407,3.366464665041837e-284,normal,0.7407407407407407,0
779,ddd,ddd,known,ddd,0.7407407407407407,2.49367752966062e-284,normal,0.7407407407407407,0
780,ddd,ddd,known,ddd,0.7407407407407407,1.8471685404893482e-284,normal,0.7407407407407407,0
781,ddd,ddd,known,ddd,0.7407407407407407,1.3682729929550726e-284,normal,0.7407407407407407,0
782,ddd,ddd,known,ddd,0.7407407407407407,1.0135355503370907e-284,normal,0.7407407407407407,0
783,ddd,ddd,known,ddd,0.7407407407407407,7.50767074323771e-285,normal,0.7407407407407407,0
784,ddd,ddd,known,ddd,0.7407407407407407,5.561237587583488e-285,normal,0.7407407407407407,0
785,ddd,ddd,known,ddd,0.7407407407407407,4.119435250061843e-285,normal,0.7407407407407407,0
786,ddd,ddc,known,ddc,0.037037037037037035,1.525716759282164e-286,anomaly,0.037037037037037035,0
787,ddc,dcd,known,dcd,0.4,6.102867037128657e-287,normal,0.4,0
788,dcd,cdc,known,cdc,0.375,2.288575138923246e-287,normal,0.375,0
789,cdc,dcd,known,dcd,0.23529411764705882,5.384882679819402e-288,normal,0.23529411764705882,0
790,dcd,cdd,known,cdd,0.625,3.3655516748871265e-288,normal,0.625,0
791,cdd,ddd,known,ddd,0.4166666666666667,1.402313197869636e-288,normal,0.4166666666666667,0
792,ddd,ddd,known,ddd,0.7407407407407407,1.0387505169404711e-288,normal,0.7407407407407407,0
793,ddd,ddd,known,ddd,0.7407407407407407,7.694448273633119e-289,normal,0.7407407407407407,0
794,ddd,ddd,known,ddd,0.7407407407407407,5.69959131380231e-289,normal,0.7407407407407407,0
795,ddd,ddd,known,ddd,0.7407407407407407,4.221919491705414e-289,normal,0.7407407407407407,0
796,ddd,ddc,known,ddc,0.037037037037037035,1.56367388581682e-290,anomaly,0.037037037037037035,0
797,ddc,dcd,known,dcd,0.4,6.254695543267281e-291,normal,0.4,0
798,dcd,cdd,known,cdd,0.625,3.90918471454205e-291,normal,0.625,0
799,cdd,ddd,known,ddd,0.4166666666666667,1.628826964392521e-291,normal,0.4166666666666667,0
800,ddd,ddd,known,ddd,0.7407407407407407,1.2065384921426082e-291,normal,0.7407407407407407,0
801,ddd,ddd,known,ddd,0.7407407407407407,8.937322164019318e-292,normal,0.7407407407407407,0
802,ddd,ddd,known,ddd,0.7407407407407407,6.620238640014309e-292,normal,0.7407407407407407,0
803,ddd,ddd,known,ddd,0.7407407407407407,4.903880474084673e-292,normal,0.7407407407407407,0
804,ddd,dde,known,dde,0.2222222222222222,1.0897512164632606e-292,normal,0.2222222222222222,0
805,dde,ded,known,ded,0.21739130434782608,2.3690243836157838e-293,normal,0.21739130434782608,0
806,ded,edd,known,edd,0.5833333333333334,1.3819308904425406e-293,normal,0.5833333333333334,0
807,edd,ddd,known,ddd,0.6956521739130435,9.613432281339413e-294,normal,0.6956521739130435,0
808,ddd,ddd,known,ddd,0.7407407407407407,7.121060949140306e-294,normal,0.7407407407407407,0
809,ddd,dde,known,dde,0.2222222222222222,1.5824579886978458e-294,normal,0.2222222222222222,0
810,dde,dee,known,dee,0.7391304347826086,1.1696428612114511e-294,normal,0.7391304347826086,0
811,dee,eee,known,eee,0.8148148148148148,9.530423313574785e-295,normal,0.8148148148148148,0
812,eee,eee,known,eee,0.9853836784409257,9.391123581829477e-295,normal,0.9853836784409257,0
813,eee,eee,known,eee,0.9853836784409257,9.253859899756452e-295,normal,0.9853836784409257,0
814,eee,eed,known,eed,0.014007308160779537,1.2962166729256906e-296,anomaly,0.014007308160779537,0
815,eed,edd,known,edd,0.5714285714285714,7.406952416718231e-297,normal,0.5714285714285714,0
816,edd,ddd,known,ddd,0.6956521739130435,5.152662550760508e-297,normal,0.6956521739130435,0
817,ddd,ddd,known,ddd,0.7407407407407407,3.816787074637413e-297,normal,0.7407407407407407,0
818,ddd,ddd,known,ddd,0.7407407407407407,2.827249684916602e-297,normal,0.7407407407407407,0
819,ddd,ddd,known,ddd,0.7407407407407407,2.0942590258641497e-297,normal,0.7407407407407407,0
820,ddd,ddd,known,ddd,0.7407407407407407,1.5513029821215924e-297,normal,0.7407407407407407,0
821,ddd,dde,known,dde,0.2222222222222222,3.447339960270205e-298,normal,0.2222222222222222,0
822,dde,dee,known,dee,0.7391304347826086,2.5480338836779775e-298,normal,0.7391304347826086,0
823,dee,eee,known,eee,0.8148148148148148,2.0761757570709446e-298,normal,0.8148148148148148,0
824,eee,eee,known,eee,0.9853836784409257,2.045829704592441e-298,normal,0.9853836784409257,0
825,eee,eee,known,eee,0.9853836784409257,2.015927199775012e-298,normal,0.9853836784409257,0
826,eee,eee,known,eee,0.9853836784409257,1.986461759583416e-298,normal,0.9853836784409257,0
827,eee,eed,known,eed,0.014007308160779537,2.7824982016089265e-300,anomaly,0.014007308160779537,0
828,eed,edd,known,edd,0.5714285714285714,1.589998972347958e-300,normal,0.5714285714285714,0
829,edd,ddd,known,ddd,0.6956521739130435,1.106086241633362e-300,normal,0.6956521739130435,0
830,ddd,ddd,known,ddd,0.7407407407407407,8.193231419506384e-301,normal,0.7407407407407407,0
831,ddd,ddd,known,ddd,0.7407407407407407,6.06906031074547e-301,normal,0.7407407407407407,0
832,ddd,ddd,known,ddd,0.7407407407407407,4.495600230181829e-301,normal,0.7407407407407407,0
833,ddd,ddd,known,ddd,0.7407407407407407,3.3300742445791328e-301,normal,0.7407407407407407,0
834,ddd,ddc,known,ddc,0.037037037037037035,1.2333608313256046e-302,anomaly,0.037037037037037035,0
835,ddc,dcc,known,dcc,0.5,6.166804156628023e-303,normal,0.5,0
836,dcc,ccc,known,ccc,0.8125,5.0105283772602685e-303,normal,0.8125,0
837,ccc,ccd,known,ccd,0.1111111111111111,5.567253752511409e-304,anomaly,0.1111111111111111,0
838,ccd,cdd,known,cdd,0.2727272727272727,1.5183419325031115e-304,normal,0.2727272727272727,0
839,cdd,ddd,known,ddd,0.4166666666666667,6.326424718762965e-305,normal,0.4166666666666667,0
840,ddd,ddd,known,ddd,0.7407407407407407,4.686240532417011e-305,normal,0.7407407407407407,0
841,ddd,ddd,known,ddd,0.7407407407407407,3.4712892832718593e-305,normal,0.7407407407407407,0
842,ddd,ddd,known,ddd,0.7407407407407407,2.571325395016192e-305,normal,0.7407407407407407,0
843,ddd,dde,known,dde,0.2222222222222222,5.714056433369315e-306,normal,0.2222222222222222,0
844,dde,ded,known,ded,0.21739130434782608,1.2421861811672425e-306,normal,0.21739130434782608,0
845,ded,ede,known,ede,0.4166666666666667,5.175775754863511e-307,normal,0.4166666666666667,0
846,ede,ded,known,ded,0.4117647058823529,2.1312017814143866e-307,normal,0.4117647058823529,0
847,ded,edd,known,edd,0.5833333333333334,1.2432010391583924e-307,normal,0.5833333333333334,0
848,edd,ddd,known,ddd,0.6956521739130435,8.648355055014903e-308,normal,0.6956521739130435,0
849,ddd,ddc,known,ddc,0.037037037037037035,3.203094464820335e-309,anomaly,0.037037037037037035,0
850,ddc,dcc,known,dcc,0.5,1.60154723241017e-309,normal,0.5,0
851,dcc,ccc,known,ccc,0.8125,1.30125712633326e-309,normal,0.8125,0
852,ccc,ccb,known,ccb,0.3611111111111111,4.69898406731457e-310,normal,0.3611111111111111,0
853,ccb,cbc,known,cbc,0.3382352941176471,1.5893622580623e-310,normal,0.3382352941176471,0
854,cbc,bcc,known,bcc,0.2777777777777778,4.414895161284e-311,normal,0.2777777777777778,0
855,bcc,ccc,known,ccc,0.3442622950819672,1.51988194077e-311,normal,0.3442622950819672,0
856,ccc,ccd,known,ccd,0.1111111111111111,1.688757711966e-312,anomaly,0.1111111111111111,0
857,ccd,cdc,known,cdc,0.6363636363636364,1.07466399852e-312,normal,0.6363636363636364,0
858,cdc,dcc,known,dcc,0.4117647058823529,4.4250870527e-313,normal,0.4117647058823529,0
859,dcc,ccc,known,ccc,0.8125,3.5953832303e-313,normal,0.8125,0
860,ccc,ccc,known,ccc,0.5277777777777778,1.89756337157e-313,normal,0.5277777777777778,0
861,ccc,ccb,known,ccb,0.3611111111111111,6.852312175e-314,normal,0.3611111111111111,0
862,ccb,cbb,known,cbb,0.5294117647058824,3.627694681e-314,normal,0.5294117647058824,0
863,cbb,bbb,known,bbb,0.6238532110091743,2.263148975e-314,normal,0.6238532110091743,0
864,bbb,bbb,known,bbb,0.6860670194003528,1.552671872e-314,normal,0.6860670194003528,0
865,bbb,bbb,known,bbb,0.6860670194003528,1.0652369634e-314,normal,0.6860670194003528,0
866,bbb,bbb,known,bbb,0.6860670194003528,7.308239483e-315,normal,0.6860670194003528,0
867,bbb,bbb,known,bbb,0.6860670194003528,5.01394208e-315,normal,0.6860670194003528,0
868,bbb,bbc,known,bbc,0.13403880070546736,6.72062785e-316,anomaly,0.13403880070546736,0
869,bbc,bcc,known,bcc,0.3277310924369748,2.20255873e-316,normal,0.3277310924369748,0
870,bcc,ccd,known,ccd,0.01639344262295082,3.61075e-318,anomaly,0.01639344262295082,0
871,ccd,cdc,known,cdc,0.6363636363636364,2.29775e-318,normal,0.6363636363636364,0
872,cdc,dcb,known,dcb,0.29411764705882354,6.7581e-319,normal,0.29411764705882354,0
873,dcb,cbb,known,cbb,0.3333333333333333,2.2527e-319,normal,0.3333333333333333,0
874,cbb,bbb,known,bbb,0.6238532110091743,1.40537e-319,normal,0.6238532110091743,0
875,bbb,bbb,known,bbb,0.6860670194003528,9.6417e-320,normal,0.6860670194003528,0
876,bbb,bbc,known,bbc,0.13403880070546736,1.2925e-320,anomaly,0.13403880070546736,0
877,bbc,bcc,known,bcc,0.3277310924369748,4.234e-321,normal,0.3277310924369748,0
878,bcc,ccc,known,ccc,0.3442622950819672,1.457e-321,normal,0.3442622950819672,0
879,ccc,ccc,known,ccc,0.5277777777777778,7.7e-322,normal,0.5277777777777778,0
880,ccc,ccc,known,ccc,0.5277777777777778,4.05e-322,normal,0.5277777777777778,0
881,ccc,ccb,known,ccb,0.3611111111111111,1.5e-322,normal,0.3611111111111111,0
882,ccb,cbb,known,cbb,0.5294117647058824,8e-323,normal,0.5294117647058824,0
883,cbb,bbb,known,bbb,0.6238532110091743,5e-323,normal,0.6238532110091743,0
884,bbb,bbc,known,bbc,0.13403880070546736,5e-324,anomaly,0.13403880070546736,0
885,bbc,bcd,known,bcd,0.05042016806722689,0.0,anomaly,0.05042016806722689,0
886,bcd,cdc,known,cdc,0.5384615384615384,0.0,normal,0.5384615384615384,0
887,cdc,dcb,known,dcb,0.29411764705882354,0.0,normal,0.29411764705882354,0
888,dcb,cbc,known,cbc,0.5,0.0,normal,0.5,0
889,cbc,bcc,known,bcc,0.2777777777777778,0.0,normal,0.2777777777777778,0
890,bcc,ccc,known,ccc,0.3442622950819672,0.0,normal,0.3442622950819672,0
891,ccc,ccc,known,ccc,0.5277777777777778,0.0,normal,0.5277777777777778,0
892,ccc,ccc,known,ccc,0.5277777777777778,0.0,normal,0.5277777777777778,0
893,ccc,ccc,known,ccc,0.5277777777777778,0.0,normal,0.5277777777777778,0
894,ccc,ccd,known,ccd,0.1111111111111111,0.0,anomaly,0.1111111111111111,0
895,ccd,cdd,known,cdd,0.2727272727272727,0.0,normal,0.2727272727272727,0
896,cdd,ddc,known,ddc,0.4166666666666667,0.0,normal,0.4166666666666667,0
897,ddc,dcb,known,dcb,0.1,0.0,anomaly,0.1,0
898,dcb,cbd,known,cbd,0.0,0.0,anomaly,0.0,0
899,cbd,bdd,known,bdd,0.0,0.0,anomaly,0.0,0
900,bdd,ddd,known,ddd,0.0,0.0,anomaly,0.0,0
901,ddd,ddd,known,ddd,0.7407407407407407,0.0,normal,0.7407407407407407,0
902,ddd,ddc,known,ddc,0.037037037037037035,0.0,anomaly,0.037037037037037035,0
903,ddc,dcb,known,dcb,0.1,0.0,anomaly,0.1,0
904,dcb,cbc,known,cbc,0.5,0.0,normal,0.5,0
905,cbc,bcc,known,bcc,0.2777777777777778,0.0,normal,0.2777777777777778,0
906,bcc,ccc,known,ccc,0.3442622950819672,0.0,normal,0.3442622950819672,0
907,ccc,ccd,known,ccd,0.1111111111111111,0.0,anomaly,0.1111111111111111,0
908,ccd,cdc,known,cdc,0.6363636363636364,0.0,normal,0.6363636363636364,0
909,cdc,dcd,known,dcd,0.23529411764705882,0.0,normal,0.23529411764705882,0
910,dcd,cdc,known,cdc,0.375,0.0,normal,0.375,0
911,cdc,dcc,known,dcc,0.4117647058823529,0.0,normal,0.4117647058823529,0
912,dcc,ccb,known,ccb,0.0625,0.0,anomaly,0.0625,0
913,ccb,cbc,known,cbc,0.3382352941176471,0.0,normal,0.3382352941176471,0
914,cbc,bcc,known,bcc,0.2777777777777778,0.0,normal,0.2777777777777778,0
915,bcc,ccc,known,ccc,0.3442622950819672,0.0,normal,0.3442622950819672,0
916,ccc,ccc,known,ccc,0.5277777777777778,0.0,normal,0.5277777777777778,0
917,ccc,ccc,known,ccc,0.5277777777777778,0.0,normal,0.5277777777777778,0
918,ccc,ccd,known,ccd,0.1111111111111111,0.0,anomaly,0.1111111111111111,0
919,ccd,cdd,known,cdd,0.2727272727272727,0.0,normal,0.2727272727272727,0
920,cdd,ddd,known,ddd,0.4166666666666667,0.0,normal,0.4166666666666667,0
921,ddd,ddd,known,ddd,0.7407407407407407,0.0,normal,0.7407407407407407,0
922,ddd,ddc,known,ddc,0.037037037037037035,0.0,anomaly,0.037037037037037035,0
923,ddc,dcd,known,dcd,0.4,0.0,normal,0.4,0
924,dcd,cdd,known,cdd,0.625,0.0,normal,0.625,0
925,cdd,ddc,known,ddc,0.4166666666666667,0.0,normal,0.4166666666666667,0
926,ddc,dcc,known,dcc,0.5,0.0,normal,0.5,0
927,dcc,ccd,known,ccd,0.125,0.0,anomaly,0.125,0
928,ccd,cdc,known,cdc,0.6363636363636364,0.0,normal,0.6363636363636364,0
929,cdc,dcc,known,dcc,0.4117647058823529,0.0,normal,0.4117647058823529,0
930,dcc,ccc,known,ccc,0.8125,0.0,normal,0.8125,0
931,ccc,ccd,known,ccd,0.1111111111111111,0.0,anomaly,0.1111111111111111,0
932,ccd,cdd,known,cdd,0.2727272727272727,0.0,normal,0.2727272727272727,0
933,cdd,ddd,known,ddd,0.4166666666666667,0.0,normal,0.4166666666666667,0
934,ddd,ddd,known,ddd,0.7407407407407407,0.0,normal,0.7407407407407407,0
935,ddd,ddc,known,ddc,0.037037037037037035,0.0,anomaly,0.037037037037037035,0
936,ddc,dcc,known,dcc,0.5,0.0,normal,0.5,0
937,dcc,ccc,known,ccc,0.8125,0.0,normal,0.8125,0
938,ccc,ccc,known,ccc,0.5277777777777778,0.0,normal,0.5277777777777778,0
939,ccc,ccc,known,ccc,0.5277777777777778,0.0,normal,0.5277777777777778,0
940,ccc,ccc,known,ccc,0.5277777777777778,0.0,normal,0.5277777777777778,0
941,ccc,ccc,known,ccc,0.5277777777777778,0.0,normal,0.5277777777777778,0
942,ccc,ccd,known,ccd,0.1111111111111111,0.0,anomaly,0.1111111111111111,0
943,ccd,cdd,known,cdd,0.2727272727272727,0.0,normal,0.2727272727272727,0
944,cdd,ddd,known,ddd,0.4166666666666667,0.0,normal,0.4166666666666667,0
945,ddd,ddd,known,ddd,0.7407407407407407,0.0,normal,0.7407407407407407,0
946,ddd,ddc,known,ddc,0.037037037037037035,0.0,anomaly,0.037037037037037035,0
947,ddc,dcc,known,dcc,0.5,0.0,normal,0.5,0
948,dcc,ccd,known,ccd,0.125,0.0,anomaly,0.125,0
949,ccd,cdc,known,cdc,0.6363636363636364,0.0,normal,0.6363636363636364,0
950,cdc,dcd,known,dcd,0.23529411764705882,0.0,normal,0.23529411764705882,0
951,dcd,cdc,known,cdc,0.375,0.0,normal,0.375,0
952,cdc,dcc,known,dcc,0.4117647058823529,0.0,normal,0.4117647058823529,0
953,dcc,ccb,known,ccb,0.0625,0.0,anomaly,0.0625,0
954,ccb,cbb,known,cbb,0.5294117647058824,0.0,normal,0.5294117647058824,0
955,cbb,bbc,known,bbc,0.2018348623853211,0.0,normal,0.2018348623853211,0
956,bbc,bcd,known,bcd,0.05042016806722689,0.0,anomaly,0.05042016806722689,0
957,bcd,cdc,known,cdc,0.5384615384615384,0.0,normal,0.5384615384615384,0
958,cdc,dcb,known,dcb,0.29411764705882354,0.0,normal,0.29411764705882354,0
959,dcb,cbb,known,cbb,0.3333333333333333,0.0,normal,0.3333333333333333,0
960,cbb,bbc,known,bbc,0.2018348623853211,0.0,normal,0.2018348623853211,0
961,bbc,bcc,known,bcc,0.3277310924369748,0.0,normal,0.3277310924369748,0
962,bcc,ccc,known,ccc,0.3442622950819672,0.0,normal,0.3442622950819672,0
963,ccc,ccb,known,ccb,0.3611111111111111,0.0,normal,0.3611111111111111,0
964,ccb,cbb,known,cbb,0.5294117647058824,0.0,normal,0.5294117647058824,0
965,cbb,bbb,known,bbb,0.6238532110091743,0.0,normal,0.6238532110091743,0
966,bbb,bbc,known,bbc,0.13403880070546736,0.0,anomaly,0.13403880070546736,0
967,bbc,bcd,known,bcd,0.05042016806722689,0.0,anomaly,0.05042016806722689,0
968,bcd,cdc,known,cdc,0.5384615384615384,0.0,normal,0.5384615384615384,0
969,cdc,dcc,known,dcc,0.4117647058823529,0.0,normal,0.4117647058823529,0
970,dcc,ccc,known,ccc,0.8125,0.0,normal,0.8125,0
971,ccc,ccc,known,ccc,0.5277777777777778,0.0,normal,0.5277777777777778,0
972,ccc,ccb,known,ccb,0.3611111111111111,0.0,normal,0.3611111111111111,0
973,ccb,cbc,known,cbc,0.3382352941176471,0.0,normal,0.3382352941176471,0
974,cbc,bcb,known,bcb,0.4861111111111111,0.0,normal,0.4861111111111111,0
975,bcb,cbc,known,cbc,0.29508196721311475,0.0,normal,0.29508196721311475,0
976,cbc,bcd,known,bcd,0.09722222222222222,0.0,anomaly,0.09722222222222222,0
977,bcd,cdc,known,cdc,0.5384615384615384,0.0,normal,0.5384615384615384,0
978,cdc,dcc,known,dcc,0.4117647058823529,0.0,normal,0.4117647058823529,0
979,dcc,ccc,known,ccc,0.8125,0.0,normal,0.8125,0
980,ccc,ccb,known,ccb,0.3611111111111111,0.0,normal,0.3611111111111111,0
981,ccb,cbb,known,cbb,0.5294117647058824,0.0,normal,0.5294117647058824,0
982,cbb,bbb,known,bbb,0.6238532110091743,0.0,normal,0.6238532110091743,0
983,bbb,bbb,known,bbb,0.6860670194003528,0.0,normal,0.6860670194003528,0
984,bbb,bbc,known,bbc,0.13403880070546736,0.0,anomaly,0.13403880070546736,0
985,bbc,bcc,known,bcc,0.3277310924369748,0.0,normal,0.3277310924369748,0
986,bcc,ccc,known,ccc,0.3442622950819672,0.0,normal,0.3442622950819672,0
987,ccc,ccc,known,ccc,0.5277777777777778,0.0,normal,0.5277777777777778,0
988,ccc,ccc,known,ccc,0.5277777777777778,0.0,normal,0.5277777777777778,0
989,ccc,ccc,known,ccc,0.5277777777777778,0.0,normal,0.5277777777777778,0
990,ccc,ccc,known,ccc,0.5277777777777778,0.0,normal,0.5277777777777778,0
991,ccc,ccc,known,ccc,0.5277777777777778,0.0,normal,0.5277777777777778,0
992,ccc,ccb,known,ccb,0.3611111111111111,0.0,normal,0.3611111111111111,0
993,ccb,cbc,known,cbc,0.3382352941176471,0.0,normal,0.3382352941176471,0
994,cbc,bcb,known,bcb,0.4861111111111111,0.0,normal,0.4861111111111111,0
995,bcb,cbc,known,cbc,0.29508196721311475,0.0,normal,0.29508196721311475,0
996,cbc,bcc,known,bcc,0.2777777777777778,0.0,normal,0.2777777777777778,0
997,bcc,ccc,known,ccc,0.3442622950819672,0.0,normal,0.3442622950819672,0
998,ccc,ccc,known,ccc,0.5277777777777778,0.0,normal,0.5277777777777778,0
999,ccc,ccc,known,ccc,0.5277777777777778,0.0,normal,0.5277777777777778,0
1000,ccc,ccb,known,ccb,0.3611111111111111,0.0,normal,0.3611111111111111,0
1001,ccb,cbc,known,cbc,0.3382352941176471,0.0,normal,0.3382352941176471,0
1002,cbc,bcc,known,bcc,0.2777777777777778,0.0,normal,0.2777777777777778,0
1003,bcc,ccc,known,ccc,0.3442622950819672,0.0,normal,0.3442622950819672,0
1004,ccc,ccb,known,ccb,0.3611111111111111,0.0,normal,0.3611111111111111,0
1005,ccb,cbb,known,cbb,0.5294117647058824,0.0,normal,0.5294117647058824,0
1006,cbb,bbb,known,bbb,0.6238532110091743,0.0,normal,0.6238532110091743,0
1007,bbb,bbb,known,bbb,0.6860670194003528,0.0,normal,0.6860670194003528,0
1008,bbb,bbb,known,bbb,0.6860670194003528,0.0,normal,0.6860670194003528,0
1009,bbb,bbb,known,bbb,0.6860670194003528,0.0,normal,0.6860670194003528,0
1010,bbb,bbb,known,bbb,0.6860670194003528,0.0,normal,0.6860670194003528,0
1011,bbb,bbb,known,bbb,0.6860670194003528,0.0,normal,0.6860670194003528,0
1012,bbb,bbb,known,bbb,0.6860670194003528,0.0,normal,0.6860670194003528,0
1013,bbb,bbb,known,bbb,0.6860670194003528,0.0,normal,0.6860670194003528,0
1014,bbb,bbc,known,bbc,0.13403880070546736,0.0,anomaly,0.13403880070546736,0
1015,bbc,bcb,known,bcb,0.5798319327731093,0.0,normal,0.5798319327731093,0
1016,bcb,cbb,known,cbb,0.5491803278688525,0.0,normal,0.5491803278688525,0
1017,cbb,bbc,known,bbc,0.2018348623853211,0.0,normal,0.2018348623853211,0
1018,bbc,bcc,known,bcc,0.3277310924369748,0.0,normal,0.3277310924369748,0
1019,bcc,ccd,known,ccd,0.01639344262295082,0.0,anomaly,0.01639344262295082,0
1020,ccd,cdc,known,cdc,0.6363636363636364,0.0,normal,0.6363636363636364,0
1021,cdc,dcc,known,dcc,0.4117647058823529,0.0,normal,0.4117647058823529,0
1022,dcc,ccc,known,ccc,0.8125,0.0,normal,0.8125,0
1023,ccc,ccc,known,ccc,0.5277777777777778,0.0,normal,0.5277777777777778,0
1024,ccc,ccc,known,ccc,0.5277777777777778,0.0,normal,0.5277777777777778,0
1025,ccc,ccc,known,ccc,0.5277777777777778,0.0,normal,0.5277777777777778,0
1026,ccc,ccc,known,ccc,0.5277777777777778,0.0,normal,0.5277777777777778,0
1027,ccc,ccc,known,ccc,0.5277777777777778,0.0,normal,0.5277777777777778,0
1028,ccc,ccc,known,ccc,0.5277777777777778,0.0,normal,0.5277777777777778,0
1029,ccc,ccc,known,ccc,0.5277777777777778,0.0,normal,0.5277777777777778,0
1030,ccc,ccd,known,ccd,0.1111111111111111,0.0,anomaly,0.1111111111111111,0
1031,ccd,cdc,known,cdc,0.6363636363636364,0.0,normal,0.6363636363636364,0
1032,cdc,dcc,known,dcc,0.4117647058823529,0.0,normal,0.4117647058823529,0
1033,dcc,ccb,known,ccb,0.0625,0.0,anomaly,0.0625,0
1034,ccb,cbc,known,cbc,0.3382352941176471,0.0,normal,0.3382352941176471,0
1035,cbc,bcc,known,bcc,0.2777777777777778,0.0,normal,0.2777777777777778,0
1036,bcc,ccc,known,ccc,0.3442622950819672,0.0,normal,0.3442622950819672,0
1037,ccc,ccc,known,ccc,0.5277777777777778,0.0,normal,0.5277777777777778,0
1038,ccc,ccc,known,ccc,0.5277777777777778,0.0,normal,0.5277777777777778,0
1039,ccc,ccd,known,ccd,0.1111111111111111,0.0,anomaly,0.1111111111111111,0
1040,ccd,cdc,known,cdc,0.6363636363636364,0.0,normal,0.6363636363636364,0
1041,cdc,dcc,known,dcc,0.4117647058823529,0.0,normal,0.4117647058823529,0
1042,dcc,ccc,known,ccc,0.8125,0.0,normal,0.8125,0
1043,ccc,ccc,known,ccc,0.5277777777777778,0.0,normal,0.5277777777777778,0
1044,ccc,ccb,known,ccb,0.3611111111111111,0.0,normal,0.3611111111111111,0
1045,ccb,cbc,known,cbc,0.3382352941176471,0.0,normal,0.3382352941176471,0
1046,cbc,bcb,known,bcb,0.4861111111111111,0.0,normal,0.4861111111111111,0
1047,bcb,cbc,known,cbc,0.29508196721311475,0.0,normal,0.29508196721311475,0
1048,cbc,bcb,known,bcb,0.4861111111111111,0.0,normal,0.4861111111111111,0
1049,bcb,cbb,known,cbb,0.5491803278688525,0.0,normal,0.5491803278688525,0
1050,cbb,bbc,known,bbc,0.2018348623853211,0.0,normal,0.2018348623853211,0
1051,bbc,bcb,known,bcb,0.5798319327731093,0.0,normal,0.5798319327731093,0
1052,bcb,cbb,known,cbb,0.5491803278688525,0.0,normal,0.5491803278688525,0
1053,cbb,bbb,known,bbb,0.6238532110091743,0.0,normal,0.6238532110091743,0
1054,bbb,bbb,known,bbb,0.6860670194003528,0.0,normal,0.6860670194003528,0
1055,bbb,bbc,known,bbc,0.13403880070546736,0.0,anomaly,0.13403880070546736,0
1056,bbc,bcc,known,bcc,0.3277310924369748,0.0,normal,0.3277310924369748,0
1057,bcc,ccc,known,ccc,0.3442622950819672,0.0,normal,0.3442622950819672,0
1058,ccc,ccc,known,ccc,0.5277777777777778,0.0,normal,0.5277777777777778,0
1059,ccc,ccc,known,ccc,0.5277777777777778,0.0,normal,0.5277777777777778,0
1060,ccc,ccd,known,ccd,0.1111111111111111,0.0,anomaly,0.1111111111111111,0
1061,ccd,cdd,known,cdd,0.2727272727272727,0.0,normal,0.2727272727272727,0
1062,cdd,ddc,known,ddc,0.4166666666666667,0.0,normal,0.4166666666666667,0
1063,ddc,dcb,known,dcb,0.1,0.0,anomaly,0.1,0
1064,dcb,cbc,known,cbc,0.5,0.0,normal,0.5,0
1065,cbc,bcb,known,bcb,0.4861111111111111,0.0,normal,0.4861111111111111,0
1066,bcb,cbb,known,cbb,0.5491803278688525,0.0,normal,0.5491803278688525,0
1067,cbb,bbc,known,bbc,0.2018348623853211,0.0,normal,0.2018348623853211,0
1068,bbc,bcc,known,bcc,0.3277310924369748,0.0,normal,0.3277310924369748,0
1069,bcc,ccd,known,ccd,0.01639344262295082,0.0,anomaly,0.01639344262295082,0
1070,ccd,cdc,known,cdc,0.6363636363636364,0.0,normal,0.6363636363636364,0
1071,cdc,dcc,known,dcc,0.4117647058823529,0.0,normal,0.4117647058823529,0
1072,dcc,ccc,known,ccc,0.8125,0.0,normal,0.8125,0
1073,ccc,ccb,known,ccb,0.3611111111111111,0.0,normal,0.3611111111111111,0
1074,ccb,cbb,known,cbb,0.5294117647058824,0.0,normal,0.5294117647058824,0
1075,cbb,bbb,known,bbb,0.6238532110091743,0.0,normal,0.6238532110091743,0
1076,bbb,bbb,known,bbb,0.6860670194003528,0.0,normal,0.6860670194003528,0
1077,bbb,bbc,known,bbc,0.13403880070546736,0.0,anomaly,0.13403880070546736,0
1078,bbc,bcc,known,bcc,0.3277310924369748,0.0,normal,0.3277310924369748,0
1079,bcc,ccd,known,ccd,0.01639344262295082,0.0,anomaly,0.01639344262295082,0
1080,ccd,cdd,known,cdd,0.2727272727272727,0.0,normal,0.2727272727272727,0
1081,cdd,ddc,known,ddc,0.4166666666666667,0.0,normal,0.4166666666666667,0
1082,ddc,dcc,known,dcc,0.5,0.0,normal,0.5,0
1083,dcc,ccc,known,ccc,0.8125,0.0,normal,0.8125,0
1084,ccc,ccb,known,ccb,0.3611111111111111,0.0,normal,0.3611111111111111,0
1085,ccb,cbc,known,cbc,0.3382352941176471,0.0,normal,0.3382352941176471,0
1086,cbc,bcb,known,bcb,0.4861111111111111,0.0,normal,0.4861111111111111,0
1087,bcb,cbb,known,cbb,0.5491803278688525,0.0,normal,0.5491803278688525,0
1088,cbb,bbc,known,bbc,0.2018348623853211,0.0,normal,0.2018348623853211,0
1089,bbc,bcd,known,bcd,0.05042016806722689,0.0,anomaly,0.05042016806722689,0
1090,bcd,cdc,known,cdc,0.5384615384615384,0.0,normal,0.5384615384615384,0
1091,cdc,dcc,known,dcc,0.4117647058823529,0.0,normal,0.4117647058823529,0
1092,dcc,ccc,known,ccc,0.8125,0.0,normal,0.8125,0
1093,ccc,ccc,known,ccc,0.5277777777777778,0.0,normal,0.5277777777777778,0
1094,ccc,ccc,known,ccc,0.5277777777777778,0.0,normal,0.5277777777777778,0
1095,ccc,ccb,known,ccb,0.3611111111111111,0.0,normal,0.3611111111111111,0
1096,ccb,cbb,known,cbb,0.5294117647058824,0.0,normal,0.5294117647058824,0
1097,cbb,bbb,known,bbb,0.6238532110091743,0.0,normal,0.6238532110091743,0
1098,bbb,bbc,known,bbc,0.13403880070546736,0.0,anomaly,0.13403880070546736,0
1099,bbc,bcc,known,bcc,0.3277310924369748,0.0,normal,0.3277310924369748,0
1100,bcc,ccc,known,ccc,0.3442622950819672,0.0,normal,0.3442622950819672,0
1101,ccc,ccc,known,ccc,0.5277777777777778,0.0,normal,0.5277777777777778,0
1102,ccc,ccc,known,ccc,0.5277777777777778,0.0,normal,0.5277777777777778,0
1103,ccc,ccb,known,ccb,0.3611111111111111,0.0,normal,0.3611111111111111,0
1104,ccb,cbc,known,cbc,0.3382352941176471,0.0,normal,0.3382352941176471,0
1105,cbc,bcc,known,bcc,0.2777777777777778,0.0,normal,0.2777777777777778,0
1106,bcc,ccc,known,ccc,0.3442622950819672,0.0,normal,0.3442622950819672,0
1107,ccc,ccc,known,ccc,0.5277777777777778,0.0,normal,0.5277777777777778,0
1108,ccc,ccc,known,ccc,0.5277777777777778,0.0,normal,0.5277777777777778,0
1109,ccc,ccb,known,ccb,0.3611111111111111,0.0,normal,0.3611111111111111,0
1110,ccb,cbb,known,cbb,0.5294117647058824,0.0,normal,0.5294117647058824,0
1111,cbb,bbc,known,bbc,0.2018348623853211,0.0,normal,0.2018348623853211,0
1112,bbc,bcb,known,bcb,0.5798319327731093,0.0,normal,0.5798319327731093,0
1113,bcb,cbc,known,cbc,0.29508196721311475,0.0,normal,0.29508196721311475,0
1114,cbc,bcc,known,bcc,0.2777777777777778,0.0,normal,0.2777777777777778,0
1115,bcc,ccc,known,ccc,0.3442622950819672,0.0,normal,0.3442622950819672,0
1116,ccc,ccc,known,ccc,0.5277777777777778,0.0,normal,0.5277777777777778,0
1117,ccc,ccc,known,ccc,0.5277777777777778,0.0,normal,0.5277777777777778,0
1118,ccc,ccc,known,ccc,0.5277777777777778,0.0,normal,0.5277777777777778,0
1119,ccc,ccc,known,ccc,0.5277777777777778,0.0,normal,0.5277777777777778,0
1120,ccc,ccc,known,ccc,0.5277777777777778,0.0,normal,0.5277777777777778,0
1121,ccc,ccd,known,ccd,0.1111111111111111,0.0,anomaly,0.1111111111111111,0
1122,ccd,cdd,known,cdd,0.2727272727272727,0.0,normal,0.2727272727272727,0
1123,cdd,ddc,known,ddc,0.4166666666666667,0.0,normal,0.4166666666666667,0
1124,ddc,dcc,known,dcc,0.5,0.0,normal,0.5,0
1125,dcc,ccd,known,ccd,0.125,0.0,anomaly,0.125,0
1126,ccd,cdc,known,cdc,0.6363636363636364,0.0,normal,0.6363636363636364,0
1127,cdc,dcc,known,dcc,0.4117647058823529,0.0,normal,0.4117647058823529,0
1128,dcc,ccc,known,ccc,0.8125,0.0,normal,0.8125,0
1129,ccc,ccc,known,ccc,0.5277777777777778,0.0,normal,0.5277777777777778,0
1130,ccc,ccd,known,ccd,0.1111111111111111,0.0,anomaly,0.1111111111111111,0
1131,ccd,cdc,known,cdc,0.6363636363636364,0.0,normal,0.6363636363636364,0
1132,cdc,dcc,known,dcc,0.4117647058823529,0.0,normal,0.4117647058823529,0
1133,dcc,ccb,known,ccb,0.0625,0.0,anomaly,0.0625,0
1134,ccb,cbb,known,cbb,0.5294117647058824,0.0,normal,0.5294117647058824,0
1135,cbb,bbb,known,bbb,0.6238532110091743,0.0,normal,0.6238532110091743,0
1136,bbb,bbc,known,bbc,0.13403880070546736,0.0,anomaly,0.13403880070546736,0
1137,bbc,bcd,known,bcd,0.05042016806722689,0.0,anomaly,0.05042016806722689,0
1138,bcd,cdc,known,cdc,0.5384615384615384,0.0,normal,0.5384615384615384,0
1139,cdc,dcb,known,dcb,0.29411764705882354,0.0,normal,0.29411764705882354,0
1140,dcb,cbb,known,cbb,0.3333333333333333,0.0,normal,0.3333333333333333,0
1141,cbb,bbb,known,bbb,0.6238532110091743,0.0,normal,0.6238532110091743,0
1142,bbb,bbc,known,bbc,0.13403880070546736,0.0,anomaly,0.13403880070546736,0
1143,bbc,bcc,known,bcc,0.3277310924369748,0.0,normal,0.3277310924369748,0
1144,bcc,ccc,known,ccc,0.3442622950819672,0.0,normal,0.3442622950819672,0
1145,ccc,ccc,known,ccc,0.5277777777777778,0.0,normal,0.5277777777777778,0
1146,ccc,ccc,known,ccc,0.5277777777777778,0.0,normal,0.5277777777777778,0
1147,ccc,ccc,known,ccc,0.5277777777777778,0.0,normal,0.5277777777777778,0
1148,ccc,ccc,known,ccc,0.5277777777777778,0.0,normal,0.5277777777777778,0
1149,ccc,ccc,known,ccc,0.5277777777777778,0.0,normal,0.5277777777777778,0
1150,ccc,ccb,known,ccb,0.3611111111111111,0.0,normal,0.3611111111111111,0
1151,ccb,cbc,known,cbc,0.3382352941176471,0.0,normal,0.3382352941176471,0
1152,cbc,bcc,known,bcc,0.2777777777777778,0.0,normal,0.2777777777777778,0
1153,bcc,ccb,known,ccb,0.6229508196721312,0.0,normal,0.6229508196721312,0
1154,ccb,cbb,known,cbb,0.5294117647058824,0.0,normal,0.5294117647058824,0
1155,cbb,bbb,known,bbb,0.6238532110091743,0.0,normal,0.6238532110091743,0
1156,bbb,bbb,known,bbb,0.6860670194003528,0.0,normal,0.6860670194003528,0
1157,bbb,bbc,known,bbc,0.13403880070546736,0.0,anomaly,0.13403880070546736,0
1158,bbc,bcb,known,bcb,0.5798319327731093,0.0,normal,0.5798319327731093,0
1159,bcb,cbc,known,cbc,0.29508196721311475,0.0,normal,0.29508196721311475,0
1160,cbc,bcb,known,bcb,0.4861111111111111,0.0,normal,0.4861111111111111,0
1161,bcb,cbc,known,cbc,0.29508196721311475,0.0,normal,0.29508196721311475,0
1162,cbc,bcc,known,bcc,0.2777777777777778,0.0,normal,0.2777777777777778,0
1163,bcc,ccb,known,ccb,0.6229508196721312,0.0,normal,0.6229508196721312,0
1164,ccb,cbb,known,cbb,0.5294117647058824,0.0,normal,0.5294117647058824,0
1165,cbb,bbc,known,bbc,0.2018348623853211,0.0,normal,0.2018348623853211,0
1166,bbc,bcc,known,bcc,0.3277310924369748,0.0,normal,0.3277310924369748,0
1167,bcc,ccc,known,ccc,0.3442622950819672,0.0,normal,0.3442622950819672,0
1168,ccc,ccb,known,ccb,0.3611111111111111,0.0,normal,0.3611111111111111,0
1169,ccb,cbc,known,cbc,0.3382352941176471,0.0,normal,0.3382352941176471,0
1170,cbc,bcc,known,bcc,0.2777777777777778,0.0,normal,0.2777777777777778,0
1171,bcc,ccb,known,ccb,0.6229508196721312,0.0,normal,0.6229508196721312,0
1172,ccb,cbc,known,cbc,0.3382352941176471,0.0,normal,0.3382352941176471,0
1173,cbc,bcc,known,bcc,0.2777777777777778,0.0,normal,0.2777777777777778,0
1174,bcc,ccc,known,ccc,0.3442622950819672,0.0,normal,0.3442622950819672,0
1175,ccc,ccc,known,ccc,0.5277777777777778,0.0,normal,0.5277777777777778,0
1176,ccc,ccb,known,ccb,0.3611111111111111,0.0,normal,0.3611111111111111,0
1177,ccb,cbc,known,cbc,0.3382352941176471,0.0,normal,0.3382352941176471,0
1178,cbc,bcc,known,bcc,0.2777777777777778,0.0,normal,0.2777777777777778,0
1179,bcc,ccc,known,ccc,0.3442622950819672,0.0,normal,0.3442622950819672,0
1180,ccc,ccc,known,ccc,0.5277777777777778,0.0,normal,0.5277777777777778,0
1181,ccc,ccd,known,ccd,0.1111111111111111,0.0,anomaly,0.1111111111111111,0
1182,ccd,cdd,known,cdd,0.2727272727272727,0.0,normal,0.2727272727272727,0
1183,cdd,ddc,known,ddc,0.4166666666666667,0.0,normal,0.4166666666666667,0
1184,ddc,dcc,known,dcc,0.5,0.0,normal,0.5,0
1185,dcc,ccb,known,ccb,0.0625,0.0,anomaly,0.0625,0
1186,ccb,cbc,known,cbc,0.3382352941176471,0.0,normal,0.3382352941176471,0
1187,cbc,bcc,known,bcc,0.2777777777777778,0.0,normal,0.2777777777777778,0
1188,bcc,ccc,known,ccc,0.3442622950819672,0.0,normal,0.3442622950819672,0
1189,ccc,ccc,known,ccc,0.5277777777777778,0.0,normal,0.5277777777777778,0
1190,ccc,ccc,known,ccc,0.5277777777777778,0.0,normal,0.5277777777777778,0
1191,ccc,ccc,known,ccc,0.5277777777777778,0.0,normal,0.5277777777777778,0
1192,ccc,ccc,known,ccc,0.5277777777777778,0.0,normal,0.5277777777777778,0
1193,ccc,ccb,known,ccb,0.3611111111111111,0.0,normal,0.3611111111111111,0
1194,ccb,cbc,known,cbc,0.3382352941176471,0.0,normal,0.3382352941176471,0
1195,cbc,bcd,known,bcd,0.09722222222222222,0.0,anomaly,0.09722222222222222,0
1196,bcd,cdc,known,cdc,0.5384615384615384,0.0,normal,0.5384615384615384,0
1197,cdc,dcc,known,dcc,0.4117647058823529,0.0,normal,0.4117647058823529,0
1198,dcc,ccc,known,ccc,0.8125,0.0,normal,0.8125,0
1199,ccc,ccb,known,ccb,0.3611111111111111,0.0,normal,0.3611111111111111,0
1200,ccb,cbc,known,cbc,0.3382352941176471,0.0,normal,0.3382352941176471,0
1201,cbc,bcc,known,bcc,0.2777777777777778,0.0,normal,0.2777777777777778,0
1202,bcc,ccc,known,ccc,0.3442622950819672,0.0,normal,0.3442622950819672,0
1203,ccc,ccc,known,ccc,0.5277777777777778,0.0,normal,0.5277777777777778,0
1204,ccc,ccd,known,ccd,0.1111111111111111,0.0,anomaly,0.1111111111111111,0
1205,ccd,cdd,known,cdd,0.2727272727272727,0.0,normal,0.2727272727272727,0
1206,cdd,ddc,known,ddc,0.4166666666666667,0.0,normal,0.4166666666666667,0
1207,ddc,dcc,known,dcc,0.5,0.0,normal,0.5,0
1208,dcc,ccb,known,ccb,0.0625,0.0,anomaly,0.0625,0
1209,ccb,cbc,known,cbc,0.3382352941176471,0.0,normal,0.3382352941176471,0
1210,cbc,bcb,known,bcb,0.4861111111111111,0.0,normal,0.4861111111111111,0
1211,bcb,cbc,known,cbc,0.29508196721311475,0.0,normal,0.29508196721311475,0
1212,cbc,bcb,known,bcb,0.4861111111111111,0.0,normal,0.4861111111111111,0
1213,bcb,cbd,known,cbd,0.0,0.0,anomaly,0.0,0
1214,cbd,bdc,known,bdc,1.0,0.0,normal,1.0,0
1215,bdc,dcc,known,dcc,1.0,0.0,normal,1.0,0
1216,dcc,ccd,known,ccd,0.125,0.0,anomaly,0.125,0
1217,ccd,cdd,known,cdd,0.2727272727272727,0.0,normal,0.2727272727272727,0
1218,cdd,ddb,known,ddb,0.16666666666666666,0.0,anomaly,0.16666666666666666,0
1219,ddb,dbc,known,dbc,0.6666666666666666,0.0,normal,0.6666666666666666,0
1220,dbc,bcc,known,bcc,0.5,0.0,normal,0.5,0
1221,bcc,ccc,known,ccc,0.3442622950819672,0.0,normal,0.3442622950819672,0
1222,ccc,ccc,known,ccc,0.5277777777777778,0.0,normal,0.5277777777777778,0
1223,ccc,ccc,known,ccc,0.5277777777777778,0.0,normal,0.5277777777777778,0
1224,ccc,ccd,known,ccd,0.1111111111111111,0.0,anomaly,0.1111111111111111,0
1225,ccd,cdd,known,cdd,0.2727272727272727,0.0,normal,0.2727272727272727,0
1226,cdd,ddc,known,ddc,0.4166666666666667,0.0,normal,0.4166666666666667,0
1227,ddc,dcd,known,dcd,0.4,0.0,normal,0.4,0
1228,dcd,cdd,known,cdd,0.625,0.0,normal,0.625,0
1229,cdd,ddc,known,ddc,0.4166666666666667,0.0,normal,0.4166666666666667,0
1230,ddc,dcd,known,dcd,0.4,0.0,normal,0.4,0
1231,dcd,cdd,known,cdd,0.625,0.0,normal,0.625,0
1232,cdd,ddd,known,ddd,0.4166666666666667,0.0,normal,0.4166666666666667,0
1233,ddd,ddd,known,ddd,0.7407407407407407,0.0,normal,0.7407407407407407,0
1234,ddd,ddc,known,ddc,0.037037037037037035,0.0,anomaly,0.037037037037037035,0
1235,ddc,dcb,known,dcb,0.1,0.0,anomaly,0.1,0
1236,dcb,cbb,known,cbb,0.3333333333333333,0.0,normal,0.3333333333333333,0
1237,cbb,bbb,known,bbb,0.6238532110091743,0.0,normal,0.6238532110091743,0
1238,bbb,bbb,known,bbb,0.6860670194003528,0.0,normal,0.6860670194003528,0
1239,bbb,bbc,known,bbc,0.13403880070546736,0.0,anomaly,0.13403880070546736,0
1240,bbc,bcd,known,bcd,0.05042016806722689,0.0,anomaly,0.05042016806722689,0
1241,bcd,cdc,known,cdc,0.5384615384615384,0.0,normal,0.5384615384615384,0
1242,cdc,dcc,known,dcc,0.4117647058823529,0.0,normal,0.4117647058823529,0
1243,dcc,ccb,known,ccb,0.0625,0.0,anomaly,0.0625,0
1244,ccb,cbb,known,cbb,0.5294117647058824,0.0,normal,0.5294117647058824,0
1245,cbb,bbc,known,bbc,0.2018348623853211,0.0,normal,0.2018348623853211,0
1246,bbc,bcc,known,bcc,0.3277310924369748,0.0,normal,0.3277310924369748,0
1247,bcc,ccc,known,ccc,0.3442622950819672,0.0,normal,0.3442622950819672,0
1248,ccc,ccc,known,ccc,0.5277777777777778,0.0,normal,0.5277777777777778,0
1249,ccc,ccc,known,ccc,0.5277777777777778,0.0,normal,0.5277777777777778,0
1250,ccc,ccc,known,ccc,0.5277777777777778,0.0,normal,0.5277777777777778,0
1251,ccc,ccd,known,ccd,0.1111111111111111,0.0,anomaly,0.1111111111111111,0
1252,ccd,cdc,known,cdc,0.6363636363636364,0.0,normal,0.6363636363636364,0
1253,cdc,dcc,known,dcc,0.4117647058823529,0.0,normal,0.4117647058823529,0
1254,dcc,ccb,known,ccb,0.0625,0.0,anomaly,0.0625,0
1255,ccb,cbc,known,cbc,0.3382352941176471,0.0,normal,0.3382352941176471,0
1256,cbc,bcb,known,bcb,0.4861111111111111,0.0,normal,0.4861111111111111,0
1257,bcb,cbb,known,cbb,0.5491803278688525,0.0,normal,0.5491803278688525,0
1258,cbb,bbc,known,bbc,0.2018348623853211,0.0,normal,0.2018348623853211,0
1259,bbc,bcc,known,bcc,0.3277310924369748,0.0,normal,0.3277310924369748,0
1260,bcc,ccc,known,ccc,0.3442622950819672,0.0,normal,0.3442622950819672,0
1261,ccc,ccc,known,ccc,0.5277777777777778,0.0,normal,0.5277777777777778,0
1262,ccc,ccc,known,ccc,0.5277777777777778,0.0,normal,0.5277777777777778,0
1263,ccc,ccc,known,ccc,0.5277777777777778,0.0,normal,0.5277777777777778,0
1264,ccc,ccc,known,ccc,0.5277777777777778,0.0,normal,0.5277777777777778,0
1265,ccc,ccd,known,ccd,0.1111111111111111,0.0,anomaly,0.1111111111111111,0
1266,ccd,cdd,known,cdd,0.2727272727272727,0.0,normal,0.2727272727272727,0
1267,cdd,ddc,known,ddc,0.4166666666666667,0.0,normal,0.4166666666666667,0
1268,ddc,dcb,known,dcb,0.1,0.0,anomaly,0.1,0
1269,dcb,cbb,known,cbb,0.3333333333333333,0.0,normal,0.3333333333333333,0
1270,cbb,bbb,known,bbb,0.6238532110091743,0.0,normal,0.6238532110091743,0
1271,bbb,bbc,known,bbc,0.13403880070546736,0.0,anomaly,0.13403880070546736,0
1272,bbc,bcc,known,bcc,0.3277310924369748,0.0,normal,0.3277310924369748,0
1273,bcc,ccb,known,ccb,0.6229508196721312,0.0,normal,0.6229508196721312,0
1274,ccb,cbc,known,cbc,0.3382352941176471,0.0,normal,0.3382352941176471,0
1275,cbc,bcd,known,bcd,0.09722222222222222,0.0,anomaly,0.09722222222222222,0
1276,bcd,cdd,known,cdd,0.3076923076923077,0.0,normal,0.3076923076923077,0
1277,cdd,ddd,known,ddd,0.4166666666666667,0.0,normal,0.4166666666666667,0
1278,ddd,ddd,known,ddd,0.7407407407407407,0.0,normal,0.7407407407407407,0
1279,ddd,ddc,known,ddc,0.037037037037037035,0.0,anomaly,0.037037037037037035,0
1280,ddc,dcc,known,dcc,0.5,0.0,normal,0.5,0
1281,dcc,ccd,known,ccd,0.125,0.0,anomaly,0.125,0
1282,ccd,cdd,known,cdd,0.2727272727272727,0.0,normal,0.2727272727272727,0
1283,cdd,ddc,known,ddc,0.4166666666666667,0.0,normal,0.4166666666666667,0
1284,ddc,dcc,known,dcc,0.5,0.0,normal,0.5,0
1285,dcc,ccd,known,ccd,0.125,0.0,anomaly,0.125,0
1286,ccd,cdc,known,cdc,0.6363636363636364,0.0,normal,0.6363636363636364,0
1287,cdc,dcb,known,dcb,0.29411764705882354,0.0,normal,0.29411764705882354,0
1288,dcb,cbb,known,cbb,0.3333333333333333,0.0,normal,0.3333333333333333,0
1289,cbb,bbb,known,bbb,0.6238532110091743,0.0,normal,0.6238532110091743,0
1290,bbb,bbb,known,bbb,0.6860670194003528,0.0,normal,0.6860670194003528,0
1291,bbb,bbc,known,bbc,0.13403880070546736,0.0,anomaly,0.13403880070546736,0
1292,bbc,bcc,known,bcc,0.3277310924369748,0.0,normal,0.3277310924369748,0
1293,bcc,ccd,known,ccd,0.01639344262295082,0.0,anomaly,0.01639344262295082,0
1294,ccd,cdc,known,cdc,0.6363636363636364,0.0,normal,0.6363636363636364,0
1295,cdc,dcc,known,dcc,0.4117647058823529,0.0,normal,0.4117647058823529,0
1296,dcc,ccc,known,ccc,0.8125,0.0,normal,0.8125,0
1297,ccc,ccb,known,ccb,0.3611111111111111,0.0,normal,0.3611111111111111,0
1298,ccb,cbc,known,cbc,0.3382352941176471,0.0,normal,0.3382352941176471,0
1299,cbc,bcb,known,bcb,0.4861111111111111,0.0,normal,0.4861111111111111,0
1300,bcb,cbc,known,cbc,0.29508196721311475,0.0,normal,0.29508196721311475,0
1301,cbc,bcc,known,bcc,0.2777777777777778,0.0,normal,0.2777777777777778,0
1302,bcc,ccd,known,ccd,0.01639344262295082,0.0,anomaly,0.01639344262295082,0
1303,ccd,cdc,known,cdc,0.6363636363636364,0.0,normal,0.6363636363636364,0
1304,cdc,dcd,known,dcd,0.23529411764705882,0.0,normal,0.23529411764705882,0
1305,dcd,cdd,known,cdd,0.625,0.0,normal,0.625,0
1306,cdd,ddc,known,ddc,0.4166666666666667,0.0,normal,0.4166666666666667,0
1307,ddc,dcd,known,dcd,0.4,0.0,normal,0.4,0
1308,dcd,cdd,known,cdd,0.625,0.0,normal,0.625,0
1309,cdd,ddc,known,ddc,0.4166666666666667,0.0,normal,0.4166666666666667,0
1310,ddc,dcc,known,dcc,0.5,0.0,normal,0.5,0
1311,dcc,ccd,known,ccd,0.125,0.0,anomaly,0.125,0
1312,ccd,cdd,known,cdd,0.2727272727272727,0.0,normal,0.2727272727272727,0
1313,cdd,ddc,known,ddc,0.4166666666666667,0.0,normal,0.4166666666666667,0
1314,ddc,dcc,known,dcc,0.5,0.0,normal,0.5,0
1315,dcc,ccd,known,ccd,0.125,0.0,anomaly,0.125,0
1316,ccd,cdc,known,cdc,0.6363636363636364,0.0,normal,0.6363636363636364,0
1317,cdc,dcd,known,dcd,0.23529411764705882,0.0,normal,0.23529411764705882,0
1318,dcd,cdc,known,cdc,0.375,0.0,normal,0.375,0
1319,cdc,dcb,known,dcb,0.29411764705882354,0.0,normal,0.29411764705882354,0
1320,dcb,cbd,known,cbd,0.0,0.0,anomaly,0.0,0
1321,cbd,bdd,known,bdd,0.0,0.0,anomaly,0.0,0
1322,bdd,ddc,known,ddc,0.0,0.0,anomaly,0.0,0
1323,ddc,dcc,known,dcc,0.5,0.0,normal,0.5,0
1324,dcc,ccc,known,ccc,0.8125,0.0,normal,0.8125,0
1325,ccc,ccc,known,ccc,0.5277777777777778,0.0,normal,0.5277777777777778,0
1326,ccc,ccc,known,ccc,0.5277777777777778,0.0,normal,0.5277777777777778,0
1327,ccc,ccc,known,ccc,0.5277777777777778,0.0,normal,0.5277777777777778,0
1328,ccc,ccb,known,ccb,0.3611111111111111,0.0,normal,0.3611111111111111,0
1329,ccb,cbb,known,cbb,0.5294117647058824,0.0,normal,0.5294117647058824,0
1330,cbb,bbc,known,bbc,0.2018348623853211,0.0,normal,0.2018348623853211,0
1331,bbc,bcc,known,bcc,0.3277310924369748,0.0,normal,0.3277310924369748,0
1332,bcc,ccc,known,ccc,0.3442622950819672,0.0,normal,0.3442622950819672,0
1333,ccc,ccc,known,ccc,0.5277777777777778,0.0,normal,0.5277777777777778,0
1334,ccc,ccc,known,ccc,0.5277777777777778,0.0,normal,0.5277777777777778,0
1335,ccc,ccb,known,ccb,0.3611111111111111,0.0,normal,0.3611111111111111,0
1336,ccb,cbb,known,cbb,0.5294117647058824,0.0,normal,0.5294117647058824,0
1337,cbb,bbb,known,bbb,0.6238532110091743,0.0,normal,0.6238532110091743,0
1338,bbb,bbc,known,bbc,0.13403880070546736,0.0,anomaly,0.13403880070546736,0
1339,bbc,bcc,known,bcc,0.3277310924369748,0.0,normal,0.3277310924369748,0
1340,bcc,ccb,known,ccb,0.6229508196721312,0.0,normal,0.6229508196721312,0
1341,ccb,cbb,known,cbb,0.5294117647058824,0.0,normal,0.5294117647058824,0
1342,cbb,bbb,known,bbb,0.6238532110091743,0.0,normal,0.6238532110091743,0
1343,bbb,bbc,known,bbc,0.13403880070546736,0.0,anomaly,0.13403880070546736,0
1344,bbc,bcb,known,bcb,0.5798319327731093,0.0,normal,0.5798319327731093,0
1345,bcb,cbc,known,cbc,0.29508196721311475,0.0,normal,0.29508196721311475,0
1346,cbc,bcb,known,bcb,0.4861111111111111,0.0,normal,0.4861111111111111,0
1347,bcb,cbc,known,cbc,0.29508196721311475,0.0,normal,0.29508196721311475,0
1348,cbc,bcc,known,bcc,0.2777777777777778,0.0,normal,0.2777777777777778,0
1349,bcc,ccc,known,ccc,0.3442622950819672,0.0,normal,0.3442622950819672,0
1350,ccc,ccd,known,ccd,0.1111111111111111,0.0,anomaly,0.1111111111111111,0
1351,ccd,cdc,known,cdc,0.6363636363636364,0.0,normal,0.6363636363636364,0
1352,cdc,dcc,known,dcc,0.4117647058823529,0.0,normal,0.4117647058823529,0
1353,dcc,ccc,known,ccc,0.8125,0.0,normal,0.8125,0
1354,ccc,ccc,known,ccc,0.5277777777777778,0.0,normal,0.5277777777777778,0
1355,ccc,ccb,known,ccb,0.3611111111111111,0.0,normal,0.3611111111111111,0
1356,ccb,cbb,known,cbb,0.5294117647058824,0.0,normal,0.5294117647058824,0
1357,cbb,bbb,known,bbb,0.6238532110091743,0.0,normal,0.6238532110091743,0
1358,bbb,bbb,known,bbb,0.6860670194003528,0.0,normal,0.6860670194003528,0
1359,bbb,bbb,known,bbb,0.6860670194003528,0.0,normal,0.6860670194003528,0
1360,bbb,bbb,known,bbb,0.6860670194003528,0.0,normal,0.6860670194003528,0
1361,bbb,bbb,known,bbb,0.6860670194003528,0.0,normal,0.6860670194003528,0
1362,bbb,bbb,known,bbb,0.6860670194003528,0.0,normal,0.6860670194003528,0
1363,bbb,bbb,known,bbb,0.6860670194003528,0.0,normal,0.6860670194003528,0
1364,bbb,bbb,known,bbb,0.6860670194003528,0.0,normal,0.6860670194003528,0
1365,bbb,bbb,known,bbb,0.6860670194003528,0.0,normal,0.6860670194003528,0
1366,bbb,bbb,known,bbb,0.6860670194003528,0.0,normal,0.6860670194003528,0
1367,bbb,bbb,known,bbb,0.6860670194003528,0.0,normal,0.6860670194003528,0
1368,bbb,bbb,known,bbb,0.6860670194003528,0.0,normal,0.6860670194003528,0
1369,bbb,bbb,known,bbb,0.6860670194003528,0.0,normal,0.6860670194003528,0
1370,bbb,bbb,known,bbb,0.6860670194003528,0.0,normal,0.6860670194003528,0
1371,bbb,bbb,known,bbb,0.6860670194003528,0.0,normal,0.6860670194003528,0
1372,bbb,bbb,known,bbb,0.6860670194003528,0.0,normal,0.6860670194003528,0
1373,bbb,bbb,known,bbb,0.6860670194003528,0.0,normal,0.6860670194003528,0
1374,bbb,bbb,known,bbb,0.6860670194003528,0.0,normal,0.6860670194003528,0
1375,bbb,bbb,known,bbb,0.6860670194003528,0.0,normal,0.6860670194003528,0
1376,bbb,bbb,known,bbb,0.6860670194003528,0.0,normal,0.6860670194003528,0
1377,bbb,bbb,known,bbb,0.6860670194003528,0.0,normal,0.6860670194003528,0
1378,bbb,bbb,known,bbb,0.6860670194003528,0.0,normal,0.6860670194003528,0
1379,bbb,bbb,known,bbb,0.6860670194003528,0.0,normal,0.6860670194003528,0
1380,bbb,bbb,known,bbb,0.6860670194003528,0.0,normal,0.6860670194003528,0
1381,bbb,bbb,known,bbb,0.6860670194003528,0.0,normal,0.6860670194003528,0
1382,bbb,bbb,known,bbb,0.6860670194003528,0.0,normal,0.6860670194003528,0
1383,bbb,bbc,known,bbc,0.13403880070546736,0.0,anomaly,0.13403880070546736,0
1384,bbc,bcb,known,bcb,0.5798319327731093,0.0,normal,0.5798319327731093,0
1385,bcb,cbc,known,cbc,0.29508196721311475,0.0,normal,0.29508196721311475,0
1386,cbc,bcc,known,bcc,0.2777777777777778,0.0,normal,0.2777777777777778,0
1387,bcc,ccc,known,ccc,0.3442622950819672,0.0,normal,0.3442622950819672,0
1388,ccc,ccb,known,ccb,0.3611111111111111,0.0,normal,0.3611111111111111,0
1389,ccb,cbc,known,cbc,0.3382352941176471,0.0,normal,0.3382352941176471,0
1390,cbc,bcb,known,bcb,0.4861111111111111,0.0,normal,0.4861111111111111,0
1391,bcb,cbb,known,cbb,0.5491803278688525,0.0,normal,0.5491803278688525,0
1392,cbb,bbb,known,bbb,0.6238532110091743,0.0,normal,0.6238532110091743,0
1393,bbb,bbc,known,bbc,0.13403880070546736,0.0,anomaly,0.13403880070546736,0
1394,bbc,bcc,known,bcc,0.3277310924369748,0.0,normal,0.3277310924369748,0
1395,bcc,ccc,known,ccc,0.3442622950819672,0.0,normal,0.3442622950819672,0
1396,ccc,ccc,known,ccc,0.5277777777777778,0.0,normal,0.5277777777777778,0
1397,ccc,ccc,known,ccc,0.5277777777777778,0.0,normal,0.5277777777777778,0
1398,ccc,ccc,known,ccc,0.5277777777777778,0.0,normal,0.5277777777777778,0
1399,ccc,ccc,known,ccc,0.5277777777777778,0.0,normal,0.5277777777777778,0
1400,ccc,ccc,known,ccc,0.5277777777777778,0.0,normal,0.5277777777777778,0
1401,ccc,ccb,known,ccb,0.3611111111111111,0.0,normal,0.3611111111111111,0
1402,ccb,cbb,known,cbb,0.5294117647058824,0.0,normal,0.5294117647058824,0
1403,cbb,bbb,known,bbb,0.6238532110091743,0.0,normal,0.6238532110091743,0
1404,bbb,bbb,known,bbb,0.6860670194003528,0.0,normal,0.6860670194003528,0
1405,bbb,bbb,known,bbb,0.6860670194003528,0.0,normal,0.6860670194003528,0
1406,bbb,bbb,known,bbb,0.6860670194003528,0.0,normal,0.6860670194003528,0
1407,bbb,bbb,known,bbb,0.6860670194003528,0.0,normal,0.6860670194003528,0
1408,bbb,bbb,known,bbb,0.6860670194003528,0.0,normal,0.6860670194003528,0
1409,bbb,bbb,known,bbb,0.6860670194003528,0.0,normal,0.6860670194003528,0
1410,bbb,bbc,known,bbc,0.13403880070546736,0.0,anomaly,0.13403880070546736,0
1411,bbc,bcb,known,bcb,0.5798319327731093,0.0,normal,0.5798319327731093,0
1412,bcb,cbb,known,cbb,0.5491803278688525,0.0,normal,0.5491803278688525,0
1413,cbb,bbb,known,bbb,0.6238532110091743,0.0,normal,0.6238532110091743,0
1414,bbb,bbc,known,bbc,0.13403880070546736,0.0,anomaly,0.13403880070546736,0
1415,bbc,bcc,known,bcc,0.3277310924369748,0.0,normal,0.3277310924369748,0
1416,bcc,ccc,known,ccc,0.3442622950819672,0.0,normal,0.3442622950819672,0
1417,ccc,ccc,known,ccc,0.5277777777777778,0.0,normal,0.5277777777777778,0
1418,ccc,ccc,known,ccc,0.5277777777777778,0.0,normal,0.5277777777777778,0
1419,ccc,ccc,known,ccc,0.5277777777777778,0.0,normal,0.5277777777777778,0
1420,ccc,ccc,known,ccc,0.5277777777777778,0.0,normal,0.5277777777777778,0
1421,ccc,ccc,known,ccc,0.5277777777777778,0.0,normal,0.5277777777777778,0
1422,ccc,ccc,known,ccc,0.5277777777777778,0.0,normal,0.5277777777777778,0
1423,ccc,ccc,known,ccc,0.5277777777777778,0.0,normal,0.5277777777777778,0
1424,ccc,ccc,known,ccc,0.5277777777777778,0.0,normal,0.5277777777777778,0
1425,ccc,ccb,known,ccb,0.3611111111111111,0.0,normal,0.3611111111111111,0
1426,ccb,cbc,known,cbc,0.3382352941176471,0.0,normal,0.3382352941176471,0
1427,cbc,bcc,known,bcc,0.2777777777777778,0.0,normal,0.2777777777777778,0
1428,bcc,ccc,known,ccc,0.3442622950819672,0.0,normal,0.3442622950819672,0
1429,ccc,ccb,known,ccb,0.3611111111111111,0.0,normal,0.3611111111111111,0
1430,ccb,cbc,known,cbc,0.3382352941176471,0.0,normal,0.3382352941176471,0
1431,cbc,bcb,known,bcb,0.4861111111111111,0.0,normal,0.4861111111111111,0
1432,bcb,cbb,known,cbb,0.5491803278688525,0.0,normal,0.5491803278688525,0
1433,cbb,bbb,known,bbb,0.6238532110091743,0.0,normal,0.6238532110091743,0
1434,bbb,bbb,known,bbb,0.6860670194003528,0.0,normal,0.6860670194003528,0
1435,bbb,bbb,known,bbb,0.6860670194003528,0.0,normal,0.6860670194003528,0
1436,bbb,bbb,known,bbb,0.6860670194003528,0.0,normal,0.6860670194003528,0
1437,bbb,bbc,known,bbc,0.13403880070546736,0.0,anomaly,0.13403880070546736,0
1438,bbc,bcc,known,bcc,0.3277310924369748,0.0,normal,0.3277310924369748,0
1439,bcc,ccc,known,ccc,0.3442622950819672,0.0,normal,0.3442622950819672,0
1440,ccc,ccb,known,ccb,0.3611111111111111,0.0,normal,0.3611111111111111,0
1441,ccb,cbb,known,cbb,0.5294117647058824,0.0,normal,0.5294117647058824,0
1442,cbb,bbb,known,bbb,0.6238532110091743,0.0,normal,0.6238532110091743,0
1443,bbb,bbb,known,bbb,0.6860670194003528,0.0,normal,0.6860670194003528,0
1444,bbb,bbb,known,bbb,0.6860670194003528,0.0,normal,0.6860670194003528,0
1445,bbb,bbb,known,bbb,0.6860670194003528,0.0,normal,0.6860670194003528,0
1446,bbb,bbb,known,bbb,0.6860670194003528,0.0,normal,0.6860670194003528,0
1447,bbb,bbb,known,bbb,0.6860670194003528,0.0,normal,0.6860670194003528,0
1448,bbb,bbc,known,bbc,0.13403880070546736,0.0,anomaly,0.13403880070546736,0
1449,bbc,bcc,known,bcc,0.3277310924369748,0.0,normal,0.3277310924369748,0
1450,bcc,ccb,known,ccb,0.6229508196721312,0.0,normal,0.6229508196721312,0
1451,ccb,cbb,known,cbb,0.5294117647058824,0.0,normal,0.5294117647058824,0
1452,cbb,bbb,known,bbb,0.6238532110091743,0.0,normal,0.6238532110091743,0
1453,bbb,bbb,known,bbb,0.6860670194003528,0.0,normal,0.6860670194003528,0
1454,bbb,bbb,known,bbb,0.6860670194003528,0.0,normal,0.6860670194003528,0
1455,bbb,bbb,known,bbb,0.6860670194003528,0.0,normal,0.6860670194003528,0
1456,bbb,bbc,known,bbc,0.13403880070546736,0.0,anomaly,0.13403880070546736,0
1457,bbc,bcc,known,bcc,0.3277310924369748,0.0,normal,0.3277310924369748,0
1458,bcc,ccc,known,ccc,0.3442622950819672,0.0,normal,0.3442622950819672,0
1459,ccc,ccc,known,ccc,0.5277777777777778,0.0,normal,0.5277777777777778,0
1460,ccc,ccb,known,ccb,0.3611111111111111,0.0,normal,0.3611111111111111,0
1461,ccb,cbb,known,cbb,0.5294117647058824,0.0,normal,0.5294117647058824,0
1462,cbb,bbc,known,bbc,0.2018348623853211,0.0,normal,0.2018348623853211,0
1463,bbc,bcc,known,bcc,0.3277310924369748,0.0,normal,0.3277310924369748,0
1464,bcc,ccb,known,ccb,0.6229508196721312,0.0,normal,0.6229508196721312,0
1465,ccb,cbb,known,cbb,0.5294117647058824,0.0,normal,0.5294117647058824,0
1466,cbb,bbc,known,bbc,0.2018348623853211,0.0,normal,0.2018348623853211,0
1467,bbc,bcc,known,bcc,0.3277310924369748,0.0,normal,0.3277310924369748,0
1468,bcc,ccc,known,ccc,0.3442622950819672,0.0,normal,0.3442622950819672,0
1469,ccc,ccb,known,ccb,0.3611111111111111,0.0,normal,0.3611111111111111,0
1470,ccb,cbc,known,cbc,0.3382352941176471,0.0,normal,0.3382352941176471,0
1471,cbc,bcb,known,bcb,0.4861111111111111,0.0,normal,0.4861111111111111,0
1472,bcb,cbc,known,cbc,0.29508196721311475,0.0,normal,0.29508196721311475,0
1473,cbc,bcc,known,bcc,0.2777777777777778,0.0,normal,0.2777777777777778,0
1474,bcc,ccc,known,ccc,0.3442622950819672,0.0,normal,0.3442622950819672,0
1475,ccc,ccc,known,ccc,0.5277777777777778,0.0,normal,0.5277777777777778,0
1476,ccc,ccc,known,ccc,0.5277777777777778,0.0,normal,0.5277777777777778,0
1477,ccc,ccd,known,ccd,0.1111111111111111,0.0,anomaly,0.1111111111111111,0
1478,ccd,cdd,known,cdd,0.2727272727272727,0.0,normal,0.2727272727272727,0
1479,cdd,ddd,known,ddd,0.4166666666666667,0.0,normal,0.4166666666666667,0
1480,ddd,ddc,known,ddc,0.037037037037037035,0.0,anomaly,0.037037037037037035,0
1481,ddc,dcc,known,dcc,0.5,0.0,normal,0.5,0
1482,dcc,ccc,known,ccc,0.8125,0.0,normal,0.8125,0
1483,ccc,ccb,known,ccb,0.3611111111111111,0.0,normal,0.3611111111111111,0
1484,ccb,cbc,known,cbc,0.3382352941176471,0.0,normal,0.3382352941176471,0
1485,cbc,bcd,known,bcd,0.09722222222222222,0.0,anomaly,0.09722222222222222,0
1486,bcd,cdc,known,cdc,0.5384615384615384,0.0,normal,0.5384615384615384,0
1487,cdc,dcd,known,dcd,0.23529411764705882,0.0,normal,0.23529411764705882,0
1488,dcd,cdd,known,cdd,0.625,0.0,normal,0.625,0
1489,cdd,ddd,known,ddd,0.4166666666666667,0.0,normal,0.4166666666666667,0
1490,ddd,ddd,known,ddd,0.7407407407407407,0.0,normal,0.7407407407407407,0
1491,ddd,ddd,known,ddd,0.7407407407407407,0.0,normal,0.7407407407407407,0
1492,ddd,ddd,known,ddd,0.7407407407407407,0.0,normal,0.7407407407407407,0
1493,ddd,ddc,known,ddc,0.037037037037037035,0.0,anomaly,0.037037037037037035,0
1494,ddc,dcd,known,dcd,0.4,0.0,normal,0.4,0
1495,dcd,cdd,known,cdd,0.625,0.0,normal,0.625,0
1496,cdd,ddd,known,ddd,0.4166666666666667,0.0,normal,0.4166666666666667,0
1497,ddd,ddd,known,ddd,0.7407407407407407,0.0,normal,0.7407407407407407,0
1498,ddd,ddc,known,ddc,0.037037037037037035,0.0,anomaly,0.037037037037037035,0
1499,ddc,dcc,known,dcc,0.5,0.0,normal,0.5,0
1500,dcc,ccc,known,ccc,0.8125,0.0,normal,0.8125,0
1501,ccc,ccc,known,ccc,0.5277777777777778,0.0,normal,0.5277777777777778,0
1502,ccc,ccb,known,ccb,0.3611111111111111,0.0,normal,0.3611111111111111,0
1503,ccb,cbb,known,cbb,0.5294117647058824,0.0,normal,0.5294117647058824,0
1504,cbb,bbc,known,bbc,0.2018348623853211,0.0,normal,0.2018348623853211,0
1505,bbc,bcc,known,bcc,0.3277310924369748,0.0,normal,0.3277310924369748,0
1506,bcc,ccc,known,ccc,0.3442622950819672,0.0,normal,0.3442622950819672,0
1507,ccc,ccc,known,ccc,0.5277777777777778,0.0,normal,0.5277777777777778,0
1508,ccc,ccc,known,ccc,0.5277777777777778,0.0,normal,0.5277777777777778,0
1509,ccc,ccc,known,ccc,0.5277777777777778,0.0,normal,0.5277777777777778,0
1510,ccc,ccc,known,ccc,0.5277777777777778,0.0,normal,0.5277777777777778,0
1511,ccc,ccd,known,ccd,0.1111111111111111,0.0,anomaly,0.1111111111111111,0
