time_step,state,pattern,status,mapped_to,probability,path_probability,decision,confidence,distance
1,abb,bba,known,bba,0.3370165745856354,0.3370165745856354,normal,0.3370165745856354,0
2,bba,bab,known,bab,0.40555555555555556,0.1366789441375077,normal,0.40555555555555556,0
3,bab,abb,known,abb,0.46,0.06287231430325355,normal,0.46,0
4,abb,bba,known,bba,0.3370165745856354,0.02118901200275396,normal,0.3370165745856354,0
5,bba,baa,known,baa,0.5555555555555556,0.011771673334863312,normal,0.5555555555555556,0
6,baa,aaa,known,aaa,0.759090909090909,0.008935770213282604,normal,0.759090909090909,0
7,aaa,aaa,known,aaa,0.9177679882525698,0.008200963852131612,normal,0.9177679882525698,0
8,aaa,aaa,known,aaa,0.9177679882525698,0.007526582096302875,normal,0.9177679882525698,0
9,aaa,aaa,known,aaa,0.9177679882525698,0.006907656108941699,normal,0.9177679882525698,0
10,aaa,aaa,known,aaa,0.9177679882525698,0.006339625650643998,normal,0.9177679882525698,0
11,aaa,aaa,known,aaa,0.9177679882525698,0.00581830547966593,normal,0.9177679882525698,0
12,aaa,aaa,known,aaa,0.9177679882525698,0.005339854515111904,normal,0.9177679882525698,0
13,aaa,aaa,known,aaa,0.9177679882525698,0.004900747535895654,normal,0.9177679882525698,0
14,aaa,aaa,known,aaa,0.9177679882525698,0.0044977492069526925,normal,0.9177679882525698,0
15,aaa,aaa,known,aaa,0.9177679882525698,0.0041278902413295635,normal,0.9177679882525698,0
16,aaa,aab,known,aab,0.08125305922662751,0.00033540371025976876,anomaly,0.08125305922662751,0
17,aab,aba,known,aba,0.4954128440366973,0.00016616330600025241,normal,0.4954128440366973,0
18,aba,bab,known,bab,0.39361702127659576,6.540470555329084e-05,normal,0.39361702127659576,0
19,bab,abb,known,abb,0.46,3.0086164554513786e-05,normal,0.46,0
20,abb,bbb,known,bbb,0.6132596685082873,1.8450631301386907e-05,normal,0.6132596685082873,0
21,bbb,bbb,known,bbb,0.7377938517179023,1.361276233447714e-05,normal,0.7377938517179023,0
22,bbb,bbb,known,bbb,0.7377938517179023,1.0043412355274274e-05,normal,0.7377938517179023,0
23,bbb,bba,known,bba,0.19891500904159132,1.997785459457812e-06,anomaly,0.19891500904159132,0
24,bba,baa,known,baa,0.5555555555555556,1.1098808108098956e-06,normal,0.5555555555555556,0
25,baa,aaa,known,aaa,0.759090909090909,8.42500433660239e-07,normal,0.759090909090909,0
26,aaa,aab,known,aab,0.08125305922662751,6.845573763465476e-08,anomaly,0.08125305922662751,0
27,aab,abb,known,abb,0.47706422018348627,3.2657783091761905e-08,normal,0.47706422018348627,0
28,abb,bba,known,bba,0.3370165745856354,1.1006214191146279e-08,normal,0.3370165745856354,0
29,bba,baa,known,baa,0.5555555555555556,6.114563439525711e-09,normal,0.5555555555555556,0
30,baa,aaa,known,aaa,0.759090909090909,4.641509520003607e-09,normal,0.759090909090909,0
31,aaa,aaa,known,aaa,0.9177679882525698,4.259828854628861e-09,normal,0.9177679882525698,0
32,aaa,aaa,known,aaa,0.9177679882525698,3.909534558212978e-09,normal,0.9177679882525698,0
33,aaa,aaa,known,aaa,0.9177679882525698,3.588045666495024e-09,normal,0.9177679882525698,0
34,aaa,aab,known,aab,0.08125305922662751,2.9153968704756437e-10,anomaly,0.08125305922662751,0
35,aab,aba,known,aba,0.4954128440366973,1.4443250550980253e-10,normal,0.4954128440366973,0
36,aba,bab,known,bab,0.39361702127659576,5.6851092594283975e-11,normal,0.39361702127659576,0
37,bab,abb,known,abb,0.46,2.615150259337063e-11,normal,0.46,0
38,abb,bbb,known,bbb,0.6132596685082873,1.6037661811404088e-11,normal,0.6132596685082873,0
39,bbb,bba,known,bba,0.19891500904159132,3.190131644221428e-12,anomaly,0.19891500904159132,0
40,bba,baa,known,baa,0.5555555555555556,1.7722953579007936e-12,normal,0.5555555555555556,0
41,baa,aaa,known,aaa,0.759090909090909,1.3453332944065114e-12,normal,0.759090909090909,0
42,aaa,aaa,known,aaa,0.9177679882525698,1.2347038311366661e-12,normal,0.9177679882525698,0
43,aaa,aaa,known,aaa,0.9177679882525698,1.1331716511900387e-12,normal,0.9177679882525698,0
44,aaa,aaa,known,aaa,0.9177679882525698,1.0399886666575246e-12,normal,0.9177679882525698,0
45,aaa,aaa,known,aaa,0.9177679882525698,9.544683064037487e-13,normal,0.9177679882525698,0
46,aaa,aab,known,aab,0.08125305922662751,7.755346983016264e-14,anomaly,0.08125305922662751,0
47,aab,aba,known,aba,0.4954128440366973,3.842098505347507e-14,normal,0.4954128440366973,0
48,aba,bab,known,bab,0.39361702127659576,1.5123153691261466e-14,normal,0.39361702127659576,0
49,bab,abb,known,abb,0.46,6.9566506979802745e-15,normal,0.46,0
50,abb,bba,known,bba,0.3370165745856354,2.3445065888220817e-15,normal,0.3370165745856354,0
51,bba,bab,known,bab,0.40555555555555556,9.508276721334e-16,normal,0.40555555555555556,0
52,bab,aba,known,aba,0.5,4.754138360667e-16,normal,0.5,0
53,aba,bab,known,bab,0.39361702127659576,1.8713097802625425e-16,normal,0.39361702127659576,0
54,bab,aba,known,aba,0.5,9.356548901312713e-17,normal,0.5,0
55,aba,bab,known,bab,0.39361702127659576,3.682896907963515e-17,normal,0.39361702127659576,0
56,bab,abb,known,abb,0.46,1.694132577663217e-17,normal,0.46,0
57,abb,bba,known,bba,0.3370165745856354,5.7095075821799035e-18,normal,0.3370165745856354,0
58,bba,bab,known,bab,0.40555555555555556,2.3155225194396277e-18,normal,0.40555555555555556,0
59,bab,aba,known,aba,0.5,1.1577612597198138e-18,normal,0.5,0
60,aba,bab,known,bab,0.39361702127659576,4.557145384003522e-19,normal,0.39361702127659576,0
61,bab,aba,known,aba,0.5,2.278572692001761e-19,normal,0.5,0
62,aba,bab,known,bab,0.39361702127659576,8.968849957879273e-20,normal,0.39361702127659576,0
63,bab,aba,known,aba,0.5,4.4844249789396364e-20,normal,0.5,0
64,aba,baa,known,baa,0.601063829787234,2.6954256522349944e-20,normal,0.601063829787234,0
65,baa,aaa,known,aaa,0.759090909090909,2.0460731087420183e-20,normal,0.759090909090909,0
66,aaa,aaa,known,aaa,0.9177679882525698,1.8778204008278437e-20,normal,0.9177679882525698,0
67,aaa,aaa,known,aaa,0.9177679882525698,1.7234034515674043e-20,normal,0.9177679882525698,0
68,aaa,aaa,known,aaa,0.9177679882525698,1.5816845186925518e-20,normal,0.9177679882525698,0
69,aaa,aab,known,aab,0.08125305922662751,1.2851670587516574e-21,anomaly,0.08125305922662751,0
70,aab,aba,known,aba,0.4954128440366973,6.366882676384358e-22,normal,0.4954128440366973,0
71,aba,baa,known,baa,0.601063829787234,3.826902885273577e-22,normal,0.601063829787234,0
72,baa,aab,known,aab,0.22727272727272727,8.697506557439948e-23,normal,0.22727272727272727,0
73,aab,aba,known,aba,0.4954128440366973,4.308856459649149e-23,normal,0.4954128440366973,0
74,aba,baa,known,baa,0.601063829787234,2.58989776564018e-23,normal,0.601063829787234,0
75,baa,aab,known,aab,0.22727272727272727,5.8861312855458635e-24,normal,0.22727272727272727,0
76,aab,aba,known,aba,0.4954128440366973,2.9160650405456572e-24,normal,0.4954128440366973,0
77,aba,bab,known,bab,0.39361702127659576,1.147812835108397e-24,normal,0.39361702127659576,0
78,bab,aba,known,aba,0.5,5.739064175541985e-25,normal,0.5,0
79,aba,baa,known,baa,0.601063829787234,3.4495438927459806e-25,normal,0.601063829787234,0
80,baa,aab,known,aab,0.22727272727272727,7.839872483513591e-26,normal,0.22727272727272727,0
81,aab,aba,known,aba,0.4954128440366973,3.8839735239425136e-26,normal,0.4954128440366973,0
82,aba,baa,known,baa,0.601063829787234,2.3345160010931067e-26,normal,0.601063829787234,0
83,baa,aaa,known,aaa,0.759090909090909,1.7721098735570398e-26,normal,0.759090909090909,0
84,aaa,aaa,known,aaa,0.9177679882525698,1.6263857136169602e-26,normal,0.9177679882525698,0
85,aaa,aaa,known,aaa,0.9177679882525698,1.4926447445089578e-26,normal,0.9177679882525698,0
86,aaa,aaa,known,aaa,0.9177679882525698,1.369901564343757e-26,normal,0.9177679882525698,0
87,aaa,aaa,known,aaa,0.9177679882525698,1.2572518028118182e-26,normal,0.9177679882525698,0
88,aaa,aaa,known,aaa,0.9177679882525698,1.153865457793519e-26,normal,0.9177679882525698,0
89,aaa,aaa,known,aaa,0.9177679882525698,1.0589807799132884e-26,normal,0.9177679882525698,0
90,aaa,aaa,known,aaa,0.9177679882525698,9.718986599791561e-27,normal,0.9177679882525698,0
91,aaa,aaa,known,aaa,0.9177679882525698,8.919774779544384e-27,normal,0.9177679882525698,0
92,aaa,aaa,known,aaa,0.9177679882525698,8.186283755088458e-27,normal,0.9177679882525698,0
93,aaa,aaa,known,aaa,0.9177679882525698,7.513109173172227e-27,normal,0.9177679882525698,0
94,aaa,aaa,known,aaa,0.9177679882525698,6.895291091384203e-27,normal,0.9177679882525698,0
95,aaa,aaa,known,aaa,0.9177679882525698,6.328277433355546e-27,normal,0.9177679882525698,0
96,aaa,aaa,known,aaa,0.9177679882525698,5.807890449114855e-27,normal,0.9177679882525698,0
97,aaa,aaa,known,aaa,0.9177679882525698,5.3302959334754545e-27,normal,0.9177679882525698,0
98,aaa,aaa,known,aaa,0.9177679882525698,4.891974975656622e-27,normal,0.9177679882525698,0
99,aaa,aaa,known,aaa,0.9177679882525698,4.489698031990292e-27,normal,0.9177679882525698,0
100,aaa,aaa,known,aaa,0.9177679882525698,4.120501130681252e-27,normal,0.9177679882525698,0
101,aaa,aaa,known,aaa,0.9177679882525698,3.781664033297772e-27,normal,0.9177679882525698,0
102,aaa,aaa,known,aaa,0.9177679882525698,3.470690192086795e-27,normal,0.9177679882525698,0
103,aaa,aaa,known,aaa,0.9177679882525698,3.1852883554394226e-27,normal,0.9177679882525698,0
104,aaa,aaa,known,aaa,0.9177679882525698,2.9233556859759753e-27,normal,0.9177679882525698,0
105,aaa,aaa,known,aaa,0.9177679882525698,2.682962266864882e-27,normal,0.9177679882525698,0
106,aaa,aaa,known,aaa,0.9177679882525698,2.462336882218137e-27,normal,0.9177679882525698,0
107,aaa,aab,known,aab,0.08125305922662751,2.0007240452677961e-28,anomaly,0.08125305922662751,0
108,aab,aba,known,aba,0.4954128440366973,9.911843893987247e-29,normal,0.4954128440366973,0
109,aba,baa,known,baa,0.601063829787234,5.957650851173186e-29,normal,0.601063829787234,0
110,baa,aaa,known,aaa,0.759090909090909,4.5223986006632817e-29,normal,0.759090909090909,0
111,aaa,aaa,known,aaa,0.9177679882525698,4.150512665806977e-29,normal,0.9177679882525698,0
112,aaa,aaa,known,aaa,0.9177679882525698,3.8092076595144794e-29,normal,0.9177679882525698,0
113,aaa,aaa,known,aaa,0.9177679882525698,3.495968850508884e-29,normal,0.9177679882525698,0
114,aaa,aaa,known,aaa,0.9177679882525698,3.208488298925187e-29,normal,0.9177679882525698,0
115,aaa,aaa,known,aaa,0.9177679882525698,2.9446478514364785e-29,normal,0.9177679882525698,0
116,aaa,aab,known,aab,0.08125305922662751,2.3926164627432964e-30,anomaly,0.08125305922662751,0
117,aab,aba,known,aba,0.4954128440366973,1.185332926496679e-30,normal,0.4954128440366973,0
118,aba,bab,known,bab,0.39361702127659576,4.665672157486928e-31,normal,0.39361702127659576,0
119,bab,aba,known,aba,0.5,2.332836078743464e-31,normal,0.5,0
120,aba,baa,known,baa,0.601063829787234,1.40218338775538e-31,normal,0.601063829787234,0
121,baa,aaa,known,aaa,0.759090909090909,1.0643846625234022e-31,normal,0.759090909090909,0
122,aaa,aaa,known,aaa,0.9177679882525698,9.768581704509932e-32,normal,0.9177679882525698,0
123,aaa,aaa,known,aaa,0.9177679882525698,8.965291579028939e-32,normal,0.9177679882525698,0
124,aaa,aaa,known,aaa,0.9177679882525698,8.228057616583094e-32,normal,0.9177679882525698,0
125,aaa,aaa,known,aaa,0.9177679882525698,7.5514478859977e-32,normal,0.9177679882525698,0
126,aaa,aaa,known,aaa,0.9177679882525698,6.93047713472623e-32,normal,0.9177679882525698,0
127,aaa,aaa,known,aaa,0.9177679882525698,6.360570057568126e-32,normal,0.9177679882525698,0
128,aaa,aaa,known,aaa,0.9177679882525698,5.837527585873831e-32,normal,0.9177679882525698,0
129,aaa,aaa,known,aaa,0.9177679882525698,5.357495948856306e-32,normal,0.9177679882525698,0
130,aaa,aaa,known,aaa,0.9177679882525698,4.916938279053145e-32,normal,0.9177679882525698,0
131,aaa,aaa,known,aaa,0.9177679882525698,4.5126085527286573e-32,normal,0.9177679882525698,0
132,aaa,aaa,known,aaa,0.9177679882525698,4.14152767320912e-32,normal,0.9177679882525698,0
133,aaa,aaa,known,aaa,0.9177679882525698,3.8009615209334805e-32,normal,0.9177679882525698,0
134,aaa,aaa,known,aaa,0.9177679882525698,3.488400808492548e-32,normal,0.9177679882525698,0
135,aaa,aaa,known,aaa,0.9177679882525698,3.201542592228844e-32,normal,0.9177679882525698,0
136,aaa,aaa,known,aaa,0.9177679882525698,2.9382733041747833e-32,normal,0.9177679882525698,0
137,aaa,aaa,known,aaa,0.9177679882525698,2.696653179308722e-32,normal,0.9177679882525698,0
138,aaa,aaa,known,aaa,0.9177679882525698,2.474901963389062e-32,normal,0.9177679882525698,0
139,aaa,aaa,known,aaa,0.9177679882525698,2.2713857960619148e-32,normal,0.9177679882525698,0
140,aaa,aaa,known,aaa,0.9177679882525698,2.0846051725972051e-32,normal,0.9177679882525698,0
141,aaa,aaa,known,aaa,0.9177679882525698,1.913183895555438e-32,normal,0.9177679882525698,0
142,aaa,aaa,known,aaa,0.9177679882525698,1.7558589349811288e-32,normal,0.9177679882525698,0
143,aaa,aaa,known,aaa,0.9177679882525698,1.6114711224129304e-32,normal,0.9177679882525698,0
144,aaa,aaa,known,aaa,0.9177679882525698,1.4789566101440258e-32,normal,0.9177679882525698,0
145,aaa,aaa,known,aaa,0.9177679882525698,1.3573390328047227e-32,normal,0.9177679882525698,0
146,aaa,aaa,known,aaa,0.9177679882525698,1.2457223135138792e-32,normal,0.9177679882525698,0
147,aaa,aaa,known,aaa,0.9177679882525698,1.1432840615949699e-32,normal,0.9177679882525698,0
148,aaa,aaa,known,aaa,0.9177679882525698,1.0492695132112426e-32,normal,0.9177679882525698,0
149,aaa,aaa,known,aaa,0.9177679882525698,9.629859702746354e-33,normal,0.9177679882525698,0
150,aaa,aaa,known,aaa,0.9177679882525698,8.83797696654401e-33,normal,0.9177679882525698,0
151,aaa,aaa,known,aaa,0.9177679882525698,8.111212340807646e-33,normal,0.9177679882525698,0
152,aaa,aaa,known,aaa,0.9177679882525698,7.444211032312451e-33,normal,0.9177679882525698,0
153,aaa,aaa,known,aaa,0.9177679882525698,6.832058583252983e-33,normal,0.9177679882525698,0
154,aaa,aaa,known,aaa,0.9177679882525698,6.270244661575793e-33,normal,0.9177679882525698,0
155,aaa,aaa,known,aaa,0.9177679882525698,5.7546298289058305e-33,normal,0.9177679882525698,0
156,aaa,aab,known,aab,0.08125305922662751,4.675812783154028e-34,anomaly,0.08125305922662751,0
157,aab,abb,known,abb,0.47706422018348627,2.2306629791193527e-34,normal,0.47706422018348627,0
158,abb,bbb,known,bbb,0.6132596685082873,1.3679756391284428e-34,normal,0.6132596685082873,0
159,bbb,bbb,known,bbb,0.7377938517179023,1.009284015848833e-34,normal,0.7377938517179023,0
160,bbb,bba,known,bba,0.19891500904159132,2.0076173913810423e-35,anomaly,0.19891500904159132,0
161,bba,bab,known,bab,0.40555555555555556,8.142003865045338e-36,normal,0.40555555555555556,0
162,bab,aba,known,aba,0.5,4.071001932522669e-36,normal,0.5,0
163,aba,baa,known,baa,0.601063829787234,2.446932012633306e-36,normal,0.601063829787234,0
164,baa,aaa,known,aaa,0.759090909090909,1.857443845953464e-36,normal,0.759090909090909,0
165,aaa,aaa,known,aaa,0.9177679882525698,1.704702501792827e-36,normal,0.9177679882525698,0
166,aaa,aaa,known,aaa,0.9177679882525698,1.5645213856395258e-36,normal,0.9177679882525698,0
167,aaa,aaa,known,aaa,0.9177679882525698,1.4358676446765105e-36,normal,0.9177679882525698,0
168,aaa,aaa,known,aaa,0.9177679882525698,1.3177933596517167e-36,normal,0.9177679882525698,0
169,aaa,aaa,known,aaa,0.9177679882525698,1.2094285606201512e-36,normal,0.9177679882525698,0
170,aaa,aab,known,aab,0.08125305922662751,9.826977046644401e-38,anomaly,0.08125305922662751,0
171,aab,aba,known,aba,0.4954128440366973,4.868410646961447e-38,normal,0.4954128440366973,0
172,aba,baa,known,baa,0.601063829787234,2.9262255484395933e-38,normal,0.601063829787234,0
173,baa,aaa,known,aaa,0.759090909090909,2.2212712117700547e-38,normal,0.759090909090909,0
174,aaa,aaa,known,aaa,0.9177679882525698,2.038611611389551e-38,normal,0.9177679882525698,0
175,aaa,aaa,known,aaa,0.9177679882525698,1.8709724774133177e-38,normal,0.9177679882525698,0
176,aaa,aaa,known,aaa,0.9177679882525698,1.717118646671547e-38,normal,0.9177679882525698,0
177,aaa,aab,known,aab,0.08125305922662751,1.395211430971497e-39,anomaly,0.08125305922662751,0
178,aab,abb,known,abb,0.47706422018348627,6.656054533075032e-40,normal,0.47706422018348627,0
179,abb,bbb,known,bbb,0.6132596685082873,4.081889796526677e-40,normal,0.6132596685082873,0
180,bbb,bba,known,bba,0.19891500904159132,8.119491457828832e-41,anomaly,0.19891500904159132,0
181,bba,baa,known,baa,0.5555555555555556,4.510828587682685e-41,normal,0.5555555555555556,0
182,baa,aaa,known,aaa,0.759090909090909,3.424128973377311e-41,normal,0.759090909090909,0
183,aaa,aaa,known,aaa,0.9177679882525698,3.1425559594138314e-41,normal,0.9177679882525698,0
184,aaa,aab,known,aab,0.08125305922662751,2.553422854932433e-42,anomaly,0.08125305922662751,0
185,aab,abb,known,abb,0.47706422018348627,1.2181466830870324e-42,normal,0.47706422018348627,0
186,abb,bbb,known,bbb,0.6132596685082873,7.470402310644232e-43,normal,0.6132596685082873,0
187,bbb,bba,known,bba,0.19891500904159132,1.485975143166122e-43,anomaly,0.19891500904159132,0
188,bba,bab,known,bab,0.40555555555555556,6.026454747284829e-44,normal,0.40555555555555556,0
189,bab,abb,known,abb,0.46,2.7721691837510215e-44,normal,0.46,0
190,abb,bbb,known,bbb,0.6132596685082873,1.7000595546760407e-44,normal,0.6132596685082873,0
191,bbb,bbb,known,bbb,0.7377938517179023,1.2542934869942579e-44,normal,0.7377938517179023,0
192,bbb,bbb,known,bbb,0.7377938517179023,9.254100229541722e-45,normal,0.7377938517179023,0
193,bbb,bbb,known,bbb,0.7377938517179023,6.827618252537111e-45,normal,0.7377938517179023,0
194,bbb,bbb,known,bbb,0.7377938517179023,5.037374768598809e-45,normal,0.7377938517179023,0
195,bbb,bbb,known,bbb,0.7377938517179023,3.7165441330710926e-45,normal,0.7377938517179023,0
196,bbb,bba,known,bba,0.19891500904159132,7.392764098333096e-46,anomaly,0.19891500904159132,0
197,bba,bab,known,bab,0.40555555555555556,2.9981765509906442e-46,normal,0.40555555555555556,0
198,bab,abb,known,abb,0.46,1.3791612134556963e-46,normal,0.46,0
199,abb,bbb,known,bbb,0.6132596685082873,8.457839485833275e-47,normal,0.6132596685082873,0
200,bbb,bbb,known,bbb,0.7377938517179023,6.240141971464695e-47,normal,0.7377938517179023,0
201,bbb,bbb,known,bbb,0.7377938517179023,4.603938380393482e-47,normal,0.7377938517179023,0
202,bbb,bba,known,bba,0.19891500904159132,9.157924445628987e-48,anomaly,0.19891500904159132,0
203,bba,bab,known,bab,0.40555555555555556,3.714047136282867e-48,normal,0.40555555555555556,0
204,bab,abb,known,abb,0.46,1.708461682690119e-48,normal,0.46,0
205,abb,bbb,known,bbb,0.6132596685082873,1.047730645185653e-48,normal,0.6132596685082873,0
206,bbb,bba,known,bba,0.19891500904159132,2.0840935076025645e-49,anomaly,0.19891500904159132,0
207,bba,baa,known,baa,0.5555555555555556,1.1578297264458692e-49,normal,0.5555555555555556,0
208,baa,aaa,known,aaa,0.759090909090909,8.788980196202733e-50,normal,0.759090909090909,0
209,aaa,aaa,known,aaa,0.9177679882525698,8.066244673460659e-50,normal,0.9177679882525698,0
210,aaa,aaa,known,aaa,0.9177679882525698,7.402941146714995e-50,normal,0.9177679882525698,0
211,aaa,aaa,known,aaa,0.9177679882525698,6.794182403372794e-50,normal,0.9177679882525698,0
212,aaa,aaa,known,aaa,0.9177679882525698,6.235483116164458e-50,normal,0.9177679882525698,0
213,aaa,aaa,known,aaa,0.9177679882525698,5.722726795305119e-50,normal,0.9177679882525698,0
214,aaa,aaa,known,aaa,0.9177679882525698,5.252135458246255e-50,normal,0.9177679882525698,0
215,aaa,aaa,known,aaa,0.9177679882525698,4.820241793544655e-50,normal,0.9177679882525698,0
216,aaa,aaa,known,aaa,0.9177679882525698,4.423863613752436e-50,normal,0.9177679882525698,0
217,aaa,aaa,known,aaa,0.9177679882525698,4.060080409097317e-50,normal,0.9177679882525698,0
218,aaa,aaa,known,aaa,0.9177679882525698,3.7262118292009154e-50,normal,0.9177679882525698,0
219,aaa,aaa,known,aaa,0.9177679882525698,3.419797934288652e-50,normal,0.9177679882525698,0
220,aaa,aaa,known,aaa,0.9177679882525698,3.1385810703823903e-50,normal,0.9177679882525698,0
221,aaa,aaa,known,aaa,0.9177679882525698,2.8804892349324436e-50,normal,0.9177679882525698,0
222,aaa,aaa,known,aaa,0.9177679882525698,2.6436208103271327e-50,normal,0.9177679882525698,0
223,aaa,aaa,known,aaa,0.9177679882525698,2.426230552796561e-50,normal,0.9177679882525698,0
224,aaa,aaa,known,aaa,0.9177679882525698,2.22671673347702e-50,normal,0.9177679882525698,0
225,aaa,aaa,known,aaa,0.9177679882525698,2.0436093368915383e-50,normal,0.9177679882525698,0
226,aaa,aaa,known,aaa,0.9177679882525698,1.8755592298931152e-50,normal,0.9177679882525698,0
227,aaa,aaa,known,aaa,0.9177679882525698,1.7213282212675434e-50,normal,0.9177679882525698,0
228,aaa,aaa,known,aaa,0.9177679882525698,1.5797799387550877e-50,normal,0.9177679882525698,0
229,aaa,aaa,known,aaa,0.9177679882525698,1.4498714562730246e-50,normal,0.9177679882525698,0
230,aaa,aaa,known,aaa,0.9177679882525698,1.3306456096485176e-50,normal,0.9177679882525698,0
231,aaa,aaa,known,aaa,0.9177679882525698,1.2212239442442343e-50,normal,0.9177679882525698,0
232,aaa,aaa,known,aaa,0.9177679882525698,1.1208002425148993e-50,normal,0.9177679882525698,0
233,aaa,aaa,known,aaa,0.9177679882525698,1.0286345838058914e-50,normal,0.9177679882525698,0
234,aaa,aaa,known,aaa,0.9177679882525698,9.440478926265523e-51,normal,0.9177679882525698,0
235,aaa,aaa,known,aaa,0.9177679882525698,8.664169352299489e-51,normal,0.9177679882525698,0
236,aaa,aaa,known,aaa,0.9177679882525698,7.951697276339473e-51,normal,0.9177679882525698,0
237,aaa,aaa,known,aaa,0.9177679882525698,7.297813212499516e-51,normal,0.9177679882525698,0
238,aaa,aaa,known,aaa,0.9177679882525698,6.697699350678705e-51,normal,0.9177679882525698,0
239,aaa,aaa,known,aaa,0.9177679882525698,6.146934058992938e-51,normal,0.9177679882525698,0
240,aaa,aaa,known,aaa,0.9177679882525698,5.641459305243151e-51,normal,0.9177679882525698,0
241,aaa,aaa,known,aaa,0.9177679882525698,5.177550757381747e-51,normal,0.9177679882525698,0
242,aaa,aaa,known,aaa,0.9177679882525698,4.7517903426778146e-51,normal,0.9177679882525698,0
243,aaa,aaa,known,aaa,0.9177679882525698,4.361041063397407e-51,normal,0.9177679882525698,0
244,aaa,aaa,known,aaa,0.9177679882525698,4.0024238834410856e-51,normal,0.9177679882525698,0
245,aaa,aaa,known,aaa,0.9177679882525698,3.673296515639763e-51,normal,0.9177679882525698,0
246,aaa,aaa,known,aaa,0.9177679882525698,3.3712339534138797e-51,normal,0.9177679882525698,0
247,aaa,aaa,known,aaa,0.9177679882525698,3.094010603353414e-51,normal,0.9177679882525698,0
248,aaa,aaa,known,aaa,0.9177679882525698,2.839583887071782e-51,normal,0.9177679882525698,0
249,aaa,aaa,known,aaa,0.9177679882525698,2.6060791915122818e-51,normal,0.9177679882525698,0
250,aaa,aaa,known,aaa,0.9177679882525698,2.3917760568211103e-51,normal,0.9177679882525698,0
251,aaa,aaa,known,aaa,0.9177679882525698,2.1950955000193745e-51,normal,0.9177679882525698,0
252,aaa,aaa,known,aaa,0.9177679882525698,2.0145883810750502e-51,normal,0.9177679882525698,0
253,aaa,aaa,known,aaa,0.9177679882525698,1.84892472565625e-51,normal,0.9177679882525698,0
254,aaa,aaa,known,aaa,0.9177679882525698,1.6968839258959713e-51,normal,0.9177679882525698,0
255,aaa,aaa,known,aaa,0.9177679882525698,1.557345746967668e-51,normal,0.9177679882525698,0
256,aaa,aaa,known,aaa,0.9177679882525698,1.4292820732082125e-51,normal,0.9177679882525698,0
257,aaa,aaa,known,aaa,0.9177679882525698,1.3117493329737633e-51,normal,0.9177679882525698,0
258,aaa,aaa,known,aaa,0.9177679882525698,1.203881546414981e-51,normal,0.9177679882525698,0
259,aaa,aaa,known,aaa,0.9177679882525698,1.1048839449476697e-51,normal,0.9177679882525698,0
260,aaa,aaa,known,aaa,0.9177679882525698,1.014027115407186e-51,normal,0.9177679882525698,0
261,aaa,aaa,known,aaa,0.9177679882525698,9.306416257408094e-52,normal,0.9177679882525698,0
262,aaa,aaa,known,aaa,0.9177679882525698,8.541130926402436e-52,normal,0.9177679882525698,0
263,aaa,aaa,known,aaa,0.9177679882525698,7.838776547726172e-52,normal,0.9177679882525698,0
264,aaa,aaa,known,aaa,0.9177679882525698,7.194178182568073e-52,normal,0.9177679882525698,0
265,aaa,aaa,known,aaa,0.9177679882525698,6.602586437746029e-52,normal,0.9177679882525698,0
266,aaa,aaa,known,aaa,0.9177679882525698,6.0596424722338735e-52,normal,0.9177679882525698,0
267,aaa,aaa,known,aaa,0.9177679882525698,5.5613458812719105e-52,normal,0.9177679882525698,0
268,aaa,aaa,known,aaa,0.9177679882525698,5.104025221431636e-52,normal,0.9177679882525698,0
269,aaa,aaa,known,aaa,0.9177679882525698,4.68431095946369e-52,normal,0.9177679882525698,0
270,aaa,aaa,known,aaa,0.9177679882525698,4.299110645616456e-52,normal,0.9177679882525698,0
271,aaa,aaa,known,aaa,0.9177679882525698,3.945586128502621e-52,normal,0.9177679882525698,0
272,aaa,aaa,known,aaa,0.9177679882525698,3.621132643633096e-52,normal,0.9177679882525698,0
273,aaa,aaa,known,aaa,0.9177679882525698,3.3233596215428563e-52,normal,0.9177679882525698,0
274,aaa,aaa,known,aaa,0.9177679882525698,3.0500730741032088e-52,normal,0.9177679882525698,0
275,aaa,aaa,known,aaa,0.9177679882525698,2.799259429243033e-52,normal,0.9177679882525698,0
276,aaa,aaa,known,aaa,0.9177679882525698,2.569070694973415e-52,normal,0.9177679882525698,0
277,aaa,aaa,known,aaa,0.9177679882525698,2.3578108434043825e-52,normal,0.9177679882525698,0
278,aaa,aaa,known,aaa,0.9177679882525698,2.1639233144313348e-52,normal,0.9177679882525698,0
279,aaa,aaa,known,aaa,0.9177679882525698,1.985979547018479e-52,normal,0.9177679882525698,0
280,aaa,aaa,known,aaa,0.9177679882525698,1.8226684535778994e-52,normal,0.9177679882525698,0
281,aaa,aaa,known,aaa,0.9177679882525698,1.672786759891611e-52,normal,0.9177679882525698,0
282,aaa,aaa,known,aaa,0.9177679882525698,1.5352301394012585e-52,normal,0.9177679882525698,0
283,aaa,aaa,known,aaa,0.9177679882525698,1.4089850765430053e-52,normal,0.9177679882525698,0
284,aaa,aaa,known,aaa,0.9177679882525698,1.293121399176767e-52,normal,0.9177679882525698,0
285,aaa,aaa,known,aaa,0.9177679882525698,1.1867854250888097e-52,normal,0.9177679882525698,0
286,aaa,aaa,known,aaa,0.9177679882525698,1.0891936720712278e-52,normal,0.9177679882525698,0
287,aaa,aaa,known,aaa,0.9177679882525698,9.9962708523424e-53,normal,0.9177679882525698,0
288,aaa,aaa,known,aaa,0.9177679882525698,9.174257390182084e-53,normal,0.9177679882525698,0
289,aaa,aaa,known,aaa,0.9177679882525698,8.419839748698682e-53,normal,0.9177679882525698,0
290,aaa,aaa,known,aaa,0.9177679882525698,7.727459387572212e-53,normal,0.9177679882525698,0
291,aaa,aaa,known,aaa,0.9177679882525698,7.092014856435584e-53,normal,0.9177679882525698,0
292,aaa,aaa,known,aaa,0.9177679882525698,6.508824207448224e-53,normal,0.9177679882525698,0
293,aaa,aaa,known,aaa,0.9177679882525698,5.973590498759384e-53,normal,0.9177679882525698,0
294,aaa,aab,known,aab,0.08125305922662751,4.8537250259131556e-54,anomaly,0.08125305922662751,0
295,aab,aba,known,aba,0.4954128440366973,2.4045977192597287e-54,normal,0.4954128440366973,0
296,aba,baa,known,baa,0.601063829787234,1.445316714235901e-54,normal,0.601063829787234,0
297,baa,aaa,known,aaa,0.759090909090909,1.0971267785336155e-54,normal,0.759090909090909,0
298,aaa,aaa,known,aaa,0.9177679882525698,1.006907836392819e-54,normal,0.9177679882525698,0
299,aaa,aab,known,aab,0.08125305922662751,8.181434206618109e-56,anomaly,0.08125305922662751,0
300,aab,aba,known,aba,0.4954128440366973,4.0531875885997974e-56,normal,0.4954128440366973,0
301,aba,baa,known,baa,0.601063829787234,2.4362244548498784e-56,normal,0.601063829787234,0
302,baa,aab,known,aab,0.22727272727272727,5.53687376102245e-57,normal,0.22727272727272727,0
303,aab,abb,known,abb,0.47706422018348627,2.641444363056582e-57,normal,0.47706422018348627,0
304,abb,bbb,known,bbb,0.6132596685082873,1.6198912944711637e-57,normal,0.6132596685082873,0
305,bbb,bba,known,bba,0.19891500904159132,3.222206914861266e-58,anomaly,0.19891500904159132,0
306,bba,bab,known,bab,0.40555555555555556,1.3067839154715134e-58,normal,0.40555555555555556,0
307,bab,abb,known,abb,0.46,6.011206011168962e-59,normal,0.46,0
308,abb,bba,known,bba,0.3370165745856354,2.025876059012744e-59,normal,0.3370165745856354,0
309,bba,bab,known,bab,0.40555555555555556,8.216052905996129e-60,normal,0.40555555555555556,0
310,bab,abb,known,abb,0.46,3.7793843367582196e-60,normal,0.46,0
311,abb,bba,known,bba,0.3370165745856354,1.2737151632168585e-60,normal,0.3370165745856354,0
312,bba,bab,known,bab,0.40555555555555556,5.165622606379482e-61,normal,0.40555555555555556,0
313,bab,abb,known,abb,0.46,2.3761863989345618e-61,normal,0.46,0
314,abb,bba,known,bba,0.3370165745856354,8.00814200745902e-62,normal,0.3370165745856354,0
315,bba,bab,known,bab,0.40555555555555556,3.247746480802825e-62,normal,0.40555555555555556,0
316,bab,aba,known,aba,0.5,1.6238732404014125e-62,normal,0.5,0
317,aba,bab,known,bab,0.39361702127659576,6.391841478175773e-63,normal,0.39361702127659576,0
318,bab,abc,known,abc,0.04,2.556736591270309e-64,anomaly,0.04,0
319,abc,bcb,known,bcb,0.9230769230769231,2.3600645457879776e-64,normal,0.9230769230769231,0
320,bcb,cbb,known,cbb,0.5471698113207547,1.2913560722236103e-64,normal,0.5471698113207547,0
321,cbb,bbb,known,bbb,0.5964912280701754,7.702825693965394e-65,normal,0.5964912280701754,0
322,bbb,bbb,known,bbb,0.7377938517179023,5.683097437862352e-65,normal,0.7377938517179023,0
323,bbb,bbb,known,bbb,0.7377938517179023,4.192954348368607e-65,normal,0.7377938517179023,0
324,bbb,bbb,known,bbb,0.7377938517179023,3.093535938760202e-65,normal,0.7377938517179023,0
325,bbb,bbc,known,bbc,0.06329113924050633,1.9579341384558242e-66,anomaly,0.06329113924050633,0
326,bbc,bcb,known,bcb,0.5344827586206896,1.0464820395194921e-66,normal,0.5344827586206896,0
327,bcb,cba,known,cba,0.16981132075471697,1.7770449727689488e-67,anomaly,0.16981132075471697,0
328,cba,bab,known,bab,0.23076923076923078,4.1008730140821894e-68,normal,0.23076923076923078,0
329,bab,abb,known,abb,0.46,1.8864015864778074e-68,normal,0.46,0
330,abb,bbb,known,bbb,0.6132596685082873,1.1568540115968874e-68,normal,0.6132596685082873,0
331,bbb,bbc,known,bbc,0.06329113924050633,7.321860832891693e-70,anomaly,0.06329113924050633,0
332,bbc,bcb,known,bcb,0.5344827586206896,3.9134083762007325e-70,normal,0.5344827586206896,0
333,bcb,cbb,known,cbb,0.5471698113207547,2.141298922826816e-70,normal,0.5471698113207547,0
334,cbb,bbb,known,bbb,0.5964912280701754,1.2772660241423112e-70,normal,0.5964912280701754,0
335,bbb,bbb,known,bbb,0.7377938517179023,9.42359019620367e-71,normal,0.7377938517179023,0
336,bbb,bbb,known,bbb,0.7377938517179023,6.952666907868169e-71,normal,0.7377938517179023,0
337,bbb,bbb,known,bbb,0.7377938517179023,5.129634897667654e-71,normal,0.7377938517179023,0
338,bbb,bbb,known,bbb,0.7377938517179023,3.784613089056787e-71,normal,0.7377938517179023,0
339,bbb,bbb,known,bbb,0.7377938517179023,2.7922642682371953e-71,normal,0.7377938517179023,0
340,bbb,bbc,known,bbc,0.06329113924050633,1.7672558659729085e-72,anomaly,0.06329113924050633,0
341,bbc,bcb,known,bcb,0.5344827586206896,9.445677904337958e-73,normal,0.5344827586206896,0
342,bcb,cba,known,cba,0.16981132075471697,1.603983040359276e-73,anomaly,0.16981132075471697,0
343,cba,bab,known,bab,0.23076923076923078,3.701499323906021e-74,normal,0.23076923076923078,0
344,bab,abb,known,abb,0.46,1.7026896889967699e-74,normal,0.46,0
345,abb,bba,known,bba,0.3370165745856354,5.738346465679722e-75,normal,0.3370165745856354,0
346,bba,bab,known,bab,0.40555555555555556,2.3272182888589985e-75,normal,0.40555555555555556,0
347,bab,abb,known,abb,0.46,1.0705204128751393e-75,normal,0.46,0
348,abb,bba,known,bba,0.3370165745856354,3.607831225711796e-76,normal,0.3370165745856354,0
349,bba,bab,known,bab,0.40555555555555556,1.4631759970942285e-76,normal,0.40555555555555556,0
350,bab,abb,known,abb,0.46,6.730609586633452e-77,normal,0.46,0
351,abb,bbb,known,bbb,0.6132596685082873,4.127611403957531e-77,normal,0.6132596685082873,0
352,bbb,bbb,known,bbb,0.7377938517179023,3.0453263161205652e-77,normal,0.7377938517179023,0
353,bbb,bbb,known,bbb,0.7377938517179023,2.246823032508482e-77,normal,0.7377938517179023,0
354,bbb,bbc,known,bbc,0.06329113924050633,1.4220398939927103e-78,anomaly,0.06329113924050633,0
355,bbc,bcb,known,bcb,0.5344827586206896,7.600558054098969e-79,normal,0.5344827586206896,0
356,bcb,cbb,known,cbb,0.5471698113207547,4.1587959163937753e-79,normal,0.5471698113207547,0
357,cbb,bbc,known,bbc,0.24561403508771928,1.0214586461318044e-79,normal,0.24561403508771928,0
358,bbc,bcb,known,bcb,0.5344827586206896,5.459520350014816e-80,normal,0.5344827586206896,0
359,bcb,cbc,known,cbc,0.2830188679245283,1.5451472688721178e-80,normal,0.2830188679245283,0
360,cbc,bcb,known,bcb,0.4,6.180589075488471e-81,normal,0.4,0
361,bcb,cbb,known,cbb,0.5471698113207547,3.3818317582861448e-81,normal,0.5471698113207547,0
362,cbb,bbb,known,bbb,0.5964912280701754,2.0172329786268231e-81,normal,0.5964912280701754,0
363,bbb,bbb,known,bbb,0.7377938517179023,1.488302089113461e-81,normal,0.7377938517179023,0
364,bbb,bbb,known,bbb,0.7377938517179023,1.098060130846821e-81,normal,0.7377938517179023,0
365,bbb,bbb,known,bbb,0.7377938517179023,8.1014201335534e-82,normal,0.7377938517179023,0
366,bbb,bbb,known,bbb,0.7377938517179023,5.977177964719325e-82,normal,0.7377938517179023,0
367,bbb,bbb,known,bbb,0.7377938517179023,4.4099251529936436e-82,normal,0.7377938517179023,0
368,bbb,bba,known,bba,0.19891500904159132,8.772003016804716e-83,anomaly,0.19891500904159132,0
369,bba,bac,known,bac,0.03888888888888889,3.4113345065351678e-84,anomaly,0.03888888888888889,0
370,bac,acb,known,acb,0.6363636363636364,2.1708492314314704e-84,normal,0.6363636363636364,0
371,acb,cba,known,cba,0.2222222222222222,4.824109403181045e-85,normal,0.2222222222222222,0
372,cba,bac,known,bac,0.23076923076923078,1.1132560161187027e-85,normal,0.23076923076923078,0
373,bac,acb,known,acb,0.6363636363636364,7.084356466209926e-86,normal,0.6363636363636364,0
374,acb,cbb,known,cbb,0.5555555555555556,3.935753592338848e-86,normal,0.5555555555555556,0
375,cbb,bbc,known,bbc,0.24561403508771928,9.666763209253309e-87,normal,0.24561403508771928,0
376,bbc,bcb,known,bcb,0.5344827586206896,5.1667182670147e-87,normal,0.5344827586206896,0
377,bcb,cbc,known,cbc,0.2830188679245283,1.462278754815481e-87,normal,0.2830188679245283,0
378,cbc,bcd,known,bcd,0.0,1.462278754815481e-91,anomaly,0.0,0
379,bcd,cdd,known,cdd,0.0,1.462278754815481e-95,anomaly,0.0,0
380,cdd,ddd,known,ddd,0.8260869565217391,1.207969406151919e-95,normal,0.8260869565217391,0
381,ddd,ddd,known,ddd,0.9878048780487805,1.1932380719305542e-95,normal,0.9878048780487805,0
382,ddd,ddd,known,ddd,0.9878048780487805,1.1786863881265231e-95,normal,0.9878048780487805,0
383,ddd,ddd,known,ddd,0.9878048780487805,1.1643121638810776e-95,normal,0.9878048780487805,0
384,ddd,ddd,known,ddd,0.9878048780487805,1.1501132350532597e-95,normal,0.9878048780487805,0
385,ddd,ddd,known,ddd,0.9878048780487805,1.1360874638940735e-95,normal,0.9878048780487805,0
386,ddd,ddd,known,ddd,0.9878048780487805,1.1222327387246335e-95,normal,0.9878048780487805,0
387,ddd,ddd,known,ddd,0.9878048780487805,1.1085469736182355e-95,normal,0.9878048780487805,0
388,ddd,ddd,known,ddd,0.9878048780487805,1.0950281080863057e-95,normal,0.9878048780487805,0
389,ddd,ddd,known,ddd,0.9878048780487805,1.0816741067681801e-95,normal,0.9878048780487805,0
390,ddd,ddd,known,ddd,0.9878048780487805,1.0684829591246656e-95,normal,0.9878048780487805,0
391,ddd,ddd,known,ddd,0.9878048780487805,1.0554526791353404e-95,normal,0.9878048780487805,0
392,ddd,ddd,known,ddd,0.9878048780487805,1.0425813049995435e-95,normal,0.9878048780487805,0
393,ddd,ddd,known,ddd,0.9878048780487805,1.0298668988410124e-95,normal,0.9878048780487805,0
394,ddd,ddd,known,ddd,0.9878048780487805,1.017307546416122e-95,normal,0.9878048780487805,0
395,ddd,ddd,known,ddd,0.9878048780487805,1.0049013568256816e-95,normal,0.9878048780487805,0
396,ddd,ddd,known,ddd,0.9878048780487805,9.926464622302464e-96,normal,0.9878048780487805,0
397,ddd,ddd,known,ddd,0.9878048780487805,9.80541017568902e-96,normal,0.9878048780487805,0
398,ddd,ddd,known,ddd,0.9878048780487805,9.685832002814764e-96,normal,0.9878048780487805,0
399,ddd,ddd,known,ddd,0.9878048780487805,9.567712100341412e-96,normal,0.9878048780487805,0
400,ddd,ddd,known,ddd,0.9878048780487805,9.45103268448359e-96,normal,0.9878048780487805,0
401,ddd,ddd,known,ddd,0.9878048780487805,9.335776188331351e-96,normal,0.9878048780487805,0
402,ddd,ddc,known,ddc,0.011614401858304297,1.0842945631046866e-97,anomaly,0.011614401858304297,0
403,ddc,dcc,known,dcc,0.391304347826087,4.242891768670513e-98,normal,0.391304347826087,0
404,dcc,ccd,known,ccd,0.4666666666666667,1.980016158712906e-98,normal,0.4666666666666667,0
405,ccd,cdc,known,cdc,0.4,7.920064634851624e-99,normal,0.4,0
406,cdc,dcd,known,dcd,0.5625,4.455036357104039e-99,normal,0.5625,0
407,dcd,cdd,known,cdd,0.6086956521739131,2.711761260845937e-99,normal,0.6086956521739131,0
408,cdd,ddd,known,ddd,0.8260869565217391,2.240150606785774e-99,normal,0.8260869565217391,0
409,ddd,ddd,known,ddd,0.9878048780487805,2.212831696946923e-99,normal,0.9878048780487805,0
410,ddd,ddd,known,ddd,0.9878048780487805,2.1858459445451313e-99,normal,0.9878048780487805,0
411,ddd,ddd,known,ddd,0.9878048780487805,2.159189286684825e-99,normal,0.9878048780487805,0
412,ddd,ddd,known,ddd,0.9878048780487805,2.1328577100179367e-99,normal,0.9878048780487805,0
413,ddd,ddd,known,ddd,0.9878048780487805,2.1068472501396693e-99,normal,0.9878048780487805,0
414,ddd,ddd,known,ddd,0.9878048780487805,2.0811539909916245e-99,normal,0.9878048780487805,0
415,ddd,ddd,known,ddd,0.9878048780487805,2.0557740642722142e-99,normal,0.9878048780487805,0
416,ddd,ddd,known,ddd,0.9878048780487805,2.0307036488542604e-99,normal,0.9878048780487805,0
417,ddd,ddd,known,ddd,0.9878048780487805,2.0059389702096963e-99,normal,0.9878048780487805,0
418,ddd,ddd,known,ddd,0.9878048780487805,1.9814762998412855e-99,normal,0.9878048780487805,0
419,ddd,ddd,known,ddd,0.9878048780487805,1.95731195472127e-99,normal,0.9878048780487805,0
420,ddd,ddd,known,ddd,0.9878048780487805,1.933442296736864e-99,normal,0.9878048780487805,0
421,ddd,ddd,known,ddd,0.9878048780487805,1.909863732142512e-99,normal,0.9878048780487805,0
422,ddd,ddd,known,ddd,0.9878048780487805,1.8865727110188227e-99,normal,0.9878048780487805,0
423,ddd,ddd,known,ddd,0.9878048780487805,1.863565726738105e-99,normal,0.9878048780487805,0
424,ddd,ddd,known,ddd,0.9878048780487805,1.840839315436421e-99,normal,0.9878048780487805,0
425,ddd,ddd,known,ddd,0.9878048780487805,1.8183900554920744e-99,normal,0.9878048780487805,0
426,ddd,ddd,known,ddd,0.9878048780487805,1.7962145670104638e-99,normal,0.9878048780487805,0
427,ddd,ddc,known,ddc,0.011614401858304297,2.086195780499958e-101,anomaly,0.011614401858304297,0
428,ddc,dcc,known,dcc,0.391304347826087,8.163374793260705e-102,normal,0.391304347826087,0
429,dcc,ccd,known,ccd,0.4666666666666667,3.809574903521662e-102,normal,0.4666666666666667,0
430,ccd,cdc,known,cdc,0.4,1.523829961408665e-102,normal,0.4,0
431,cdc,dcc,known,dcc,0.375,5.714362355282494e-103,normal,0.375,0
432,dcc,ccd,known,ccd,0.4666666666666667,2.666702432465164e-103,normal,0.4666666666666667,0
433,ccd,cdc,known,cdc,0.4,1.0666809729860655e-103,normal,0.4,0
434,cdc,dcc,known,dcc,0.375,4.000053648697746e-104,normal,0.375,0
435,dcc,ccd,known,ccd,0.4666666666666667,1.8666917027256147e-104,normal,0.4666666666666667,0
436,ccd,cdc,known,cdc,0.4,7.46676681090246e-105,normal,0.4,0
437,cdc,dcd,known,dcd,0.5625,4.200056331132634e-105,normal,0.5625,0
438,dcd,cdd,known,cdd,0.6086956521739131,2.5565560276459513e-105,normal,0.6086956521739131,0
439,cdd,ddd,known,ddd,0.8260869565217391,2.111937588055351e-105,normal,0.8260869565217391,0
440,ddd,ddd,known,ddd,0.9878048780487805,2.0861822516156517e-105,normal,0.9878048780487805,0
441,ddd,ddd,known,ddd,0.9878048780487805,2.060741004644729e-105,normal,0.9878048780487805,0
442,ddd,ddd,known,ddd,0.9878048780487805,2.035610016783208e-105,normal,0.9878048780487805,0
443,ddd,ddd,known,ddd,0.9878048780487805,2.010785504383413e-105,normal,0.9878048780487805,0
444,ddd,ddd,known,ddd,0.9878048780487805,1.986263729939713e-105,normal,0.9878048780487805,0
445,ddd,ddd,known,ddd,0.9878048780487805,1.962041001525814e-105,normal,0.9878048780487805,0
446,ddd,ddd,known,ddd,0.9878048780487805,1.938113672238914e-105,normal,0.9878048780487805,0
447,ddd,ddd,known,ddd,0.9878048780487805,1.9144781396506343e-105,normal,0.9878048780487805,0
448,ddd,ddd,known,ddd,0.9878048780487805,1.891130845264651e-105,normal,0.9878048780487805,0
449,ddd,ddd,known,ddd,0.9878048780487805,1.8680682739809357e-105,normal,0.9878048780487805,0
450,ddd,ddd,known,ddd,0.9878048780487805,1.845286953566534e-105,normal,0.9878048780487805,0
451,ddd,ddd,known,ddd,0.9878048780487805,1.8227834541327958e-105,normal,0.9878048780487805,0
452,ddd,ddd,known,ddd,0.9878048780487805,1.800554387618981e-105,normal,0.9878048780487805,0
453,ddd,ddd,known,ddd,0.9878048780487805,1.778596407282164e-105,normal,0.9878048780487805,0
454,ddd,ddd,known,ddd,0.9878048780487805,1.7569062071933574e-105,normal,0.9878048780487805,0
455,ddd,ddd,known,ddd,0.9878048780487805,1.7354805217397798e-105,normal,0.9878048780487805,0
456,ddd,ddc,known,ddc,0.011614401858304297,2.015656819674541e-107,anomaly,0.011614401858304297,0
457,ddc,dcc,known,dcc,0.391304347826087,7.887352772639509e-108,normal,0.391304347826087,0
458,dcc,ccd,known,ccd,0.4666666666666667,3.680764627231771e-108,normal,0.4666666666666667,0
459,ccd,cdd,known,cdd,0.6,2.2084587763390623e-108,normal,0.6,0
460,cdd,ddd,known,ddd,0.8260869565217391,1.82437898914966e-108,normal,0.8260869565217391,0
461,ddd,ddd,known,ddd,0.9878048780487805,1.8021304648917373e-108,normal,0.9878048780487805,0
462,ddd,ddd,known,ddd,0.9878048780487805,1.7801532641003747e-108,normal,0.9878048780487805,0
463,ddd,ddd,known,ddd,0.9878048780487805,1.7584440779528093e-108,normal,0.9878048780487805,0
464,ddd,ddd,known,ddd,0.9878048780487805,1.736999637977775e-108,normal,0.9878048780487805,0
465,ddd,ddd,known,ddd,0.9878048780487805,1.715816715563412e-108,normal,0.9878048780487805,0
466,ddd,ddd,known,ddd,0.9878048780487805,1.6948921214711753e-108,normal,0.9878048780487805,0
467,ddd,ddc,known,ddc,0.011614401858304297,1.968515820524013e-110,anomaly,0.011614401858304297,0
468,ddc,dcc,known,dcc,0.391304347826087,7.702887993354834e-111,normal,0.391304347826087,0
469,dcc,ccc,known,ccc,0.5333333333333333,4.108206929789245e-111,normal,0.5333333333333333,0
470,ccc,ccd,known,ccd,0.16,6.573131087662792e-112,anomaly,0.16,0
471,ccd,cdd,known,cdd,0.6,3.943878652597675e-112,normal,0.6,0
472,cdd,ddd,known,ddd,0.8260869565217391,3.2579867130154705e-112,normal,0.8260869565217391,0
473,ddd,ddd,known,ddd,0.9878048780487805,3.218255167734794e-112,normal,0.9878048780487805,0
474,ddd,ddd,known,ddd,0.9878048780487805,3.179008153494126e-112,normal,0.9878048780487805,0
475,ddd,ddd,known,ddd,0.9878048780487805,3.140239761378344e-112,normal,0.9878048780487805,0
476,ddd,ddd,known,ddd,0.9878048780487805,3.1019441545322664e-112,normal,0.9878048780487805,0
477,ddd,ddd,known,ddd,0.9878048780487805,3.064115567281873e-112,normal,0.9878048780487805,0
478,ddd,ddc,known,ddc,0.011614401858304297,3.558786953869771e-114,anomaly,0.011614401858304297,0
479,ddc,dcd,known,dcd,0.6086956521739131,2.1662181458337737e-114,normal,0.6086956521739131,0
480,dcd,cdc,known,cdc,0.391304347826087,8.476505788045201e-115,normal,0.391304347826087,0
481,cdc,dcd,known,dcd,0.5625,4.768034505775426e-115,normal,0.5625,0
482,dcd,cdd,known,cdd,0.6086956521739131,2.902281873080694e-115,normal,0.6086956521739131,0
483,cdd,ddc,known,ddc,0.13043478260869565,3.7855850518443833e-116,anomaly,0.13043478260869565,0
484,ddc,dcd,known,dcd,0.6086956521739131,2.3042691619922334e-116,normal,0.6086956521739131,0
485,dcd,cdd,known,cdd,0.6086956521739131,1.4025986203430988e-116,normal,0.6086956521739131,0
486,cdd,ddc,known,ddc,0.13043478260869565,1.8294764613170852e-117,anomaly,0.13043478260869565,0
487,ddc,dcd,known,dcd,0.6086956521739131,1.1135943677582259e-117,normal,0.6086956521739131,0
488,dcd,cdc,known,cdc,0.391304347826087,4.357543178184363e-118,normal,0.391304347826087,0
489,cdc,dcd,known,dcd,0.5625,2.451118037728704e-118,normal,0.5625,0
490,dcd,cdd,known,cdd,0.6086956521739131,1.4919848925305156e-118,normal,0.6086956521739131,0
491,cdd,ddd,known,ddd,0.8260869565217391,1.2325092590469475e-118,normal,0.8260869565217391,0
492,ddd,ddd,known,ddd,0.9878048780487805,1.2174786583268628e-118,normal,0.9878048780487805,0
493,ddd,ddd,known,ddd,0.9878048780487805,1.2026313576155595e-118,normal,0.9878048780487805,0
494,ddd,ddc,known,ddc,0.011614401858304297,1.3967843874745174e-120,anomaly,0.011614401858304297,0
495,ddc,dcd,known,dcd,0.6086956521739131,8.502165836801411e-121,normal,0.6086956521739131,0
496,dcd,cdc,known,cdc,0.391304347826087,3.3269344578788133e-121,normal,0.391304347826087,0
497,cdc,dcd,known,dcd,0.5625,1.8714006325568324e-121,normal,0.5625,0
498,dcd,cdc,known,cdc,0.391304347826087,7.32287204043978e-122,normal,0.391304347826087,0
499,cdc,dcc,known,dcc,0.375,2.746077015164917e-122,normal,0.375,0
500,dcc,ccc,known,ccc,0.5333333333333333,1.4645744080879558e-122,normal,0.5333333333333333,0
501,ccc,ccc,known,ccc,0.62,9.080361330145327e-123,normal,0.62,0
502,ccc,ccc,known,ccc,0.62,5.629824024690102e-123,normal,0.62,0
503,ccc,ccc,known,ccc,0.62,3.490490895307863e-123,normal,0.62,0
504,ccc,ccc,known,ccc,0.62,2.1641043550908753e-123,normal,0.62,0
505,ccc,ccc,known,ccc,0.62,1.3417447001563427e-123,normal,0.62,0
506,ccc,ccd,known,ccd,0.16,2.1467915202501482e-124,anomaly,0.16,0
507,ccd,cdd,known,cdd,0.6,1.2880749121500888e-124,normal,0.6,0
508,cdd,ddc,known,ddc,0.13043478260869565,1.680097711500116e-125,anomaly,0.13043478260869565,0
509,ddc,dcc,known,dcc,0.391304347826087,6.574295392826541e-126,normal,0.391304347826087,0
510,dcc,ccc,known,ccc,0.5333333333333333,3.506290876174155e-126,normal,0.5333333333333333,0
511,ccc,ccd,known,ccd,0.16,5.610065401878648e-127,anomaly,0.16,0
512,ccd,cdc,known,cdc,0.4,2.2440261607514595e-127,normal,0.4,0
513,cdc,dcd,known,dcd,0.5625,1.262264715422696e-127,normal,0.5625,0
514,dcd,cdd,known,cdd,0.6086956521739131,7.683350441703367e-128,normal,0.6086956521739131,0
515,cdd,ddc,known,ddc,0.13043478260869565,1.0021761445700044e-128,anomaly,0.13043478260869565,0
516,ddc,dcc,known,dcc,0.391304347826087,3.9215588265782783e-129,normal,0.391304347826087,0
517,dcc,ccc,known,ccc,0.5333333333333333,2.0914980408417484e-129,normal,0.5333333333333333,0
518,ccc,ccc,known,ccc,0.62,1.296728785321884e-129,normal,0.62,0
519,ccc,ccc,known,ccc,0.62,8.03971846899568e-130,normal,0.62,0
520,ccc,ccc,known,ccc,0.62,4.984625450777322e-130,normal,0.62,0
521,ccc,ccc,known,ccc,0.62,3.0904677794819397e-130,normal,0.62,0
522,ccc,ccd,known,ccd,0.16,4.944748447171104e-131,anomaly,0.16,0
523,ccd,cdd,known,cdd,0.6,2.966849068302662e-131,normal,0.6,0
524,cdd,ddc,known,ddc,0.13043478260869565,3.8698031325686895e-132,anomaly,0.13043478260869565,0
525,ddc,dcc,known,dcc,0.391304347826087,1.5142707910051393e-132,normal,0.391304347826087,0
526,dcc,ccc,known,ccc,0.5333333333333333,8.076110885360743e-133,normal,0.5333333333333333,0
527,ccc,ccc,known,ccc,0.62,5.0071887489236605e-133,normal,0.62,0
528,ccc,ccd,known,ccd,0.16,8.011501998277857e-134,anomaly,0.16,0
529,ccd,cdd,known,cdd,0.6,4.806901198966714e-134,normal,0.6,0
530,cdd,ddd,known,ddd,0.8260869565217391,3.970918381755112e-134,normal,0.8260869565217391,0
531,ddd,ddc,known,ddc,0.011614401858304297,4.611984183223126e-136,anomaly,0.011614401858304297,0
532,ddc,dcc,known,dcc,0.391304347826087,1.804689463000354e-136,normal,0.391304347826087,0
533,dcc,ccc,known,ccc,0.5333333333333333,9.62501046933522e-137,normal,0.5333333333333333,0
534,ccc,ccc,known,ccc,0.62,5.967506490987836e-137,normal,0.62,0
535,ccc,ccd,known,ccd,0.16,9.548010385580538e-138,anomaly,0.16,0
536,ccd,cdd,known,cdd,0.6,5.728806231348323e-138,normal,0.6,0
537,cdd,ddc,known,ddc,0.13043478260869565,7.472355953932594e-139,anomaly,0.13043478260869565,0
538,ddc,dcc,known,dcc,0.391304347826087,2.9239653732779717e-139,normal,0.391304347826087,0
539,dcc,ccc,known,ccc,0.5333333333333333,1.5594481990815848e-139,normal,0.5333333333333333,0
540,ccc,ccc,known,ccc,0.62,9.668578834305826e-140,normal,0.62,0
541,ccc,ccc,known,ccc,0.62,5.994518877269612e-140,normal,0.62,0
542,ccc,ccd,known,ccd,0.16,9.59123020363138e-141,anomaly,0.16,0
543,ccd,cdd,known,cdd,0.6,5.754738122178827e-141,normal,0.6,0
544,cdd,ddd,known,ddd,0.8260869565217391,4.753914100930336e-141,normal,0.8260869565217391,0
545,ddd,ddd,known,ddd,0.9878048780487805,4.695939538723868e-141,normal,0.9878048780487805,0
546,ddd,ddc,known,ddc,0.011614401858304297,5.454052890503912e-143,anomaly,0.011614401858304297,0
547,ddc,dcd,known,dcd,0.6086956521739131,3.3198582811762943e-143,normal,0.6086956521739131,0
548,dcd,cdd,known,cdd,0.6086956521739131,2.0207833015855705e-143,normal,0.6086956521739131,0
549,cdd,ddd,known,ddd,0.8260869565217391,1.6693427273967757e-143,normal,0.8260869565217391,0
550,ddd,ddd,known,ddd,0.9878048780487805,1.6489848892577907e-143,normal,0.9878048780487805,0
551,ddd,ddd,known,ddd,0.9878048780487805,1.6288753174375736e-143,normal,0.9878048780487805,0
552,ddd,ddd,known,ddd,0.9878048780487805,1.609010984298091e-143,normal,0.9878048780487805,0
553,ddd,ddd,known,ddd,0.9878048780487805,1.589388899123724e-143,normal,0.9878048780487805,0
554,ddd,ddd,known,ddd,0.9878048780487805,1.5700061076709957e-143,normal,0.9878048780487805,0
555,ddd,ddd,known,ddd,0.9878048780487805,1.5508596917237883e-143,normal,0.9878048780487805,0
556,ddd,ddd,known,ddd,0.9878048780487805,1.531946768653986e-143,normal,0.9878048780487805,0
557,ddd,ddd,known,ddd,0.9878048780487805,1.5132644909874738e-143,normal,0.9878048780487805,0
558,ddd,ddd,known,ddd,0.9878048780487805,1.4948100459754314e-143,normal,0.9878048780487805,0
559,ddd,ddc,known,ddc,0.011614401858304297,1.7361324575788983e-145,anomaly,0.011614401858304297,0
560,ddc,dcc,known,dcc,0.391304347826087,6.793561790526124e-146,normal,0.391304347826087,0
561,dcc,ccc,known,ccc,0.5333333333333333,3.623232954947266e-146,normal,0.5333333333333333,0
562,ccc,ccc,known,ccc,0.62,2.2464044320673047e-146,normal,0.62,0
563,ccc,ccd,known,ccd,0.16,3.5942470913076875e-147,anomaly,0.16,0
564,ccd,cdc,known,cdc,0.4,1.437698836523075e-147,normal,0.4,0
565,cdc,dcd,known,dcd,0.5625,8.087055955442298e-148,normal,0.5625,0
566,dcd,cdd,known,cdd,0.6086956521739131,4.922555798964877e-148,normal,0.6086956521739131,0
567,cdd,ddd,known,ddd,0.8260869565217391,4.066459138275333e-148,normal,0.8260869565217391,0
568,ddd,ddd,known,ddd,0.9878048780487805,4.016868173174414e-148,normal,0.9878048780487805,0
569,ddd,ddc,known,ddc,0.011614401858304297,4.66535211750803e-150,anomaly,0.011614401858304297,0
570,ddc,dcd,known,dcd,0.6086956521739131,2.839779549787497e-150,normal,0.6086956521739131,0
571,dcd,cdc,known,cdc,0.391304347826087,1.1112180846994553e-150,normal,0.391304347826087,0
572,cdc,dcd,known,dcd,0.5625,6.250601726434436e-151,normal,0.5625,0
573,dcd,cdd,known,cdd,0.6086956521739131,3.804714094351396e-151,normal,0.6086956521739131,0
574,cdd,ddd,known,ddd,0.8260869565217391,3.14302468663811e-151,normal,0.8260869565217391,0
575,ddd,ddd,known,ddd,0.9878048780487805,3.104695117288865e-151,normal,0.9878048780487805,0
576,ddd,ddc,known,ddc,0.011614401858304297,3.605917673970807e-153,anomaly,0.011614401858304297,0
577,ddc,dcd,known,dcd,0.6086956521739131,2.1949064102431e-153,normal,0.6086956521739131,0
578,dcd,cdc,known,cdc,0.391304347826087,8.588764213994739e-154,normal,0.391304347826087,0
579,cdc,dcc,known,dcc,0.375,3.220786580248027e-154,normal,0.375,0
580,dcc,ccc,known,ccc,0.5333333333333333,1.717752842798948e-154,normal,0.5333333333333333,0
581,ccc,ccc,known,ccc,0.62,1.0650067625353478e-154,normal,0.62,0
582,ccc,ccc,known,ccc,0.62,6.603041927719156e-155,normal,0.62,0
583,ccc,ccc,known,ccc,0.62,4.093885995185877e-155,normal,0.62,0
584,ccc,ccc,known,ccc,0.62,2.5382093170152435e-155,normal,0.62,0
585,ccc,ccc,known,ccc,0.62,1.5736897765494509e-155,normal,0.62,0
586,ccc,ccc,known,ccc,0.62,9.756876614606595e-156,normal,0.62,0
587,ccc,ccc,known,ccc,0.62,6.049263501056088e-156,normal,0.62,0
588,ccc,ccc,known,ccc,0.62,3.7505433706547747e-156,normal,0.62,0
589,ccc,ccc,known,ccc,0.62,2.3253368898059602e-156,normal,0.62,0
590,ccc,ccc,known,ccc,0.62,1.4417088716796953e-156,normal,0.62,0
591,ccc,ccc,known,ccc,0.62,8.93859500441411e-157,normal,0.62,0
592,ccc,ccd,known,ccd,0.16,1.4301752007062577e-157,anomaly,0.16,0
593,ccd,cdc,known,cdc,0.4,5.720700802825031e-158,normal,0.4,0
594,cdc,dcc,known,dcc,0.375,2.1452628010593867e-158,normal,0.375,0
595,dcc,ccc,known,ccc,0.5333333333333333,1.1441401605650063e-158,normal,0.5333333333333333,0
596,ccc,ccb,known,ccb,0.22,2.517108353243014e-159,normal,0.22,0
597,ccb,cbb,known,cbb,0.696969696969697,1.7543482461996765e-159,normal,0.696969696969697,0
598,cbb,bbc,known,bbc,0.24561403508771928,4.308925516981661e-160,normal,0.24561403508771928,0
599,bbc,bcc,known,bcc,0.3448275862068966,1.4858363851660902e-160,normal,0.3448275862068966,0
600,bcc,ccc,known,ccc,0.3333333333333333,4.9527879505536334e-161,normal,0.3333333333333333,0
601,ccc,ccd,known,ccd,0.16,7.924460720885814e-162,anomaly,0.16,0
602,ccd,cdc,known,cdc,0.4,3.1697842883543257e-162,normal,0.4,0
603,cdc,dcc,known,dcc,0.375,1.188669108132872e-162,normal,0.375,0
604,dcc,ccc,known,ccc,0.5333333333333333,6.339568576708651e-163,normal,0.5333333333333333,0
605,ccc,ccb,known,ccb,0.22,1.394705086875903e-163,normal,0.22,0
606,ccb,cbc,known,cbc,0.24242424242424243,3.3811032409112804e-164,normal,0.24242424242424243,0
607,cbc,bcc,known,bcc,0.48,1.6229295556374145e-164,normal,0.48,0
608,bcc,ccc,known,ccc,0.3333333333333333,5.409765185458048e-165,normal,0.3333333333333333,0
609,ccc,ccc,known,ccc,0.62,3.35405441498399e-165,normal,0.62,0
610,ccc,ccc,known,ccc,0.62,2.079513737290074e-165,normal,0.62,0
611,ccc,ccc,known,ccc,0.62,1.289298517119846e-165,normal,0.62,0
612,ccc,ccc,known,ccc,0.62,7.993650806143045e-166,normal,0.62,0
613,ccc,ccb,known,ccb,0.22,1.75860317735147e-166,normal,0.22,0
614,ccb,cbc,known,cbc,0.24242424242424243,4.263280429942958e-167,normal,0.24242424242424243,0
615,cbc,bcc,known,bcc,0.48,2.0463746063726195e-167,normal,0.48,0
616,bcc,ccc,known,ccc,0.3333333333333333,6.821248687908732e-168,normal,0.3333333333333333,0
617,ccc,ccc,known,ccc,0.62,4.2291741865034137e-168,normal,0.62,0
618,ccc,ccc,known,ccc,0.62,2.6220879956321163e-168,normal,0.62,0
619,ccc,ccc,known,ccc,0.62,1.6256945572919121e-168,normal,0.62,0
620,ccc,ccc,known,ccc,0.62,1.0079306255209855e-168,normal,0.62,0
621,ccc,ccc,known,ccc,0.62,6.24916987823011e-169,normal,0.62,0
622,ccc,ccc,known,ccc,0.62,3.874485324502668e-169,normal,0.62,0
623,ccc,ccc,known,ccc,0.62,2.402180901191654e-169,normal,0.62,0
624,ccc,ccc,known,ccc,0.62,1.4893521587388256e-169,normal,0.62,0
625,ccc,ccc,known,ccc,0.62,9.233983384180718e-170,normal,0.62,0
626,ccc,ccd,known,ccd,0.16,1.477437341468915e-170,anomaly,0.16,0
627,ccd,cdc,known,cdc,0.4,5.90974936587566e-171,normal,0.4,0
628,cdc,dcd,known,dcd,0.5625,3.324234018305059e-171,normal,0.5625,0
629,dcd,cdc,known,cdc,0.391304347826087,1.3007872245541534e-171,normal,0.391304347826087,0
630,cdc,dcc,known,dcc,0.375,4.8779520920780756e-172,normal,0.375,0
631,dcc,ccc,known,ccc,0.5333333333333333,2.601574449108307e-172,normal,0.5333333333333333,0
632,ccc,ccd,known,ccd,0.16,4.162519118573291e-173,anomaly,0.16,0
633,ccd,cdc,known,cdc,0.4,1.6650076474293166e-173,normal,0.4,0
634,cdc,dcc,known,dcc,0.375,6.243778677859937e-174,normal,0.375,0
635,dcc,ccd,known,ccd,0.4666666666666667,2.913763383001304e-174,normal,0.4666666666666667,0
636,ccd,cdc,known,cdc,0.4,1.1655053532005217e-174,normal,0.4,0
637,cdc,dcc,known,dcc,0.375,4.370645074501956e-175,normal,0.375,0
638,dcc,ccc,known,ccc,0.5333333333333333,2.3310107064010432e-175,normal,0.5333333333333333,0
639,ccc,ccc,known,ccc,0.62,1.4452266379686468e-175,normal,0.62,0
640,ccc,ccc,known,ccc,0.62,8.96040515540561e-176,normal,0.62,0
641,ccc,ccc,known,ccc,0.62,5.555451196351478e-176,normal,0.62,0
642,ccc,ccc,known,ccc,0.62,3.444379741737917e-176,normal,0.62,0
643,ccc,ccc,known,ccc,0.62,2.1355154398775085e-176,normal,0.62,0
644,ccc,ccc,known,ccc,0.62,1.3240195727240552e-176,normal,0.62,0
645,ccc,ccc,known,ccc,0.62,8.208921350889143e-177,normal,0.62,0
646,ccc,ccc,known,ccc,0.62,5.089531237551269e-177,normal,0.62,0
647,ccc,ccc,known,ccc,0.62,3.155509367281787e-177,normal,0.62,0
648,ccc,ccc,known,ccc,0.62,1.9564158077147077e-177,normal,0.62,0
649,ccc,ccc,known,ccc,0.62,1.2129778007831189e-177,normal,0.62,0
650,ccc,ccc,known,ccc,0.62,7.520462364855337e-178,normal,0.62,0
651,ccc,ccc,known,ccc,0.62,4.662686666210309e-178,normal,0.62,0
652,ccc,ccd,known,ccd,0.16,7.460298665936496e-179,anomaly,0.16,0
653,ccd,cdc,known,cdc,0.4,2.9841194663745982e-179,normal,0.4,0
654,cdc,dcc,known,dcc,0.375,1.1190447998904743e-179,normal,0.375,0
655,dcc,ccc,known,ccc,0.5333333333333333,5.968238932749196e-180,normal,0.5333333333333333,0
656,ccc,ccb,known,ccb,0.22,1.313012565204823e-180,normal,0.22,0
657,ccb,cbc,known,cbc,0.24242424242424243,3.183060764132904e-181,normal,0.24242424242424243,0
658,cbc,bcc,known,bcc,0.48,1.527869166783794e-181,normal,0.48,0
659,bcc,ccc,known,ccc,0.3333333333333333,5.0928972226126465e-182,normal,0.3333333333333333,0
660,ccc,ccc,known,ccc,0.62,3.157596278019841e-182,normal,0.62,0
661,ccc,ccc,known,ccc,0.62,1.957709692372301e-182,normal,0.62,0
662,ccc,ccc,known,ccc,0.62,1.2137800092708267e-182,normal,0.62,0
663,ccc,ccd,known,ccd,0.16,1.942048014833323e-183,anomaly,0.16,0
664,ccd,cdc,known,cdc,0.4,7.768192059333292e-184,normal,0.4,0
665,cdc,dcc,known,dcc,0.375,2.9130720222499844e-184,normal,0.375,0
666,dcc,ccd,known,ccd,0.4666666666666667,1.359433610383326e-184,normal,0.4666666666666667,0
667,ccd,cdc,known,cdc,0.4,5.437734441533305e-185,normal,0.4,0
668,cdc,dcb,unseen,acb,0.0,5.437734441533305e-189,anomaly,0.0,1
669,acb,cbc,known,cbc,0.2222222222222222,1.2083854314518455e-189,normal,0.2222222222222222,0
670,cbc,bcc,known,bcc,0.48,5.800250070968858e-190,normal,0.48,0
671,bcc,ccc,known,ccc,0.3333333333333333,1.9334166903229526e-190,normal,0.3333333333333333,0
672,ccc,ccd,known,ccd,0.16,3.0934667045167243e-191,anomaly,0.16,0
673,ccd,cdc,known,cdc,0.4,1.2373866818066898e-191,normal,0.4,0
674,cdc,dcb,unseen,acb,0.0,1.2373866818066899e-195,anomaly,0.0,1
675,acb,cbb,known,cbb,0.5555555555555556,6.874370454481611e-196,normal,0.5555555555555556,0
676,cbb,bbc,known,bbc,0.24561403508771928,1.6884418660130271e-196,normal,0.24561403508771928,0
677,bbc,bcc,known,bcc,0.3448275862068966,5.822213331079404e-197,normal,0.3448275862068966,0
678,bcc,ccc,known,ccc,0.3333333333333333,1.940737777026468e-197,normal,0.3333333333333333,0
679,ccc,ccc,known,ccc,0.62,1.2032574217564101e-197,normal,0.62,0
680,ccc,ccc,known,ccc,0.62,7.460196014889743e-198,normal,0.62,0
681,ccc,ccb,known,ccb,0.22,1.6412431232757435e-198,normal,0.22,0
682,ccb,cbc,known,cbc,0.24242424242424243,3.9787712079411965e-199,normal,0.24242424242424243,0
683,cbc,bcc,known,bcc,0.48,1.9098101798117743e-199,normal,0.48,0
684,bcc,ccc,known,ccc,0.3333333333333333,6.366033932705914e-200,normal,0.3333333333333333,0
685,ccc,ccb,known,ccb,0.22,1.400527465195301e-200,normal,0.22,0
686,ccb,cbc,known,cbc,0.24242424242424243,3.395218097443154e-201,normal,0.24242424242424243,0
687,cbc,bcc,known,bcc,0.48,1.629704686772714e-201,normal,0.48,0
688,bcc,ccc,known,ccc,0.3333333333333333,5.4323489559090465e-202,normal,0.3333333333333333,0
689,ccc,ccc,known,ccc,0.62,3.368056352663609e-202,normal,0.62,0
690,ccc,ccd,known,ccd,0.16,5.388890164261774e-203,anomaly,0.16,0
691,ccd,cdc,known,cdc,0.4,2.1555560657047098e-203,normal,0.4,0
692,cdc,dcd,known,dcd,0.5625,1.2125002869588993e-203,normal,0.5625,0
693,dcd,cdc,known,cdc,0.391304347826087,4.744566340273954e-204,normal,0.391304347826087,0
694,cdc,dcc,known,dcc,0.375,1.7792123776027327e-204,normal,0.375,0
695,dcc,ccc,known,ccc,0.5333333333333333,9.489132680547907e-205,normal,0.5333333333333333,0
696,ccc,ccc,known,ccc,0.62,5.883262261939702e-205,normal,0.62,0
697,ccc,ccc,known,ccc,0.62,3.6476226024026153e-205,normal,0.62,0
698,ccc,ccc,known,ccc,0.62,2.2615260134896216e-205,normal,0.62,0
699,ccc,ccc,known,ccc,0.62,1.4021461283635653e-205,normal,0.62,0
700,ccc,ccc,known,ccc,0.62,8.693305995854105e-206,normal,0.62,0
701,ccc,ccd,known,ccd,0.16,1.3909289593366567e-206,anomaly,0.16,0
702,ccd,cdc,known,cdc,0.4,5.563715837346627e-207,normal,0.4,0
703,cdc,dcc,known,dcc,0.375,2.0863934390049852e-207,normal,0.375,0
704,dcc,ccd,known,ccd,0.4666666666666667,9.736502715356598e-208,normal,0.4666666666666667,0
705,ccd,cdc,known,cdc,0.4,3.89460108614264e-208,normal,0.4,0
706,cdc,dcc,known,dcc,0.375,1.4604754073034898e-208,normal,0.375,0
707,dcc,ccd,known,ccd,0.4666666666666667,6.815551900749619e-209,normal,0.4666666666666667,0
708,ccd,cdc,known,cdc,0.4,2.726220760299848e-209,normal,0.4,0
709,cdc,dcc,known,dcc,0.375,1.022332785112443e-209,normal,0.375,0
710,dcc,ccc,known,ccc,0.5333333333333333,5.452441520599696e-210,normal,0.5333333333333333,0
711,ccc,ccc,known,ccc,0.62,3.3805137427718115e-210,normal,0.62,0
712,ccc,ccc,known,ccc,0.62,2.0959185205185232e-210,normal,0.62,0
713,ccc,ccc,known,ccc,0.62,1.2994694827214843e-210,normal,0.62,0
714,ccc,ccc,known,ccc,0.62,8.056710792873202e-211,normal,0.62,0
715,ccc,ccc,known,ccc,0.62,4.995160691581385e-211,normal,0.62,0
716,ccc,ccc,known,ccc,0.62,3.096999628780459e-211,normal,0.62,0
717,ccc,ccc,known,ccc,0.62,1.9201397698438847e-211,normal,0.62,0
718,ccc,ccc,known,ccc,0.62,1.1904866573032086e-211,normal,0.62,0
719,ccc,ccc,known,ccc,0.62,7.381017275279893e-212,normal,0.62,0
720,ccc,ccc,known,ccc,0.62,4.5762307106735335e-212,normal,0.62,0
721,ccc,ccc,known,ccc,0.62,2.837263040617591e-212,normal,0.62,0
722,ccc,ccc,known,ccc,0.62,1.759103085182906e-212,normal,0.62,0
723,ccc,ccc,known,ccc,0.62,1.0906439128134018e-212,normal,0.62,0
724,ccc,ccc,known,ccc,0.62,6.761992259443091e-213,normal,0.62,0
725,ccc,ccc,known,ccc,0.62,4.1924352008547164e-213,normal,0.62,0
726,ccc,ccc,known,ccc,0.62,2.599309824529924e-213,normal,0.62,0
727,ccc,ccc,known,ccc,0.62,1.611572091208553e-213,normal,0.62,0
728,ccc,ccc,known,ccc,0.62,9.991746965493029e-214,normal,0.62,0
729,ccc,ccd,known,ccd,0.16,1.5986795144788846e-214,anomaly,0.16,0
730,ccd,cdd,known,cdd,0.6,9.592077086873307e-215,normal,0.6,0
731,cdd,ddc,known,ddc,0.13043478260869565,1.2511404895921705e-215,anomaly,0.13043478260869565,0
732,ddc,dcc,known,dcc,0.391304347826087,4.8957671331867546e-216,normal,0.391304347826087,0
733,dcc,ccd,known,ccd,0.4666666666666667,2.2846913288204856e-216,normal,0.4666666666666667,0
734,ccd,cdd,known,cdd,0.6,1.3708147972922912e-216,normal,0.6,0
735,cdd,ddd,known,ddd,0.8260869565217391,1.1324122238501537e-216,normal,0.8260869565217391,0
736,ddd,ddd,known,ddd,0.9878048780487805,1.1186023186812494e-216,normal,0.9878048780487805,0
737,ddd,ddc,known,ddc,0.011614401858304297,1.2991896848795e-218,anomaly,0.011614401858304297,0
738,ddc,dcd,known,dcd,0.6086956521739131,7.908111125353478e-219,normal,0.6086956521739131,0
739,dcd,cdc,known,cdc,0.391304347826087,3.094478266442666e-219,normal,0.391304347826087,0
740,cdc,dcc,known,dcc,0.375,1.1604293499159996e-219,normal,0.375,0
741,dcc,ccc,known,ccc,0.5333333333333333,6.1889565328853316e-220,normal,0.5333333333333333,0
742,ccc,ccd,known,ccd,0.16,9.90233045261653e-221,anomaly,0.16,0
743,ccd,cdd,known,cdd,0.6,5.941398271569918e-221,normal,0.6,0
744,cdd,ddd,known,ddd,0.8260869565217391,4.908111615644715e-221,normal,0.8260869565217391,0
745,ddd,ddc,known,ddc,0.011614401858304297,5.700478066950889e-223,anomaly,0.011614401858304297,0
746,ddc,dcc,known,dcc,0.391304347826087,2.2306218522851303e-223,normal,0.391304347826087,0
747,dcc,ccc,known,ccc,0.5333333333333333,1.1896649878854028e-223,normal,0.5333333333333333,0
748,ccc,ccd,known,ccd,0.16,1.9034639806166445e-224,anomaly,0.16,0
749,ccd,cdd,known,cdd,0.6,1.1420783883699868e-224,normal,0.6,0
750,cdd,ddd,known,ddd,0.8260869565217391,9.434560599578152e-225,normal,0.8260869565217391,0
751,ddd,ddc,known,ddc,0.011614401858304297,1.0957677816002499e-226,anomaly,0.011614401858304297,0
752,ddc,dcc,known,dcc,0.391304347826087,4.2877869714792385e-227,normal,0.391304347826087,0
753,dcc,ccd,known,ccd,0.4666666666666667,2.000967253356978e-227,normal,0.4666666666666667,0
754,ccd,cdd,known,cdd,0.6,1.2005803520141868e-227,normal,0.6,0
755,cdd,ddd,known,ddd,0.8260869565217391,9.917837690551978e-228,normal,0.8260869565217391,0
756,ddd,ddd,known,ddd,0.9878048780487805,9.796888450423295e-228,normal,0.9878048780487805,0
757,ddd,ddc,known,ddc,0.011614401858304297,1.1378499942419623e-229,anomaly,0.011614401858304297,0
758,ddc,dcc,known,dcc,0.391304347826087,4.452456499207679e-230,normal,0.391304347826087,0
759,dcc,ccc,known,ccc,0.5333333333333333,2.3746434662440953e-230,normal,0.5333333333333333,0
760,ccc,ccc,known,ccc,0.62,1.4722789490713392e-230,normal,0.62,0
761,ccc,ccc,known,ccc,0.62,9.128129484242303e-231,normal,0.62,0
762,ccc,ccd,known,ccd,0.16,1.4605007174787684e-231,anomaly,0.16,0
763,ccd,cdd,known,cdd,0.6,8.763004304872611e-232,normal,0.6,0
764,cdd,ddd,known,ddd,0.8260869565217391,7.239003556199113e-232,normal,0.8260869565217391,0
765,ddd,ddd,known,ddd,0.9878048780487805,7.150723025025953e-232,normal,0.9878048780487805,0
766,ddd,ddd,known,ddd,0.9878048780487805,7.063519085696369e-232,normal,0.9878048780487805,0
767,ddd,ddc,known,ddc,0.011614401858304297,8.203854919507977e-234,anomaly,0.011614401858304297,0
768,ddc,dcc,known,dcc,0.391304347826087,3.210204098937904e-234,normal,0.391304347826087,0
769,dcc,ccc,known,ccc,0.5333333333333333,1.712108852766882e-234,normal,0.5333333333333333,0
770,ccc,ccc,known,ccc,0.62,1.0615074887154669e-234,normal,0.62,0
771,ccc,ccc,known,ccc,0.62,6.581346430035894e-235,normal,0.62,0
772,ccc,ccd,known,ccd,0.16,1.053015428805743e-235,anomaly,0.16,0
773,ccd,cdd,known,cdd,0.6,6.318092572834458e-236,normal,0.6,0
774,cdd,ddd,known,ddd,0.8260869565217391,5.219293864515421e-236,normal,0.8260869565217391,0
775,ddd,ddc,known,ddc,0.011614401858304297,6.061897635906413e-238,anomaly,0.011614401858304297,0
776,ddc,dcd,known,dcd,0.6086956521739131,3.689850734899556e-238,normal,0.6086956521739131,0
777,dcd,cdc,known,cdc,0.391304347826087,1.4438546353954787e-238,normal,0.391304347826087,0
778,cdc,dcc,known,dcc,0.375,5.414454882733045e-239,normal,0.375,0
779,dcc,ccc,known,ccc,0.5333333333333333,2.8877092707909573e-239,normal,0.5333333333333333,0
780,ccc,ccd,known,ccd,0.16,4.620334833265532e-240,anomaly,0.16,0
781,ccd,cdc,known,cdc,0.4,1.8481339333062128e-240,normal,0.4,0
782,cdc,dcd,known,dcd,0.5625,1.0395753374847446e-240,normal,0.5625,0
783,dcd,cdc,known,cdc,0.391304347826087,4.067903494505523e-241,normal,0.391304347826087,0
784,cdc,dcd,known,dcd,0.5625,2.2881957156593567e-241,normal,0.5625,0
785,dcd,cdd,known,cdd,0.6086956521739131,1.392814783444826e-241,normal,0.6086956521739131,0
786,cdd,ddc,known,ddc,0.13043478260869565,1.8167149349280338e-242,anomaly,0.13043478260869565,0
787,ddc,dcc,known,dcc,0.391304347826087,7.108884527979264e-243,normal,0.391304347826087,0
788,dcc,ccc,known,ccc,0.5333333333333333,3.7914050815889406e-243,normal,0.5333333333333333,0
789,ccc,ccc,known,ccc,0.62,2.350671150585143e-243,normal,0.62,0
790,ccc,ccc,known,ccc,0.62,1.4574161133627885e-243,normal,0.62,0
791,ccc,ccc,known,ccc,0.62,9.035979902849289e-244,normal,0.62,0
792,ccc,ccd,known,ccd,0.16,1.4457567844558864e-244,anomaly,0.16,0
793,ccd,cdd,known,cdd,0.6,8.674540706735318e-245,normal,0.6,0
794,cdd,ddc,known,ddc,0.13043478260869565,1.1314618313133023e-245,anomaly,0.13043478260869565,0
795,ddc,dcc,known,dcc,0.391304347826087,4.427459339921618e-246,normal,0.391304347826087,0
796,dcc,ccc,known,ccc,0.5333333333333333,2.361311647958196e-246,normal,0.5333333333333333,0
797,ccc,ccc,known,ccc,0.62,1.4640132217340815e-246,normal,0.62,0
798,ccc,ccc,known,ccc,0.62,9.076881974751305e-247,normal,0.62,0
799,ccc,ccd,known,ccd,0.16,1.4523011159602087e-247,anomaly,0.16,0
800,ccd,cdc,known,cdc,0.4,5.809204463840835e-248,normal,0.4,0
801,cdc,dcc,known,dcc,0.375,2.178451673940313e-248,normal,0.375,0
802,dcc,ccd,known,ccd,0.4666666666666667,1.0166107811721462e-248,normal,0.4666666666666667,0
803,ccd,cdd,known,cdd,0.6,6.099664687032877e-249,normal,0.6,0
804,cdd,ddd,known,ddd,0.8260869565217391,5.038853437114116e-249,normal,0.8260869565217391,0
805,ddd,ddd,known,ddd,0.9878048780487805,4.977404004954188e-249,normal,0.9878048780487805,0
806,ddd,ddc,known,ddc,0.011614401858304297,5.780957032467117e-251,anomaly,0.011614401858304297,0
807,ddc,dcd,known,dcd,0.6086956521739131,3.518843411066941e-251,normal,0.6086956521739131,0
808,dcd,cdc,known,cdc,0.391304347826087,1.3769387260696727e-251,normal,0.391304347826087,0
809,cdc,dcd,known,dcd,0.5625,7.745280334141909e-252,normal,0.5625,0
810,dcd,cdd,known,cdd,0.6086956521739131,4.714518464260293e-252,normal,0.6086956521739131,0
811,cdd,ddd,known,ddd,0.8260869565217391,3.894602209606329e-252,normal,0.8260869565217391,0
812,ddd,ddd,known,ddd,0.9878048780487805,3.847107060708691e-252,normal,0.9878048780487805,0
813,ddd,ddd,known,ddd,0.9878048780487805,3.8001911209439505e-252,normal,0.9878048780487805,0
814,ddd,ddd,known,ddd,0.9878048780487805,3.7538473267860977e-252,normal,0.9878048780487805,0
815,ddd,ddc,known,ddc,0.011614401858304297,4.3598691368015076e-254,anomaly,0.011614401858304297,0
816,ddc,dcc,known,dcc,0.391304347826087,1.7060357491831988e-254,normal,0.391304347826087,0
817,dcc,ccc,known,ccc,0.5333333333333333,9.09885732897706e-255,normal,0.5333333333333333,0
818,ccc,ccc,known,ccc,0.62,5.641291543965777e-255,normal,0.62,0
819,ccc,ccc,known,ccc,0.62,3.4976007572587816e-255,normal,0.62,0
820,ccc,ccd,known,ccd,0.16,5.596161211614051e-256,anomaly,0.16,0
821,ccd,cdd,known,cdd,0.6,3.35769672696843e-256,normal,0.6,0
822,cdd,ddd,known,ddd,0.8260869565217391,2.7737494701043553e-256,normal,0.8260869565217391,0
823,ddd,ddd,known,ddd,0.9878048780487805,2.7399232570543024e-256,normal,0.9878048780487805,0
824,ddd,ddd,known,ddd,0.9878048780487805,2.706509558797543e-256,normal,0.9878048780487805,0
825,ddd,ddd,known,ddd,0.9878048780487805,2.6735033446658655e-256,normal,0.9878048780487805,0
826,ddd,ddd,known,ddd,0.9878048780487805,2.640899645340672e-256,normal,0.9878048780487805,0
827,ddd,ddd,known,ddd,0.9878048780487805,2.60869355210481e-256,normal,0.9878048780487805,0
828,ddd,ddc,known,ddc,0.011614401858304297,3.0298415239312545e-258,anomaly,0.011614401858304297,0
829,ddc,dcc,known,dcc,0.391304347826087,1.1855901615383171e-258,normal,0.391304347826087,0
830,dcc,ccc,known,ccc,0.5333333333333333,6.323147528204358e-259,normal,0.5333333333333333,0
831,ccc,ccc,known,ccc,0.62,3.9203514674867024e-259,normal,0.62,0
832,ccc,ccc,known,ccc,0.62,2.4306179098417555e-259,normal,0.62,0
833,ccc,ccc,known,ccc,0.62,1.5069831041018883e-259,normal,0.62,0
834,ccc,ccc,known,ccc,0.62,9.343295245431707e-260,normal,0.62,0
835,ccc,ccc,known,ccc,0.62,5.7928430521676586e-260,normal,0.62,0
836,ccc,ccc,known,ccc,0.62,3.591562692343948e-260,normal,0.62,0
837,ccc,ccc,known,ccc,0.62,2.2267688692532478e-260,normal,0.62,0
838,ccc,ccc,known,ccc,0.62,1.3805966989370137e-260,normal,0.62,0
839,ccc,ccc,known,ccc,0.62,8.559699533409486e-261,normal,0.62,0
840,ccc,ccc,known,ccc,0.62,5.307013710713881e-261,normal,0.62,0
841,ccc,ccd,known,ccd,0.16,8.49122193714221e-262,anomaly,0.16,0
842,ccd,cdc,known,cdc,0.4,3.396488774856884e-262,normal,0.4,0
843,cdc,dcd,known,dcd,0.5625,1.9105249358569974e-262,normal,0.5625,0
844,dcd,cdc,known,cdc,0.391304347826087,7.475967140309991e-263,normal,0.391304347826087,0
845,cdc,dcd,known,dcd,0.5625,4.20523151642437e-263,normal,0.5625,0
846,dcd,cdc,known,cdc,0.391304347826087,1.6455253759921448e-263,normal,0.391304347826087,0
847,cdc,dcc,known,dcc,0.375,6.170720159970543e-264,normal,0.375,0
848,dcc,ccc,known,ccc,0.5333333333333333,3.2910507519842893e-264,normal,0.5333333333333333,0
849,ccc,ccc,known,ccc,0.62,2.0404514662302593e-264,normal,0.62,0
850,ccc,ccb,known,ccb,0.22,4.4889932257065707e-265,normal,0.22,0
851,ccb,cbb,known,cbb,0.696969696969697,3.1286922482197314e-265,normal,0.696969696969697,0
852,cbb,bbb,known,bbb,0.5964912280701754,1.8662374813942256e-265,normal,0.5964912280701754,0
853,bbb,bbb,known,bbb,0.7377938517179023,1.376898539618163e-265,normal,0.7377938517179023,0
854,bbb,bbc,known,bbc,0.06329113924050633,8.714547719102298e-267,anomaly,0.06329113924050633,0
855,bbc,bcc,known,bcc,0.3448275862068966,3.0050164548628616e-267,normal,0.3448275862068966,0
856,bcc,ccc,known,ccc,0.3333333333333333,1.0016721516209539e-267,normal,0.3333333333333333,0
857,ccc,ccc,known,ccc,0.62,6.210367340049914e-268,normal,0.62,0
858,ccc,ccc,known,ccc,0.62,3.8504277508309465e-268,normal,0.62,0
859,ccc,ccb,known,ccb,0.22,8.470941051828082e-269,normal,0.22,0
860,ccb,cbb,known,cbb,0.696969696969697,5.903989217940785e-269,normal,0.696969696969697,0
861,cbb,bbb,known,bbb,0.5964912280701754,3.5216777791225734e-269,normal,0.5964912280701754,0
862,bbb,bbb,known,bbb,0.7377938517179023,2.5982722131681915e-269,normal,0.7377938517179023,0
863,bbb,bbb,known,bbb,0.7377938517179023,1.9169892639649586e-269,normal,0.7377938517179023,0
864,bbb,bbb,known,bbb,0.7377938517179023,1.4143428927625734e-269,normal,0.7377938517179023,0
865,bbb,bbb,known,bbb,0.7377938517179023,1.0434934905011391e-269,normal,0.7377938517179023,0
866,bbb,bbb,known,bbb,0.7377938517179023,7.698830815993937e-270,normal,0.7377938517179023,0
867,bbb,bbb,known,bbb,0.7377938517179023,5.680150041456648e-270,normal,0.7377938517179023,0
868,bbb,bbb,known,bbb,0.7377938517179023,4.190779777421903e-270,normal,0.7377938517179023,0
869,bbb,bbc,known,bbc,0.06329113924050633,2.652392264191078e-271,anomaly,0.06329113924050633,0
870,bbc,bcc,known,bcc,0.3448275862068966,9.146180221348545e-272,normal,0.3448275862068966,0
871,bcc,ccc,known,ccc,0.3333333333333333,3.048726740449515e-272,normal,0.3333333333333333,0
872,ccc,ccb,known,ccb,0.22,6.707198828988933e-273,normal,0.22,0
873,ccb,cbb,known,cbb,0.696969696969697,4.674714335355923e-273,normal,0.696969696969697,0
874,cbb,bbb,known,bbb,0.5964912280701754,2.7884260947737086e-273,normal,0.5964912280701754,0
875,bbb,bbb,known,bbb,0.7377938517179023,2.057283628693803e-273,normal,0.7377938517179023,0
876,bbb,bbc,known,bbc,0.06329113924050633,1.3020782460087363e-274,anomaly,0.06329113924050633,0
877,bbc,bcb,known,bcb,0.5344827586206896,6.959383728667383e-275,normal,0.5344827586206896,0
878,bcb,cbb,known,cbb,0.5471698113207547,3.807964681723662e-275,normal,0.5471698113207547,0
879,cbb,bbb,known,bbb,0.5964912280701754,2.271417529449202e-275,normal,0.5964912280701754,0
880,bbb,bbb,known,bbb,0.7377938517179023,1.6758378879118886e-275,normal,0.7377938517179023,0
881,bbb,bbb,known,bbb,0.7377938517179023,1.2364228901773067e-275,normal,0.7377938517179023,0
882,bbb,bbb,known,bbb,0.7377938517179023,9.12225206496096e-276,normal,0.7377938517179023,0
883,bbb,bbb,known,bbb,0.7377938517179023,6.730341487349136e-276,normal,0.7377938517179023,0
884,bbb,bbb,known,bbb,0.7377938517179023,4.9656045693281145e-276,normal,0.7377938517179023,0
885,bbb,bbc,known,bbc,0.06329113924050633,3.142787702106402e-277,anomaly,0.06329113924050633,0
886,bbc,bcc,known,bcc,0.3448275862068966,1.0837198972780698e-277,normal,0.3448275862068966,0
887,bcc,ccb,known,ccb,0.6363636363636364,6.896399346314989e-278,normal,0.6363636363636364,0
888,ccb,cbb,known,cbb,0.696969696969697,4.806581362583175e-278,normal,0.696969696969697,0
889,cbb,bbb,known,bbb,0.5964912280701754,2.867083619786455e-278,normal,0.5964912280701754,0
890,bbb,bbc,known,bbc,0.06329113924050633,1.8146098859407947e-279,anomaly,0.06329113924050633,0
891,bbc,bcc,known,bcc,0.3448275862068966,6.257275468761361e-280,normal,0.3448275862068966,0
892,bcc,ccb,known,ccb,0.6363636363636364,3.9819025710299567e-280,normal,0.6363636363636364,0
893,ccb,cbc,known,cbc,0.24242424242424243,9.653097141890804e-281,normal,0.24242424242424243,0
894,cbc,bcc,known,bcc,0.48,4.6334866281075857e-281,normal,0.48,0
895,bcc,ccc,known,ccc,0.3333333333333333,1.5444955427025286e-281,normal,0.3333333333333333,0
896,ccc,ccb,known,ccb,0.22,3.3978901939455628e-282,normal,0.22,0
897,ccb,cbb,known,cbb,0.696969696969697,2.368226498810544e-282,normal,0.696969696969697,0
898,cbb,bbc,known,bbc,0.24561403508771928,5.816696663745196e-283,normal,0.24561403508771928,0
899,bbc,bcc,known,bcc,0.3448275862068966,2.0057574702569642e-283,normal,0.3448275862068966,0
900,bcc,ccc,known,ccc,0.3333333333333333,6.685858234189881e-284,normal,0.3333333333333333,0
901,ccc,ccc,known,ccc,0.62,4.145232105197726e-284,normal,0.62,0
902,ccc,ccb,known,ccb,0.22,9.119510631434998e-285,normal,0.22,0
903,ccb,cbb,known,cbb,0.696969696969697,6.3560225613031806e-285,normal,0.696969696969697,0
904,cbb,bbb,known,bbb,0.5964912280701754,3.791311703233476e-285,normal,0.5964912280701754,0
905,bbb,bbb,known,bbb,0.7377938517179023,2.797206464591787e-285,normal,0.7377938517179023,0
906,bbb,bbc,known,bbc,0.06329113924050633,1.7703838383492325e-286,anomaly,0.06329113924050633,0
907,bbc,bcc,known,bcc,0.3448275862068966,6.104771856376665e-287,normal,0.3448275862068966,0
908,bcc,ccc,known,ccc,0.3333333333333333,2.034923952125555e-287,normal,0.3333333333333333,0
909,ccc,ccc,known,ccc,0.62,1.261652850317844e-287,normal,0.62,0
910,ccc,ccc,known,ccc,0.62,7.822247671970633e-288,normal,0.62,0
911,ccc,ccb,known,ccb,0.22,1.7208944878335394e-288,normal,0.22,0
912,ccb,cbb,known,cbb,0.696969696969697,1.1994113097021638e-288,normal,0.696969696969697,0
913,cbb,bbb,known,bbb,0.5964912280701754,7.154383250855012e-289,normal,0.5964912280701754,0
914,bbb,bbb,known,bbb,0.7377938517179023,5.278459975314366e-289,normal,0.7377938517179023,0
915,bbb,bbc,known,bbc,0.06329113924050633,3.340797452730612e-290,anomaly,0.06329113924050633,0
916,bbc,bcc,known,bcc,0.3448275862068966,1.1519991216312456e-290,normal,0.3448275862068966,0
917,bcc,ccc,known,ccc,0.3333333333333333,3.839997072104152e-291,normal,0.3333333333333333,0
918,ccc,ccc,known,ccc,0.62,2.3807981847045744e-291,normal,0.62,0
919,ccc,ccc,known,ccc,0.62,1.4760948745168361e-291,normal,0.62,0
920,ccc,ccc,known,ccc,0.62,9.151788222004384e-292,normal,0.62,0
921,ccc,ccc,known,ccc,0.62,5.674108697642718e-292,normal,0.62,0
922,ccc,ccc,known,ccc,0.62,3.5179473925384854e-292,normal,0.62,0
923,ccc,ccc,known,ccc,0.62,2.1811273833738607e-292,normal,0.62,0
924,ccc,ccc,known,ccc,0.62,1.3522989776917937e-292,normal,0.62,0
925,ccc,ccc,known,ccc,0.62,8.38425366168912e-293,normal,0.62,0
926,ccc,ccc,known,ccc,0.62,5.198237270247254e-293,normal,0.62,0
927,ccc,ccc,known,ccc,0.62,3.222907107553298e-293,normal,0.62,0
928,ccc,ccb,known,ccb,0.22,7.090395636617255e-294,normal,0.22,0
929,ccb,cbc,known,cbc,0.24242424242424243,1.7188837906950922e-294,normal,0.24242424242424243,0
930,cbc,bcc,known,bcc,0.48,8.250642195336442e-295,normal,0.48,0
931,bcc,ccc,known,ccc,0.3333333333333333,2.750214065112147e-295,normal,0.3333333333333333,0
932,ccc,ccc,known,ccc,0.62,1.7051327203695312e-295,normal,0.62,0
933,ccc,ccc,known,ccc,0.62,1.0571822866291093e-295,normal,0.62,0
934,ccc,ccc,known,ccc,0.62,6.554530177100478e-296,normal,0.62,0
935,ccc,ccc,known,ccc,0.62,4.0638087098022963e-296,normal,0.62,0
936,ccc,ccb,known,ccb,0.22,8.940379161565052e-297,normal,0.22,0
937,ccb,cbb,known,cbb,0.696969696969697,6.231173355030188e-297,normal,0.696969696969697,0
938,cbb,bbb,known,bbb,0.5964912280701754,3.716840246860112e-297,normal,0.5964912280701754,0
939,bbb,bbb,known,bbb,0.7377938517179023,2.7422618819510407e-297,normal,0.7377938517179023,0
940,bbb,bbb,known,bbb,0.7377938517179023,2.023223956303842e-297,normal,0.7377938517179023,0
941,bbb,bbb,known,bbb,0.7377938517179023,1.4927221956093445e-297,normal,0.7377938517179023,0
942,bbb,bbc,known,bbc,0.06329113924050633,9.447608832970536e-299,anomaly,0.06329113924050633,0
943,bbc,bcc,known,bcc,0.3448275862068966,3.257796149300185e-299,normal,0.3448275862068966,0
944,bcc,ccc,known,ccc,0.3333333333333333,1.0859320497667283e-299,normal,0.3333333333333333,0
945,ccc,ccc,known,ccc,0.62,6.732778708553715e-300,normal,0.62,0
946,ccc,ccb,known,ccb,0.22,1.4812113158818174e-300,normal,0.22,0
947,ccb,cbc,known,cbc,0.24242424242424243,3.5908153112286483e-301,normal,0.24242424242424243,0
948,cbc,bcc,known,bcc,0.48,1.7235913493897512e-301,normal,0.48,0
949,bcc,ccc,known,ccc,0.3333333333333333,5.745304497965837e-302,normal,0.3333333333333333,0
950,ccc,ccc,known,ccc,0.62,3.562088788738819e-302,normal,0.62,0
951,ccc,ccb,known,ccb,0.22,7.836595335225402e-303,normal,0.22,0
952,ccb,cbc,known,cbc,0.24242424242424243,1.8997806873273702e-303,normal,0.24242424242424243,0
953,cbc,bcb,known,bcb,0.4,7.599122749309482e-304,normal,0.4,0
954,bcb,cbb,known,cbb,0.5471698113207547,4.158010560942924e-304,normal,0.5471698113207547,0
955,cbb,bbb,known,bbb,0.5964912280701754,2.4802168258256037e-304,normal,0.5964912280701754,0
956,bbb,bbc,known,bbc,0.06329113924050633,1.5697574846997493e-305,anomaly,0.06329113924050633,0
957,bbc,bcc,known,bcc,0.3448275862068966,5.4129568437922396e-306,normal,0.3448275862068966,0
958,bcc,ccb,known,ccb,0.6363636363636364,3.4446089005950614e-306,normal,0.6363636363636364,0
959,ccb,cbb,known,cbb,0.696969696969697,2.400788021626861e-306,normal,0.696969696969697,0
960,cbb,bbb,known,bbb,0.5964912280701754,1.432048995356373e-306,normal,0.5964912280701754,0
961,bbb,bbc,known,bbc,0.06329113924050633,9.063601236432742e-308,anomaly,0.06329113924050633,0
962,bbc,bcc,known,bcc,0.3448275862068966,3.125379736700946e-308,normal,0.3448275862068966,0
963,bcc,ccb,known,ccb,0.6363636363636364,1.9888780142642383e-308,normal,0.6363636363636364,0
964,ccb,cbb,known,cbb,0.696969696969697,1.386187706911439e-308,normal,0.696969696969697,0
965,cbb,bbb,known,bbb,0.5964912280701754,8.268488076313843e-309,normal,0.5964912280701754,0
966,bbb,bbb,known,bbb,0.7377938517179023,6.10043966570714e-309,normal,0.7377938517179023,0
967,bbb,bbc,known,bbc,0.06329113924050633,3.8610377631058e-310,anomaly,0.06329113924050633,0
968,bbc,bcc,known,bcc,0.3448275862068966,1.33139233210546e-310,normal,0.3448275862068966,0
969,bcc,ccc,known,ccc,0.3333333333333333,4.4379744403515e-311,normal,0.3333333333333333,0
970,ccc,ccb,known,ccb,0.22,9.76354376877e-312,normal,0.22,0
971,ccb,cbb,known,cbb,0.696969696969697,6.80489414187e-312,normal,0.696969696969697,0
972,cbb,bbb,known,bbb,0.5964912280701754,4.059059663573e-312,normal,0.5964912280701754,0
973,bbb,bbb,known,bbb,0.7377938517179023,2.99474926354e-312,normal,0.7377938517179023,0
974,bbb,bbb,known,bbb,0.7377938517179023,2.20950759408e-312,normal,0.7377938517179023,0
975,bbb,bbc,known,bbc,0.06329113924050633,1.3984225279e-313,anomaly,0.06329113924050633,0
976,bbc,bcc,known,bcc,0.3448275862068966,4.822146648e-314,normal,0.3448275862068966,0
977,bcc,ccc,known,ccc,0.3333333333333333,1.607382216e-314,normal,0.3333333333333333,0
978,ccc,ccb,known,ccb,0.22,3.536240873e-315,normal,0.22,0
979,ccb,cbb,known,cbb,0.696969696969697,2.46465273e-315,normal,0.696969696969697,0
980,cbb,bbb,known,bbb,0.5964912280701754,1.47014373e-315,normal,0.5964912280701754,0
981,bbb,bbb,known,bbb,0.7377938517179023,1.08466301e-315,normal,0.7377938517179023,0
982,bbb,bbb,known,bbb,0.7377938517179023,8.00257697e-316,normal,0.7377938517179023,0
983,bbb,bbb,known,bbb,0.7377938517179023,5.9042521e-316,normal,0.7377938517179023,0
984,bbb,bbc,known,bbc,0.06329113924050633,3.7368685e-317,anomaly,0.06329113924050633,0
985,bbc,bcb,known,bcb,0.5344827586206896,1.997292e-317,normal,0.5344827586206896,0
986,bcb,cbc,known,cbc,0.2830188679245283,5.652714e-318,normal,0.2830188679245283,0
987,cbc,bcc,known,bcc,0.48,2.713305e-318,normal,0.48,0
988,bcc,ccc,known,ccc,0.3333333333333333,9.04437e-319,normal,0.3333333333333333,0
989,ccc,ccc,known,ccc,0.62,5.6075e-319,normal,0.62,0
990,ccc,ccb,known,ccb,0.22,1.23363e-319,normal,0.22,0
991,ccb,cbb,known,cbb,0.696969696969697,8.598e-320,normal,0.696969696969697,0
992,cbb,bbb,known,bbb,0.5964912280701754,5.129e-320,normal,0.5964912280701754,0
993,bbb,bbc,known,bbc,0.06329113924050633,3.246e-321,anomaly,0.06329113924050633,0
994,bbc,bcb,known,bcb,0.5344827586206896,1.734e-321,normal,0.5344827586206896,0
995,bcb,cbb,known,cbb,0.5471698113207547,9.5e-322,normal,0.5471698113207547,0
996,cbb,bbb,known,bbb,0.5964912280701754,5.7e-322,normal,0.5964912280701754,0
997,bbb,bbb,known,bbb,0.7377938517179023,4.2e-322,normal,0.7377938517179023,0
998,bbb,bbc,known,bbc,0.06329113924050633,2.5e-323,anomaly,0.06329113924050633,0
999,bbc,bcc,known,bcc,0.3448275862068966,1e-323,normal,0.3448275862068966,0
1000,bcc,ccb,known,ccb,0.6363636363636364,5e-324,normal,0.6363636363636364,0
1001,ccb,cbb,known,cbb,0.696969696969697,5e-324,normal,0.696969696969697,0
1002,cbb,bbc,known,bbc,0.24561403508771928,0.0,normal,0.24561403508771928,0
1003,bbc,bcb,known,bcb,0.5344827586206896,0.0,normal,0.5344827586206896,0
1004,bcb,cbb,known,cbb,0.5471698113207547,0.0,normal,0.5471698113207547,0
1005,cbb,bbb,known,bbb,0.5964912280701754,0.0,normal,0.5964912280701754,0
1006,bbb,bbb,known,bbb,0.7377938517179023,0.0,normal,0.7377938517179023,0
1007,bbb,bbb,known,bbb,0.7377938517179023,0.0,normal,0.7377938517179023,0
1008,bbb,bbb,known,bbb,0.7377938517179023,0.0,normal,0.7377938517179023,0
1009,bbb,bbb,known,bbb,0.7377938517179023,0.0,normal,0.7377938517179023,0
1010,bbb,bbb,known,bbb,0.7377938517179023,0.0,normal,0.7377938517179023,0
1011,bbb,bbb,known,bbb,0.7377938517179023,0.0,normal,0.7377938517179023,0
1012,bbb,bbb,known,bbb,0.7377938517179023,0.0,normal,0.7377938517179023,0
1013,bbb,bbb,known,bbb,0.7377938517179023,0.0,normal,0.7377938517179023,0
1014,bbb,bbb,known,bbb,0.7377938517179023,0.0,normal,0.7377938517179023,0
1015,bbb,bbb,known,bbb,0.7377938517179023,0.0,normal,0.7377938517179023,0
1016,bbb,bbb,known,bbb,0.7377938517179023,0.0,normal,0.7377938517179023,0
1017,bbb,bbb,known,bbb,0.7377938517179023,0.0,normal,0.7377938517179023,0
1018,bbb,bbc,known,bbc,0.06329113924050633,0.0,anomaly,0.06329113924050633,0
1019,bbc,bcc,known,bcc,0.3448275862068966,0.0,normal,0.3448275862068966,0
1020,bcc,ccc,known,ccc,0.3333333333333333,0.0,normal,0.3333333333333333,0
1021,ccc,ccc,known,ccc,0.62,0.0,normal,0.62,0
1022,ccc,ccc,known,ccc,0.62,0.0,normal,0.62,0
1023,ccc,ccc,known,ccc,0.62,0.0,normal,0.62,0
1024,ccc,ccc,known,ccc,0.62,0.0,normal,0.62,0
1025,ccc,ccc,known,ccc,0.62,0.0,normal,0.62,0
1026,ccc,ccc,known,ccc,0.62,0.0,normal,0.62,0
1027,ccc,ccc,known,ccc,0.62,0.0,normal,0.62,0
1028,ccc,ccc,known,ccc,0.62,0.0,normal,0.62,0
1029,ccc,ccc,known,ccc,0.62,0.0,normal,0.62,0
1030,ccc,ccc,known,ccc,0.62,0.0,normal,0.62,0
1031,ccc,ccb,known,ccb,0.22,0.0,normal,0.22,0
1032,ccb,cbb,known,cbb,0.696969696969697,0.0,normal,0.696969696969697,0
1033,cbb,bbb,known,bbb,0.5964912280701754,0.0,normal,0.5964912280701754,0
1034,bbb,bbb,known,bbb,0.7377938517179023,0.0,normal,0.7377938517179023,0
1035,bbb,bbb,known,bbb,0.7377938517179023,0.0,normal,0.7377938517179023,0
1036,bbb,bbc,known,bbc,0.06329113924050633,0.0,anomaly,0.06329113924050633,0
1037,bbc,bcc,known,bcc,0.3448275862068966,0.0,normal,0.3448275862068966,0
1038,bcc,ccc,known,ccc,0.3333333333333333,0.0,normal,0.3333333333333333,0
1039,ccc,ccc,known,ccc,0.62,0.0,normal,0.62,0
1040,ccc,ccc,known,ccc,0.62,0.0,normal,0.62,0
1041,ccc,ccc,known,ccc,0.62,0.0,normal,0.62,0
1042,ccc,ccc,known,ccc,0.62,0.0,normal,0.62,0
1043,ccc,ccc,known,ccc,0.62,0.0,normal,0.62,0
1044,ccc,ccb,known,ccb,0.22,0.0,normal,0.22,0
1045,ccb,cbb,known,cbb,0.696969696969697,0.0,normal,0.696969696969697,0
1046,cbb,bbb,known,bbb,0.5964912280701754,0.0,normal,0.5964912280701754,0
1047,bbb,bbb,known,bbb,0.7377938517179023,0.0,normal,0.7377938517179023,0
1048,bbb,bbb,known,bbb,0.7377938517179023,0.0,normal,0.7377938517179023,0
1049,bbb,bbb,known,bbb,0.7377938517179023,0.0,normal,0.7377938517179023,0
1050,bbb,bbb,known,bbb,0.7377938517179023,0.0,normal,0.7377938517179023,0
1051,bbb,bbb,known,bbb,0.7377938517179023,0.0,normal,0.7377938517179023,0
1052,bbb,bbb,known,bbb,0.7377938517179023,0.0,normal,0.7377938517179023,0
1053,bbb,bbb,known,bbb,0.7377938517179023,0.0,normal,0.7377938517179023,0
1054,bbb,bbb,known,bbb,0.7377938517179023,0.0,normal,0.7377938517179023,0
1055,bbb,bbb,known,bbb,0.7377938517179023,0.0,normal,0.7377938517179023,0
1056,bbb,bbc,known,bbc,0.06329113924050633,0.0,anomaly,0.06329113924050633,0
1057,bbc,bcb,known,bcb,0.5344827586206896,0.0,normal,0.5344827586206896,0
1058,bcb,cbb,known,cbb,0.5471698113207547,0.0,normal,0.5471698113207547,0
1059,cbb,bbc,known,bbc,0.24561403508771928,0.0,normal,0.24561403508771928,0
1060,bbc,bcc,known,bcc,0.3448275862068966,0.0,normal,0.3448275862068966,0
1061,bcc,ccc,known,ccc,0.3333333333333333,0.0,normal,0.3333333333333333,0
1062,ccc,ccc,known,ccc,0.62,0.0,normal,0.62,0
1063,ccc,ccb,known,ccb,0.22,0.0,normal,0.22,0
1064,ccb,cbb,known,cbb,0.696969696969697,0.0,normal,0.696969696969697,0
1065,cbb,bbb,known,bbb,0.5964912280701754,0.0,normal,0.5964912280701754,0
1066,bbb,bbb,known,bbb,0.7377938517179023,0.0,normal,0.7377938517179023,0
1067,bbb,bbb,known,bbb,0.7377938517179023,0.0,normal,0.7377938517179023,0
1068,bbb,bbb,known,bbb,0.7377938517179023,0.0,normal,0.7377938517179023,0
1069,bbb,bbc,known,bbc,0.06329113924050633,0.0,anomaly,0.06329113924050633,0
1070,bbc,bcb,known,bcb,0.5344827586206896,0.0,normal,0.5344827586206896,0
1071,bcb,cbb,known,cbb,0.5471698113207547,0.0,normal,0.5471698113207547,0
1072,cbb,bbb,known,bbb,0.5964912280701754,0.0,normal,0.5964912280701754,0
1073,bbb,bbb,known,bbb,0.7377938517179023,0.0,normal,0.7377938517179023,0
1074,bbb,bbb,known,bbb,0.7377938517179023,0.0,normal,0.7377938517179023,0
1075,bbb,bbb,known,bbb,0.7377938517179023,0.0,normal,0.7377938517179023,0
1076,bbb,bbb,known,bbb,0.7377938517179023,0.0,normal,0.7377938517179023,0
1077,bbb,bbc,known,bbc,0.06329113924050633,0.0,anomaly,0.06329113924050633,0
1078,bbc,bcc,known,bcc,0.3448275862068966,0.0,normal,0.3448275862068966,0
1079,bcc,ccc,known,ccc,0.3333333333333333,0.0,normal,0.3333333333333333,0
1080,ccc,ccc,known,ccc,0.62,0.0,normal,0.62,0
1081,ccc,ccc,known,ccc,0.62,0.0,normal,0.62,0
1082,ccc,ccb,known,ccb,0.22,0.0,normal,0.22,0
1083,ccb,cbb,known,cbb,0.696969696969697,0.0,normal,0.696969696969697,0
1084,cbb,bbb,known,bbb,0.5964912280701754,0.0,normal,0.5964912280701754,0
1085,bbb,bbb,known,bbb,0.7377938517179023,0.0,normal,0.7377938517179023,0
1086,bbb,bbb,known,bbb,0.7377938517179023,0.0,normal,0.7377938517179023,0
1087,bbb,bbb,known,bbb,0.7377938517179023,0.0,normal,0.7377938517179023,0
1088,bbb,bbc,known,bbc,0.06329113924050633,0.0,anomaly,0.06329113924050633,0
1089,bbc,bcc,known,bcc,0.3448275862068966,0.0,normal,0.3448275862068966,0
1090,bcc,ccc,known,ccc,0.3333333333333333,0.0,normal,0.3333333333333333,0
1091,ccc,ccc,known,ccc,0.62,0.0,normal,0.62,0
1092,ccc,ccb,known,ccb,0.22,0.0,normal,0.22,0
1093,ccb,cbb,known,cbb,0.696969696969697,0.0,normal,0.696969696969697,0
1094,cbb,bbc,known,bbc,0.24561403508771928,0.0,normal,0.24561403508771928,0
1095,bbc,bca,known,bca,0.10344827586206896,0.0,anomaly,0.10344827586206896,0
1096,bca,cab,known,cab,0.8888888888888888,0.0,normal,0.8888888888888888,0
1097,cab,abb,known,abb,0.5714285714285714,0.0,normal,0.5714285714285714,0
1098,abb,bbc,known,bbc,0.049723756906077346,0.0,anomaly,0.049723756906077346,0
1099,bbc,bcb,known,bcb,0.5344827586206896,0.0,normal,0.5344827586206896,0
1100,bcb,cbc,known,cbc,0.2830188679245283,0.0,normal,0.2830188679245283,0
1101,cbc,bcb,known,bcb,0.4,0.0,normal,0.4,0
1102,bcb,cbb,known,cbb,0.5471698113207547,0.0,normal,0.5471698113207547,0
1103,cbb,bbb,known,bbb,0.5964912280701754,0.0,normal,0.5964912280701754,0
1104,bbb,bbc,known,bbc,0.06329113924050633,0.0,anomaly,0.06329113924050633,0
1105,bbc,bcc,known,bcc,0.3448275862068966,0.0,normal,0.3448275862068966,0
1106,bcc,ccc,known,ccc,0.3333333333333333,0.0,normal,0.3333333333333333,0
1107,ccc,ccc,known,ccc,0.62,0.0,normal,0.62,0
1108,ccc,ccc,known,ccc,0.62,0.0,normal,0.62,0
1109,ccc,ccb,known,ccb,0.22,0.0,normal,0.22,0
1110,ccb,cbb,known,cbb,0.696969696969697,0.0,normal,0.696969696969697,0
1111,cbb,bbb,known,bbb,0.5964912280701754,0.0,normal,0.5964912280701754,0
1112,bbb,bbb,known,bbb,0.7377938517179023,0.0,normal,0.7377938517179023,0
1113,bbb,bbb,known,bbb,0.7377938517179023,0.0,normal,0.7377938517179023,0
1114,bbb,bbc,known,bbc,0.06329113924050633,0.0,anomaly,0.06329113924050633,0
1115,bbc,bcc,known,bcc,0.3448275862068966,0.0,normal,0.3448275862068966,0
1116,bcc,ccc,known,ccc,0.3333333333333333,0.0,normal,0.3333333333333333,0
1117,ccc,ccc,known,ccc,0.62,0.0,normal,0.62,0
1118,ccc,ccc,known,ccc,0.62,0.0,normal,0.62,0
1119,ccc,ccc,known,ccc,0.62,0.0,normal,0.62,0
1120,ccc,ccc,known,ccc,0.62,0.0,normal,0.62,0
1121,ccc,ccc,known,ccc,0.62,0.0,normal,0.62,0
1122,ccc,ccc,known,ccc,0.62,0.0,normal,0.62,0
1123,ccc,ccc,known,ccc,0.62,0.0,normal,0.62,0
1124,ccc,ccb,known,ccb,0.22,0.0,normal,0.22,0
1125,ccb,cbc,known,cbc,0.24242424242424243,0.0,normal,0.24242424242424243,0
1126,cbc,bcb,known,bcb,0.4,0.0,normal,0.4,0
1127,bcb,cbc,known,cbc,0.2830188679245283,0.0,normal,0.2830188679245283,0
1128,cbc,bcb,known,bcb,0.4,0.0,normal,0.4,0
1129,bcb,cbb,known,cbb,0.5471698113207547,0.0,normal,0.5471698113207547,0
1130,cbb,bbc,known,bbc,0.24561403508771928,0.0,normal,0.24561403508771928,0
1131,bbc,bcb,known,bcb,0.5344827586206896,0.0,normal,0.5344827586206896,0
1132,bcb,cbb,known,cbb,0.5471698113207547,0.0,normal,0.5471698113207547,0
1133,cbb,bbb,known,bbb,0.5964912280701754,0.0,normal,0.5964912280701754,0
1134,bbb,bbb,known,bbb,0.7377938517179023,0.0,normal,0.7377938517179023,0
1135,bbb,bbb,known,bbb,0.7377938517179023,0.0,normal,0.7377938517179023,0
1136,bbb,bbb,known,bbb,0.7377938517179023,0.0,normal,0.7377938517179023,0
1137,bbb,bbc,known,bbc,0.06329113924050633,0.0,anomaly,0.06329113924050633,0
1138,bbc,bcc,known,bcc,0.3448275862068966,0.0,normal,0.3448275862068966,0
1139,bcc,ccb,known,ccb,0.6363636363636364,0.0,normal,0.6363636363636364,0
1140,ccb,cbb,known,cbb,0.696969696969697,0.0,normal,0.696969696969697,0
1141,cbb,bbb,known,bbb,0.5964912280701754,0.0,normal,0.5964912280701754,0
1142,bbb,bbb,known,bbb,0.7377938517179023,0.0,normal,0.7377938517179023,0
1143,bbb,bbc,known,bbc,0.06329113924050633,0.0,anomaly,0.06329113924050633,0
1144,bbc,bcc,known,bcc,0.3448275862068966,0.0,normal,0.3448275862068966,0
1145,bcc,ccc,known,ccc,0.3333333333333333,0.0,normal,0.3333333333333333,0
1146,ccc,ccc,known,ccc,0.62,0.0,normal,0.62,0
1147,ccc,ccc,known,ccc,0.62,0.0,normal,0.62,0
1148,ccc,ccc,known,ccc,0.62,0.0,normal,0.62,0
1149,ccc,ccb,known,ccb,0.22,0.0,normal,0.22,0
1150,ccb,cbb,known,cbb,0.696969696969697,0.0,normal,0.696969696969697,0
1151,cbb,bbb,known,bbb,0.5964912280701754,0.0,normal,0.5964912280701754,0
1152,bbb,bbb,known,bbb,0.7377938517179023,0.0,normal,0.7377938517179023,0
1153,bbb,bbb,known,bbb,0.7377938517179023,0.0,normal,0.7377938517179023,0
1154,bbb,bbb,known,bbb,0.7377938517179023,0.0,normal,0.7377938517179023,0
1155,bbb,bbb,known,bbb,0.7377938517179023,0.0,normal,0.7377938517179023,0
1156,bbb,bbb,known,bbb,0.7377938517179023,0.0,normal,0.7377938517179023,0
1157,bbb,bbb,known,bbb,0.7377938517179023,0.0,normal,0.7377938517179023,0
1158,bbb,bbb,known,bbb,0.7377938517179023,0.0,normal,0.7377938517179023,0
1159,bbb,bbb,known,bbb,0.7377938517179023,0.0,normal,0.7377938517179023,0
1160,bbb,bbb,known,bbb,0.7377938517179023,0.0,normal,0.7377938517179023,0
1161,bbb,bbb,known,bbb,0.7377938517179023,0.0,normal,0.7377938517179023,0
1162,bbb,bbb,known,bbb,0.7377938517179023,0.0,normal,0.7377938517179023,0
1163,bbb,bbb,known,bbb,0.7377938517179023,0.0,normal,0.7377938517179023,0
1164,bbb,bbb,known,bbb,0.7377938517179023,0.0,normal,0.7377938517179023,0
1165,bbb,bbc,known,bbc,0.06329113924050633,0.0,anomaly,0.06329113924050633,0
1166,bbc,bcb,known,bcb,0.5344827586206896,0.0,normal,0.5344827586206896,0
1167,bcb,cbc,known,cbc,0.2830188679245283,0.0,normal,0.2830188679245283,0
1168,cbc,bcb,known,bcb,0.4,0.0,normal,0.4,0
1169,bcb,cbc,known,cbc,0.2830188679245283,0.0,normal,0.2830188679245283,0
1170,cbc,bcc,known,bcc,0.48,0.0,normal,0.48,0
1171,bcc,ccb,known,ccb,0.6363636363636364,0.0,normal,0.6363636363636364,0
1172,ccb,cbc,known,cbc,0.24242424242424243,0.0,normal,0.24242424242424243,0
1173,cbc,bcb,known,bcb,0.4,0.0,normal,0.4,0
1174,bcb,cbb,known,cbb,0.5471698113207547,0.0,normal,0.5471698113207547,0
1175,cbb,bbb,known,bbb,0.5964912280701754,0.0,normal,0.5964912280701754,0
1176,bbb,bbb,known,bbb,0.7377938517179023,0.0,normal,0.7377938517179023,0
1177,bbb,bbb,known,bbb,0.7377938517179023,0.0,normal,0.7377938517179023,0
1178,bbb,bbb,known,bbb,0.7377938517179023,0.0,normal,0.7377938517179023,0
1179,bbb,bbb,known,bbb,0.7377938517179023,0.0,normal,0.7377938517179023,0
1180,bbb,bbc,known,bbc,0.06329113924050633,0.0,anomaly,0.06329113924050633,0
1181,bbc,bcc,known,bcc,0.3448275862068966,0.0,normal,0.3448275862068966,0
1182,bcc,ccc,known,ccc,0.3333333333333333,0.0,normal,0.3333333333333333,0
1183,ccc,ccb,known,ccb,0.22,0.0,normal,0.22,0
1184,ccb,cbb,known,cbb,0.696969696969697,0.0,normal,0.696969696969697,0
1185,cbb,bbb,known,bbb,0.5964912280701754,0.0,normal,0.5964912280701754,0
1186,bbb,bbb,known,bbb,0.7377938517179023,0.0,normal,0.7377938517179023,0
1187,bbb,bbb,known,bbb,0.7377938517179023,0.0,normal,0.7377938517179023,0
1188,bbb,bbb,known,bbb,0.7377938517179023,0.0,normal,0.7377938517179023,0
1189,bbb,bbb,known,bbb,0.7377938517179023,0.0,normal,0.7377938517179023,0
1190,bbb,bbc,known,bbc,0.06329113924050633,0.0,anomaly,0.06329113924050633,0
1191,bbc,bcb,known,bcb,0.5344827586206896,0.0,normal,0.5344827586206896,0
1192,bcb,cbb,known,cbb,0.5471698113207547,0.0,normal,0.5471698113207547,0
1193,cbb,bbb,known,bbb,0.5964912280701754,0.0,normal,0.5964912280701754,0
1194,bbb,bbb,known,bbb,0.7377938517179023,0.0,normal,0.7377938517179023,0
1195,bbb,bbc,known,bbc,0.06329113924050633,0.0,anomaly,0.06329113924050633,0
1196,bbc,bcc,known,bcc,0.3448275862068966,0.0,normal,0.3448275862068966,0
1197,bcc,ccc,known,ccc,0.3333333333333333,0.0,normal,0.3333333333333333,0
1198,ccc,ccc,known,ccc,0.62,0.0,normal,0.62,0
1199,ccc,ccb,known,ccb,0.22,0.0,normal,0.22,0
1200,ccb,cbb,known,cbb,0.696969696969697,0.0,normal,0.696969696969697,0
1201,cbb,bbb,known,bbb,0.5964912280701754,0.0,normal,0.5964912280701754,0
1202,bbb,bbb,known,bbb,0.7377938517179023,0.0,normal,0.7377938517179023,0
1203,bbb,bbc,known,bbc,0.06329113924050633,0.0,anomaly,0.06329113924050633,0
1204,bbc,bcc,known,bcc,0.3448275862068966,0.0,normal,0.3448275862068966,0
1205,bcc,ccc,known,ccc,0.3333333333333333,0.0,normal,0.3333333333333333,0
1206,ccc,ccc,known,ccc,0.62,0.0,normal,0.62,0
1207,ccc,ccb,known,ccb,0.22,0.0,normal,0.22,0
1208,ccb,cbb,known,cbb,0.696969696969697,0.0,normal,0.696969696969697,0
1209,cbb,bbb,known,bbb,0.5964912280701754,0.0,normal,0.5964912280701754,0
1210,bbb,bbb,known,bbb,0.7377938517179023,0.0,normal,0.7377938517179023,0
1211,bbb,bbb,known,bbb,0.7377938517179023,0.0,normal,0.7377938517179023,0
1212,bbb,bbb,known,bbb,0.7377938517179023,0.0,normal,0.7377938517179023,0
1213,bbb,bbc,known,bbc,0.06329113924050633,0.0,anomaly,0.06329113924050633,0
1214,bbc,bcc,known,bcc,0.3448275862068966,0.0,normal,0.3448275862068966,0
1215,bcc,ccc,known,ccc,0.3333333333333333,0.0,normal,0.3333333333333333,0
1216,ccc,ccc,known,ccc,0.62,0.0,normal,0.62,0
1217,ccc,ccc,known,ccc,0.62,0.0,normal,0.62,0
1218,ccc,ccb,known,ccb,0.22,0.0,normal,0.22,0
1219,ccb,cbc,known,cbc,0.24242424242424243,0.0,normal,0.24242424242424243,0
1220,cbc,bcb,known,bcb,0.4,0.0,normal,0.4,0
1221,bcb,cbc,known,cbc,0.2830188679245283,0.0,normal,0.2830188679245283,0
1222,cbc,bcc,known,bcc,0.48,0.0,normal,0.48,0
1223,bcc,ccc,known,ccc,0.3333333333333333,0.0,normal,0.3333333333333333,0
1224,ccc,ccc,known,ccc,0.62,0.0,normal,0.62,0
1225,ccc,ccc,known,ccc,0.62,0.0,normal,0.62,0
1226,ccc,ccb,known,ccb,0.22,0.0,normal,0.22,0
1227,ccb,cbc,known,cbc,0.24242424242424243,0.0,normal,0.24242424242424243,0
1228,cbc,bcc,known,bcc,0.48,0.0,normal,0.48,0
1229,bcc,ccc,known,ccc,0.3333333333333333,0.0,normal,0.3333333333333333,0
1230,ccc,ccc,known,ccc,0.62,0.0,normal,0.62,0
1231,ccc,ccc,known,ccc,0.62,0.0,normal,0.62,0
1232,ccc,ccc,known,ccc,0.62,0.0,normal,0.62,0
1233,ccc,ccc,known,ccc,0.62,0.0,normal,0.62,0
1234,ccc,ccc,known,ccc,0.62,0.0,normal,0.62,0
1235,ccc,ccb,known,ccb,0.22,0.0,normal,0.22,0
1236,ccb,cbb,known,cbb,0.696969696969697,0.0,normal,0.696969696969697,0
1237,cbb,bbb,known,bbb,0.5964912280701754,0.0,normal,0.5964912280701754,0
1238,bbb,bbb,known,bbb,0.7377938517179023,0.0,normal,0.7377938517179023,0
1239,bbb,bbc,known,bbc,0.06329113924050633,0.0,anomaly,0.06329113924050633,0
1240,bbc,bcc,known,bcc,0.3448275862068966,0.0,normal,0.3448275862068966,0
1241,bcc,ccc,known,ccc,0.3333333333333333,0.0,normal,0.3333333333333333,0
1242,ccc,ccb,known,ccb,0.22,0.0,normal,0.22,0
1243,ccb,cbb,known,cbb,0.696969696969697,0.0,normal,0.696969696969697,0
1244,cbb,bbb,known,bbb,0.5964912280701754,0.0,normal,0.5964912280701754,0
1245,bbb,bbb,known,bbb,0.7377938517179023,0.0,normal,0.7377938517179023,0
1246,bbb,bbb,known,bbb,0.7377938517179023,0.0,normal,0.7377938517179023,0
1247,bbb,bbb,known,bbb,0.7377938517179023,0.0,normal,0.7377938517179023,0
1248,bbb,bbb,known,bbb,0.7377938517179023,0.0,normal,0.7377938517179023,0
1249,bbb,bbc,known,bbc,0.06329113924050633,0.0,anomaly,0.06329113924050633,0
1250,bbc,bcc,known,bcc,0.3448275862068966,0.0,normal,0.3448275862068966,0
1251,bcc,ccc,known,ccc,0.3333333333333333,0.0,normal,0.3333333333333333,0
1252,ccc,ccc,known,ccc,0.62,0.0,normal,0.62,0
1253,ccc,ccb,known,ccb,0.22,0.0,normal,0.22,0
1254,ccb,cbb,known,cbb,0.696969696969697,0.0,normal,0.696969696969697,0
1255,cbb,bbc,known,bbc,0.24561403508771928,0.0,normal,0.24561403508771928,0
1256,bbc,bcb,known,bcb,0.5344827586206896,0.0,normal,0.5344827586206896,0
1257,bcb,cbb,known,cbb,0.5471698113207547,0.0,normal,0.5471698113207547,0
1258,cbb,bbb,known,bbb,0.5964912280701754,0.0,normal,0.5964912280701754,0
1259,bbb,bbb,known,bbb,0.7377938517179023,0.0,normal,0.7377938517179023,0
1260,bbb,bbb,known,bbb,0.7377938517179023,0.0,normal,0.7377938517179023,0
1261,bbb,bbc,known,bbc,0.06329113924050633,0.0,anomaly,0.06329113924050633,0
1262,bbc,bcb,known,bcb,0.5344827586206896,0.0,normal,0.5344827586206896,0
1263,bcb,cbc,known,cbc,0.2830188679245283,0.0,normal,0.2830188679245283,0
1264,cbc,bcc,known,bcc,0.48,0.0,normal,0.48,0
1265,bcc,ccc,known,ccc,0.3333333333333333,0.0,normal,0.3333333333333333,0
1266,ccc,ccc,known,ccc,0.62,0.0,normal,0.62,0
1267,ccc,ccb,known,ccb,0.22,0.0,normal,0.22,0
1268,ccb,cbb,known,cbb,0.696969696969697,0.0,normal,0.696969696969697,0
1269,cbb,bbb,known,bbb,0.5964912280701754,0.0,normal,0.5964912280701754,0
1270,bbb,bbb,known,bbb,0.7377938517179023,0.0,normal,0.7377938517179023,0
1271,bbb,bbb,known,bbb,0.7377938517179023,0.0,normal,0.7377938517179023,0
1272,bbb,bbb,known,bbb,0.7377938517179023,0.0,normal,0.7377938517179023,0
1273,bbb,bbb,known,bbb,0.7377938517179023,0.0,normal,0.7377938517179023,0
1274,bbb,bbc,known,bbc,0.06329113924050633,0.0,anomaly,0.06329113924050633,0
1275,bbc,bcc,known,bcc,0.3448275862068966,0.0,normal,0.3448275862068966,0
1276,bcc,ccc,known,ccc,0.3333333333333333,0.0,normal,0.3333333333333333,0
1277,ccc,ccc,known,ccc,0.62,0.0,normal,0.62,0
1278,ccc,ccd,known,ccd,0.16,0.0,anomaly,0.16,0
1279,ccd,cdc,known,cdc,0.4,0.0,normal,0.4,0
1280,cdc,dcc,known,dcc,0.375,0.0,normal,0.375,0
1281,dcc,ccc,known,ccc,0.5333333333333333,0.0,normal,0.5333333333333333,0
1282,ccc,ccc,known,ccc,0.62,0.0,normal,0.62,0
1283,ccc,ccc,known,ccc,0.62,0.0,normal,0.62,0
1284,ccc,ccc,known,ccc,0.62,0.0,normal,0.62,0
1285,ccc,ccc,known,ccc,0.62,0.0,normal,0.62,0
1286,ccc,ccb,known,ccb,0.22,0.0,normal,0.22,0
1287,ccb,cbb,known,cbb,0.696969696969697,0.0,normal,0.696969696969697,0
1288,cbb,bbb,known,bbb,0.5964912280701754,0.0,normal,0.5964912280701754,0
1289,bbb,bbb,known,bbb,0.7377938517179023,0.0,normal,0.7377938517179023,0
1290,bbb,bbb,known,bbb,0.7377938517179023,0.0,normal,0.7377938517179023,0
1291,bbb,bbb,known,bbb,0.7377938517179023,0.0,normal,0.7377938517179023,0
1292,bbb,bbc,known,bbc,0.06329113924050633,0.0,anomaly,0.06329113924050633,0
1293,bbc,bcc,known,bcc,0.3448275862068966,0.0,normal,0.3448275862068966,0
1294,bcc,ccc,known,ccc,0.3333333333333333,0.0,normal,0.3333333333333333,0
1295,ccc,ccc,known,ccc,0.62,0.0,normal,0.62,0
1296,ccc,ccb,known,ccb,0.22,0.0,normal,0.22,0
1297,ccb,cbb,known,cbb,0.696969696969697,0.0,normal,0.696969696969697,0
1298,cbb,bbb,known,bbb,0.5964912280701754,0.0,normal,0.5964912280701754,0
1299,bbb,bbb,known,bbb,0.7377938517179023,0.0,normal,0.7377938517179023,0
1300,bbb,bbc,known,bbc,0.06329113924050633,0.0,anomaly,0.06329113924050633,0
1301,bbc,bcc,known,bcc,0.3448275862068966,0.0,normal,0.3448275862068966,0
1302,bcc,ccc,known,ccc,0.3333333333333333,0.0,normal,0.3333333333333333,0
1303,ccc,ccc,known,ccc,0.62,0.0,normal,0.62,0
1304,ccc,ccc,known,ccc,0.62,0.0,normal,0.62,0
1305,ccc,ccc,known,ccc,0.62,0.0,normal,0.62,0
1306,ccc,ccc,known,ccc,0.62,0.0,normal,0.62,0
1307,ccc,ccc,known,ccc,0.62,0.0,normal,0.62,0
1308,ccc,ccc,known,ccc,0.62,0.0,normal,0.62,0
1309,ccc,ccc,known,ccc,0.62,0.0,normal,0.62,0
1310,ccc,ccb,known,ccb,0.22,0.0,normal,0.22,0
1311,ccb,cbc,known,cbc,0.24242424242424243,0.0,normal,0.24242424242424243,0
1312,cbc,bcc,known,bcc,0.48,0.0,normal,0.48,0
1313,bcc,ccc,known,ccc,0.3333333333333333,0.0,normal,0.3333333333333333,0
1314,ccc,ccc,known,ccc,0.62,0.0,normal,0.62,0
1315,ccc,ccc,known,ccc,0.62,0.0,normal,0.62,0
1316,ccc,ccc,known,ccc,0.62,0.0,normal,0.62,0
1317,ccc,ccc,known,ccc,0.62,0.0,normal,0.62,0
1318,ccc,ccb,known,ccb,0.22,0.0,normal,0.22,0
1319,ccb,cbb,known,cbb,0.696969696969697,0.0,normal,0.696969696969697,0
1320,cbb,bbc,known,bbc,0.24561403508771928,0.0,normal,0.24561403508771928,0
1321,bbc,bcc,known,bcc,0.3448275862068966,0.0,normal,0.3448275862068966,0
1322,bcc,ccb,known,ccb,0.6363636363636364,0.0,normal,0.6363636363636364,0
1323,ccb,cbb,known,cbb,0.696969696969697,0.0,normal,0.696969696969697,0
1324,cbb,bbb,known,bbb,0.5964912280701754,0.0,normal,0.5964912280701754,0
1325,bbb,bbb,known,bbb,0.7377938517179023,0.0,normal,0.7377938517179023,0
1326,bbb,bbb,known,bbb,0.7377938517179023,0.0,normal,0.7377938517179023,0
1327,bbb,bbb,known,bbb,0.7377938517179023,0.0,normal,0.7377938517179023,0
1328,bbb,bbb,known,bbb,0.7377938517179023,0.0,normal,0.7377938517179023,0
1329,bbb,bbb,known,bbb,0.7377938517179023,0.0,normal,0.7377938517179023,0
1330,bbb,bbb,known,bbb,0.7377938517179023,0.0,normal,0.7377938517179023,0
1331,bbb,bbb,known,bbb,0.7377938517179023,0.0,normal,0.7377938517179023,0
1332,bbb,bbc,known,bbc,0.06329113924050633,0.0,anomaly,0.06329113924050633,0
1333,bbc,bcb,known,bcb,0.5344827586206896,0.0,normal,0.5344827586206896,0
1334,bcb,cbb,known,cbb,0.5471698113207547,0.0,normal,0.5471698113207547,0
1335,cbb,bbb,known,bbb,0.5964912280701754,0.0,normal,0.5964912280701754,0
1336,bbb,bbb,known,bbb,0.7377938517179023,0.0,normal,0.7377938517179023,0
1337,bbb,bbb,known,bbb,0.7377938517179023,0.0,normal,0.7377938517179023,0
1338,bbb,bbc,known,bbc,0.06329113924050633,0.0,anomaly,0.06329113924050633,0
1339,bbc,bcb,known,bcb,0.5344827586206896,0.0,normal,0.5344827586206896,0
1340,bcb,cbb,known,cbb,0.5471698113207547,0.0,normal,0.5471698113207547,0
1341,cbb,bbb,known,bbb,0.5964912280701754,0.0,normal,0.5964912280701754,0
1342,bbb,bbb,known,bbb,0.7377938517179023,0.0,normal,0.7377938517179023,0
1343,bbb,bbb,known,bbb,0.7377938517179023,0.0,normal,0.7377938517179023,0
1344,bbb,bbb,known,bbb,0.7377938517179023,0.0,normal,0.7377938517179023,0
1345,bbb,bbb,known,bbb,0.7377938517179023,0.0,normal,0.7377938517179023,0
1346,bbb,bbb,known,bbb,0.7377938517179023,0.0,normal,0.7377938517179023,0
1347,bbb,bbb,known,bbb,0.7377938517179023,0.0,normal,0.7377938517179023,0
1348,bbb,bbb,known,bbb,0.7377938517179023,0.0,normal,0.7377938517179023,0
1349,bbb,bbc,known,bbc,0.06329113924050633,0.0,anomaly,0.06329113924050633,0
1350,bbc,bcc,known,bcc,0.3448275862068966,0.0,normal,0.3448275862068966,0
1351,bcc,ccc,known,ccc,0.3333333333333333,0.0,normal,0.3333333333333333,0
1352,ccc,ccb,known,ccb,0.22,0.0,normal,0.22,0
1353,ccb,cbc,known,cbc,0.24242424242424243,0.0,normal,0.24242424242424243,0
1354,cbc,bcb,known,bcb,0.4,0.0,normal,0.4,0
1355,bcb,cbb,known,cbb,0.5471698113207547,0.0,normal,0.5471698113207547,0
1356,cbb,bbb,known,bbb,0.5964912280701754,0.0,normal,0.5964912280701754,0
1357,bbb,bbb,known,bbb,0.7377938517179023,0.0,normal,0.7377938517179023,0
1358,bbb,bbb,known,bbb,0.7377938517179023,0.0,normal,0.7377938517179023,0
1359,bbb,bbb,known,bbb,0.7377938517179023,0.0,normal,0.7377938517179023,0
1360,bbb,bbb,known,bbb,0.7377938517179023,0.0,normal,0.7377938517179023,0
1361,bbb,bbb,known,bbb,0.7377938517179023,0.0,normal,0.7377938517179023,0
1362,bbb,bbb,known,bbb,0.7377938517179023,0.0,normal,0.7377938517179023,0
1363,bbb,bbb,known,bbb,0.7377938517179023,0.0,normal,0.7377938517179023,0
1364,bbb,bbb,known,bbb,0.7377938517179023,0.0,normal,0.7377938517179023,0
1365,bbb,bbb,known,bbb,0.7377938517179023,0.0,normal,0.7377938517179023,0
1366,bbb,bbb,known,bbb,0.7377938517179023,0.0,normal,0.7377938517179023,0
1367,bbb,bbb,known,bbb,0.7377938517179023,0.0,normal,0.7377938517179023,0
1368,bbb,bbb,known,bbb,0.7377938517179023,0.0,normal,0.7377938517179023,0
1369,bbb,bbb,known,bbb,0.7377938517179023,0.0,normal,0.7377938517179023,0
1370,bbb,bba,known,bba,0.19891500904159132,0.0,anomaly,0.19891500904159132,0
1371,bba,bab,known,bab,0.40555555555555556,0.0,normal,0.40555555555555556,0
1372,bab,abb,known,abb,0.46,0.0,normal,0.46,0
1373,abb,bbb,known,bbb,0.6132596685082873,0.0,normal,0.6132596685082873,0
1374,bbb,bba,known,bba,0.19891500904159132,0.0,anomaly,0.19891500904159132,0
1375,bba,baa,known,baa,0.5555555555555556,0.0,normal,0.5555555555555556,0
1376,baa,aab,known,aab,0.22727272727272727,0.0,normal,0.22727272727272727,0
1377,aab,abb,known,abb,0.47706422018348627,0.0,normal,0.47706422018348627,0
1378,abb,bba,known,bba,0.3370165745856354,0.0,normal,0.3370165745856354,0
1379,bba,bab,known,bab,0.40555555555555556,0.0,normal,0.40555555555555556,0
1380,bab,abb,known,abb,0.46,0.0,normal,0.46,0
1381,abb,bbb,known,bbb,0.6132596685082873,0.0,normal,0.6132596685082873,0
1382,bbb,bbb,known,bbb,0.7377938517179023,0.0,normal,0.7377938517179023,0
1383,bbb,bbc,known,bbc,0.06329113924050633,0.0,anomaly,0.06329113924050633,0
1384,bbc,bcb,known,bcb,0.5344827586206896,0.0,normal,0.5344827586206896,0
1385,bcb,cbc,known,cbc,0.2830188679245283,0.0,normal,0.2830188679245283,0
1386,cbc,bcb,known,bcb,0.4,0.0,normal,0.4,0
1387,bcb,cbc,known,cbc,0.2830188679245283,0.0,normal,0.2830188679245283,0
1388,cbc,bcb,known,bcb,0.4,0.0,normal,0.4,0
1389,bcb,cbc,known,cbc,0.2830188679245283,0.0,normal,0.2830188679245283,0
1390,cbc,bcb,known,bcb,0.4,0.0,normal,0.4,0
1391,bcb,cbb,known,cbb,0.5471698113207547,0.0,normal,0.5471698113207547,0
1392,cbb,bbb,known,bbb,0.5964912280701754,0.0,normal,0.5964912280701754,0
1393,bbb,bbb,known,bbb,0.7377938517179023,0.0,normal,0.7377938517179023,0
1394,bbb,bbb,known,bbb,0.7377938517179023,0.0,normal,0.7377938517179023,0
1395,bbb,bbc,known,bbc,0.06329113924050633,0.0,anomaly,0.06329113924050633,0
1396,bbc,bcb,known,bcb,0.5344827586206896,0.0,normal,0.5344827586206896,0
1397,bcb,cbb,known,cbb,0.5471698113207547,0.0,normal,0.5471698113207547,0
1398,cbb,bbb,known,bbb,0.5964912280701754,0.0,normal,0.5964912280701754,0
1399,bbb,bbb,known,bbb,0.7377938517179023,0.0,normal,0.7377938517179023,0
1400,bbb,bbb,known,bbb,0.7377938517179023,0.0,normal,0.7377938517179023,0
1401,bbb,bbb,known,bbb,0.7377938517179023,0.0,normal,0.7377938517179023,0
1402,bbb,bbb,known,bbb,0.7377938517179023,0.0,normal,0.7377938517179023,0
1403,bbb,bbb,known,bbb,0.7377938517179023,0.0,normal,0.7377938517179023,0
1404,bbb,bba,known,bba,0.19891500904159132,0.0,anomaly,0.19891500904159132,0
1405,bba,bab,known,bab,0.40555555555555556,0.0,normal,0.40555555555555556,0
1406,bab,abb,known,abb,0.46,0.0,normal,0.46,0
1407,abb,bbb,known,bbb,0.6132596685082873,0.0,normal,0.6132596685082873,0
1408,bbb,bba,known,bba,0.19891500904159132,0.0,anomaly,0.19891500904159132,0
1409,bba,bab,known,bab,0.40555555555555556,0.0,normal,0.40555555555555556,0
1410,bab,abb,known,abb,0.46,0.0,normal,0.46,0
1411,abb,bbb,known,bbb,0.6132596685082873,0.0,normal,0.6132596685082873,0
1412,bbb,bbb,known,bbb,0.7377938517179023,0.0,normal,0.7377938517179023,0
1413,bbb,bbb,known,bbb,0.7377938517179023,0.0,normal,0.7377938517179023,0
1414,bbb,bbb,known,bbb,0.7377938517179023,0.0,normal,0.7377938517179023,0
1415,bbb,bbc,known,bbc,0.06329113924050633,0.0,anomaly,0.06329113924050633,0
1416,bbc,bcc,known,bcc,0.3448275862068966,0.0,normal,0.3448275862068966,0
1417,bcc,ccc,known,ccc,0.3333333333333333,0.0,normal,0.3333333333333333,0
1418,ccc,ccc,known,ccc,0.62,0.0,normal,0.62,0
1419,ccc,ccb,known,ccb,0.22,0.0,normal,0.22,0
1420,ccb,cbb,known,cbb,0.696969696969697,0.0,normal,0.696969696969697,0
1421,cbb,bbb,known,bbb,0.5964912280701754,0.0,normal,0.5964912280701754,0
1422,bbb,bbb,known,bbb,0.7377938517179023,0.0,normal,0.7377938517179023,0
1423,bbb,bbb,known,bbb,0.7377938517179023,0.0,normal,0.7377938517179023,0
1424,bbb,bbb,known,bbb,0.7377938517179023,0.0,normal,0.7377938517179023,0
1425,bbb,bbb,known,bbb,0.7377938517179023,0.0,normal,0.7377938517179023,0
1426,bbb,bbb,known,bbb,0.7377938517179023,0.0,normal,0.7377938517179023,0
1427,bbb,bbc,known,bbc,0.06329113924050633,0.0,anomaly,0.06329113924050633,0
1428,bbc,bcb,known,bcb,0.5344827586206896,0.0,normal,0.5344827586206896,0
1429,bcb,cbb,known,cbb,0.5471698113207547,0.0,normal,0.5471698113207547,0
1430,cbb,bbb,known,bbb,0.5964912280701754,0.0,normal,0.5964912280701754,0
1431,bbb,bbb,known,bbb,0.7377938517179023,0.0,normal,0.7377938517179023,0
1432,bbb,bbb,known,bbb,0.7377938517179023,0.0,normal,0.7377938517179023,0
1433,bbb,bbb,known,bbb,0.7377938517179023,0.0,normal,0.7377938517179023,0
1434,bbb,bbb,known,bbb,0.7377938517179023,0.0,normal,0.7377938517179023,0
1435,bbb,bba,known,bba,0.19891500904159132,0.0,anomaly,0.19891500904159132,0
1436,bba,bab,known,bab,0.40555555555555556,0.0,normal,0.40555555555555556,0
1437,bab,abb,known,abb,0.46,0.0,normal,0.46,0
1438,abb,bbb,known,bbb,0.6132596685082873,0.0,normal,0.6132596685082873,0
1439,bbb,bbb,known,bbb,0.7377938517179023,0.0,normal,0.7377938517179023,0
1440,bbb,bbb,known,bbb,0.7377938517179023,0.0,normal,0.7377938517179023,0
1441,bbb,bbb,known,bbb,0.7377938517179023,0.0,normal,0.7377938517179023,0
1442,bbb,bbb,known,bbb,0.7377938517179023,0.0,normal,0.7377938517179023,0
1443,bbb,bbb,known,bbb,0.7377938517179023,0.0,normal,0.7377938517179023,0
1444,bbb,bbb,known,bbb,0.7377938517179023,0.0,normal,0.7377938517179023,0
1445,bbb,bbb,known,bbb,0.7377938517179023,0.0,normal,0.7377938517179023,0
1446,bbb,bbb,known,bbb,0.7377938517179023,0.0,normal,0.7377938517179023,0
1447,bbb,bbb,known,bbb,0.7377938517179023,0.0,normal,0.7377938517179023,0
1448,bbb,bbb,known,bbb,0.7377938517179023,0.0,normal,0.7377938517179023,0
1449,bbb,bbb,known,bbb,0.7377938517179023,0.0,normal,0.7377938517179023,0
1450,bbb,bbb,known,bbb,0.7377938517179023,0.0,normal,0.7377938517179023,0
1451,bbb,bbb,known,bbb,0.7377938517179023,0.0,normal,0.7377938517179023,0
1452,bbb,bbb,known,bbb,0.7377938517179023,0.0,normal,0.7377938517179023,0
1453,bbb,bbb,known,bbb,0.7377938517179023,0.0,normal,0.7377938517179023,0
1454,bbb,bbb,known,bbb,0.7377938517179023,0.0,normal,0.7377938517179023,0
1455,bbb,bbb,known,bbb,0.7377938517179023,0.0,normal,0.7377938517179023,0
1456,bbb,bbb,known,bbb,0.7377938517179023,0.0,normal,0.7377938517179023,0
1457,bbb,bbc,known,bbc,0.06329113924050633,0.0,anomaly,0.06329113924050633,0
1458,bbc,bcc,known,bcc,0.3448275862068966,0.0,normal,0.3448275862068966,0
1459,bcc,ccc,known,ccc,0.3333333333333333,0.0,normal,0.3333333333333333,0
1460,ccc,ccb,known,ccb,0.22,0.0,normal,0.22,0
1461,ccb,cbb,known,cbb,0.696969696969697,0.0,normal,0.696969696969697,0
1462,cbb,bbb,known,bbb,0.5964912280701754,0.0,normal,0.5964912280701754,0
1463,bbb,bbb,known,bbb,0.7377938517179023,0.0,normal,0.7377938517179023,0
1464,bbb,bbb,known,bbb,0.7377938517179023,0.0,normal,0.7377938517179023,0
1465,bbb,bbb,known,bbb,0.7377938517179023,0.0,normal,0.7377938517179023,0
1466,bbb,bbc,known,bbc,0.06329113924050633,0.0,anomaly,0.06329113924050633,0
1467,bbc,bcc,known,bcc,0.3448275862068966,0.0,normal,0.3448275862068966,0
1468,bcc,ccc,known,ccc,0.3333333333333333,0.0,normal,0.3333333333333333,0
1469,ccc,ccb,known,ccb,0.22,0.0,normal,0.22,0
1470,ccb,cbb,known,cbb,0.696969696969697,0.0,normal,0.696969696969697,0
1471,cbb,bbb,known,bbb,0.5964912280701754,0.0,normal,0.5964912280701754,0
1472,bbb,bbc,known,bbc,0.06329113924050633,0.0,anomaly,0.06329113924050633,0
1473,bbc,bcc,known,bcc,0.3448275862068966,0.0,normal,0.3448275862068966,0
1474,bcc,ccc,known,ccc,0.3333333333333333,0.0,normal,0.3333333333333333,0
1475,ccc,ccc,known,ccc,0.62,0.0,normal,0.62,0
1476,ccc,ccb,known,ccb,0.22,0.0,normal,0.22,0
1477,ccb,cbc,known,cbc,0.24242424242424243,0.0,normal,0.24242424242424243,0
1478,cbc,bcc,known,bcc,0.48,0.0,normal,0.48,0
1479,bcc,ccc,known,ccc,0.3333333333333333,0.0,normal,0.3333333333333333,0
1480,ccc,ccb,known,ccb,0.22,0.0,normal,0.22,0
1481,ccb,cbc,known,cbc,0.24242424242424243,0.0,normal,0.24242424242424243,0
1482,cbc,bcb,known,bcb,0.4,0.0,normal,0.4,0
1483,bcb,cbb,known,cbb,0.5471698113207547,0.0,normal,0.5471698113207547,0
1484,cbb,bbc,known,bbc,0.24561403508771928,0.0,normal,0.24561403508771928,0
1485,bbc,bcc,known,bcc,0.3448275862068966,0.0,normal,0.3448275862068966,0
1486,bcc,ccc,known,ccc,0.3333333333333333,0.0,normal,0.3333333333333333,0
1487,ccc,ccc,known,ccc,0.62,0.0,normal,0.62,0
1488,ccc,ccc,known,ccc,0.62,0.0,normal,0.62,0
1489,ccc,ccc,known,ccc,0.62,0.0,normal,0.62,0
1490,ccc,ccc,known,ccc,0.62,0.0,normal,0.62,0
1491,ccc,ccc,known,ccc,0.62,0.0,normal,0.62,0
1492,ccc,ccc,known,ccc,0.62,0.0,normal,0.62,0
1493,ccc,ccc,known,ccc,0.62,0.0,normal,0.62,0
1494,ccc,ccc,known,ccc,0.62,0.0,normal,0.62,0
1495,ccc,ccc,known,ccc,0.62,0.0,normal,0.62,0
1496,ccc,ccc,known,ccc,0.62,0.0,normal,0.62,0
1497,ccc,ccc,known,ccc,0.62,0.0,normal,0.62,0
1498,ccc,ccc,known,ccc,0.62,0.0,normal,0.62,0
1499,ccc,ccc,known,ccc,0.62,0.0,normal,0.62,0
1500,ccc,ccc,known,ccc,0.62,0.0,normal,0.62,0
1501,ccc,ccb,known,ccb,0.22,0.0,normal,0.22,0
1502,ccb,cbb,known,cbb,0.696969696969697,0.0,normal,0.696969696969697,0
1503,cbb,bbb,known,bbb,0.5964912280701754,0.0,normal,0.5964912280701754,0
1504,bbb,bbb,known,bbb,0.7377938517179023,0.0,normal,0.7377938517179023,0
1505,bbb,bbc,known,bbc,0.06329113924050633,0.0,anomaly,0.06329113924050633,0
1506,bbc,bcc,known,bcc,0.3448275862068966,0.0,normal,0.3448275862068966,0
1507,bcc,ccc,known,ccc,0.3333333333333333,0.0,normal,0.3333333333333333,0
1508,ccc,ccc,known,ccc,0.62,0.0,normal,0.62,0
1509,ccc,ccb,known,ccb,0.22,0.0,normal,0.22,0
1510,ccb,cbb,known,cbb,0.696969696969697,0.0,normal,0.696969696969697,0
1511,cbb,bbc,known,bbc,0.24561403508771928,0.0,normal,0.24561403508771928,0
