time_step,state,pattern,status,mapped_to,probability,path_probability,decision,confidence,distance
1,abc,bcb,known,bcb,0.6,0.6,normal,0.6,0
2,bcb,cbc,known,cbc,0.26865671641791045,0.16119402985074627,normal,0.26865671641791045,0
3,cbc,bcb,known,bcb,0.5443037974683544,0.08773852257698847,normal,0.5443037974683544,0
4,bcb,cba,known,cba,0.14925373134328357,0.013095301877162457,anomaly,0.14925373134328357,0
5,cba,bab,known,bab,0.53125,0.0069568791222425555,normal,0.53125,0
6,bab,aba,known,aba,0.44642857142857145,0.0031057496081439984,normal,0.44642857142857145,0
7,aba,baa,known,baa,0.5317919075144508,0.001651612508377155,normal,0.5317919075144508,0
8,baa,aab,known,aab,0.3701657458563536,0.0006113703760291127,normal,0.3701657458563536,0
9,aab,aba,known,aba,0.5166666666666667,0.00031587469428170825,normal,0.5166666666666667,0
10,aba,bab,known,bab,0.4277456647398844,0.00013511403108003704,normal,0.4277456647398844,0
11,bab,abb,known,abb,0.49404761904761907,6.675276535501831e-05,normal,0.49404761904761907,0
12,abb,bba,known,bba,0.27167630057803466,1.8135144345004972e-05,normal,0.27167630057803466,0
13,bba,bab,known,bab,0.4779874213836478,8.668370881889169e-06,normal,0.4779874213836478,0
14,bab,abb,known,abb,0.49404761904761907,4.282587995219054e-06,normal,0.49404761904761907,0
15,abb,bbb,known,bbb,0.6127167630057804,2.624013453718033e-06,normal,0.6127167630057804,0
16,bbb,bbc,known,bbc,0.17537313432835822,4.601814638983118e-07,anomaly,0.17537313432835822,0
17,bbc,bcb,known,bcb,0.47586206896551725,2.1898290351023114e-07,normal,0.47586206896551725,0
18,bcb,cbb,known,cbb,0.5223880597014925,1.143940540725088e-07,normal,0.5223880597014925,0
19,cbb,bbc,known,bbc,0.23703703703703705,2.7115627632002086e-08,normal,0.23703703703703705,0
20,bbc,bcb,known,bcb,0.47586206896551725,1.2903298666263062e-08,normal,0.47586206896551725,0
21,bcb,cbb,known,cbb,0.5223880597014925,6.740529154018017e-09,normal,0.5223880597014925,0
22,cbb,bbb,known,bbb,0.6148148148148148,4.1441771835814475e-09,normal,0.6148148148148148,0
23,bbb,bbb,known,bbb,0.6380597014925373,2.6442324566881623e-09,normal,0.6380597014925373,0
24,bbb,bbb,known,bbb,0.6380597014925373,1.6871781719913274e-09,normal,0.6380597014925373,0
25,bbb,bbb,known,bbb,0.6380597014925373,1.0765204007855112e-09,normal,0.6380597014925373,0
26,bbb,bbb,known,bbb,0.6380597014925373,6.8688428557583e-10,normal,0.6380597014925373,0
27,bbb,bbc,known,bbc,0.17537313432835822,1.204610500823284e-10,anomaly,0.17537313432835822,0
28,bbc,bcb,known,bcb,0.47586206896551725,5.732284452193558e-11,normal,0.47586206896551725,0
29,bcb,cba,known,cba,0.14925373134328357,8.555648436109787e-12,anomaly,0.14925373134328357,0
30,cba,bab,known,bab,0.53125,4.545188231683325e-12,normal,0.53125,0
31,bab,aba,known,aba,0.44642857142857145,2.0291018891443415e-12,normal,0.44642857142857145,0
32,aba,bab,known,bab,0.4277456647398844,8.679395363970016e-13,normal,0.4277456647398844,0
33,bab,abb,known,abb,0.49404761904761907,4.2880346143423294e-13,normal,0.49404761904761907,0
34,abb,bbc,known,bbc,0.10982658959537572,4.709402177601402e-14,anomaly,0.10982658959537572,0
35,bbc,bcb,known,bcb,0.47586206896551725,2.2410258638241156e-14,normal,0.47586206896551725,0
36,bcb,cbc,known,cbc,0.26865671641791045,6.020666499825982e-15,normal,0.26865671641791045,0
37,cbc,bcc,known,bcc,0.2911392405063291,1.7528522721012352e-15,normal,0.2911392405063291,0
38,bcc,ccb,known,ccb,0.45918367346938777,8.048811453526081e-16,normal,0.45918367346938777,0
39,ccb,cbb,known,cbb,0.5463917525773195,4.3978041962565177e-16,normal,0.5463917525773195,0
40,cbb,bba,known,bba,0.1259259259259259,5.537975654545244e-17,anomaly,0.1259259259259259,0
41,bba,bab,known,bab,0.4779874213836478,2.6470827028015002e-17,normal,0.4779874213836478,0
42,bab,aba,known,aba,0.44642857142857145,1.1817333494649555e-17,normal,0.44642857142857145,0
43,aba,bab,known,bab,0.4277456647398844,5.054813171121775e-18,normal,0.4277456647398844,0
44,bab,abb,known,abb,0.49404761904761907,2.497318411923258e-18,normal,0.49404761904761907,0
45,abb,bbb,known,bbb,0.6127167630057804,1.5301488535483549e-18,normal,0.6127167630057804,0
46,bbb,bbc,known,bbc,0.17537313432835822,2.6834700043571895e-19,anomaly,0.17537313432835822,0
47,bbc,bcb,known,bcb,0.47586206896551725,1.2769615882803177e-19,normal,0.47586206896551725,0
48,bcb,cbc,known,cbc,0.26865671641791045,3.430643072991898e-20,normal,0.26865671641791045,0
49,cbc,bcb,known,bcb,0.5443037974683544,1.8673120523879953e-20,normal,0.5443037974683544,0
50,bcb,cbb,known,cbb,0.5223880597014925,9.754615199041765e-21,normal,0.5223880597014925,0
51,cbb,bbc,known,bbc,0.23703703703703705,2.3122050842173073e-21,normal,0.23703703703703705,0
52,bbc,bcb,known,bcb,0.47586206896551725,1.1002906952482359e-21,normal,0.47586206896551725,0
53,bcb,cbb,known,cbb,0.5223880597014925,5.747787213983321e-22,normal,0.5223880597014925,0
54,cbb,bbb,known,bbb,0.6148148148148148,3.533824731560116e-22,normal,0.6148148148148148,0
55,bbb,bbb,known,bbb,0.6380597014925373,2.2547911533461933e-22,normal,0.6380597014925373,0
56,bbb,bbc,known,bbc,0.17537313432835822,3.954297918181757e-23,anomaly,0.17537313432835822,0
57,bbc,bca,known,bca,0.05517241379310345,2.1816816100313144e-24,anomaly,0.05517241379310345,0
58,bca,cad,known,cad,0.0,2.1816816100313147e-28,anomaly,0.0,0
59,cad,ada,known,ada,0.0,2.1816816100313147e-32,anomaly,0.0,0
60,ada,dab,known,dab,0.0,2.1816816100313147e-36,anomaly,0.0,0
61,dab,aba,known,aba,1.0,2.1816816100313147e-36,normal,1.0,0
62,aba,bac,known,bac,0.04046242774566474,8.827613450993759e-38,anomaly,0.04046242774566474,0
63,bac,aca,known,aca,0.4,3.531045380397504e-38,normal,0.4,0
64,aca,cab,known,cab,0.6428571428571429,2.2699577445412528e-38,normal,0.6428571428571429,0
65,cab,aba,known,aba,0.21052631578947367,4.778858409560532e-39,normal,0.21052631578947367,0
66,aba,baa,known,baa,0.5317919075144508,2.54135822936167e-39,normal,0.5317919075144508,0
67,baa,aab,known,aab,0.3701657458563536,9.407237644598447e-40,normal,0.3701657458563536,0
68,aab,aba,known,aba,0.5166666666666667,4.860406116375865e-40,normal,0.5166666666666667,0
69,aba,bab,known,bab,0.4277456647398844,2.079017645154994e-40,normal,0.4277456647398844,0
70,bab,abb,known,abb,0.49404761904761907,1.0271337175468126e-40,normal,0.49404761904761907,0
71,abb,bba,known,bba,0.27167630057803466,2.7904788858208204e-41,normal,0.27167630057803466,0
72,bba,bab,known,bab,0.4779874213836478,1.3338138070590085e-41,normal,0.4779874213836478,0
73,bab,aba,known,aba,0.44642857142857145,5.954525924370574e-42,normal,0.44642857142857145,0
74,aba,baa,known,baa,0.5317919075144508,3.1665686996652765e-42,normal,0.5317919075144508,0
75,baa,aac,known,aac,0.016574585635359115,5.248456408284988e-44,anomaly,0.016574585635359115,0
76,aac,aca,known,aca,0.5,2.624228204142494e-44,normal,0.5,0
77,aca,cac,known,cac,0.21428571428571427,5.623346151733916e-45,normal,0.21428571428571427,0
78,cac,aca,known,aca,0.4,2.2493384606935665e-45,normal,0.4,0
79,aca,caa,known,caa,0.14285714285714285,3.2133406581336664e-46,anomaly,0.14285714285714285,0
80,caa,aab,known,aab,0.42857142857142855,1.3771459963429998e-46,normal,0.42857142857142855,0
81,aab,aba,known,aba,0.5166666666666667,7.115254314438833e-47,normal,0.5166666666666667,0
82,aba,bab,known,bab,0.4277456647398844,3.043519186522969e-47,normal,0.4277456647398844,0
83,bab,aba,known,aba,0.44642857142857145,1.358713922554897e-47,normal,0.44642857142857145,0
84,aba,baa,known,baa,0.5317919075144508,7.225530686419105e-48,normal,0.5317919075144508,0
85,baa,aaa,known,aaa,0.6077348066298343,4.3912064945088487e-48,normal,0.6077348066298343,0
86,aaa,aaa,known,aaa,0.9054393305439331,3.975971068668263e-48,normal,0.9054393305439331,0
87,aaa,aaa,known,aaa,0.9054393305439331,3.6000005826770385e-48,normal,0.9054393305439331,0
88,aaa,aaa,known,aaa,0.9054393305439331,3.2595821175368666e-48,normal,0.9054393305439331,0
89,aaa,aaa,known,aaa,0.9054393305439331,2.9513538503555565e-48,normal,0.9054393305439331,0
90,aaa,aaa,known,aaa,0.9054393305439331,2.6722718544641944e-48,normal,0.9054393305439331,0
91,aaa,aaa,known,aaa,0.9054393305439331,2.4195800389374548e-48,normal,0.9054393305439331,0
92,aaa,aaa,known,aaa,0.9054393305439331,2.1907829306529926e-48,normal,0.9054393305439331,0
93,aaa,aaa,known,aaa,0.9054393305439331,1.9836210300975213e-48,normal,0.9054393305439331,0
94,aaa,aaa,known,aaa,0.9054393305439331,1.7960484975443668e-48,normal,0.9054393305439331,0
95,aaa,aaa,known,aaa,0.9054393305439331,1.6262129492410084e-48,normal,0.9054393305439331,0
96,aaa,aaa,known,aaa,0.9054393305439331,1.4724371640826536e-48,normal,0.9054393305439331,0
97,aaa,aaa,known,aaa,0.9054393305439331,1.3332025201150052e-48,normal,0.9054393305439331,0
98,aaa,aaa,known,aaa,0.9054393305439331,1.2071339972924148e-48,normal,0.9054393305439331,0
99,aaa,aaa,known,aaa,0.9054393305439331,1.092986598385266e-48,normal,0.9054393305439331,0
100,aaa,aaa,known,aaa,0.9054393305439331,9.89633053935446e-49,normal,0.9054393305439331,0
101,aaa,aaa,known,aaa,0.9054393305439331,8.960526898394583e-49,normal,0.9054393305439331,0
102,aaa,aaa,known,aaa,0.9054393305439331,8.113213476203296e-49,normal,0.9054393305439331,0
103,aaa,aaa,known,aaa,0.9054393305439331,7.346022578453528e-49,normal,0.9054393305439331,0
104,aaa,aaa,known,aaa,0.9054393305439331,6.65137776559558e-49,normal,0.9054393305439331,0
105,aaa,aaa,known,aaa,0.9054393305439331,6.022419031275664e-49,normal,0.9054393305439331,0
106,aaa,aaa,known,aaa,0.9054393305439331,5.452935055933279e-49,normal,0.9054393305439331,0
107,aaa,aab,known,aab,0.09205020920502092,5.019438126800508e-50,anomaly,0.09205020920502092,0
108,aab,aba,known,aba,0.5166666666666667,2.593376365513596e-50,normal,0.5166666666666667,0
109,aba,baa,known,baa,0.5317919075144508,1.3791365643193688e-50,normal,0.5317919075144508,0
110,baa,aaa,known,aaa,0.6077348066298343,8.381492932327656e-51,normal,0.6077348066298343,0
111,aaa,aaa,known,aaa,0.9054393305439331,7.58893334960546e-51,normal,0.9054393305439331,0
112,aaa,aaa,known,aaa,0.9054393305439331,6.871318731609295e-51,normal,0.9054393305439331,0
113,aaa,aaa,known,aaa,0.9054393305439331,6.221562232302308e-51,normal,0.9054393305439331,0
114,aaa,aab,known,aab,0.09205020920502092,5.7269610506548444e-52,anomaly,0.09205020920502092,0
115,aab,aba,known,aba,0.5166666666666667,2.95892987617167e-52,normal,0.5166666666666667,0
116,aba,bab,known,bab,0.4277456647398844,1.2656694268017548e-52,normal,0.4277456647398844,0
117,bab,aba,known,aba,0.44642857142857145,5.650309941079263e-53,normal,0.44642857142857145,0
118,aba,bab,known,bab,0.4277456647398844,2.4168955817333264e-53,normal,0.4277456647398844,0
119,bab,aba,known,aba,0.44642857142857145,1.078971241845235e-53,normal,0.44642857142857145,0
120,aba,baa,known,baa,0.5317919075144508,5.737881748541134e-54,normal,0.5317919075144508,0
121,baa,aab,known,aab,0.3701657458563536,2.1239672770842872e-54,normal,0.3701657458563536,0
122,aab,aba,known,aba,0.5166666666666667,1.0973830931602152e-54,normal,0.5166666666666667,0
123,aba,bab,known,bab,0.4277456647398844,4.694008606581267e-55,normal,0.4277456647398844,0
124,bab,aba,known,aba,0.44642857142857145,2.0955395565094942e-55,normal,0.44642857142857145,0
125,aba,baa,known,baa,0.5317919075144508,1.1143909780281703e-55,normal,0.5317919075144508,0
126,baa,aaa,known,aaa,0.6077348066298343,6.772541855419819e-56,normal,0.6077348066298343,0
127,aaa,aaa,known,aaa,0.9054393305439331,6.132125763652088e-56,normal,0.9054393305439331,0
128,aaa,aaa,known,aaa,0.9054393305439331,5.552267846252351e-56,normal,0.9054393305439331,0
129,aaa,aaa,known,aaa,0.9054393305439331,5.027241681711334e-56,normal,0.9054393305439331,0
130,aaa,aaa,known,aaa,0.9054393305439331,4.551862342771266e-56,normal,0.9054393305439331,0
131,aaa,aaa,known,aaa,0.9054393305439331,4.121435192366955e-56,normal,0.9054393305439331,0
132,aaa,aaa,known,aaa,0.9054393305439331,3.7317095214569416e-56,normal,0.9054393305439331,0
133,aaa,aaa,known,aaa,0.9054393305439331,3.378836570892394e-56,normal,0.9054393305439331,0
134,aaa,aaa,known,aaa,0.9054393305439331,3.059331522766168e-56,normal,0.9054393305439331,0
135,aaa,aab,known,aab,0.09205020920502092,2.81612106698141e-57,anomaly,0.09205020920502092,0
136,aab,aba,known,aba,0.5166666666666667,1.4549958846070618e-57,normal,0.5166666666666667,0
137,aba,bab,known,bab,0.4277456647398844,6.223681818550438e-58,normal,0.4277456647398844,0
138,bab,aba,known,aba,0.44642857142857145,2.7784293832814456e-58,normal,0.44642857142857145,0
139,aba,baa,known,baa,0.5317919075144508,1.4775462616294392e-58,normal,0.5317919075144508,0
140,baa,aaa,known,aaa,0.6077348066298343,8.979562915980016e-59,normal,0.6077348066298343,0
141,aaa,aaa,known,aaa,0.9054393305439331,8.130449435222074e-59,normal,0.9054393305439331,0
142,aaa,aaa,known,aaa,0.9054393305439331,7.361628693648773e-59,normal,0.9054393305439331,0
143,aaa,aaa,known,aaa,0.9054393305439331,6.665508156090354e-59,normal,0.9054393305439331,0
144,aaa,aaa,known,aaa,0.9054393305439331,6.0352132425855765e-59,normal,0.9054393305439331,0
145,aaa,aaa,known,aaa,0.9054393305439331,5.4645194380565645e-59,normal,0.9054393305439331,0
146,aaa,aaa,known,aaa,0.9054393305439331,4.947790821738245e-59,normal,0.9054393305439331,0
147,aaa,aaa,known,aaa,0.9054393305439331,4.479924409306093e-59,normal,0.9054393305439331,0
148,aaa,aaa,known,aaa,0.9054393305439331,4.056299758049534e-59,normal,0.9054393305439331,0
149,aaa,aaa,known,aaa,0.9054393305439331,3.6727333374138877e-59,normal,0.9054393305439331,0
150,aaa,aaa,known,aaa,0.9054393305439331,3.3254372142944156e-59,normal,0.9054393305439331,0
151,aaa,aab,known,aab,0.09205020920502092,3.0610719127396297e-60,anomaly,0.09205020920502092,0
152,aab,aba,known,aba,0.5166666666666667,1.581553821582142e-60,normal,0.5166666666666667,0
153,aba,bab,known,bab,0.4277456647398844,6.76502790734558e-61,normal,0.4277456647398844,0
154,bab,abb,known,abb,0.49404761904761907,3.34224593041478e-61,normal,0.49404761904761907,0
155,abb,bba,known,bba,0.27167630057803466,9.08009009997079e-62,normal,0.27167630057803466,0
156,bba,bab,known,bab,0.4779874213836478,4.340168852816227e-62,normal,0.4779874213836478,0
157,bab,abb,known,abb,0.49404761904761907,2.144250087998493e-62,normal,0.49404761904761907,0
158,abb,bbb,known,bbb,0.6127167630057804,1.3138179729932963e-62,normal,0.6127167630057804,0
159,bbb,bbb,known,bbb,0.6380597014925373,8.382943036636331e-63,normal,0.6380597014925373,0
160,bbb,bbb,known,bbb,0.6380597014925373,5.348818131585122e-63,normal,0.6380597014925373,0
161,bbb,bbb,known,bbb,0.6380597014925373,3.412865300377074e-63,normal,0.6380597014925373,0
162,bbb,bbb,known,bbb,0.6380597014925373,2.1776118147928348e-63,normal,0.6380597014925373,0
163,bbb,bbb,known,bbb,0.6380597014925373,1.3894463445133386e-63,normal,0.6380597014925373,0
164,bbb,bbb,known,bbb,0.6380597014925373,8.86549719820078e-64,normal,0.6380597014925373,0
165,bbb,bba,known,bba,0.16977611940298507,1.5051497108885652e-64,anomaly,0.16977611940298507,0
166,bba,baa,known,baa,0.4716981132075472,7.099762787210213e-65,normal,0.4716981132075472,0
167,baa,aab,known,aab,0.3701657458563536,2.6280889875308523e-65,normal,0.3701657458563536,0
168,aab,abb,known,abb,0.4388888888888889,1.1534390556385408e-65,normal,0.4388888888888889,0
169,abb,bbb,known,bbb,0.6127167630057804,7.067314444952909e-66,normal,0.6127167630057804,0
170,bbb,bbb,known,bbb,0.6380597014925373,4.50936854510055e-66,normal,0.6380597014925373,0
171,bbb,bbb,known,bbb,0.6380597014925373,2.877246347806694e-66,normal,0.6380597014925373,0
172,bbb,bbb,known,bbb,0.6380597014925373,1.8358549458020325e-66,normal,0.6380597014925373,0
173,bbb,bbb,known,bbb,0.6380597014925373,1.1713850587020432e-66,normal,0.6380597014925373,0
174,bbb,bbb,known,bbb,0.6380597014925373,7.47413600888244e-67,normal,0.6380597014925373,0
175,bbb,bbb,known,bbb,0.6380597014925373,4.768944990742154e-67,normal,0.6380597014925373,0
176,bbb,bbb,known,bbb,0.6380597014925373,3.04287161722727e-67,normal,0.6380597014925373,0
177,bbb,bbc,known,bbc,0.17537313432835822,5.336379328719466e-68,anomaly,0.17537313432835822,0
178,bbc,bcb,known,bcb,0.47586206896551725,2.5393805081492633e-68,normal,0.47586206896551725,0
179,bcb,cbb,known,cbb,0.5223880597014925,1.3265420564958837e-68,normal,0.5223880597014925,0
180,cbb,bbb,known,bbb,0.6148148148148148,8.155777088085803e-69,normal,0.6148148148148148,0
181,bbb,bbb,known,bbb,0.6380597014925373,5.203872694263703e-69,normal,0.6380597014925373,0
182,bbb,bbb,known,bbb,0.6380597014925373,3.3203814579070644e-69,normal,0.6380597014925373,0
183,bbb,bbb,known,bbb,0.6380597014925373,2.1186016018735374e-69,normal,0.6380597014925373,0
184,bbb,bbc,known,bbc,0.17537313432835822,3.7154580331364276e-70,anomaly,0.17537313432835822,0
185,bbc,bcb,known,bcb,0.47586206896551725,1.7680455468028517e-70,normal,0.47586206896551725,0
186,bcb,cbc,known,cbc,0.26865671641791045,4.749973110813631e-71,normal,0.26865671641791045,0
187,cbc,bcb,known,bcb,0.5443037974683544,2.5854284020884324e-71,normal,0.5443037974683544,0
188,bcb,cbc,known,cbc,0.26865671641791045,6.945927050386833e-72,normal,0.26865671641791045,0
189,cbc,bcb,known,bcb,0.5443037974683544,3.7806944704637195e-72,normal,0.5443037974683544,0
190,bcb,cbb,known,cbb,0.5223880597014925,1.974989648749704e-72,normal,0.5223880597014925,0
191,cbb,bbc,known,bbc,0.23703703703703705,4.681456945184484e-73,normal,0.23703703703703705,0
192,bbc,bcc,known,bcc,0.4206896551724138,1.969440507974162e-73,normal,0.4206896551724138,0
193,bcc,ccc,known,ccc,0.4489795918367347,8.842385954169707e-74,normal,0.4489795918367347,0
194,ccc,ccb,known,ccb,0.39473684210526316,3.4904155082248844e-74,normal,0.39473684210526316,0
195,ccb,cbc,known,cbc,0.30927835051546393,1.0795099509973869e-74,normal,0.30927835051546393,0
196,cbc,bcb,known,bcb,0.5443037974683544,5.875813657327549e-75,normal,0.5443037974683544,0
197,bcb,cbc,known,cbc,0.26865671641791045,1.5785768034611326e-75,normal,0.26865671641791045,0
198,cbc,bcb,known,bcb,0.5443037974683544,8.592253487193507e-76,normal,0.5443037974683544,0
199,bcb,cbc,known,cbc,0.26865671641791045,2.308366608499748e-76,normal,0.26865671641791045,0
200,cbc,bcb,known,bcb,0.5443037974683544,1.256452710955559e-76,normal,0.5443037974683544,0
201,bcb,cbc,known,cbc,0.26865671641791045,3.375544596597024e-77,normal,0.26865671641791045,0
202,cbc,bcb,known,bcb,0.5443037974683544,1.8373217424515448e-77,normal,0.5443037974683544,0
203,bcb,cbc,known,cbc,0.26865671641791045,4.936088263302658e-78,normal,0.26865671641791045,0
204,cbc,bcb,known,bcb,0.5443037974683544,2.6867315863546114e-78,normal,0.5443037974683544,0
205,bcb,cbc,known,cbc,0.26865671641791045,7.218084858863136e-79,normal,0.26865671641791045,0
206,cbc,bcb,known,bcb,0.5443037974683544,3.9288309991280357e-79,normal,0.5443037974683544,0
207,bcb,cbb,known,cbb,0.5223880597014925,2.0523744025295708e-79,normal,0.5223880597014925,0
208,cbb,bbb,known,bbb,0.6148148148148148,1.2618301882218842e-79,normal,0.6148148148148148,0
209,bbb,bba,known,bba,0.16977611940298507,2.1422863270184973e-80,anomaly,0.16977611940298507,0
210,bba,baa,known,baa,0.4716981132075472,1.0105124184049517e-80,normal,0.4716981132075472,0
211,baa,aaa,known,aaa,0.6077348066298343,6.141235691963794e-81,normal,0.6077348066298343,0
212,aaa,aaa,known,aaa,0.9054393305439331,5.560516333644206e-81,normal,0.9054393305439331,0
213,aaa,aaa,known,aaa,0.9054393305439331,5.034710186613416e-81,normal,0.9054393305439331,0
214,aaa,aaa,known,aaa,0.9054393305439331,4.558624620849972e-81,normal,0.9054393305439331,0
215,aaa,aaa,known,aaa,0.9054393305439331,4.1275580249034893e-81,normal,0.9054393305439331,0
216,aaa,aaa,known,aaa,0.9054393305439331,3.737253374849854e-81,normal,0.9054393305439331,0
217,aaa,aaa,known,aaa,0.9054393305439331,3.383856193797107e-81,normal,0.9054393305439331,0
218,aaa,aaa,known,aaa,0.9054393305439331,3.063876486768594e-81,normal,0.9054393305439331,0
219,aaa,aaa,known,aaa,0.9054393305439331,2.7741542750490535e-81,normal,0.9054393305439331,0
220,aaa,aaa,known,aaa,0.9054393305439331,2.5118283896260053e-81,normal,0.9054393305439331,0
221,aaa,aaa,known,aaa,0.9054393305439331,2.274308215544216e-81,normal,0.9054393305439331,0
222,aaa,aaa,known,aaa,0.9054393305439331,2.0592481081329219e-81,normal,0.9054393305439331,0
223,aaa,aaa,known,aaa,0.9054393305439331,1.8645242284517335e-81,normal,0.9054393305439331,0
224,aaa,aaa,known,aaa,0.9054393305439331,1.688213569192281e-81,normal,0.9054393305439331,0
225,aaa,aaa,known,aaa,0.9054393305439331,1.5285749639046428e-81,normal,0.9054393305439331,0
226,aaa,aaa,known,aaa,0.9054393305439331,1.3840318920040365e-81,normal,0.9054393305439331,0
227,aaa,aaa,known,aaa,0.9054393305439331,1.2531569097475878e-81,normal,0.9054393305439331,0
228,aaa,aaa,known,aaa,0.9054393305439331,1.1346575534283598e-81,normal,0.9054393305439331,0
229,aaa,aaa,known,aaa,0.9054393305439331,1.0273635755727911e-81,normal,0.9054393305439331,0
230,aaa,aaa,known,aaa,0.9054393305439331,9.302153880918494e-82,normal,0.9054393305439331,0
231,aaa,aaa,known,aaa,0.9054393305439331,8.422535982555491e-82,normal,0.9054393305439331,0
232,aaa,aaa,known,aaa,0.9054393305439331,7.626095341527232e-82,normal,0.9054393305439331,0
233,aaa,aaa,known,aaa,0.9054393305439331,6.904966660696623e-82,normal,0.9054393305439331,0
234,aaa,aaa,known,aaa,0.9054393305439331,6.252028390689328e-82,normal,0.9054393305439331,0
235,aaa,aaa,known,aaa,0.9054393305439331,5.660832400607408e-82,normal,0.9054393305439331,0
236,aaa,aab,known,aab,0.09205020920502092,5.210808067504727e-83,anomaly,0.09205020920502092,0
237,aab,aba,known,aba,0.5166666666666667,2.6922508348774426e-83,normal,0.5166666666666667,0
238,aba,baa,known,baa,0.5317919075144508,1.431717206986848e-83,normal,0.5317919075144508,0
239,baa,aaa,known,aaa,0.6077348066298343,8.701043799367584e-84,normal,0.6077348066298343,0
240,aaa,aaa,known,aaa,0.9054393305439331,7.878267272732826e-84,normal,0.9054393305439331,0
241,aaa,aaa,known,aaa,0.9054393305439331,7.133293045269387e-84,normal,0.9054393305439331,0
242,aaa,aaa,known,aaa,0.9054393305439331,6.458764079482408e-84,normal,0.9054393305439331,0
243,aaa,aaa,known,aaa,0.9054393305439331,5.848019024267754e-84,normal,0.9054393305439331,0
244,aaa,aaa,known,aaa,0.9054393305439331,5.295026430341181e-84,normal,0.9054393305439331,0
245,aaa,aaa,known,aaa,0.9054393305439331,4.794325186300551e-84,normal,0.9054393305439331,0
246,aaa,aaa,known,aaa,0.9054393305439331,4.340970587093888e-84,normal,0.9054393305439331,0
247,aaa,aaa,known,aaa,0.9054393305439331,3.9304855022891943e-84,normal,0.9054393305439331,0
248,aaa,aaa,known,aaa,0.9054393305439331,3.5588161619053626e-84,normal,0.9054393305439331,0
249,aaa,aaa,known,aaa,0.9054393305439331,3.222292123164521e-84,normal,0.9054393305439331,0
250,aaa,aaa,known,aaa,0.9054393305439331,2.9175900228150727e-84,normal,0.9054393305439331,0
251,aaa,aaa,known,aaa,0.9054393305439331,2.641700757059338e-84,normal,0.9054393305439331,0
252,aaa,aaa,known,aaa,0.9054393305439331,2.391899764969208e-84,normal,0.9054393305439331,0
253,aaa,aaa,known,aaa,0.9054393305439331,2.1657201219219106e-84,normal,0.9054393305439331,0
254,aaa,aaa,known,aaa,0.9054393305439331,1.9609281773385e-84,normal,0.9054393305439331,0
255,aaa,aaa,known,aaa,0.9054393305439331,1.7755014961341063e-84,normal,0.9054393305439331,0
256,aaa,aaa,known,aaa,0.9054393305439331,1.6076088860394169e-84,normal,0.9054393305439331,0
257,aaa,aaa,known,aaa,0.9054393305439331,1.4555923135520077e-84,normal,0.9054393305439331,0
258,aaa,aaa,known,aaa,0.9054393305439331,1.3179505299274246e-84,normal,0.9054393305439331,0
259,aaa,aaa,known,aaa,0.9054393305439331,1.1933242455075093e-84,normal,0.9054393305439331,0
260,aaa,aaa,known,aaa,0.9054393305439331,1.0804827059741632e-84,normal,0.9054393305439331,0
261,aaa,aaa,known,aaa,0.9054393305439331,9.783115379615437e-85,normal,0.9054393305439331,0
262,aaa,aaa,known,aaa,0.9054393305439331,8.858017439953058e-85,normal,0.9054393305439331,0
263,aaa,aaa,known,aaa,0.9054393305439331,8.02039738077758e-85,normal,0.9054393305439331,0
264,aaa,aaa,known,aaa,0.9054393305439331,7.261983235147567e-85,normal,0.9054393305439331,0
265,aaa,aaa,known,aaa,0.9054393305439331,6.575285238853278e-85,normal,0.9054393305439331,0
266,aaa,aaa,known,aaa,0.9054393305439331,5.953521864802717e-85,normal,0.9054393305439331,0
267,aaa,aaa,known,aaa,0.9054393305439331,5.390552851645641e-85,normal,0.9054393305439331,0
268,aaa,aaa,known,aaa,0.9054393305439331,4.880818565255719e-85,normal,0.9054393305439331,0
269,aaa,aaa,known,aaa,0.9054393305439331,4.419285094231538e-85,normal,0.9054393305439331,0
270,aaa,aaa,known,aaa,0.9054393305439331,4.001394537203786e-85,normal,0.9054393305439331,0
271,aaa,aaa,known,aaa,0.9054393305439331,3.6230199910079466e-85,normal,0.9054393305439331,0
272,aaa,aaa,known,aaa,0.9054393305439331,3.280424795205522e-85,normal,0.9054393305439331,0
273,aaa,aaa,known,aaa,0.9054393305439331,2.9702256304706064e-85,normal,0.9054393305439331,0
274,aaa,aaa,known,aaa,0.9054393305439331,2.6893591064177377e-85,normal,0.9054393305439331,0
275,aaa,aaa,known,aaa,0.9054393305439331,2.4350515089071066e-85,normal,0.9054393305439331,0
276,aaa,aaa,known,aaa,0.9054393305439331,2.2047914080648446e-85,normal,0.9054393305439331,0
277,aaa,aaa,known,aaa,0.9054393305439331,1.9963048565072487e-85,normal,0.9054393305439331,0
278,aaa,aaa,known,aaa,0.9054393305439331,1.8075329328375257e-85,normal,0.9054393305439331,0
279,aaa,aaa,known,aaa,0.9054393305439331,1.6366114086445212e-85,normal,0.9054393305439331,0
280,aaa,aaa,known,aaa,0.9054393305439331,1.4818523382036586e-85,normal,0.9054393305439331,0
281,aaa,aaa,known,aaa,0.9054393305439331,1.3417273890680826e-85,normal,0.9054393305439331,0
282,aaa,aaa,known,aaa,0.9054393305439331,1.214852748930264e-85,normal,0.9054393305439331,0
283,aaa,aaa,known,aaa,0.9054393305439331,1.099975459700875e-85,normal,0.9054393305439331,0
284,aaa,aaa,known,aaa,0.9054393305439331,9.959610438463154e-86,normal,0.9054393305439331,0
285,aaa,aaa,known,aaa,0.9054393305439331,9.017823007880445e-86,normal,0.9054393305439331,0
286,aaa,aaa,known,aaa,0.9054393305439331,8.165091627218948e-86,normal,0.9054393305439331,0
287,aaa,aaa,known,aaa,0.9054393305439331,7.392995096778997e-86,normal,0.9054393305439331,0
288,aaa,aaa,known,aaa,0.9054393305439331,6.693908531142155e-86,normal,0.9054393305439331,0
289,aaa,aaa,known,aaa,0.9054393305439331,6.0609280591596754e-86,normal,0.9054393305439331,0
290,aaa,aaa,known,aaa,0.9054393305439331,5.487802644360476e-86,normal,0.9054393305439331,0
291,aaa,aaa,known,aaa,0.9054393305439331,4.968872352466975e-86,normal,0.9054393305439331,0
292,aaa,aaa,known,aaa,0.9054393305439331,4.4990124563759564e-86,normal,0.9054393305439331,0
293,aaa,aab,known,aab,0.09205020920502092,4.141350378254018e-87,anomaly,0.09205020920502092,0
294,aab,abb,known,abb,0.4388888888888889,1.8175926660114858e-87,normal,0.4388888888888889,0
295,abb,bbb,known,bbb,0.6127167630057804,1.113669494781604e-87,normal,0.6127167630057804,0
296,bbb,bba,known,bba,0.16977611940298507,1.8907448512150364e-88,anomaly,0.16977611940298507,0
297,bba,bab,known,bab,0.4779874213836478,9.037522559266841e-89,normal,0.4779874213836478,0
298,bab,abb,known,abb,0.49404761904761907,4.464966502494928e-89,normal,0.49404761904761907,0
299,abb,bbb,known,bbb,0.6127167630057804,2.7357598223379328e-89,normal,0.6127167630057804,0
300,bbb,bbb,known,bbb,0.6380597014925373,1.7455780955962182e-89,normal,0.6380597014925373,0
301,bbb,bbb,known,bbb,0.6380597014925373,1.1137830386080347e-89,normal,0.6380597014925373,0
302,bbb,bbb,known,bbb,0.6380597014925373,7.106600731416938e-90,normal,0.6380597014925373,0
303,bbb,bbb,known,bbb,0.6380597014925373,4.534435541314539e-90,normal,0.6380597014925373,0
304,bbb,bbc,known,bbc,0.17537313432835822,7.952181732902364e-91,anomaly,0.17537313432835822,0
305,bbc,bcb,known,bcb,0.47586206896551725,3.784141652208711e-91,normal,0.47586206896551725,0
306,bcb,cbc,known,cbc,0.26865671641791045,1.0166350707426388e-91,normal,0.26865671641791045,0
307,cbc,bcb,known,bcb,0.5443037974683544,5.533583296447275e-92,normal,0.5443037974683544,0
308,bcb,cba,known,cba,0.14925373134328357,8.259079546936231e-93,anomaly,0.14925373134328357,0
309,cba,bab,known,bab,0.53125,4.387636009309872e-93,normal,0.53125,0
310,bab,abb,known,abb,0.49404761904761907,2.1677011236471393e-93,normal,0.49404761904761907,0
311,abb,bbb,known,bbb,0.6127167630057804,1.3281868156450682e-93,normal,0.6127167630057804,0
312,bbb,bbc,known,bbc,0.17537313432835822,2.329282848332769e-94,anomaly,0.17537313432835822,0
313,bbc,bcb,known,bcb,0.47586206896551725,1.1084173554135245e-94,normal,0.47586206896551725,0
314,bcb,cbb,known,cbb,0.5223880597014925,5.790239916339307e-95,normal,0.5223880597014925,0
315,cbb,bbc,known,bbc,0.23703703703703705,1.3725013135026505e-95,normal,0.23703703703703705,0
316,bbc,bcb,known,bcb,0.47586206896551725,6.531213147012612e-96,normal,0.47586206896551725,0
317,bcb,cbc,known,cbc,0.26865671641791045,1.754654278301896e-96,normal,0.26865671641791045,0
318,cbc,bcd,known,bcd,0.0759493670886076,1.3326488189634652e-97,anomaly,0.0759493670886076,0
319,bcd,cdc,known,cdc,0.6666666666666666,8.884325459756434e-98,normal,0.6666666666666666,0
320,cdc,dcb,known,dcb,0.32,2.842984147122059e-98,normal,0.32,0
321,dcb,cbb,known,cbb,0.35294117647058826,1.0034061695724914e-98,normal,0.35294117647058826,0
322,cbb,bbb,known,bbb,0.6148148148148148,6.16908978329754e-99,normal,0.6148148148148148,0
323,bbb,bbb,known,bbb,0.6380597014925373,3.93624758561149e-99,normal,0.6380597014925373,0
324,bbb,bbd,known,bbd,0.011194029850746268,4.406247297326295e-101,anomaly,0.011194029850746268,0
325,bbd,bdd,known,bdd,0.1,4.4062472973262956e-102,anomaly,0.1,0
326,bdd,ddb,known,ddb,0.3333333333333333,1.4687490991087652e-102,normal,0.3333333333333333,0
327,ddb,dbb,known,dbb,0.2,2.937498198217531e-103,normal,0.2,0
328,dbb,bbc,known,bbc,0.0,2.937498198217531e-107,anomaly,0.0,0
329,bbc,bcb,known,bcb,0.47586206896551725,1.3978439701862735e-107,normal,0.47586206896551725,0
330,bcb,cbc,known,cbc,0.26865671641791045,3.755401710948198e-108,normal,0.26865671641791045,0
331,cbc,bcd,known,bcd,0.0759493670886076,2.852203831099897e-109,anomaly,0.0759493670886076,0
332,bcd,cdb,known,cdb,0.06666666666666667,1.9014692207332644e-110,anomaly,0.06666666666666667,0
333,cdb,dbb,known,dbb,0.4,7.605876882933058e-111,normal,0.4,0
334,dbb,bbb,known,bbb,0.5,3.802938441466529e-111,normal,0.5,0
335,bbb,bbc,known,bbc,0.17537313432835822,6.669332341377868e-112,anomaly,0.17537313432835822,0
336,bbc,bcb,known,bcb,0.47586206896551725,3.1736822865867097e-112,normal,0.47586206896551725,0
337,bcb,cbd,known,cbd,0.05970149253731343,1.894735693484603e-113,anomaly,0.05970149253731343,0
338,cbd,bdc,known,bdc,0.42105263157894735,7.977834498882538e-114,normal,0.42105263157894735,0
339,bdc,dcc,known,dcc,0.3125,2.4930732809007933e-114,normal,0.3125,0
340,dcc,cce,known,cce,0.08,1.9944586247206346e-115,anomaly,0.08,0
341,cce,cec,known,cec,0.25,4.9861465618015866e-116,normal,0.25,0
342,cec,eca,known,eca,0.0,4.986146561801587e-120,anomaly,0.0,0
343,eca,cac,known,cac,0.0,4.9861465618015874e-124,anomaly,0.0,0
344,cac,acb,known,acb,0.5,2.4930732809007937e-124,normal,0.5,0
345,acb,cbb,known,cbb,0.35294117647058826,8.799082167885155e-125,normal,0.35294117647058826,0
346,cbb,bbc,known,bbc,0.23703703703703705,2.0857083657209258e-125,normal,0.23703703703703705,0
347,bbc,bcb,known,bcb,0.47586206896551725,9.925094981706475e-126,normal,0.47586206896551725,0
348,bcb,cbb,known,cbb,0.5223880597014925,5.1847511098466655e-126,normal,0.5223880597014925,0
349,cbb,bbc,known,bbc,0.23703703703703705,1.228978040852543e-126,normal,0.23703703703703705,0
350,bbc,bcb,known,bcb,0.47586206896551725,5.848240332332791e-127,normal,0.47586206896551725,0
351,bcb,cbc,known,cbc,0.26865671641791045,1.571169044507317e-127,normal,0.26865671641791045,0
352,cbc,bcc,known,bcc,0.2911392405063291,4.5742896232491504e-128,normal,0.2911392405063291,0
353,bcc,ccc,known,ccc,0.4489795918367347,2.0537626879894146e-128,normal,0.4489795918367347,0
354,ccc,cce,known,cce,0.008771929824561403,1.801546217534574e-130,anomaly,0.008771929824561403,0
355,cce,cec,known,cec,0.25,4.503865543836435e-131,normal,0.25,0
356,cec,ecc,known,ecc,0.0,4.503865543836435e-135,anomaly,0.0,0
357,ecc,ccd,known,ccd,0.5,2.2519327719182176e-135,normal,0.5,0
358,ccd,cdc,known,cdc,0.36,8.106957978905583e-136,normal,0.36,0
359,cdc,dcd,known,dcd,0.32,2.5942265532497868e-136,normal,0.32,0
360,dcd,cdc,known,cdc,0.29411764705882354,7.630078097793491e-137,normal,0.29411764705882354,0
361,cdc,dcc,known,dcc,0.36,2.7468281152056566e-137,normal,0.36,0
362,dcc,ccc,known,ccc,0.48,1.3184774952987152e-137,normal,0.48,0
363,ccc,ccb,known,ccb,0.39473684210526316,5.204516428810718e-138,normal,0.39473684210526316,0
364,ccb,cbc,known,cbc,0.30927835051546393,1.6096442563332118e-138,normal,0.30927835051546393,0
365,cbc,bcb,known,bcb,0.5443037974683544,8.761354812952926e-139,normal,0.5443037974683544,0
366,bcb,cbb,known,cbb,0.5223880597014925,4.5768271410948115e-139,normal,0.5223880597014925,0
367,cbb,bbc,known,bbc,0.23703703703703705,1.0848775445558072e-139,normal,0.23703703703703705,0
368,bbc,bca,known,bca,0.05517241379310345,5.985531280307902e-141,anomaly,0.05517241379310345,0
369,bca,cad,known,cad,0.0,5.985531280307902e-145,anomaly,0.0,0
370,cad,adc,known,adc,1.0,5.985531280307902e-145,normal,1.0,0
371,adc,dcb,known,dcb,1.0,5.985531280307902e-145,normal,1.0,0
372,dcb,cbe,known,cbe,0.0,5.985531280307903e-149,anomaly,0.0,0
373,cbe,bec,known,bec,0.5,2.9927656401539514e-149,normal,0.5,0
374,bec,ecb,known,ecb,0.0,2.9927656401539517e-153,anomaly,0.0,0
375,ecb,cbd,known,cbd,0.5,1.4963828200769758e-153,normal,0.5,0
376,cbd,bdb,known,bdb,0.47368421052631576,7.088129147733043e-154,normal,0.47368421052631576,0
377,bdb,dbd,known,dbd,0.2,1.4176258295466086e-154,normal,0.2,0
378,dbd,bde,known,bde,0.2,2.8352516590932176e-155,normal,0.2,0
379,bde,dee,known,dee,0.0,2.8352516590932177e-159,anomaly,0.0,0
380,dee,eef,known,eef,0.3,8.505754977279653e-160,normal,0.3,0
381,eef,eff,known,eff,0.6470588235294118,5.5037238088280114e-160,normal,0.6470588235294118,0
382,eff,fff,known,fff,0.7450980392156863,4.10081381834244e-160,normal,0.7450980392156863,0
383,fff,fff,known,fff,0.9728997289972899,3.989680652533702e-160,normal,0.9728997289972899,0
384,fff,fff,known,fff,0.9728997289972899,3.881559225635769e-160,normal,0.9728997289972899,0
385,fff,fff,known,fff,0.9728997289972899,3.7763679187079705e-160,normal,0.9728997289972899,0
386,fff,fff,known,fff,0.9728997289972899,3.6740273247050445e-160,normal,0.9728997289972899,0
387,fff,fff,known,fff,0.9728997289972899,3.574460188534176e-160,normal,0.9728997289972899,0
388,fff,fff,known,fff,0.9728997289972899,3.477591348736502e-160,normal,0.9728997289972899,0
389,fff,fff,known,fff,0.9728997289972899,3.383347680749063e-160,normal,0.9728997289972899,0
390,fff,fff,known,fff,0.9728997289972899,3.291658041704373e-160,normal,0.9728997289972899,0
391,fff,fff,known,fff,0.9728997289972899,3.2024532167259347e-160,normal,0.9728997289972899,0
392,fff,fff,known,fff,0.9728997289972899,3.1156658666791613e-160,normal,0.9728997289972899,0
393,fff,fff,known,fff,0.9728997289972899,3.031230477338263e-160,normal,0.9728997289972899,0
394,fff,fff,known,fff,0.9728997289972899,2.9490833099307216e-160,normal,0.9728997289972899,0
395,fff,fff,known,fff,0.9728997289972899,2.86916235302203e-160,normal,0.9728997289972899,0
396,fff,fff,known,fff,0.9728997289972899,2.7914072757043598e-160,normal,0.9728997289972899,0
397,fff,fff,known,fff,0.9728997289972899,2.715759382053835e-160,normal,0.9728997289972899,0
398,fff,ffe,known,ffe,0.025745257452574527,6.991792447022069e-162,anomaly,0.025745257452574527,0
399,ffe,fef,known,fef,0.5294117647058824,3.701537177835213e-162,normal,0.5294117647058824,0
400,fef,efe,known,efe,0.21621621621621623,8.003323627751812e-163,normal,0.21621621621621623,0
401,efe,fee,known,fee,0.5238095238095238,4.1922171383461876e-163,normal,0.5238095238095238,0
402,fee,eee,known,eee,0.6571428571428571,2.7548855480560662e-163,normal,0.6571428571428571,0
403,eee,eee,known,eee,0.7345132743362832,2.0235000043243673e-163,normal,0.7345132743362832,0
404,eee,eee,known,eee,0.7345132743362832,1.486287613795774e-163,normal,0.7345132743362832,0
405,eee,eed,known,eed,0.07079646017699115,1.0522390186164773e-164,anomaly,0.07079646017699115,0
406,eed,edf,unseen,eff,0.0,1.0522390186164774e-168,anomaly,0.0,1
407,eff,dfe,unseen,efe,0.0,1.0522390186164774e-172,anomaly,0.0,1
408,efe,fef,known,fef,0.47619047619047616,5.010661993411797e-173,normal,0.47619047619047616,0
409,fef,eff,known,eff,0.7837837837837838,3.927275616457895e-173,normal,0.7837837837837838,0
410,eff,fff,known,fff,0.7450980392156863,2.9262053612823532e-173,normal,0.7450980392156863,0
411,fff,fff,known,fff,0.9728997289972899,2.8469044029820182e-173,normal,0.9728997289972899,0
412,fff,fff,known,fff,0.9728997289972899,2.769752522142397e-173,normal,0.9728997289972899,0
413,fff,fff,known,fff,0.9728997289972899,2.694691478181898e-173,normal,0.9728997289972899,0
414,fff,ffe,known,ffe,0.025745257452574527,6.937552586105158e-175,anomaly,0.025745257452574527,0
415,ffe,fee,known,fee,0.47058823529411764,3.2647306287553685e-175,normal,0.47058823529411764,0
416,fee,eee,known,eee,0.6571428571428571,2.1453944131820994e-175,normal,0.6571428571428571,0
417,eee,eee,known,eee,0.7345132743362832,1.5758206751691526e-175,normal,0.7345132743362832,0
418,eee,eef,known,eef,0.18584070796460178,2.928516298986921e-176,anomaly,0.18584070796460178,0
419,eef,eff,known,eff,0.6470588235294118,1.8949223111091842e-176,normal,0.6470588235294118,0
420,eff,ffe,known,ffe,0.2549019607843137,4.830194126356743e-177,normal,0.2549019607843137,0
421,ffe,fef,known,fef,0.5294117647058824,2.5571615963065113e-177,normal,0.5294117647058824,0
422,fef,efe,known,efe,0.21621621621621623,5.528998046068132e-178,normal,0.21621621621621623,0
423,efe,fee,known,fee,0.5238095238095238,2.896141833654736e-178,normal,0.5238095238095238,0
424,fee,eef,known,eef,0.2857142857142857,8.274690953299245e-179,normal,0.2857142857142857,0
425,eef,efe,known,efe,0.35294117647058826,2.920479159987969e-179,normal,0.35294117647058826,0
426,efe,fee,known,fee,0.5238095238095238,1.5297747980889363e-179,normal,0.5238095238095238,0
427,fee,eed,known,eed,0.05714285714285714,8.741570274793922e-181,anomaly,0.05714285714285714,0
428,eed,edd,known,edd,0.2,1.7483140549587844e-181,normal,0.2,0
429,edd,ddf,unseen,ddd,0.6,1.0489884329752705e-181,normal,0.6,1
430,ddd,dfe,unseen,efe,0.0,1.0489884329752706e-185,anomaly,0.0,1
431,efe,fee,known,fee,0.5238095238095238,5.494701315584751e-186,normal,0.5238095238095238,0
432,fee,eee,known,eee,0.6571428571428571,3.6108037216699794e-186,normal,0.6571428571428571,0
433,eee,eee,known,eee,0.7345132743362832,2.652183264589454e-186,normal,0.7345132743362832,0
434,eee,eed,known,eed,0.07079646017699115,1.8776518687358966e-187,anomaly,0.07079646017699115,0
435,eed,ede,known,ede,0.8,1.5021214949887175e-187,normal,0.8,0
436,ede,dee,known,dee,0.5555555555555556,8.345119416603986e-188,normal,0.5555555555555556,0
437,dee,eef,known,eef,0.3,2.503535824981196e-188,normal,0.3,0
438,eef,eff,known,eff,0.6470588235294118,1.619934945576068e-188,normal,0.6470588235294118,0
439,eff,fff,known,fff,0.7450980392156863,1.2070103516056977e-188,normal,0.7450980392156863,0
440,fff,fff,known,fff,0.9728997289972899,1.174300043974107e-188,normal,0.9728997289972899,0
441,fff,ffe,known,ffe,0.025745257452574527,3.023265695868297e-190,anomaly,0.025745257452574527,0
442,ffe,fee,known,fee,0.47058823529411764,1.4227132686439044e-190,normal,0.47058823529411764,0
443,fee,eee,known,eee,0.6571428571428571,9.349258622517086e-191,normal,0.6571428571428571,0
444,eee,eee,known,eee,0.7345132743362832,6.867154563441753e-191,normal,0.7345132743362832,0
445,eee,eee,known,eee,0.7345132743362832,5.0440161837669516e-191,normal,0.7345132743362832,0
446,eee,eee,known,eee,0.7345132743362832,3.704896842943867e-191,normal,0.7345132743362832,0
447,eee,eef,known,eef,0.18584070796460178,6.885206522285063e-192,anomaly,0.18584070796460178,0
448,eef,eff,known,eff,0.6470588235294118,4.455133632066806e-192,normal,0.6470588235294118,0
449,eff,fff,known,fff,0.7450980392156863,3.3195113336968363e-192,normal,0.7450980392156863,0
450,fff,fff,known,fff,0.9728997289972899,3.2295516769570844e-192,normal,0.9728997289972899,0
451,fff,fff,known,fff,0.9728997289972899,3.142029951294291e-192,normal,0.9728997289972899,0
452,fff,fff,known,fff,0.9728997289972899,3.0568800881155838e-192,normal,0.9728997289972899,0
453,fff,fff,known,fff,0.9728997289972899,2.9740378093048633e-192,normal,0.9728997289972899,0
454,fff,fff,known,fff,0.9728997289972899,2.8934405787003955e-192,normal,0.9728997289972899,0
455,fff,ffe,known,ffe,0.025745257452574527,7.449237262236791e-194,anomaly,0.025745257452574527,0
456,ffe,fee,known,fee,0.47058823529411764,3.505523417523196e-194,normal,0.47058823529411764,0
457,fee,eee,known,eee,0.6571428571428571,2.303629674372386e-194,normal,0.6571428571428571,0
458,eee,eee,known,eee,0.7345132743362832,1.692046574981487e-194,normal,0.7345132743362832,0
459,eee,eee,known,eee,0.7345132743362832,1.2428306701191454e-194,normal,0.7345132743362832,0
460,eee,eee,known,eee,0.7345132743362832,9.128756249547705e-195,normal,0.7345132743362832,0
461,eee,eee,known,eee,0.7345132743362832,6.705192643473094e-195,normal,0.7345132743362832,0
462,eee,eee,known,eee,0.7345132743362832,4.925053003612981e-195,normal,0.7345132743362832,0
463,eee,eef,known,eef,0.18584070796460178,9.152753369546249e-196,anomaly,0.18584070796460178,0
464,eef,eff,known,eff,0.6470588235294118,5.922369827353456e-196,normal,0.6470588235294118,0
465,eff,ffe,known,ffe,0.2549019607843137,1.5096236814822534e-196,normal,0.2549019607843137,0
466,ffe,fee,known,fee,0.47058823529411764,7.104111442269428e-197,normal,0.47058823529411764,0
467,fee,eee,known,eee,0.6571428571428571,4.6684160906341955e-197,normal,0.6571428571428571,0
468,eee,eee,known,eee,0.7345132743362832,3.4290135886959136e-197,normal,0.7345132743362832,0
469,eee,eee,known,eee,0.7345132743362832,2.5186559987766446e-197,normal,0.7345132743362832,0
470,eee,eee,known,eee,0.7345132743362832,1.849986264588155e-197,normal,0.7345132743362832,0
471,eee,eef,known,eef,0.18584070796460178,3.4380275713585184e-198,anomaly,0.18584070796460178,0
472,eef,efe,known,efe,0.35294117647058826,1.2134214957735948e-198,normal,0.35294117647058826,0
473,efe,fef,known,fef,0.47619047619047616,5.77819759892188e-199,normal,0.47619047619047616,0
474,fef,eff,known,eff,0.7837837837837838,4.528857577533365e-199,normal,0.7837837837837838,0
475,eff,fff,known,fff,0.7450980392156863,3.3744429009072137e-199,normal,0.7450980392156863,0
476,fff,fff,known,fff,0.9728997289972899,3.282994583809457e-199,normal,0.9728997289972899,0
477,fff,ffe,known,ffe,0.025745257452574527,8.452154077558223e-201,anomaly,0.025745257452574527,0
478,ffe,fee,known,fee,0.47058823529411764,3.977484271792105e-201,normal,0.47058823529411764,0
479,fee,eee,known,eee,0.6571428571428571,2.6137753786062405e-201,normal,0.6571428571428571,0
480,eee,eee,known,eee,0.7345132743362832,1.919852711719628e-201,normal,0.7345132743362832,0
481,eee,eee,known,eee,0.7345132743362832,1.4101573015285764e-201,normal,0.7345132743362832,0
482,eee,eef,known,eef,0.18584070796460178,2.620646312575231e-202,anomaly,0.18584070796460178,0
483,eef,efe,known,efe,0.35294117647058826,9.24933992673611e-203,normal,0.35294117647058826,0
484,efe,fee,known,fee,0.5238095238095238,4.844892342576058e-203,normal,0.5238095238095238,0
485,fee,eee,known,eee,0.6571428571428571,3.1837863965499806e-203,normal,0.6571428571428571,0
486,eee,eed,known,eed,0.07079646017699115,2.2540080683539685e-204,anomaly,0.07079646017699115,0
487,eed,ede,known,ede,0.8,1.803206454683175e-204,normal,0.8,0
488,ede,dee,known,dee,0.5555555555555556,1.001781363712875e-204,normal,0.5555555555555556,0
489,dee,eee,known,eee,0.7,7.012469545990125e-205,normal,0.7,0
490,eee,eee,known,eee,0.7345132743362832,5.150751967408676e-205,normal,0.7345132743362832,0
491,eee,eef,known,eef,0.18584070796460178,9.572193921732938e-206,anomaly,0.18584070796460178,0
492,eef,efe,known,efe,0.35294117647058826,3.3784213841410374e-206,normal,0.35294117647058826,0
493,efe,fef,known,fef,0.47619047619047616,1.6087720876862082e-206,normal,0.47619047619047616,0
494,fef,efe,known,efe,0.21621621621621623,3.478426135537748e-207,normal,0.21621621621621623,0
495,efe,fee,known,fee,0.5238095238095238,1.8220327376626298e-207,normal,0.5238095238095238,0
496,fee,eed,known,eed,0.05714285714285714,1.0411615643786455e-208,anomaly,0.05714285714285714,0
497,eed,ede,known,ede,0.8,8.329292515029165e-209,normal,0.8,0
498,ede,dee,known,dee,0.5555555555555556,4.627384730571759e-209,normal,0.5555555555555556,0
499,dee,eee,known,eee,0.7,3.239169311400231e-209,normal,0.7,0
500,eee,eed,known,eed,0.07079646017699115,2.293217211610783e-210,anomaly,0.07079646017699115,0
501,eed,edd,known,edd,0.2,4.586434423221566e-211,normal,0.2,0
502,edd,ddd,known,ddd,0.6,2.7518606539329397e-211,normal,0.6,0
503,ddd,ddd,known,ddd,0.43478260869565216,1.1964611538838867e-211,normal,0.43478260869565216,0
504,ddd,ddd,known,ddd,0.43478260869565216,5.202005016886464e-212,normal,0.43478260869565216,0
505,ddd,ddd,known,ddd,0.43478260869565216,2.2617413116897667e-212,normal,0.43478260869565216,0
506,ddd,dde,known,dde,0.17391304347826086,3.9334631507648116e-213,anomaly,0.17391304347826086,0
507,dde,dee,known,dee,0.8,3.146770520611849e-213,normal,0.8,0
508,dee,eee,known,eee,0.7,2.202739364428294e-213,normal,0.7,0
509,eee,eee,known,eee,0.7345132743362832,1.6179413030756497e-213,normal,0.7345132743362832,0
510,eee,eee,known,eee,0.7345132743362832,1.1883993642060083e-213,normal,0.7345132743362832,0
511,eee,eee,known,eee,0.7345132743362832,8.728951082221123e-214,normal,0.7345132743362832,0
512,eee,eee,known,eee,0.7345132743362832,6.41153044092348e-214,normal,0.7345132743362832,0
513,eee,eef,known,eef,0.18584070796460178,1.191523356277815e-214,anomaly,0.18584070796460178,0
514,eef,efe,known,efe,0.35294117647058826,4.2053765515687587e-215,normal,0.35294117647058826,0
515,efe,fee,known,fee,0.5238095238095238,2.202816288916969e-215,normal,0.5238095238095238,0
516,fee,eee,known,eee,0.6571428571428571,1.4475649898597226e-215,normal,0.6571428571428571,0
517,eee,eee,known,eee,0.7345132743362832,1.0632557005164335e-215,normal,0.7345132743362832,0
518,eee,eed,known,eed,0.07079646017699115,7.527473985957051e-217,anomaly,0.07079646017699115,0
519,eed,edd,known,edd,0.2,1.5054947971914105e-217,normal,0.2,0
520,edd,dde,known,dde,0.2,3.0109895943828213e-218,normal,0.2,0
521,dde,dee,known,dee,0.8,2.408791675506257e-218,normal,0.8,0
522,dee,eef,known,eef,0.3,7.22637502651877e-219,normal,0.3,0
523,eef,efe,known,efe,0.35294117647058826,2.5504853034772134e-219,normal,0.35294117647058826,0
524,efe,fed,unseen,fef,0.47619047619047616,1.2145168111796253e-219,normal,0.47619047619047616,1
525,fef,edd,known,edd,0.0,1.2145168111796254e-223,anomaly,0.0,0
526,edd,ddd,known,ddd,0.6,7.287100867077752e-224,normal,0.6,0
527,ddd,ddd,known,ddd,0.43478260869565216,3.168304724816414e-224,normal,0.43478260869565216,0
528,ddd,dde,known,dde,0.17391304347826086,5.510095173593763e-225,anomaly,0.17391304347826086,0
529,dde,def,known,def,0.0,5.510095173593764e-229,anomaly,0.0,0
530,def,efe,known,efe,1.0,5.510095173593764e-229,normal,1.0,0
531,efe,fed,unseen,fef,0.47619047619047616,2.623854844568459e-229,normal,0.47619047619047616,1
532,fef,edd,known,edd,0.0,2.6238548445684593e-233,anomaly,0.0,0
533,edd,ddd,known,ddd,0.6,1.5743129067410754e-233,normal,0.6,0
534,ddd,ddd,known,ddd,0.43478260869565216,6.844838724961197e-234,normal,0.43478260869565216,0
535,ddd,dde,known,dde,0.17391304347826086,1.1904067347758604e-234,anomaly,0.17391304347826086,0
536,dde,dee,known,dee,0.8,9.523253878206884e-235,normal,0.8,0
537,dee,eee,known,eee,0.7,6.666277714744818e-235,normal,0.7,0
538,eee,eee,known,eee,0.7345132743362832,4.8964694718922115e-235,normal,0.7345132743362832,0
539,eee,eed,known,eed,0.07079646017699115,3.466527059746698e-236,anomaly,0.07079646017699115,0
540,eed,ede,known,ede,0.8,2.7732216477973586e-236,normal,0.8,0
541,ede,dee,known,dee,0.5555555555555556,1.5406786932207548e-236,normal,0.5555555555555556,0
542,dee,eee,known,eee,0.7,1.0784750852545282e-236,normal,0.7,0
543,eee,eef,known,eef,0.18584070796460178,2.0042457336588577e-237,anomaly,0.18584070796460178,0
544,eef,eff,known,eff,0.6470588235294118,1.2968648864851432e-237,normal,0.6470588235294118,0
545,eff,ffe,known,ffe,0.2549019607843137,3.305734024373894e-238,normal,0.2549019607843137,0
546,ffe,fee,known,fee,0.47058823529411764,1.5556395408818325e-238,normal,0.47058823529411764,0
547,fee,eef,known,eef,0.2857142857142857,4.444684402519521e-239,normal,0.2857142857142857,0
548,eef,efe,known,efe,0.35294117647058826,1.5687121420657134e-239,normal,0.35294117647058826,0
549,efe,fef,known,fef,0.47619047619047616,7.47005781936054e-240,normal,0.47619047619047616,0
550,fef,eff,known,eff,0.7837837837837838,5.854910182742045e-240,normal,0.7837837837837838,0
551,eff,ffe,known,ffe,0.2549019607843137,1.4924280857969917e-240,normal,0.2549019607843137,0
552,ffe,fef,known,fef,0.5294117647058824,7.901089865984074e-241,normal,0.5294117647058824,0
553,fef,eff,known,eff,0.7837837837837838,6.192746111176707e-241,normal,0.7837837837837838,0
554,eff,ffe,known,ffe,0.2549019607843137,1.578543126378376e-241,normal,0.2549019607843137,0
555,ffe,fef,known,fef,0.5294117647058824,8.356993022003167e-242,normal,0.5294117647058824,0
556,fef,eff,known,eff,0.7837837837837838,6.55007561184032e-242,normal,0.7837837837837838,0
557,eff,fff,known,fff,0.7450980392156863,4.880448495096709e-242,normal,0.7450980392156863,0
558,fff,ffe,known,ffe,0.025745257452574527,1.256484029902947e-243,anomaly,0.025745257452574527,0
559,ffe,fed,unseen,fef,0.5294117647058824,6.651974275956778e-244,normal,0.5294117647058824,1
560,fef,edd,known,edd,0.0,6.651974275956779e-248,anomaly,0.0,0
561,edd,dde,known,dde,0.2,1.330394855191356e-248,normal,0.2,0
562,dde,dee,known,dee,0.8,1.0643158841530848e-248,normal,0.8,0
563,dee,eee,known,eee,0.7,7.450211189071593e-249,normal,0.7,0
564,eee,eee,known,eee,0.7345132743362832,5.47227901498179e-249,normal,0.7345132743362832,0
565,eee,eee,known,eee,0.7345132743362832,4.019461577376005e-249,normal,0.7345132743362832,0
566,eee,eef,known,eef,0.18584070796460178,7.469795851760718e-250,anomaly,0.18584070796460178,0
567,eef,efe,known,efe,0.35294117647058826,2.6363985359155478e-250,normal,0.35294117647058826,0
568,efe,fee,known,fee,0.5238095238095238,1.380970661670049e-250,normal,0.5238095238095238,0
569,fee,eee,known,eee,0.6571428571428571,9.074950062403179e-251,normal,0.6571428571428571,0
570,eee,eee,known,eee,0.7345132743362832,6.665671284774017e-251,normal,0.7345132743362832,0
571,eee,eee,known,eee,0.7345132743362832,4.896024041028703e-251,normal,0.7345132743362832,0
572,eee,eee,known,eee,0.7345132743362832,3.5961946496051534e-251,normal,0.7345132743362832,0
573,eee,eee,known,eee,0.7345132743362832,2.641452707232104e-251,normal,0.7345132743362832,0
574,eee,eee,known,eee,0.7345132743362832,1.940182076993492e-251,normal,0.7345132743362832,0
575,eee,eef,known,eef,0.18584070796460178,3.605648107687021e-252,anomaly,0.18584070796460178,0
576,eef,efe,known,efe,0.35294117647058826,1.2725816850660075e-252,normal,0.35294117647058826,0
577,efe,fee,known,fee,0.5238095238095238,6.665904064631468e-253,normal,0.5238095238095238,0
578,fee,eee,known,eee,0.6571428571428571,4.380451242472108e-253,normal,0.6571428571428571,0
579,eee,eee,known,eee,0.7345132743362832,3.217499585178628e-253,normal,0.7345132743362832,0
580,eee,eee,known,eee,0.7345132743362832,2.3632961554851872e-253,normal,0.7345132743362832,0
581,eee,eee,known,eee,0.7345132743362832,1.735872397391775e-253,normal,0.7345132743362832,0
582,eee,eee,known,eee,0.7345132743362832,1.2750213184382064e-253,normal,0.7345132743362832,0
583,eee,eed,known,eed,0.07079646017699115,9.026699599562522e-255,anomaly,0.07079646017699115,0
584,eed,ede,known,ede,0.8,7.221359679650018e-255,normal,0.8,0
585,ede,ded,known,ded,0.3333333333333333,2.4071198932166723e-255,normal,0.3333333333333333,0
586,ded,edd,known,edd,0.75,1.8053399199125042e-255,normal,0.75,0
587,edd,ddd,known,ddd,0.6,1.0832039519475025e-255,normal,0.6,0
588,ddd,ddd,known,ddd,0.43478260869565216,4.70958239977175e-256,normal,0.43478260869565216,0
589,ddd,ddd,known,ddd,0.43478260869565216,2.0476445216398911e-256,normal,0.43478260869565216,0
590,ddd,ddd,known,ddd,0.43478260869565216,8.902802267999526e-257,normal,0.43478260869565216,0
591,ddd,dde,known,dde,0.17391304347826086,1.5483134379129611e-257,anomaly,0.17391304347826086,0
592,dde,dee,known,dee,0.8,1.238650750330369e-257,normal,0.8,0
593,dee,eee,known,eee,0.7,8.670555252312583e-258,normal,0.7,0
594,eee,eee,known,eee,0.7345132743362832,6.368637928689773e-258,normal,0.7345132743362832,0
595,eee,eec,known,eec,0.008849557522123894,5.6359627687520114e-260,anomaly,0.008849557522123894,0
596,eec,ecc,known,ecc,1.0,5.6359627687520114e-260,normal,1.0,0
597,ecc,ccc,known,ccc,0.25,1.4089906921880028e-260,normal,0.25,0
598,ccc,cce,known,cce,0.008771929824561403,1.2359567475333358e-262,anomaly,0.008771929824561403,0
599,cce,cee,unseen,cbe,0.0,1.2359567475333359e-266,anomaly,0.0,1
600,cbe,eee,known,eee,0.0,1.2359567475333358e-270,anomaly,0.0,0
601,eee,eee,known,eee,0.7345132743362832,9.078266375687334e-271,normal,0.7345132743362832,0
602,eee,eee,known,eee,0.7345132743362832,6.668107160903087e-271,normal,0.7345132743362832,0
603,eee,eed,known,eed,0.07079646017699115,4.720783830727849e-272,anomaly,0.07079646017699115,0
604,eed,edd,known,edd,0.2,9.441567661455699e-273,normal,0.2,0
605,edd,ddc,known,ddc,0.2,1.8883135322911397e-273,normal,0.2,0
606,ddc,dcd,known,dcd,0.1875,3.5405878730458866e-274,anomaly,0.1875,0
607,dcd,cdd,known,cdd,0.23529411764705882,8.330794995402086e-275,normal,0.23529411764705882,0
608,cdd,ddd,known,ddd,0.42105263157894735,3.507703155958773e-275,normal,0.42105263157894735,0
609,ddd,dde,known,dde,0.17391304347826086,6.100353314710909e-276,anomaly,0.17391304347826086,0
610,dde,dee,known,dee,0.8,4.880282651768728e-276,normal,0.8,0
611,dee,eed,known,eed,0.0,4.880282651768728e-280,anomaly,0.0,0
612,eed,edd,known,edd,0.2,9.760565303537457e-281,normal,0.2,0
613,edd,ddc,known,ddc,0.2,1.9521130607074914e-281,normal,0.2,0
614,ddc,dcc,known,dcc,0.625,1.2200706629421821e-281,normal,0.625,0
615,dcc,cce,known,cce,0.08,9.760565303537458e-283,anomaly,0.08,0
616,cce,ced,known,ced,0.75,7.320423977653094e-283,normal,0.75,0
617,ced,ede,known,ede,0.2,1.4640847955306188e-283,normal,0.2,0
618,ede,dee,known,dee,0.5555555555555556,8.13380441961455e-284,normal,0.5555555555555556,0
619,dee,eed,known,eed,0.0,8.13380441961455e-288,anomaly,0.0,0
620,eed,edd,known,edd,0.2,1.62676088392291e-288,normal,0.2,0
621,edd,dde,known,dde,0.2,3.2535217678458205e-289,normal,0.2,0
622,dde,ded,known,ded,0.0,3.2535217678458205e-293,anomaly,0.0,0
623,ded,ede,known,ede,0.0,3.2535217678458204e-297,anomaly,0.0,0
624,ede,ded,known,ded,0.3333333333333333,1.0845072559486068e-297,normal,0.3333333333333333,0
625,ded,ede,known,ede,0.0,1.0845072559486068e-301,anomaly,0.0,0
626,ede,dee,known,dee,0.5555555555555556,6.025040310825593e-302,normal,0.5555555555555556,0
627,dee,eee,known,eee,0.7,4.217528217577915e-302,normal,0.7,0
628,eee,eef,known,eef,0.18584070796460178,7.837884298153649e-303,anomaly,0.18584070796460178,0
629,eef,efe,known,efe,0.35294117647058826,2.7663121052306996e-303,normal,0.35294117647058826,0
630,efe,fee,known,fee,0.5238095238095238,1.4490206265494141e-303,normal,0.5238095238095238,0
631,fee,eee,known,eee,0.6571428571428571,9.52213554589615e-304,normal,0.6571428571428571,0
632,eee,eee,known,eee,0.7345132743362832,6.994134958490093e-304,normal,0.7345132743362832,0
633,eee,eee,known,eee,0.7345132743362832,5.137284969510423e-304,normal,0.7345132743362832,0
634,eee,eed,known,eed,0.07079646017699115,3.6370159076179985e-305,anomaly,0.07079646017699115,0
635,eed,ede,known,ede,0.8,2.909612726094399e-305,normal,0.8,0
636,ede,dee,known,dee,0.5555555555555556,1.6164515144968884e-305,normal,0.5555555555555556,0
637,dee,eed,known,eed,0.0,1.61645151449689e-309,anomaly,0.0,0
638,eed,edd,known,edd,0.2,3.2329030289938e-310,normal,0.2,0
639,edd,dde,known,dde,0.2,6.4658060579874e-311,normal,0.2,0
640,dde,ded,known,ded,0.0,6.46580606e-315,anomaly,0.0,0
641,ded,edd,known,edd,0.75,4.849354545e-315,normal,0.75,0
642,edd,ddd,known,ddd,0.6,2.909612726e-315,normal,0.6,0
643,ddd,dde,known,dde,0.17391304347826086,5.06019604e-316,anomaly,0.17391304347826086,0
644,dde,ded,known,ded,0.0,5.06e-320,anomaly,0.0,0
645,ded,edd,known,edd,0.75,3.7954e-320,normal,0.75,0
646,edd,ddd,known,ddd,0.6,2.277e-320,normal,0.6,0
647,ddd,dde,known,dde,0.17391304347826086,3.96e-321,anomaly,0.17391304347826086,0
648,dde,ded,known,ded,0.0,0.0,anomaly,0.0,0
649,ded,edd,known,edd,0.75,0.0,normal,0.75,0
650,edd,dde,known,dde,0.2,0.0,normal,0.2,0
651,dde,dee,known,dee,0.8,0.0,normal,0.8,0
652,dee,eee,known,eee,0.7,0.0,normal,0.7,0
653,eee,eee,known,eee,0.7345132743362832,0.0,normal,0.7345132743362832,0
654,eee,eee,known,eee,0.7345132743362832,0.0,normal,0.7345132743362832,0
655,eee,eee,known,eee,0.7345132743362832,0.0,normal,0.7345132743362832,0
656,eee,eec,known,eec,0.008849557522123894,0.0,anomaly,0.008849557522123894,0
657,eec,ecd,known,ecd,0.0,0.0,anomaly,0.0,0
658,ecd,cdd,known,cdd,0.5,0.0,normal,0.5,0
659,cdd,ddd,known,ddd,0.42105263157894735,0.0,normal,0.42105263157894735,0
660,ddd,ddd,known,ddd,0.43478260869565216,0.0,normal,0.43478260869565216,0
661,ddd,ddd,known,ddd,0.43478260869565216,0.0,normal,0.43478260869565216,0
662,ddd,ddd,known,ddd,0.43478260869565216,0.0,normal,0.43478260869565216,0
663,ddd,dde,known,dde,0.17391304347826086,0.0,anomaly,0.17391304347826086,0
664,dde,ded,known,ded,0.0,0.0,anomaly,0.0,0
665,ded,ede,known,ede,0.0,0.0,anomaly,0.0,0
666,ede,dee,known,dee,0.5555555555555556,0.0,normal,0.5555555555555556,0
667,dee,eee,known,eee,0.7,0.0,normal,0.7,0
668,eee,eec,known,eec,0.008849557522123894,0.0,anomaly,0.008849557522123894,0
669,eec,ecd,known,ecd,0.0,0.0,anomaly,0.0,0
670,ecd,cde,known,cde,0.25,0.0,normal,0.25,0
671,cde,dee,known,dee,0.0,0.0,anomaly,0.0,0
672,dee,eee,known,eee,0.7,0.0,normal,0.7,0
673,eee,eee,known,eee,0.7345132743362832,0.0,normal,0.7345132743362832,0
674,eee,eec,known,eec,0.008849557522123894,0.0,anomaly,0.008849557522123894,0
675,eec,ecd,known,ecd,0.0,0.0,anomaly,0.0,0
676,ecd,cdd,known,cdd,0.5,0.0,normal,0.5,0
677,cdd,ddd,known,ddd,0.42105263157894735,0.0,normal,0.42105263157894735,0
678,ddd,dde,known,dde,0.17391304347826086,0.0,anomaly,0.17391304347826086,0
679,dde,dee,known,dee,0.8,0.0,normal,0.8,0
680,dee,eed,known,eed,0.0,0.0,anomaly,0.0,0
681,eed,edc,known,edc,0.0,0.0,anomaly,0.0,0
682,edc,dcd,known,dcd,0.6666666666666666,0.0,normal,0.6666666666666666,0
683,dcd,cdd,known,cdd,0.23529411764705882,0.0,normal,0.23529411764705882,0
684,cdd,ddd,known,ddd,0.42105263157894735,0.0,normal,0.42105263157894735,0
685,ddd,ddc,known,ddc,0.34782608695652173,0.0,normal,0.34782608695652173,0
686,ddc,dce,unseen,dcb,0.1875,0.0,anomaly,0.1875,1
687,dcb,cee,unseen,cbe,0.0,0.0,anomaly,0.0,1
688,cbe,eee,known,eee,0.0,0.0,anomaly,0.0,0
689,eee,eee,known,eee,0.7345132743362832,0.0,normal,0.7345132743362832,0
690,eee,eee,known,eee,0.7345132743362832,0.0,normal,0.7345132743362832,0
691,eee,eee,known,eee,0.7345132743362832,0.0,normal,0.7345132743362832,0
692,eee,eee,known,eee,0.7345132743362832,0.0,normal,0.7345132743362832,0
693,eee,eee,known,eee,0.7345132743362832,0.0,normal,0.7345132743362832,0
694,eee,eee,known,eee,0.7345132743362832,0.0,normal,0.7345132743362832,0
695,eee,eed,known,eed,0.07079646017699115,0.0,anomaly,0.07079646017699115,0
696,eed,edd,known,edd,0.2,0.0,normal,0.2,0
697,edd,ddd,known,ddd,0.6,0.0,normal,0.6,0
698,ddd,ddd,known,ddd,0.43478260869565216,0.0,normal,0.43478260869565216,0
699,ddd,dde,known,dde,0.17391304347826086,0.0,anomaly,0.17391304347826086,0
700,dde,dee,known,dee,0.8,0.0,normal,0.8,0
701,dee,eef,known,eef,0.3,0.0,normal,0.3,0
702,eef,efe,known,efe,0.35294117647058826,0.0,normal,0.35294117647058826,0
703,efe,fee,known,fee,0.5238095238095238,0.0,normal,0.5238095238095238,0
704,fee,eee,known,eee,0.6571428571428571,0.0,normal,0.6571428571428571,0
705,eee,eee,known,eee,0.7345132743362832,0.0,normal,0.7345132743362832,0
706,eee,eee,known,eee,0.7345132743362832,0.0,normal,0.7345132743362832,0
707,eee,eee,known,eee,0.7345132743362832,0.0,normal,0.7345132743362832,0
708,eee,eee,known,eee,0.7345132743362832,0.0,normal,0.7345132743362832,0
709,eee,eee,known,eee,0.7345132743362832,0.0,normal,0.7345132743362832,0
710,eee,eee,known,eee,0.7345132743362832,0.0,normal,0.7345132743362832,0
711,eee,eee,known,eee,0.7345132743362832,0.0,normal,0.7345132743362832,0
712,eee,eee,known,eee,0.7345132743362832,0.0,normal,0.7345132743362832,0
713,eee,eee,known,eee,0.7345132743362832,0.0,normal,0.7345132743362832,0
714,eee,eee,known,eee,0.7345132743362832,0.0,normal,0.7345132743362832,0
715,eee,eee,known,eee,0.7345132743362832,0.0,normal,0.7345132743362832,0
716,eee,eee,known,eee,0.7345132743362832,0.0,normal,0.7345132743362832,0
717,eee,eee,known,eee,0.7345132743362832,0.0,normal,0.7345132743362832,0
718,eee,eee,known,eee,0.7345132743362832,0.0,normal,0.7345132743362832,0
719,eee,eed,known,eed,0.07079646017699115,0.0,anomaly,0.07079646017699115,0
720,eed,ede,known,ede,0.8,0.0,normal,0.8,0
721,ede,dee,known,dee,0.5555555555555556,0.0,normal,0.5555555555555556,0
722,dee,eed,known,eed,0.0,0.0,anomaly,0.0,0
723,eed,edd,known,edd,0.2,0.0,normal,0.2,0
724,edd,dde,known,dde,0.2,0.0,normal,0.2,0
725,dde,ded,known,ded,0.0,0.0,anomaly,0.0,0
726,ded,ede,known,ede,0.0,0.0,anomaly,0.0,0
727,ede,dee,known,dee,0.5555555555555556,0.0,normal,0.5555555555555556,0
728,dee,eee,known,eee,0.7,0.0,normal,0.7,0
729,eee,eee,known,eee,0.7345132743362832,0.0,normal,0.7345132743362832,0
730,eee,eee,known,eee,0.7345132743362832,0.0,normal,0.7345132743362832,0
731,eee,eee,known,eee,0.7345132743362832,0.0,normal,0.7345132743362832,0
732,eee,eee,known,eee,0.7345132743362832,0.0,normal,0.7345132743362832,0
733,eee,eee,known,eee,0.7345132743362832,0.0,normal,0.7345132743362832,0
734,eee,eef,known,eef,0.18584070796460178,0.0,anomaly,0.18584070796460178,0
735,eef,eff,known,eff,0.6470588235294118,0.0,normal,0.6470588235294118,0
736,eff,ffe,known,ffe,0.2549019607843137,0.0,normal,0.2549019607843137,0
737,ffe,fee,known,fee,0.47058823529411764,0.0,normal,0.47058823529411764,0
738,fee,eee,known,eee,0.6571428571428571,0.0,normal,0.6571428571428571,0
739,eee,eed,known,eed,0.07079646017699115,0.0,anomaly,0.07079646017699115,0
740,eed,edd,known,edd,0.2,0.0,normal,0.2,0
741,edd,ddd,known,ddd,0.6,0.0,normal,0.6,0
742,ddd,dde,known,dde,0.17391304347826086,0.0,anomaly,0.17391304347826086,0
743,dde,dee,known,dee,0.8,0.0,normal,0.8,0
744,dee,eee,known,eee,0.7,0.0,normal,0.7,0
745,eee,eee,known,eee,0.7345132743362832,0.0,normal,0.7345132743362832,0
746,eee,eed,known,eed,0.07079646017699115,0.0,anomaly,0.07079646017699115,0
747,eed,ede,known,ede,0.8,0.0,normal,0.8,0
748,ede,dee,known,dee,0.5555555555555556,0.0,normal,0.5555555555555556,0
749,dee,eef,known,eef,0.3,0.0,normal,0.3,0
750,eef,efe,known,efe,0.35294117647058826,0.0,normal,0.35294117647058826,0
751,efe,fed,unseen,fef,0.47619047619047616,0.0,normal,0.47619047619047616,1
752,fef,ede,known,ede,0.0,0.0,anomaly,0.0,0
753,ede,dee,known,dee,0.5555555555555556,0.0,normal,0.5555555555555556,0
754,dee,eee,known,eee,0.7,0.0,normal,0.7,0
755,eee,eee,known,eee,0.7345132743362832,0.0,normal,0.7345132743362832,0
756,eee,eee,known,eee,0.7345132743362832,0.0,normal,0.7345132743362832,0
757,eee,eee,known,eee,0.7345132743362832,0.0,normal,0.7345132743362832,0
758,eee,eed,known,eed,0.07079646017699115,0.0,anomaly,0.07079646017699115,0
759,eed,ede,known,ede,0.8,0.0,normal,0.8,0
760,ede,ded,known,ded,0.3333333333333333,0.0,normal,0.3333333333333333,0
761,ded,edd,known,edd,0.75,0.0,normal,0.75,0
762,edd,dde,known,dde,0.2,0.0,normal,0.2,0
763,dde,dee,known,dee,0.8,0.0,normal,0.8,0
764,dee,eee,known,eee,0.7,0.0,normal,0.7,0
765,eee,eef,known,eef,0.18584070796460178,0.0,anomaly,0.18584070796460178,0
766,eef,efe,known,efe,0.35294117647058826,0.0,normal,0.35294117647058826,0
767,efe,fee,known,fee,0.5238095238095238,0.0,normal,0.5238095238095238,0
768,fee,eed,known,eed,0.05714285714285714,0.0,anomaly,0.05714285714285714,0
769,eed,edd,known,edd,0.2,0.0,normal,0.2,0
770,edd,ddd,known,ddd,0.6,0.0,normal,0.6,0
771,ddd,ddd,known,ddd,0.43478260869565216,0.0,normal,0.43478260869565216,0
772,ddd,dde,known,dde,0.17391304347826086,0.0,anomaly,0.17391304347826086,0
773,dde,dee,known,dee,0.8,0.0,normal,0.8,0
774,dee,eee,known,eee,0.7,0.0,normal,0.7,0
775,eee,eee,known,eee,0.7345132743362832,0.0,normal,0.7345132743362832,0
776,eee,eee,known,eee,0.7345132743362832,0.0,normal,0.7345132743362832,0
777,eee,eee,known,eee,0.7345132743362832,0.0,normal,0.7345132743362832,0
778,eee,eed,known,eed,0.07079646017699115,0.0,anomaly,0.07079646017699115,0
779,eed,ede,known,ede,0.8,0.0,normal,0.8,0
780,ede,dee,known,dee,0.5555555555555556,0.0,normal,0.5555555555555556,0
781,dee,eed,known,eed,0.0,0.0,anomaly,0.0,0
782,eed,ede,known,ede,0.8,0.0,normal,0.8,0
783,ede,dee,known,dee,0.5555555555555556,0.0,normal,0.5555555555555556,0
784,dee,eee,known,eee,0.7,0.0,normal,0.7,0
785,eee,eee,known,eee,0.7345132743362832,0.0,normal,0.7345132743362832,0
786,eee,eed,known,eed,0.07079646017699115,0.0,anomaly,0.07079646017699115,0
787,eed,ede,known,ede,0.8,0.0,normal,0.8,0
788,ede,ded,known,ded,0.3333333333333333,0.0,normal,0.3333333333333333,0
789,ded,edd,known,edd,0.75,0.0,normal,0.75,0
790,edd,ddd,known,ddd,0.6,0.0,normal,0.6,0
791,ddd,dde,known,dde,0.17391304347826086,0.0,anomaly,0.17391304347826086,0
792,dde,dee,known,dee,0.8,0.0,normal,0.8,0
793,dee,eee,known,eee,0.7,0.0,normal,0.7,0
794,eee,eee,known,eee,0.7345132743362832,0.0,normal,0.7345132743362832,0
795,eee,eed,known,eed,0.07079646017699115,0.0,anomaly,0.07079646017699115,0
796,eed,edd,known,edd,0.2,0.0,normal,0.2,0
797,edd,dde,known,dde,0.2,0.0,normal,0.2,0
798,dde,dee,known,dee,0.8,0.0,normal,0.8,0
799,dee,eee,known,eee,0.7,0.0,normal,0.7,0
800,eee,eee,known,eee,0.7345132743362832,0.0,normal,0.7345132743362832,0
801,eee,eee,known,eee,0.7345132743362832,0.0,normal,0.7345132743362832,0
802,eee,eee,known,eee,0.7345132743362832,0.0,normal,0.7345132743362832,0
803,eee,eee,known,eee,0.7345132743362832,0.0,normal,0.7345132743362832,0
804,eee,eef,known,eef,0.18584070796460178,0.0,anomaly,0.18584070796460178,0
805,eef,efe,known,efe,0.35294117647058826,0.0,normal,0.35294117647058826,0
806,efe,fee,known,fee,0.5238095238095238,0.0,normal,0.5238095238095238,0
807,fee,eee,known,eee,0.6571428571428571,0.0,normal,0.6571428571428571,0
808,eee,eee,known,eee,0.7345132743362832,0.0,normal,0.7345132743362832,0
809,eee,eee,known,eee,0.7345132743362832,0.0,normal,0.7345132743362832,0
810,eee,eee,known,eee,0.7345132743362832,0.0,normal,0.7345132743362832,0
811,eee,eee,known,eee,0.7345132743362832,0.0,normal,0.7345132743362832,0
812,eee,eee,known,eee,0.7345132743362832,0.0,normal,0.7345132743362832,0
813,eee,eee,known,eee,0.7345132743362832,0.0,normal,0.7345132743362832,0
814,eee,eee,known,eee,0.7345132743362832,0.0,normal,0.7345132743362832,0
815,eee,eee,known,eee,0.7345132743362832,0.0,normal,0.7345132743362832,0
816,eee,eed,known,eed,0.07079646017699115,0.0,anomaly,0.07079646017699115,0
817,eed,edd,known,edd,0.2,0.0,normal,0.2,0
818,edd,dde,known,dde,0.2,0.0,normal,0.2,0
819,dde,dee,known,dee,0.8,0.0,normal,0.8,0
820,dee,eee,known,eee,0.7,0.0,normal,0.7,0
821,eee,eee,known,eee,0.7345132743362832,0.0,normal,0.7345132743362832,0
822,eee,eee,known,eee,0.7345132743362832,0.0,normal,0.7345132743362832,0
823,eee,eee,known,eee,0.7345132743362832,0.0,normal,0.7345132743362832,0
824,eee,eee,known,eee,0.7345132743362832,0.0,normal,0.7345132743362832,0
825,eee,eee,known,eee,0.7345132743362832,0.0,normal,0.7345132743362832,0
826,eee,eee,known,eee,0.7345132743362832,0.0,normal,0.7345132743362832,0
827,eee,eee,known,eee,0.7345132743362832,0.0,normal,0.7345132743362832,0
828,eee,eee,known,eee,0.7345132743362832,0.0,normal,0.7345132743362832,0
829,eee,eed,known,eed,0.07079646017699115,0.0,anomaly,0.07079646017699115,0
830,eed,ede,known,ede,0.8,0.0,normal,0.8,0
831,ede,ded,known,ded,0.3333333333333333,0.0,normal,0.3333333333333333,0
832,ded,ede,known,ede,0.0,0.0,anomaly,0.0,0
833,ede,ded,known,ded,0.3333333333333333,0.0,normal,0.3333333333333333,0
834,ded,edd,known,edd,0.75,0.0,normal,0.75,0
835,edd,ddd,known,ddd,0.6,0.0,normal,0.6,0
836,ddd,ddd,known,ddd,0.43478260869565216,0.0,normal,0.43478260869565216,0
837,ddd,dde,known,dde,0.17391304347826086,0.0,anomaly,0.17391304347826086,0
838,dde,ded,known,ded,0.0,0.0,anomaly,0.0,0
839,ded,edd,known,edd,0.75,0.0,normal,0.75,0
840,edd,dde,known,dde,0.2,0.0,normal,0.2,0
841,dde,dee,known,dee,0.8,0.0,normal,0.8,0
842,dee,eee,known,eee,0.7,0.0,normal,0.7,0
843,eee,eef,known,eef,0.18584070796460178,0.0,anomaly,0.18584070796460178,0
844,eef,efe,known,efe,0.35294117647058826,0.0,normal,0.35294117647058826,0
845,efe,fef,known,fef,0.47619047619047616,0.0,normal,0.47619047619047616,0
846,fef,efd,unseen,eff,0.7837837837837838,0.0,normal,0.7837837837837838,1
847,eff,fde,known,fde,0.0,0.0,anomaly,0.0,0
848,fde,dee,known,dee,1.0,0.0,normal,1.0,0
849,dee,eed,known,eed,0.0,0.0,anomaly,0.0,0
850,eed,edc,known,edc,0.0,0.0,anomaly,0.0,0
851,edc,dcc,known,dcc,0.3333333333333333,0.0,normal,0.3333333333333333,0
852,dcc,ccc,known,ccc,0.48,0.0,normal,0.48,0
853,ccc,ccc,known,ccc,0.5,0.0,normal,0.5,0
854,ccc,ccd,known,ccd,0.07894736842105263,0.0,anomaly,0.07894736842105263,0
855,ccd,cdd,known,cdd,0.36,0.0,normal,0.36,0
856,cdd,dde,known,dde,0.0,0.0,anomaly,0.0,0
857,dde,ded,known,ded,0.0,0.0,anomaly,0.0,0
858,ded,edd,known,edd,0.75,0.0,normal,0.75,0
859,edd,ddc,known,ddc,0.2,0.0,normal,0.2,0
860,ddc,dcc,known,dcc,0.625,0.0,normal,0.625,0
861,dcc,ccc,known,ccc,0.48,0.0,normal,0.48,0
862,ccc,ccb,known,ccb,0.39473684210526316,0.0,normal,0.39473684210526316,0
863,ccb,cbc,known,cbc,0.30927835051546393,0.0,normal,0.30927835051546393,0
864,cbc,bcc,known,bcc,0.2911392405063291,0.0,normal,0.2911392405063291,0
865,bcc,ccb,known,ccb,0.45918367346938777,0.0,normal,0.45918367346938777,0
866,ccb,cbc,known,cbc,0.30927835051546393,0.0,normal,0.30927835051546393,0
867,cbc,bcc,known,bcc,0.2911392405063291,0.0,normal,0.2911392405063291,0
868,bcc,ccc,known,ccc,0.4489795918367347,0.0,normal,0.4489795918367347,0
869,ccc,ccd,known,ccd,0.07894736842105263,0.0,anomaly,0.07894736842105263,0
870,ccd,cdd,known,cdd,0.36,0.0,normal,0.36,0
871,cdd,ddc,known,ddc,0.3684210526315789,0.0,normal,0.3684210526315789,0
872,ddc,dcc,known,dcc,0.625,0.0,normal,0.625,0
873,dcc,ccc,known,ccc,0.48,0.0,normal,0.48,0
874,ccc,ccb,known,ccb,0.39473684210526316,0.0,normal,0.39473684210526316,0
875,ccb,cbc,known,cbc,0.30927835051546393,0.0,normal,0.30927835051546393,0
876,cbc,bcd,known,bcd,0.0759493670886076,0.0,anomaly,0.0759493670886076,0
877,bcd,cdc,known,cdc,0.6666666666666666,0.0,normal,0.6666666666666666,0
878,cdc,dcc,known,dcc,0.36,0.0,normal,0.36,0
879,dcc,ccc,known,ccc,0.48,0.0,normal,0.48,0
880,ccc,ccc,known,ccc,0.5,0.0,normal,0.5,0
881,ccc,ccc,known,ccc,0.5,0.0,normal,0.5,0
882,ccc,ccc,known,ccc,0.5,0.0,normal,0.5,0
883,ccc,ccc,known,ccc,0.5,0.0,normal,0.5,0
884,ccc,ccc,known,ccc,0.5,0.0,normal,0.5,0
885,ccc,cce,known,cce,0.008771929824561403,0.0,anomaly,0.008771929824561403,0
886,cce,ced,known,ced,0.75,0.0,normal,0.75,0
887,ced,edc,known,edc,0.6,0.0,normal,0.6,0
888,edc,dcc,known,dcc,0.3333333333333333,0.0,normal,0.3333333333333333,0
889,dcc,ccc,known,ccc,0.48,0.0,normal,0.48,0
890,ccc,ccd,known,ccd,0.07894736842105263,0.0,anomaly,0.07894736842105263,0
891,ccd,cdc,known,cdc,0.36,0.0,normal,0.36,0
892,cdc,dcc,known,dcc,0.36,0.0,normal,0.36,0
893,dcc,ccd,known,ccd,0.28,0.0,normal,0.28,0
894,ccd,cdd,known,cdd,0.36,0.0,normal,0.36,0
895,cdd,ddd,known,ddd,0.42105263157894735,0.0,normal,0.42105263157894735,0
896,ddd,ddc,known,ddc,0.34782608695652173,0.0,normal,0.34782608695652173,0
897,ddc,dcc,known,dcc,0.625,0.0,normal,0.625,0
898,dcc,ccd,known,ccd,0.28,0.0,normal,0.28,0
899,ccd,cdd,known,cdd,0.36,0.0,normal,0.36,0
900,cdd,dde,known,dde,0.0,0.0,anomaly,0.0,0
901,dde,dee,known,dee,0.8,0.0,normal,0.8,0
902,dee,eec,known,eec,0.0,0.0,anomaly,0.0,0
903,eec,ecc,known,ecc,1.0,0.0,normal,1.0,0
904,ecc,ccc,known,ccc,0.25,0.0,normal,0.25,0
905,ccc,ccc,known,ccc,0.5,0.0,normal,0.5,0
906,ccc,ccd,known,ccd,0.07894736842105263,0.0,anomaly,0.07894736842105263,0
907,ccd,cdd,known,cdd,0.36,0.0,normal,0.36,0
908,cdd,ddd,known,ddd,0.42105263157894735,0.0,normal,0.42105263157894735,0
909,ddd,dde,known,dde,0.17391304347826086,0.0,anomaly,0.17391304347826086,0
910,dde,ded,known,ded,0.0,0.0,anomaly,0.0,0
911,ded,edc,known,edc,0.0,0.0,anomaly,0.0,0
912,edc,dcc,known,dcc,0.3333333333333333,0.0,normal,0.3333333333333333,0
913,dcc,ccc,known,ccc,0.48,0.0,normal,0.48,0
914,ccc,ccc,known,ccc,0.5,0.0,normal,0.5,0
915,ccc,ccc,known,ccc,0.5,0.0,normal,0.5,0
916,ccc,ccd,known,ccd,0.07894736842105263,0.0,anomaly,0.07894736842105263,0
917,ccd,cdc,known,cdc,0.36,0.0,normal,0.36,0
918,cdc,dcd,known,dcd,0.32,0.0,normal,0.32,0
919,dcd,cdd,known,cdd,0.23529411764705882,0.0,normal,0.23529411764705882,0
920,cdd,ddd,known,ddd,0.42105263157894735,0.0,normal,0.42105263157894735,0
921,ddd,ddd,known,ddd,0.43478260869565216,0.0,normal,0.43478260869565216,0
922,ddd,ddd,known,ddd,0.43478260869565216,0.0,normal,0.43478260869565216,0
923,ddd,ddd,known,ddd,0.43478260869565216,0.0,normal,0.43478260869565216,0
924,ddd,ddd,known,ddd,0.43478260869565216,0.0,normal,0.43478260869565216,0
925,ddd,ddd,known,ddd,0.43478260869565216,0.0,normal,0.43478260869565216,0
926,ddd,ddd,known,ddd,0.43478260869565216,0.0,normal,0.43478260869565216,0
927,ddd,ddd,known,ddd,0.43478260869565216,0.0,normal,0.43478260869565216,0
928,ddd,ddc,known,ddc,0.34782608695652173,0.0,normal,0.34782608695652173,0
929,ddc,dcd,known,dcd,0.1875,0.0,anomaly,0.1875,0
930,dcd,cdd,known,cdd,0.23529411764705882,0.0,normal,0.23529411764705882,0
931,cdd,dde,known,dde,0.0,0.0,anomaly,0.0,0
932,dde,dee,known,dee,0.8,0.0,normal,0.8,0
933,dee,eed,known,eed,0.0,0.0,anomaly,0.0,0
934,eed,edd,known,edd,0.2,0.0,normal,0.2,0
935,edd,ddd,known,ddd,0.6,0.0,normal,0.6,0
936,ddd,ddd,known,ddd,0.43478260869565216,0.0,normal,0.43478260869565216,0
937,ddd,ddc,known,ddc,0.34782608695652173,0.0,normal,0.34782608695652173,0
938,ddc,dcc,known,dcc,0.625,0.0,normal,0.625,0
939,dcc,ccc,known,ccc,0.48,0.0,normal,0.48,0
940,ccc,ccc,known,ccc,0.5,0.0,normal,0.5,0
941,ccc,ccc,known,ccc,0.5,0.0,normal,0.5,0
942,ccc,ccd,known,ccd,0.07894736842105263,0.0,anomaly,0.07894736842105263,0
943,ccd,cdd,known,cdd,0.36,0.0,normal,0.36,0
944,cdd,dde,known,dde,0.0,0.0,anomaly,0.0,0
945,dde,ded,known,ded,0.0,0.0,anomaly,0.0,0
946,ded,edd,known,edd,0.75,0.0,normal,0.75,0
947,edd,ddd,known,ddd,0.6,0.0,normal,0.6,0
948,ddd,ddd,known,ddd,0.43478260869565216,0.0,normal,0.43478260869565216,0
949,ddd,ddd,known,ddd,0.43478260869565216,0.0,normal,0.43478260869565216,0
950,ddd,ddd,known,ddd,0.43478260869565216,0.0,normal,0.43478260869565216,0
951,ddd,ddc,known,ddc,0.34782608695652173,0.0,normal,0.34782608695652173,0
952,ddc,dcd,known,dcd,0.1875,0.0,anomaly,0.1875,0
953,dcd,cdc,known,cdc,0.29411764705882354,0.0,normal,0.29411764705882354,0
954,cdc,dcc,known,dcc,0.36,0.0,normal,0.36,0
955,dcc,ccd,known,ccd,0.28,0.0,normal,0.28,0
956,ccd,cdd,known,cdd,0.36,0.0,normal,0.36,0
957,cdd,ddd,known,ddd,0.42105263157894735,0.0,normal,0.42105263157894735,0
958,ddd,ddc,known,ddc,0.34782608695652173,0.0,normal,0.34782608695652173,0
959,ddc,dcc,known,dcc,0.625,0.0,normal,0.625,0
960,dcc,ccc,known,ccc,0.48,0.0,normal,0.48,0
961,ccc,ccd,known,ccd,0.07894736842105263,0.0,anomaly,0.07894736842105263,0
962,ccd,cdd,known,cdd,0.36,0.0,normal,0.36,0
963,cdd,ddc,known,ddc,0.3684210526315789,0.0,normal,0.3684210526315789,0
964,ddc,dcb,known,dcb,0.1875,0.0,anomaly,0.1875,0
965,dcb,cbc,known,cbc,0.4117647058823529,0.0,normal,0.4117647058823529,0
966,cbc,bcc,known,bcc,0.2911392405063291,0.0,normal,0.2911392405063291,0
967,bcc,ccd,known,ccd,0.061224489795918366,0.0,anomaly,0.061224489795918366,0
968,ccd,cdd,known,cdd,0.36,0.0,normal,0.36,0
969,cdd,ddd,known,ddd,0.42105263157894735,0.0,normal,0.42105263157894735,0
970,ddd,ddc,known,ddc,0.34782608695652173,0.0,normal,0.34782608695652173,0
971,ddc,dcc,known,dcc,0.625,0.0,normal,0.625,0
972,dcc,ccc,known,ccc,0.48,0.0,normal,0.48,0
973,ccc,ccc,known,ccc,0.5,0.0,normal,0.5,0
974,ccc,ccc,known,ccc,0.5,0.0,normal,0.5,0
975,ccc,ccd,known,ccd,0.07894736842105263,0.0,anomaly,0.07894736842105263,0
976,ccd,cdd,known,cdd,0.36,0.0,normal,0.36,0
977,cdd,ddd,known,ddd,0.42105263157894735,0.0,normal,0.42105263157894735,0
978,ddd,ddc,known,ddc,0.34782608695652173,0.0,normal,0.34782608695652173,0
979,ddc,dcc,known,dcc,0.625,0.0,normal,0.625,0
980,dcc,ccc,known,ccc,0.48,0.0,normal,0.48,0
981,ccc,ccb,known,ccb,0.39473684210526316,0.0,normal,0.39473684210526316,0
982,ccb,cbc,known,cbc,0.30927835051546393,0.0,normal,0.30927835051546393,0
983,cbc,bcc,known,bcc,0.2911392405063291,0.0,normal,0.2911392405063291,0
984,bcc,ccd,known,ccd,0.061224489795918366,0.0,anomaly,0.061224489795918366,0
985,ccd,cdc,known,cdc,0.36,0.0,normal,0.36,0
986,cdc,dcd,known,dcd,0.32,0.0,normal,0.32,0
987,dcd,cdd,known,cdd,0.23529411764705882,0.0,normal,0.23529411764705882,0
988,cdd,ddd,known,ddd,0.42105263157894735,0.0,normal,0.42105263157894735,0
989,ddd,ddd,known,ddd,0.43478260869565216,0.0,normal,0.43478260869565216,0
990,ddd,ddc,known,ddc,0.34782608695652173,0.0,normal,0.34782608695652173,0
991,ddc,dcc,known,dcc,0.625,0.0,normal,0.625,0
992,dcc,ccb,known,ccb,0.16,0.0,anomaly,0.16,0
993,ccb,cbd,known,cbd,0.07216494845360824,0.0,anomaly,0.07216494845360824,0
994,cbd,bdc,known,bdc,0.42105263157894735,0.0,normal,0.42105263157894735,0
995,bdc,dcc,known,dcc,0.3125,0.0,normal,0.3125,0
996,dcc,ccc,known,ccc,0.48,0.0,normal,0.48,0
997,ccc,ccc,known,ccc,0.5,0.0,normal,0.5,0
998,ccc,ccd,known,ccd,0.07894736842105263,0.0,anomaly,0.07894736842105263,0
999,ccd,cdc,known,cdc,0.36,0.0,normal,0.36,0
1000,cdc,dcc,known,dcc,0.36,0.0,normal,0.36,0
1001,dcc,ccc,known,ccc,0.48,0.0,normal,0.48,0
1002,ccc,ccd,known,ccd,0.07894736842105263,0.0,anomaly,0.07894736842105263,0
1003,ccd,cdc,known,cdc,0.36,0.0,normal,0.36,0
1004,cdc,dcc,known,dcc,0.36,0.0,normal,0.36,0
1005,dcc,ccc,known,ccc,0.48,0.0,normal,0.48,0
1006,ccc,ccc,known,ccc,0.5,0.0,normal,0.5,0
1007,ccc,ccb,known,ccb,0.39473684210526316,0.0,normal,0.39473684210526316,0
1008,ccb,cbb,known,cbb,0.5463917525773195,0.0,normal,0.5463917525773195,0
1009,cbb,bbb,known,bbb,0.6148148148148148,0.0,normal,0.6148148148148148,0
1010,bbb,bbb,known,bbb,0.6380597014925373,0.0,normal,0.6380597014925373,0
1011,bbb,bbc,known,bbc,0.17537313432835822,0.0,anomaly,0.17537313432835822,0
1012,bbc,bcc,known,bcc,0.4206896551724138,0.0,normal,0.4206896551724138,0
1013,bcc,ccc,known,ccc,0.4489795918367347,0.0,normal,0.4489795918367347,0
1014,ccc,ccc,known,ccc,0.5,0.0,normal,0.5,0
1015,ccc,ccc,known,ccc,0.5,0.0,normal,0.5,0
1016,ccc,ccc,known,ccc,0.5,0.0,normal,0.5,0
1017,ccc,ccc,known,ccc,0.5,0.0,normal,0.5,0
1018,ccc,ccd,known,ccd,0.07894736842105263,0.0,anomaly,0.07894736842105263,0
1019,ccd,cde,known,cde,0.04,0.0,anomaly,0.04,0
1020,cde,ded,known,ded,0.16666666666666666,0.0,anomaly,0.16666666666666666,0
1021,ded,edd,known,edd,0.75,0.0,normal,0.75,0
1022,edd,ddd,known,ddd,0.6,0.0,normal,0.6,0
1023,ddd,ddc,known,ddc,0.34782608695652173,0.0,normal,0.34782608695652173,0
1024,ddc,dcd,known,dcd,0.1875,0.0,anomaly,0.1875,0
1025,dcd,cdd,known,cdd,0.23529411764705882,0.0,normal,0.23529411764705882,0
1026,cdd,ddd,known,ddd,0.42105263157894735,0.0,normal,0.42105263157894735,0
1027,ddd,ddd,known,ddd,0.43478260869565216,0.0,normal,0.43478260869565216,0
1028,ddd,ddd,known,ddd,0.43478260869565216,0.0,normal,0.43478260869565216,0
1029,ddd,ddd,known,ddd,0.43478260869565216,0.0,normal,0.43478260869565216,0
1030,ddd,ddd,known,ddd,0.43478260869565216,0.0,normal,0.43478260869565216,0
1031,ddd,ddc,known,ddc,0.34782608695652173,0.0,normal,0.34782608695652173,0
1032,ddc,dcc,known,dcc,0.625,0.0,normal,0.625,0
1033,dcc,ccb,known,ccb,0.16,0.0,anomaly,0.16,0
1034,ccb,cbc,known,cbc,0.30927835051546393,0.0,normal,0.30927835051546393,0
1035,cbc,bcc,known,bcc,0.2911392405063291,0.0,normal,0.2911392405063291,0
1036,bcc,ccd,known,ccd,0.061224489795918366,0.0,anomaly,0.061224489795918366,0
1037,ccd,cdd,known,cdd,0.36,0.0,normal,0.36,0
1038,cdd,ddd,known,ddd,0.42105263157894735,0.0,normal,0.42105263157894735,0
1039,ddd,ddd,known,ddd,0.43478260869565216,0.0,normal,0.43478260869565216,0
1040,ddd,ddd,known,ddd,0.43478260869565216,0.0,normal,0.43478260869565216,0
1041,ddd,ddd,known,ddd,0.43478260869565216,0.0,normal,0.43478260869565216,0
1042,ddd,ddd,known,ddd,0.43478260869565216,0.0,normal,0.43478260869565216,0
1043,ddd,ddd,known,ddd,0.43478260869565216,0.0,normal,0.43478260869565216,0
1044,ddd,ddc,known,ddc,0.34782608695652173,0.0,normal,0.34782608695652173,0
1045,ddc,dcc,known,dcc,0.625,0.0,normal,0.625,0
1046,dcc,ccc,known,ccc,0.48,0.0,normal,0.48,0
1047,ccc,ccc,known,ccc,0.5,0.0,normal,0.5,0
1048,ccc,ccc,known,ccc,0.5,0.0,normal,0.5,0
1049,ccc,ccc,known,ccc,0.5,0.0,normal,0.5,0
1050,ccc,ccc,known,ccc,0.5,0.0,normal,0.5,0
1051,ccc,ccb,known,ccb,0.39473684210526316,0.0,normal,0.39473684210526316,0
1052,ccb,cbc,known,cbc,0.30927835051546393,0.0,normal,0.30927835051546393,0
1053,cbc,bcc,known,bcc,0.2911392405063291,0.0,normal,0.2911392405063291,0
1054,bcc,ccc,known,ccc,0.4489795918367347,0.0,normal,0.4489795918367347,0
1055,ccc,ccc,known,ccc,0.5,0.0,normal,0.5,0
1056,ccc,ccd,known,ccd,0.07894736842105263,0.0,anomaly,0.07894736842105263,0
1057,ccd,cdc,known,cdc,0.36,0.0,normal,0.36,0
1058,cdc,dcc,known,dcc,0.36,0.0,normal,0.36,0
1059,dcc,ccd,known,ccd,0.28,0.0,normal,0.28,0
1060,ccd,cdd,known,cdd,0.36,0.0,normal,0.36,0
1061,cdd,ddd,known,ddd,0.42105263157894735,0.0,normal,0.42105263157894735,0
1062,ddd,ddd,known,ddd,0.43478260869565216,0.0,normal,0.43478260869565216,0
1063,ddd,ddc,known,ddc,0.34782608695652173,0.0,normal,0.34782608695652173,0
1064,ddc,dcc,known,dcc,0.625,0.0,normal,0.625,0
1065,dcc,ccc,known,ccc,0.48,0.0,normal,0.48,0
1066,ccc,ccc,known,ccc,0.5,0.0,normal,0.5,0
1067,ccc,ccc,known,ccc,0.5,0.0,normal,0.5,0
1068,ccc,ccc,known,ccc,0.5,0.0,normal,0.5,0
1069,ccc,ccd,known,ccd,0.07894736842105263,0.0,anomaly,0.07894736842105263,0
1070,ccd,cdc,known,cdc,0.36,0.0,normal,0.36,0
1071,cdc,dcc,known,dcc,0.36,0.0,normal,0.36,0
1072,dcc,ccc,known,ccc,0.48,0.0,normal,0.48,0
1073,ccc,ccc,known,ccc,0.5,0.0,normal,0.5,0
1074,ccc,ccb,known,ccb,0.39473684210526316,0.0,normal,0.39473684210526316,0
1075,ccb,cbb,known,cbb,0.5463917525773195,0.0,normal,0.5463917525773195,0
1076,cbb,bbc,known,bbc,0.23703703703703705,0.0,normal,0.23703703703703705,0
1077,bbc,bcd,known,bcd,0.04827586206896552,0.0,anomaly,0.04827586206896552,0
1078,bcd,cdd,known,cdd,0.26666666666666666,0.0,normal,0.26666666666666666,0
1079,cdd,ddd,known,ddd,0.42105263157894735,0.0,normal,0.42105263157894735,0
1080,ddd,dde,known,dde,0.17391304347826086,0.0,anomaly,0.17391304347826086,0
1081,dde,ded,known,ded,0.0,0.0,anomaly,0.0,0
1082,ded,edc,known,edc,0.0,0.0,anomaly,0.0,0
1083,edc,dcc,known,dcc,0.3333333333333333,0.0,normal,0.3333333333333333,0
1084,dcc,ccb,known,ccb,0.16,0.0,anomaly,0.16,0
1085,ccb,cbc,known,cbc,0.30927835051546393,0.0,normal,0.30927835051546393,0
1086,cbc,bcb,known,bcb,0.5443037974683544,0.0,normal,0.5443037974683544,0
1087,bcb,cbc,known,cbc,0.26865671641791045,0.0,normal,0.26865671641791045,0
1088,cbc,bcc,known,bcc,0.2911392405063291,0.0,normal,0.2911392405063291,0
1089,bcc,ccd,known,ccd,0.061224489795918366,0.0,anomaly,0.061224489795918366,0
1090,ccd,cdd,known,cdd,0.36,0.0,normal,0.36,0
1091,cdd,ddc,known,ddc,0.3684210526315789,0.0,normal,0.3684210526315789,0
1092,ddc,dcc,known,dcc,0.625,0.0,normal,0.625,0
1093,dcc,ccc,known,ccc,0.48,0.0,normal,0.48,0
1094,ccc,ccd,known,ccd,0.07894736842105263,0.0,anomaly,0.07894736842105263,0
1095,ccd,cdb,known,cdb,0.2,0.0,normal,0.2,0
1096,cdb,dbc,known,dbc,0.5,0.0,normal,0.5,0
1097,dbc,bcc,known,bcc,0.35,0.0,normal,0.35,0
1098,bcc,ccd,known,ccd,0.061224489795918366,0.0,anomaly,0.061224489795918366,0
1099,ccd,cdd,known,cdd,0.36,0.0,normal,0.36,0
1100,cdd,ddd,known,ddd,0.42105263157894735,0.0,normal,0.42105263157894735,0
1101,ddd,ddc,known,ddc,0.34782608695652173,0.0,normal,0.34782608695652173,0
1102,ddc,dcc,known,dcc,0.625,0.0,normal,0.625,0
1103,dcc,ccb,known,ccb,0.16,0.0,anomaly,0.16,0
1104,ccb,cbd,known,cbd,0.07216494845360824,0.0,anomaly,0.07216494845360824,0
1105,cbd,bdd,known,bdd,0.10526315789473684,0.0,anomaly,0.10526315789473684,0
1106,bdd,ddd,known,ddd,0.6666666666666666,0.0,normal,0.6666666666666666,0
1107,ddd,ddd,known,ddd,0.43478260869565216,0.0,normal,0.43478260869565216,0
1108,ddd,ddd,known,ddd,0.43478260869565216,0.0,normal,0.43478260869565216,0
1109,ddd,ddc,known,ddc,0.34782608695652173,0.0,normal,0.34782608695652173,0
1110,ddc,dcc,known,dcc,0.625,0.0,normal,0.625,0
1111,dcc,ccc,known,ccc,0.48,0.0,normal,0.48,0
1112,ccc,ccb,known,ccb,0.39473684210526316,0.0,normal,0.39473684210526316,0
1113,ccb,cbc,known,cbc,0.30927835051546393,0.0,normal,0.30927835051546393,0
1114,cbc,bcc,known,bcc,0.2911392405063291,0.0,normal,0.2911392405063291,0
1115,bcc,ccd,known,ccd,0.061224489795918366,0.0,anomaly,0.061224489795918366,0
1116,ccd,cdd,known,cdd,0.36,0.0,normal,0.36,0
1117,cdd,ddd,known,ddd,0.42105263157894735,0.0,normal,0.42105263157894735,0
1118,ddd,ddd,known,ddd,0.43478260869565216,0.0,normal,0.43478260869565216,0
1119,ddd,ddd,known,ddd,0.43478260869565216,0.0,normal,0.43478260869565216,0
1120,ddd,ddd,known,ddd,0.43478260869565216,0.0,normal,0.43478260869565216,0
1121,ddd,dde,known,dde,0.17391304347826086,0.0,anomaly,0.17391304347826086,0
1122,dde,ded,known,ded,0.0,0.0,anomaly,0.0,0
1123,ded,edd,known,edd,0.75,0.0,normal,0.75,0
1124,edd,ddc,known,ddc,0.2,0.0,normal,0.2,0
1125,ddc,dcd,known,dcd,0.1875,0.0,anomaly,0.1875,0
1126,dcd,cdc,known,cdc,0.29411764705882354,0.0,normal,0.29411764705882354,0
1127,cdc,dcd,known,dcd,0.32,0.0,normal,0.32,0
1128,dcd,cdc,known,cdc,0.29411764705882354,0.0,normal,0.29411764705882354,0
1129,cdc,dcc,known,dcc,0.36,0.0,normal,0.36,0
1130,dcc,ccd,known,ccd,0.28,0.0,normal,0.28,0
1131,ccd,cdc,known,cdc,0.36,0.0,normal,0.36,0
1132,cdc,dcc,known,dcc,0.36,0.0,normal,0.36,0
1133,dcc,ccc,known,ccc,0.48,0.0,normal,0.48,0
1134,ccc,ccc,known,ccc,0.5,0.0,normal,0.5,0
1135,ccc,ccc,known,ccc,0.5,0.0,normal,0.5,0
1136,ccc,ccc,known,ccc,0.5,0.0,normal,0.5,0
1137,ccc,ccd,known,ccd,0.07894736842105263,0.0,anomaly,0.07894736842105263,0
1138,ccd,cdd,known,cdd,0.36,0.0,normal,0.36,0
1139,cdd,ddc,known,ddc,0.3684210526315789,0.0,normal,0.3684210526315789,0
1140,ddc,dcb,known,dcb,0.1875,0.0,anomaly,0.1875,0
1141,dcb,cbb,known,cbb,0.35294117647058826,0.0,normal,0.35294117647058826,0
1142,cbb,bbc,known,bbc,0.23703703703703705,0.0,normal,0.23703703703703705,0
1143,bbc,bcd,known,bcd,0.04827586206896552,0.0,anomaly,0.04827586206896552,0
1144,bcd,cdd,known,cdd,0.26666666666666666,0.0,normal,0.26666666666666666,0
1145,cdd,ddd,known,ddd,0.42105263157894735,0.0,normal,0.42105263157894735,0
1146,ddd,ddd,known,ddd,0.43478260869565216,0.0,normal,0.43478260869565216,0
1147,ddd,ddd,known,ddd,0.43478260869565216,0.0,normal,0.43478260869565216,0
1148,ddd,ddd,known,ddd,0.43478260869565216,0.0,normal,0.43478260869565216,0
1149,ddd,ddc,known,ddc,0.34782608695652173,0.0,normal,0.34782608695652173,0
1150,ddc,dcc,known,dcc,0.625,0.0,normal,0.625,0
1151,dcc,ccc,known,ccc,0.48,0.0,normal,0.48,0
1152,ccc,ccc,known,ccc,0.5,0.0,normal,0.5,0
1153,ccc,ccc,known,ccc,0.5,0.0,normal,0.5,0
1154,ccc,ccb,known,ccb,0.39473684210526316,0.0,normal,0.39473684210526316,0
1155,ccb,cbc,known,cbc,0.30927835051546393,0.0,normal,0.30927835051546393,0
1156,cbc,bcc,known,bcc,0.2911392405063291,0.0,normal,0.2911392405063291,0
1157,bcc,ccc,known,ccc,0.4489795918367347,0.0,normal,0.4489795918367347,0
1158,ccc,ccb,known,ccb,0.39473684210526316,0.0,normal,0.39473684210526316,0
1159,ccb,cbc,known,cbc,0.30927835051546393,0.0,normal,0.30927835051546393,0
1160,cbc,bcc,known,bcc,0.2911392405063291,0.0,normal,0.2911392405063291,0
1161,bcc,ccc,known,ccc,0.4489795918367347,0.0,normal,0.4489795918367347,0
1162,ccc,ccc,known,ccc,0.5,0.0,normal,0.5,0
1163,ccc,ccc,known,ccc,0.5,0.0,normal,0.5,0
1164,ccc,ccc,known,ccc,0.5,0.0,normal,0.5,0
1165,ccc,ccd,known,ccd,0.07894736842105263,0.0,anomaly,0.07894736842105263,0
1166,ccd,cdc,known,cdc,0.36,0.0,normal,0.36,0
1167,cdc,dcd,known,dcd,0.32,0.0,normal,0.32,0
1168,dcd,cdc,known,cdc,0.29411764705882354,0.0,normal,0.29411764705882354,0
1169,cdc,dcd,known,dcd,0.32,0.0,normal,0.32,0
1170,dcd,cdd,known,cdd,0.23529411764705882,0.0,normal,0.23529411764705882,0
1171,cdd,ddc,known,ddc,0.3684210526315789,0.0,normal,0.3684210526315789,0
1172,ddc,dcc,known,dcc,0.625,0.0,normal,0.625,0
1173,dcc,ccc,known,ccc,0.48,0.0,normal,0.48,0
1174,ccc,ccd,known,ccd,0.07894736842105263,0.0,anomaly,0.07894736842105263,0
1175,ccd,cdc,known,cdc,0.36,0.0,normal,0.36,0
1176,cdc,dcc,known,dcc,0.36,0.0,normal,0.36,0
1177,dcc,ccc,known,ccc,0.48,0.0,normal,0.48,0
1178,ccc,ccc,known,ccc,0.5,0.0,normal,0.5,0
1179,ccc,ccc,known,ccc,0.5,0.0,normal,0.5,0
1180,ccc,ccd,known,ccd,0.07894736842105263,0.0,anomaly,0.07894736842105263,0
1181,ccd,cdd,known,cdd,0.36,0.0,normal,0.36,0
1182,cdd,ddd,known,ddd,0.42105263157894735,0.0,normal,0.42105263157894735,0
1183,ddd,ddd,known,ddd,0.43478260869565216,0.0,normal,0.43478260869565216,0
1184,ddd,ddc,known,ddc,0.34782608695652173,0.0,normal,0.34782608695652173,0
1185,ddc,dcc,known,dcc,0.625,0.0,normal,0.625,0
1186,dcc,ccc,known,ccc,0.48,0.0,normal,0.48,0
1187,ccc,ccc,known,ccc,0.5,0.0,normal,0.5,0
1188,ccc,ccc,known,ccc,0.5,0.0,normal,0.5,0
1189,ccc,ccc,known,ccc,0.5,0.0,normal,0.5,0
1190,ccc,ccd,known,ccd,0.07894736842105263,0.0,anomaly,0.07894736842105263,0
1191,ccd,cdc,known,cdc,0.36,0.0,normal,0.36,0
1192,cdc,dcc,known,dcc,0.36,0.0,normal,0.36,0
1193,dcc,ccc,known,ccc,0.48,0.0,normal,0.48,0
1194,ccc,ccc,known,ccc,0.5,0.0,normal,0.5,0
1195,ccc,ccd,known,ccd,0.07894736842105263,0.0,anomaly,0.07894736842105263,0
1196,ccd,cdd,known,cdd,0.36,0.0,normal,0.36,0
1197,cdd,ddd,known,ddd,0.42105263157894735,0.0,normal,0.42105263157894735,0
1198,ddd,ddd,known,ddd,0.43478260869565216,0.0,normal,0.43478260869565216,0
1199,ddd,ddc,known,ddc,0.34782608695652173,0.0,normal,0.34782608695652173,0
1200,ddc,dcc,known,dcc,0.625,0.0,normal,0.625,0
1201,dcc,ccc,known,ccc,0.48,0.0,normal,0.48,0
1202,ccc,ccc,known,ccc,0.5,0.0,normal,0.5,0
1203,ccc,ccd,known,ccd,0.07894736842105263,0.0,anomaly,0.07894736842105263,0
1204,ccd,cde,known,cde,0.04,0.0,anomaly,0.04,0
1205,cde,ded,known,ded,0.16666666666666666,0.0,anomaly,0.16666666666666666,0
1206,ded,edd,known,edd,0.75,0.0,normal,0.75,0
1207,edd,ddc,known,ddc,0.2,0.0,normal,0.2,0
1208,ddc,dcc,known,dcc,0.625,0.0,normal,0.625,0
1209,dcc,ccc,known,ccc,0.48,0.0,normal,0.48,0
1210,ccc,ccb,known,ccb,0.39473684210526316,0.0,normal,0.39473684210526316,0
1211,ccb,cbc,known,cbc,0.30927835051546393,0.0,normal,0.30927835051546393,0
1212,cbc,bcc,known,bcc,0.2911392405063291,0.0,normal,0.2911392405063291,0
1213,bcc,ccd,known,ccd,0.061224489795918366,0.0,anomaly,0.061224489795918366,0
1214,ccd,cdd,known,cdd,0.36,0.0,normal,0.36,0
1215,cdd,ddd,known,ddd,0.42105263157894735,0.0,normal,0.42105263157894735,0
1216,ddd,ddd,known,ddd,0.43478260869565216,0.0,normal,0.43478260869565216,0
1217,ddd,ddd,known,ddd,0.43478260869565216,0.0,normal,0.43478260869565216,0
1218,ddd,ddc,known,ddc,0.34782608695652173,0.0,normal,0.34782608695652173,0
1219,ddc,dcd,known,dcd,0.1875,0.0,anomaly,0.1875,0
1220,dcd,cdc,known,cdc,0.29411764705882354,0.0,normal,0.29411764705882354,0
1221,cdc,dcd,known,dcd,0.32,0.0,normal,0.32,0
1222,dcd,cdd,known,cdd,0.23529411764705882,0.0,normal,0.23529411764705882,0
1223,cdd,ddd,known,ddd,0.42105263157894735,0.0,normal,0.42105263157894735,0
1224,ddd,dde,known,dde,0.17391304347826086,0.0,anomaly,0.17391304347826086,0
1225,dde,ded,known,ded,0.0,0.0,anomaly,0.0,0
1226,ded,edc,known,edc,0.0,0.0,anomaly,0.0,0
1227,edc,dcd,known,dcd,0.6666666666666666,0.0,normal,0.6666666666666666,0
1228,dcd,cdd,known,cdd,0.23529411764705882,0.0,normal,0.23529411764705882,0
1229,cdd,ddd,known,ddd,0.42105263157894735,0.0,normal,0.42105263157894735,0
1230,ddd,dde,known,dde,0.17391304347826086,0.0,anomaly,0.17391304347826086,0
1231,dde,dee,known,dee,0.8,0.0,normal,0.8,0
1232,dee,eed,known,eed,0.0,0.0,anomaly,0.0,0
1233,eed,edd,known,edd,0.2,0.0,normal,0.2,0
1234,edd,ddd,known,ddd,0.6,0.0,normal,0.6,0
1235,ddd,ddc,known,ddc,0.34782608695652173,0.0,normal,0.34782608695652173,0
1236,ddc,dcc,known,dcc,0.625,0.0,normal,0.625,0
1237,dcc,ccb,known,ccb,0.16,0.0,anomaly,0.16,0
1238,ccb,cbc,known,cbc,0.30927835051546393,0.0,normal,0.30927835051546393,0
1239,cbc,bcd,known,bcd,0.0759493670886076,0.0,anomaly,0.0759493670886076,0
1240,bcd,cdd,known,cdd,0.26666666666666666,0.0,normal,0.26666666666666666,0
1241,cdd,ddd,known,ddd,0.42105263157894735,0.0,normal,0.42105263157894735,0
1242,ddd,ddc,known,ddc,0.34782608695652173,0.0,normal,0.34782608695652173,0
1243,ddc,dcb,known,dcb,0.1875,0.0,anomaly,0.1875,0
1244,dcb,cbb,known,cbb,0.35294117647058826,0.0,normal,0.35294117647058826,0
1245,cbb,bbc,known,bbc,0.23703703703703705,0.0,normal,0.23703703703703705,0
1246,bbc,bcc,known,bcc,0.4206896551724138,0.0,normal,0.4206896551724138,0
1247,bcc,ccc,known,ccc,0.4489795918367347,0.0,normal,0.4489795918367347,0
1248,ccc,ccc,known,ccc,0.5,0.0,normal,0.5,0
1249,ccc,ccd,known,ccd,0.07894736842105263,0.0,anomaly,0.07894736842105263,0
1250,ccd,cdd,known,cdd,0.36,0.0,normal,0.36,0
1251,cdd,ddd,known,ddd,0.42105263157894735,0.0,normal,0.42105263157894735,0
1252,ddd,ddd,known,ddd,0.43478260869565216,0.0,normal,0.43478260869565216,0
1253,ddd,ddc,known,ddc,0.34782608695652173,0.0,normal,0.34782608695652173,0
1254,ddc,dcc,known,dcc,0.625,0.0,normal,0.625,0
1255,dcc,ccd,known,ccd,0.28,0.0,normal,0.28,0
1256,ccd,cdc,known,cdc,0.36,0.0,normal,0.36,0
1257,cdc,dcc,known,dcc,0.36,0.0,normal,0.36,0
1258,dcc,ccc,known,ccc,0.48,0.0,normal,0.48,0
1259,ccc,ccc,known,ccc,0.5,0.0,normal,0.5,0
1260,ccc,ccc,known,ccc,0.5,0.0,normal,0.5,0
1261,ccc,ccd,known,ccd,0.07894736842105263,0.0,anomaly,0.07894736842105263,0
1262,ccd,cdd,known,cdd,0.36,0.0,normal,0.36,0
1263,cdd,ddc,known,ddc,0.3684210526315789,0.0,normal,0.3684210526315789,0
1264,ddc,dcd,known,dcd,0.1875,0.0,anomaly,0.1875,0
1265,dcd,cdd,known,cdd,0.23529411764705882,0.0,normal,0.23529411764705882,0
1266,cdd,dde,known,dde,0.0,0.0,anomaly,0.0,0
1267,dde,dec,known,dec,0.2,0.0,normal,0.2,0
1268,dec,ecb,known,ecb,0.0,0.0,anomaly,0.0,0
1269,ecb,cbc,known,cbc,0.0,0.0,anomaly,0.0,0
1270,cbc,bcc,known,bcc,0.2911392405063291,0.0,normal,0.2911392405063291,0
1271,bcc,ccc,known,ccc,0.4489795918367347,0.0,normal,0.4489795918367347,0
1272,ccc,ccc,known,ccc,0.5,0.0,normal,0.5,0
1273,ccc,ccc,known,ccc,0.5,0.0,normal,0.5,0
1274,ccc,ccd,known,ccd,0.07894736842105263,0.0,anomaly,0.07894736842105263,0
1275,ccd,cdd,known,cdd,0.36,0.0,normal,0.36,0
1276,cdd,ddd,known,ddd,0.42105263157894735,0.0,normal,0.42105263157894735,0
1277,ddd,dde,known,dde,0.17391304347826086,0.0,anomaly,0.17391304347826086,0
1278,dde,dee,known,dee,0.8,0.0,normal,0.8,0
1279,dee,eed,known,eed,0.0,0.0,anomaly,0.0,0
1280,eed,edd,known,edd,0.2,0.0,normal,0.2,0
1281,edd,dde,known,dde,0.2,0.0,normal,0.2,0
1282,dde,dee,known,dee,0.8,0.0,normal,0.8,0
1283,dee,eed,known,eed,0.0,0.0,anomaly,0.0,0
1284,eed,edd,known,edd,0.2,0.0,normal,0.2,0
1285,edd,ddd,known,ddd,0.6,0.0,normal,0.6,0
1286,ddd,ddc,known,ddc,0.34782608695652173,0.0,normal,0.34782608695652173,0
1287,ddc,dcb,known,dcb,0.1875,0.0,anomaly,0.1875,0
1288,dcb,cbb,known,cbb,0.35294117647058826,0.0,normal,0.35294117647058826,0
1289,cbb,bbc,known,bbc,0.23703703703703705,0.0,normal,0.23703703703703705,0
1290,bbc,bcb,known,bcb,0.47586206896551725,0.0,normal,0.47586206896551725,0
1291,bcb,cbc,known,cbc,0.26865671641791045,0.0,normal,0.26865671641791045,0
1292,cbc,bcd,known,bcd,0.0759493670886076,0.0,anomaly,0.0759493670886076,0
1293,bcd,cdd,known,cdd,0.26666666666666666,0.0,normal,0.26666666666666666,0
1294,cdd,ddd,known,ddd,0.42105263157894735,0.0,normal,0.42105263157894735,0
1295,ddd,ddd,known,ddd,0.43478260869565216,0.0,normal,0.43478260869565216,0
1296,ddd,ddc,known,ddc,0.34782608695652173,0.0,normal,0.34782608695652173,0
1297,ddc,dcc,known,dcc,0.625,0.0,normal,0.625,0
1298,dcc,ccd,known,ccd,0.28,0.0,normal,0.28,0
1299,ccd,cdc,known,cdc,0.36,0.0,normal,0.36,0
1300,cdc,dcd,known,dcd,0.32,0.0,normal,0.32,0
1301,dcd,cdd,known,cdd,0.23529411764705882,0.0,normal,0.23529411764705882,0
1302,cdd,ddd,known,ddd,0.42105263157894735,0.0,normal,0.42105263157894735,0
1303,ddd,ddd,known,ddd,0.43478260869565216,0.0,normal,0.43478260869565216,0
1304,ddd,ddd,known,ddd,0.43478260869565216,0.0,normal,0.43478260869565216,0
1305,ddd,dde,known,dde,0.17391304347826086,0.0,anomaly,0.17391304347826086,0
1306,dde,ded,known,ded,0.0,0.0,anomaly,0.0,0
1307,ded,ede,known,ede,0.0,0.0,anomaly,0.0,0
1308,ede,ded,known,ded,0.3333333333333333,0.0,normal,0.3333333333333333,0
1309,ded,edd,known,edd,0.75,0.0,normal,0.75,0
1310,edd,ddc,known,ddc,0.2,0.0,normal,0.2,0
1311,ddc,dce,unseen,dcb,0.1875,0.0,anomaly,0.1875,1
1312,dcb,ced,known,ced,0.0,0.0,anomaly,0.0,0
1313,ced,edd,known,edd,0.0,0.0,anomaly,0.0,0
1314,edd,ddd,known,ddd,0.6,0.0,normal,0.6,0
1315,ddd,ddd,known,ddd,0.43478260869565216,0.0,normal,0.43478260869565216,0
1316,ddd,ddd,known,ddd,0.43478260869565216,0.0,normal,0.43478260869565216,0
1317,ddd,ddd,known,ddd,0.43478260869565216,0.0,normal,0.43478260869565216,0
1318,ddd,ddc,known,ddc,0.34782608695652173,0.0,normal,0.34782608695652173,0
1319,ddc,dcc,known,dcc,0.625,0.0,normal,0.625,0
1320,dcc,ccd,known,ccd,0.28,0.0,normal,0.28,0
1321,ccd,cdd,known,cdd,0.36,0.0,normal,0.36,0
1322,cdd,ddc,known,ddc,0.3684210526315789,0.0,normal,0.3684210526315789,0
1323,ddc,dcc,known,dcc,0.625,0.0,normal,0.625,0
1324,dcc,ccc,known,ccc,0.48,0.0,normal,0.48,0
1325,ccc,ccc,known,ccc,0.5,0.0,normal,0.5,0
1326,ccc,ccc,known,ccc,0.5,0.0,normal,0.5,0
1327,ccc,ccc,known,ccc,0.5,0.0,normal,0.5,0
1328,ccc,ccb,known,ccb,0.39473684210526316,0.0,normal,0.39473684210526316,0
1329,ccb,cbc,known,cbc,0.30927835051546393,0.0,normal,0.30927835051546393,0
1330,cbc,bcc,known,bcc,0.2911392405063291,0.0,normal,0.2911392405063291,0
1331,bcc,ccc,known,ccc,0.4489795918367347,0.0,normal,0.4489795918367347,0
1332,ccc,ccd,known,ccd,0.07894736842105263,0.0,anomaly,0.07894736842105263,0
1333,ccd,cdc,known,cdc,0.36,0.0,normal,0.36,0
1334,cdc,dcc,known,dcc,0.36,0.0,normal,0.36,0
1335,dcc,ccc,known,ccc,0.48,0.0,normal,0.48,0
1336,ccc,ccc,known,ccc,0.5,0.0,normal,0.5,0
1337,ccc,ccc,known,ccc,0.5,0.0,normal,0.5,0
1338,ccc,ccc,known,ccc,0.5,0.0,normal,0.5,0
1339,ccc,ccc,known,ccc,0.5,0.0,normal,0.5,0
1340,ccc,ccc,known,ccc,0.5,0.0,normal,0.5,0
1341,ccc,ccc,known,ccc,0.5,0.0,normal,0.5,0
1342,ccc,ccb,known,ccb,0.39473684210526316,0.0,normal,0.39473684210526316,0
1343,ccb,cbc,known,cbc,0.30927835051546393,0.0,normal,0.30927835051546393,0
1344,cbc,bcc,known,bcc,0.2911392405063291,0.0,normal,0.2911392405063291,0
1345,bcc,ccc,known,ccc,0.4489795918367347,0.0,normal,0.4489795918367347,0
1346,ccc,ccc,known,ccc,0.5,0.0,normal,0.5,0
1347,ccc,ccc,known,ccc,0.5,0.0,normal,0.5,0
1348,ccc,ccd,known,ccd,0.07894736842105263,0.0,anomaly,0.07894736842105263,0
1349,ccd,cdd,known,cdd,0.36,0.0,normal,0.36,0
1350,cdd,dde,known,dde,0.0,0.0,anomaly,0.0,0
1351,dde,ded,known,ded,0.0,0.0,anomaly,0.0,0
1352,ded,edc,known,edc,0.0,0.0,anomaly,0.0,0
1353,edc,dcd,known,dcd,0.6666666666666666,0.0,normal,0.6666666666666666,0
1354,dcd,cdc,known,cdc,0.29411764705882354,0.0,normal,0.29411764705882354,0
1355,cdc,dcc,known,dcc,0.36,0.0,normal,0.36,0
1356,dcc,ccb,known,ccb,0.16,0.0,anomaly,0.16,0
1357,ccb,cbb,known,cbb,0.5463917525773195,0.0,normal,0.5463917525773195,0
1358,cbb,bbc,known,bbc,0.23703703703703705,0.0,normal,0.23703703703703705,0
1359,bbc,bcb,known,bcb,0.47586206896551725,0.0,normal,0.47586206896551725,0
1360,bcb,cbc,known,cbc,0.26865671641791045,0.0,normal,0.26865671641791045,0
1361,cbc,bcc,known,bcc,0.2911392405063291,0.0,normal,0.2911392405063291,0
1362,bcc,ccb,known,ccb,0.45918367346938777,0.0,normal,0.45918367346938777,0
1363,ccb,cbc,known,cbc,0.30927835051546393,0.0,normal,0.30927835051546393,0
1364,cbc,bcb,known,bcb,0.5443037974683544,0.0,normal,0.5443037974683544,0
1365,bcb,cbc,known,cbc,0.26865671641791045,0.0,normal,0.26865671641791045,0
1366,cbc,bcb,known,bcb,0.5443037974683544,0.0,normal,0.5443037974683544,0
1367,bcb,cbb,known,cbb,0.5223880597014925,0.0,normal,0.5223880597014925,0
1368,cbb,bbc,known,bbc,0.23703703703703705,0.0,normal,0.23703703703703705,0
1369,bbc,bcc,known,bcc,0.4206896551724138,0.0,normal,0.4206896551724138,0
1370,bcc,ccb,known,ccb,0.45918367346938777,0.0,normal,0.45918367346938777,0
1371,ccb,cbb,known,cbb,0.5463917525773195,0.0,normal,0.5463917525773195,0
1372,cbb,bbb,known,bbb,0.6148148148148148,0.0,normal,0.6148148148148148,0
1373,bbb,bbb,known,bbb,0.6380597014925373,0.0,normal,0.6380597014925373,0
1374,bbb,bbb,known,bbb,0.6380597014925373,0.0,normal,0.6380597014925373,0
1375,bbb,bbb,known,bbb,0.6380597014925373,0.0,normal,0.6380597014925373,0
1376,bbb,bbb,known,bbb,0.6380597014925373,0.0,normal,0.6380597014925373,0
1377,bbb,bbb,known,bbb,0.6380597014925373,0.0,normal,0.6380597014925373,0
1378,bbb,bbb,known,bbb,0.6380597014925373,0.0,normal,0.6380597014925373,0
1379,bbb,bbb,known,bbb,0.6380597014925373,0.0,normal,0.6380597014925373,0
1380,bbb,bbb,known,bbb,0.6380597014925373,0.0,normal,0.6380597014925373,0
1381,bbb,bbc,known,bbc,0.17537313432835822,0.0,anomaly,0.17537313432835822,0
1382,bbc,bcc,known,bcc,0.4206896551724138,0.0,normal,0.4206896551724138,0
1383,bcc,ccd,known,ccd,0.061224489795918366,0.0,anomaly,0.061224489795918366,0
1384,ccd,cdc,known,cdc,0.36,0.0,normal,0.36,0
1385,cdc,dcd,known,dcd,0.32,0.0,normal,0.32,0
1386,dcd,cdd,known,cdd,0.23529411764705882,0.0,normal,0.23529411764705882,0
1387,cdd,ddc,known,ddc,0.3684210526315789,0.0,normal,0.3684210526315789,0
1388,ddc,dcc,known,dcc,0.625,0.0,normal,0.625,0
1389,dcc,ccd,known,ccd,0.28,0.0,normal,0.28,0
1390,ccd,cdb,known,cdb,0.2,0.0,normal,0.2,0
1391,cdb,dbb,known,dbb,0.4,0.0,normal,0.4,0
1392,dbb,bbb,known,bbb,0.5,0.0,normal,0.5,0
1393,bbb,bbc,known,bbc,0.17537313432835822,0.0,anomaly,0.17537313432835822,0
1394,bbc,bcc,known,bcc,0.4206896551724138,0.0,normal,0.4206896551724138,0
1395,bcc,ccd,known,ccd,0.061224489795918366,0.0,anomaly,0.061224489795918366,0
1396,ccd,cdc,known,cdc,0.36,0.0,normal,0.36,0
1397,cdc,dcc,known,dcc,0.36,0.0,normal,0.36,0
1398,dcc,ccc,known,ccc,0.48,0.0,normal,0.48,0
1399,ccc,ccc,known,ccc,0.5,0.0,normal,0.5,0
1400,ccc,ccc,known,ccc,0.5,0.0,normal,0.5,0
1401,ccc,ccb,known,ccb,0.39473684210526316,0.0,normal,0.39473684210526316,0
1402,ccb,cbb,known,cbb,0.5463917525773195,0.0,normal,0.5463917525773195,0
1403,cbb,bbc,known,bbc,0.23703703703703705,0.0,normal,0.23703703703703705,0
1404,bbc,bcb,known,bcb,0.47586206896551725,0.0,normal,0.47586206896551725,0
1405,bcb,cbb,known,cbb,0.5223880597014925,0.0,normal,0.5223880597014925,0
1406,cbb,bbb,known,bbb,0.6148148148148148,0.0,normal,0.6148148148148148,0
1407,bbb,bbb,known,bbb,0.6380597014925373,0.0,normal,0.6380597014925373,0
1408,bbb,bbb,known,bbb,0.6380597014925373,0.0,normal,0.6380597014925373,0
1409,bbb,bbb,known,bbb,0.6380597014925373,0.0,normal,0.6380597014925373,0
1410,bbb,bbc,known,bbc,0.17537313432835822,0.0,anomaly,0.17537313432835822,0
1411,bbc,bcc,known,bcc,0.4206896551724138,0.0,normal,0.4206896551724138,0
1412,bcc,ccc,known,ccc,0.4489795918367347,0.0,normal,0.4489795918367347,0
1413,ccc,ccc,known,ccc,0.5,0.0,normal,0.5,0
1414,ccc,ccc,known,ccc,0.5,0.0,normal,0.5,0
1415,ccc,ccd,known,ccd,0.07894736842105263,0.0,anomaly,0.07894736842105263,0
1416,ccd,cdd,known,cdd,0.36,0.0,normal,0.36,0
1417,cdd,ddd,known,ddd,0.42105263157894735,0.0,normal,0.42105263157894735,0
1418,ddd,ddd,known,ddd,0.43478260869565216,0.0,normal,0.43478260869565216,0
1419,ddd,ddc,known,ddc,0.34782608695652173,0.0,normal,0.34782608695652173,0
1420,ddc,dcc,known,dcc,0.625,0.0,normal,0.625,0
1421,dcc,ccc,known,ccc,0.48,0.0,normal,0.48,0
1422,ccc,ccc,known,ccc,0.5,0.0,normal,0.5,0
1423,ccc,ccc,known,ccc,0.5,0.0,normal,0.5,0
1424,ccc,ccc,known,ccc,0.5,0.0,normal,0.5,0
1425,ccc,ccc,known,ccc,0.5,0.0,normal,0.5,0
1426,ccc,ccc,known,ccc,0.5,0.0,normal,0.5,0
1427,ccc,ccc,known,ccc,0.5,0.0,normal,0.5,0
1428,ccc,ccc,known,ccc,0.5,0.0,normal,0.5,0
1429,ccc,ccc,known,ccc,0.5,0.0,normal,0.5,0
1430,ccc,ccc,known,ccc,0.5,0.0,normal,0.5,0
1431,ccc,ccb,known,ccb,0.39473684210526316,0.0,normal,0.39473684210526316,0
1432,ccb,cbb,known,cbb,0.5463917525773195,0.0,normal,0.5463917525773195,0
1433,cbb,bbb,known,bbb,0.6148148148148148,0.0,normal,0.6148148148148148,0
1434,bbb,bbb,known,bbb,0.6380597014925373,0.0,normal,0.6380597014925373,0
1435,bbb,bbb,known,bbb,0.6380597014925373,0.0,normal,0.6380597014925373,0
1436,bbb,bbc,known,bbc,0.17537313432835822,0.0,anomaly,0.17537313432835822,0
1437,bbc,bcc,known,bcc,0.4206896551724138,0.0,normal,0.4206896551724138,0
1438,bcc,ccc,known,ccc,0.4489795918367347,0.0,normal,0.4489795918367347,0
1439,ccc,ccc,known,ccc,0.5,0.0,normal,0.5,0
1440,ccc,ccb,known,ccb,0.39473684210526316,0.0,normal,0.39473684210526316,0
1441,ccb,cbc,known,cbc,0.30927835051546393,0.0,normal,0.30927835051546393,0
1442,cbc,bcb,known,bcb,0.5443037974683544,0.0,normal,0.5443037974683544,0
1443,bcb,cbb,known,cbb,0.5223880597014925,0.0,normal,0.5223880597014925,0
1444,cbb,bbb,known,bbb,0.6148148148148148,0.0,normal,0.6148148148148148,0
1445,bbb,bbc,known,bbc,0.17537313432835822,0.0,anomaly,0.17537313432835822,0
1446,bbc,bcc,known,bcc,0.4206896551724138,0.0,normal,0.4206896551724138,0
1447,bcc,ccc,known,ccc,0.4489795918367347,0.0,normal,0.4489795918367347,0
1448,ccc,ccc,known,ccc,0.5,0.0,normal,0.5,0
1449,ccc,ccc,known,ccc,0.5,0.0,normal,0.5,0
1450,ccc,ccc,known,ccc,0.5,0.0,normal,0.5,0
1451,ccc,ccc,known,ccc,0.5,0.0,normal,0.5,0
1452,ccc,ccb,known,ccb,0.39473684210526316,0.0,normal,0.39473684210526316,0
1453,ccb,cbc,known,cbc,0.30927835051546393,0.0,normal,0.30927835051546393,0
1454,cbc,bcb,known,bcb,0.5443037974683544,0.0,normal,0.5443037974683544,0
1455,bcb,cbb,known,cbb,0.5223880597014925,0.0,normal,0.5223880597014925,0
1456,cbb,bbc,known,bbc,0.23703703703703705,0.0,normal,0.23703703703703705,0
1457,bbc,bcd,known,bcd,0.04827586206896552,0.0,anomaly,0.04827586206896552,0
1458,bcd,cdd,known,cdd,0.26666666666666666,0.0,normal,0.26666666666666666,0
1459,cdd,ddd,known,ddd,0.42105263157894735,0.0,normal,0.42105263157894735,0
1460,ddd,ddb,known,ddb,0.043478260869565216,0.0,anomaly,0.043478260869565216,0
1461,ddb,dbc,known,dbc,0.8,0.0,normal,0.8,0
1462,dbc,bcc,known,bcc,0.35,0.0,normal,0.35,0
1463,bcc,ccc,known,ccc,0.4489795918367347,0.0,normal,0.4489795918367347,0
1464,ccc,ccc,known,ccc,0.5,0.0,normal,0.5,0
1465,ccc,ccc,known,ccc,0.5,0.0,normal,0.5,0
1466,ccc,ccc,known,ccc,0.5,0.0,normal,0.5,0
1467,ccc,ccd,known,ccd,0.07894736842105263,0.0,anomaly,0.07894736842105263,0
1468,ccd,cdd,known,cdd,0.36,0.0,normal,0.36,0
1469,cdd,ddc,known,ddc,0.3684210526315789,0.0,normal,0.3684210526315789,0
1470,ddc,dcc,known,dcc,0.625,0.0,normal,0.625,0
1471,dcc,ccc,known,ccc,0.48,0.0,normal,0.48,0
1472,ccc,ccd,known,ccd,0.07894736842105263,0.0,anomaly,0.07894736842105263,0
1473,ccd,cdd,known,cdd,0.36,0.0,normal,0.36,0
1474,cdd,ddd,known,ddd,0.42105263157894735,0.0,normal,0.42105263157894735,0
1475,ddd,ddd,known,ddd,0.43478260869565216,0.0,normal,0.43478260869565216,0
1476,ddd,ddc,known,ddc,0.34782608695652173,0.0,normal,0.34782608695652173,0
1477,ddc,dce,unseen,dcb,0.1875,0.0,anomaly,0.1875,1
1478,dcb,ced,known,ced,0.0,0.0,anomaly,0.0,0
1479,ced,edd,known,edd,0.0,0.0,anomaly,0.0,0
1480,edd,ddc,known,ddc,0.2,0.0,normal,0.2,0
1481,ddc,dcd,known,dcd,0.1875,0.0,anomaly,0.1875,0
1482,dcd,cdc,known,cdc,0.29411764705882354,0.0,normal,0.29411764705882354,0
1483,cdc,dcc,known,dcc,0.36,0.0,normal,0.36,0
1484,dcc,ccc,known,ccc,0.48,0.0,normal,0.48,0
1485,ccc,ccd,known,ccd,0.07894736842105263,0.0,anomaly,0.07894736842105263,0
1486,ccd,cdd,known,cdd,0.36,0.0,normal,0.36,0
1487,cdd,ddd,known,ddd,0.42105263157894735,0.0,normal,0.42105263157894735,0
1488,ddd,ddd,known,ddd,0.43478260869565216,0.0,normal,0.43478260869565216,0
1489,ddd,dde,known,dde,0.17391304347826086,0.0,anomaly,0.17391304347826086,0
1490,dde,ded,known,ded,0.0,0.0,anomaly,0.0,0
1491,ded,edd,known,edd,0.75,0.0,normal,0.75,0
1492,edd,ddd,known,ddd,0.6,0.0,normal,0.6,0
1493,ddd,ddd,known,ddd,0.43478260869565216,0.0,normal,0.43478260869565216,0
1494,ddd,dde,known,dde,0.17391304347826086,0.0,anomaly,0.17391304347826086,0
1495,dde,ded,known,ded,0.0,0.0,anomaly,0.0,0
1496,ded,edd,known,edd,0.75,0.0,normal,0.75,0
1497,edd,dde,known,dde,0.2,0.0,normal,0.2,0
1498,dde,ded,known,ded,0.0,0.0,anomaly,0.0,0
1499,ded,edd,known,edd,0.75,0.0,normal,0.75,0
1500,edd,ddd,known,ddd,0.6,0.0,normal,0.6,0
1501,ddd,ddc,known,ddc,0.34782608695652173,0.0,normal,0.34782608695652173,0
1502,ddc,dcb,known,dcb,0.1875,0.0,anomaly,0.1875,0
1503,dcb,cbc,known,cbc,0.4117647058823529,0.0,normal,0.4117647058823529,0
1504,cbc,bcc,known,bcc,0.2911392405063291,0.0,normal,0.2911392405063291,0
1505,bcc,ccd,known,ccd,0.061224489795918366,0.0,anomaly,0.061224489795918366,0
1506,ccd,cdd,known,cdd,0.36,0.0,normal,0.36,0
1507,cdd,ddd,known,ddd,0.42105263157894735,0.0,normal,0.42105263157894735,0
1508,ddd,ddd,known,ddd,0.43478260869565216,0.0,normal,0.43478260869565216,0
1509,ddd,ddc,known,ddc,0.34782608695652173,0.0,normal,0.34782608695652173,0
1510,ddc,dcc,known,dcc,0.625,0.0,normal,0.625,0
1511,dcc,ccd,known,ccd,0.28,0.0,normal,0.28,0
