time_step,state,pattern,status,mapped_to,probability,path_probability,decision,confidence,distance
1,aab,aba,known,aba,0.5742574257425742,0.5742574257425742,normal,0.5742574257425742,0
2,aba,bab,known,bab,0.36683417085427134,0.2106572466291855,normal,0.36683417085427134,0
3,bab,aba,known,aba,0.5985401459854015,0.12608681915031542,normal,0.5985401459854015,0
4,aba,baa,known,baa,0.6331658291457286,0.07983386539165699,normal,0.6331658291457286,0
5,baa,aaa,known,aaa,0.7941176470588235,0.06339748134043349,normal,0.7941176470588235,0
6,aaa,aaa,known,aaa,0.9410488245931284,0.05966012529757973,normal,0.9410488245931284,0
7,aaa,aaa,known,aaa,0.9410488245931284,0.05614309078636617,normal,0.9410488245931284,0
8,aaa,aaa,known,aaa,0.9410488245931284,0.05283338959353519,normal,0.9410488245931284,0
9,aaa,aaa,known,aaa,0.9410488245931284,0.04971879917626711,normal,0.9410488245931284,0
10,aaa,aaa,known,aaa,0.9410488245931284,0.04678781752500797,normal,0.9410488245931284,0
11,aaa,aaa,known,aaa,0.9410488245931284,0.04402962068718653,normal,0.9410488245931284,0
12,aaa,aaa,known,aaa,0.9410488245931284,0.04143402279495818,normal,0.9410488245931284,0
13,aaa,aaa,known,aaa,0.9410488245931284,0.03899143844936028,normal,0.9410488245931284,0
14,aaa,aaa,known,aaa,0.9410488245931284,0.03669284732196581,normal,0.9410488245931284,0
15,aaa,aaa,known,aaa,0.9410488245931284,0.034529760843311046,normal,0.9410488245931284,0
16,aaa,aab,known,aab,0.05786618444846293,0.00199810550992035,anomaly,0.05786618444846293,0
17,aab,aba,known,aba,0.5742574257425742,0.0011474269264889138,normal,0.5742574257425742,0
18,aba,baa,known,baa,0.6331658291457286,0.0007265115212944882,normal,0.6331658291457286,0
19,baa,aab,known,aab,0.20588235294117646,0.00014957590144298286,normal,0.20588235294117646,0
20,aab,aba,known,aba,0.5742574257425742,8.589507211577233e-05,normal,0.5742574257425742,0
21,aba,baa,known,baa,0.6331658291457286,5.438582455571514e-05,normal,0.6331658291457286,0
22,baa,aaa,known,aaa,0.7941176470588235,4.318874302953849e-05,normal,0.7941176470588235,0
23,aaa,aaa,known,aaa,0.9410488245931284,4.0642715863601864e-05,normal,0.9410488245931284,0
24,aaa,aaa,known,aaa,0.9410488245931284,3.824677999171503e-05,normal,0.9410488245931284,0
25,aaa,aaa,known,aaa,0.9410488245931284,3.599208735567541e-05,normal,0.9410488245931284,0
26,aaa,aaa,known,aaa,0.9410488245931284,3.387031150071154e-05,normal,0.9410488245931284,0
27,aaa,aab,known,aab,0.05786618444846293,1.9599456926270693e-06,anomaly,0.05786618444846293,0
28,aab,aba,known,aba,0.5742574257425742,1.1255133680432674e-06,normal,0.5742574257425742,0
29,aba,baa,known,baa,0.6331658291457286,7.12636604891717e-07,normal,0.6331658291457286,0
30,baa,aaa,known,aaa,0.7941176470588235,5.659173038845988e-07,normal,0.7941176470588235,0
31,aaa,aaa,known,aaa,0.9410488245931284,5.32555813637514e-07,normal,0.9410488245931284,0
32,aaa,aaa,known,aaa,0.9410488245931284,5.011610224538196e-07,normal,0.9410488245931284,0
33,aaa,aaa,known,aaa,0.9410488245931284,4.716169911120574e-07,normal,0.9410488245931284,0
34,aaa,aab,known,aab,0.05786618444846293,2.7290675796719413e-08,anomaly,0.05786618444846293,0
35,aab,aba,known,aba,0.5742574257425742,1.5671873229799267e-08,normal,0.5742574257425742,0
36,aba,bab,known,bab,0.36683417085427134,5.7489786219866655e-09,normal,0.36683417085427134,0
37,bab,abb,known,abb,0.3722627737226277,2.140130727892846e-09,normal,0.3722627737226277,0
38,abb,bba,known,bba,0.43478260869565216,9.304916208229766e-10,normal,0.43478260869565216,0
39,bba,baa,known,baa,0.5652173913043478,5.259300465521172e-10,normal,0.5652173913043478,0
40,baa,aaa,known,aaa,0.7941176470588235,4.176503310855048e-10,normal,0.7941176470588235,0
41,aaa,aaa,known,aaa,0.9410488245931284,3.930293531589452e-10,normal,0.9410488245931284,0
42,aaa,aaa,known,aaa,0.9410488245931284,3.6985981082082294e-10,normal,0.9410488245931284,0
43,aaa,aaa,known,aaa,0.9410488245931284,3.480561402371723e-10,normal,0.9410488245931284,0
44,aaa,aaa,known,aaa,0.9410488245931284,3.2753782166261204e-10,normal,0.9410488245931284,0
45,aaa,aaa,known,aaa,0.9410488245931284,3.0822908208539477e-10,normal,0.9410488245931284,0
46,aaa,aab,known,aab,0.05786618444846293,1.7836040916333876e-11,anomaly,0.05786618444846293,0
47,aab,aba,known,aba,0.5742574257425742,1.0242478942053116e-11,normal,0.5742574257425742,0
48,aba,bab,known,bab,0.36683417085427134,3.757291270200389e-12,normal,0.36683417085427134,0
49,bab,aba,known,aba,0.5985401459854015,2.2488896653754154e-12,normal,0.5985401459854015,0
50,aba,baa,known,baa,0.6331658291457286,1.423920089634685e-12,normal,0.6331658291457286,0
51,baa,aaa,known,aaa,0.7941176470588235,1.1307600711804852e-12,normal,0.7941176470588235,0
52,aaa,aaa,known,aaa,0.9410488245931284,1.0641004358812378e-12,normal,0.9410488245931284,0
53,aaa,aaa,known,aaa,0.9410488245931284,1.0013704644350744e-12,normal,0.9410488245931284,0
54,aaa,aaa,known,aaa,0.9410488245931284,9.42338498538902e-13,normal,0.9410488245931284,0
55,aaa,aaa,known,aaa,0.9410488245931284,8.867865364188872e-13,normal,0.9410488245931284,0
56,aaa,aab,known,aab,0.05786618444846293,5.1314953282828914e-14,anomaly,0.05786618444846293,0
57,aab,aba,known,aba,0.5742574257425742,2.946799297429779e-14,normal,0.5742574257425742,0
58,aba,bab,known,bab,0.36683417085427134,1.0809866769466022e-14,normal,0.36683417085427134,0
59,bab,aba,known,aba,0.5985401459854015,6.470139234278934e-15,normal,0.5985401459854015,0
60,aba,baa,known,baa,0.6331658291457286,4.0966710729605305e-15,normal,0.6331658291457286,0
61,baa,aaa,known,aaa,0.7941176470588235,3.2532387932333624e-15,normal,0.7941176470588235,0
62,aaa,aaa,known,aaa,0.9410488245931284,3.0614565424930234e-15,normal,0.9410488245931284,0
63,aaa,aaa,known,aaa,0.9410488245931284,2.8809800808560025e-15,normal,0.9410488245931284,0
64,aaa,aaa,known,aaa,0.9410488245931284,2.7111429187657573e-15,normal,0.9410488245931284,0
65,aaa,aaa,known,aaa,0.9410488245931284,2.5513178570084992e-15,normal,0.9410488245931284,0
66,aaa,aaa,known,aaa,0.9410488245931284,2.4009146705013074e-15,normal,0.9410488245931284,0
67,aaa,aaa,known,aaa,0.9410488245931284,2.2593779286236535e-15,normal,0.9410488245931284,0
68,aaa,aaa,known,aaa,0.9410488245931284,2.1261849440429465e-15,normal,0.9410488245931284,0
69,aaa,aaa,known,aaa,0.9410488245931284,2.0008438424592215e-15,normal,0.9410488245931284,0
70,aaa,aaa,known,aaa,0.9410488245931284,1.882891746140649e-15,normal,0.9410488245931284,0
71,aaa,aaa,known,aaa,0.9410488245931284,1.7718930645417609e-15,normal,0.9410488245931284,0
72,aaa,aaa,known,aaa,0.9410488245931284,1.6674378856917404e-15,normal,0.9410488245931284,0
73,aaa,aaa,known,aaa,0.9410488245931284,1.5691404624122635e-15,normal,0.9410488245931284,0
74,aaa,aaa,known,aaa,0.9410488245931284,1.4766377877745787e-15,normal,0.9410488245931284,0
75,aaa,aab,known,aab,0.05786618444846293,8.544739459093402e-17,anomaly,0.05786618444846293,0
76,aab,aba,known,aba,0.5742574257425742,4.906880085419973e-17,normal,0.5742574257425742,0
77,aba,bab,known,bab,0.36683417085427134,1.800011287616372e-17,normal,0.36683417085427134,0
78,bab,aba,known,aba,0.5985401459854015,1.0773790188652738e-17,normal,0.5985401459854015,0
79,aba,baa,known,baa,0.6331658291457286,6.8215957978404266e-18,normal,0.6331658291457286,0
80,baa,aaa,known,aaa,0.7941176470588235,5.417149604167397e-18,normal,0.7941176470588235,0
81,aaa,aaa,known,aaa,0.9410488245931284,5.09780226764686e-18,normal,0.9410488245931284,0
82,aaa,aaa,known,aaa,0.9410488245931284,4.7972808319772624e-18,normal,0.9410488245931284,0
83,aaa,aaa,known,aaa,0.9410488245931284,4.5144754881753484e-18,normal,0.9410488245931284,0
84,aaa,aaa,known,aaa,0.9410488245931284,4.248341851801901e-18,normal,0.9410488245931284,0
85,aaa,aaa,known,aaa,0.9410488245931284,3.997897106107974e-18,normal,0.9410488245931284,0
86,aaa,aaa,known,aaa,0.9410488245931284,3.762216372547179e-18,normal,0.9410488245931284,0
87,aaa,aaa,known,aaa,0.9410488245931284,3.540429295250546e-18,normal,0.9410488245931284,0
88,aaa,aaa,known,aaa,0.9410488245931284,3.3317168268506045e-18,normal,0.9410488245931284,0
89,aaa,aaa,known,aaa,0.9410488245931284,3.135308203784909e-18,normal,0.9410488245931284,0
90,aaa,aaa,known,aaa,0.9410488245931284,2.9504780999089815e-18,normal,0.9410488245931284,0
91,aaa,aaa,known,aaa,0.9410488245931284,2.776543947907114e-18,normal,0.9410488245931284,0
92,aaa,aaa,known,aaa,0.9410488245931284,2.612863418609154e-18,normal,0.9410488245931284,0
93,aaa,aaa,known,aaa,0.9410488245931284,2.4588320489045275e-18,normal,0.9410488245931284,0
94,aaa,aaa,known,aaa,0.9410488245931284,2.3138810094935193e-18,normal,0.9410488245931284,0
95,aaa,aaa,known,aaa,0.9410488245931284,2.1774750042322376e-18,normal,0.9410488245931284,0
96,aaa,aaa,known,aaa,0.9410488245931284,2.0491102933136646e-18,normal,0.9410488245931284,0
97,aaa,aaa,known,aaa,0.9410488245931284,1.9283128329845048e-18,normal,0.9410488245931284,0
98,aaa,aaa,known,aaa,0.9410488245931284,1.814636524927914e-18,normal,0.9410488245931284,0
99,aaa,aaa,known,aaa,0.9410488245931284,1.7076615688471727e-18,normal,0.9410488245931284,0
100,aaa,aaa,known,aaa,0.9410488245931284,1.6069929121664896e-18,normal,0.9410488245931284,0
101,aaa,aaa,known,aaa,0.9410488245931284,1.5122587911237634e-18,normal,0.9410488245931284,0
102,aaa,aaa,known,aaa,0.9410488245931284,1.4231093578676429e-18,normal,0.9410488245931284,0
103,aaa,aaa,known,aaa,0.9410488245931284,1.3392153884888272e-18,normal,0.9410488245931284,0
104,aaa,aaa,known,aaa,0.9410488245931284,1.2602670672144407e-18,normal,0.9410488245931284,0
105,aaa,aaa,known,aaa,0.9410488245931284,1.1859728422755787e-18,normal,0.9410488245931284,0
106,aaa,aaa,known,aaa,0.9410488245931284,1.116058349222805e-18,normal,0.9410488245931284,0
107,aaa,aaa,known,aaa,0.9410488245931284,1.050265397713468e-18,normal,0.9410488245931284,0
108,aaa,aaa,known,aaa,0.9410488245931284,9.883510180290935e-19,normal,0.9410488245931284,0
109,aaa,aaa,known,aaa,0.9410488245931284,9.300865638017003e-19,normal,0.9410488245931284,0
110,aaa,aaa,known,aaa,0.9410488245931284,8.752568676354518e-19,normal,0.9410488245931284,0
111,aaa,aaa,known,aaa,0.9410488245931284,8.236594465054053e-19,normal,0.9410488245931284,0
112,aaa,aaa,known,aaa,0.9410488245931284,7.751037539989385e-19,normal,0.9410488245931284,0
113,aaa,aaa,known,aaa,0.9410488245931284,7.294104766384224e-19,normal,0.9410488245931284,0
114,aaa,aaa,known,aaa,0.9410488245931284,6.864108716865009e-19,normal,0.9410488245931284,0
115,aaa,aaa,known,aaa,0.9410488245931284,6.459461439885264e-19,normal,0.9410488245931284,0
116,aaa,aaa,known,aaa,0.9410488245931284,6.078668595508664e-19,normal,0.9410488245931284,0
117,aaa,aaa,known,aaa,0.9410488245931284,5.7203239368945915e-19,normal,0.9410488245931284,0
118,aaa,aaa,known,aaa,0.9410488245931284,5.383104117106592e-19,normal,0.9410488245931284,0
119,aaa,aaa,known,aaa,0.9410488245931284,5.065763802065589e-19,normal,0.9410488245931284,0
120,aaa,aaa,known,aaa,0.9410488245931284,4.7671310716002395e-19,normal,0.9410488245931284,0
121,aaa,aaa,known,aaa,0.9410488245931284,4.486103091610787e-19,normal,0.9410488245931284,0
122,aaa,aaa,known,aaa,0.9410488245931284,4.2216420413639304e-19,normal,0.9410488245931284,0
123,aaa,aaa,known,aaa,0.9410488245931284,3.972771280878462e-19,normal,0.9410488245931284,0
124,aaa,aaa,known,aaa,0.9410488245931284,3.738571744248014e-19,normal,0.9410488245931284,0
125,aaa,aaa,known,aaa,0.9410488245931284,3.518178545581676e-19,normal,0.9410488245931284,0
126,aaa,aaa,known,aaa,0.9410488245931284,3.3107777850283983e-19,normal,0.9410488245931284,0
127,aaa,aaa,known,aaa,0.9410488245931284,3.1156035430900153e-19,normal,0.9410488245931284,0
128,aaa,aaa,known,aaa,0.9410488245931284,2.9319350521230455e-19,normal,0.9410488245931284,0
129,aaa,aaa,known,aaa,0.9410488245931284,2.7590940345837845e-19,normal,0.9410488245931284,0
130,aaa,aaa,known,aaa,0.9410488245931284,2.5964421981869827e-19,normal,0.9410488245931284,0
131,aaa,aaa,known,aaa,0.9410488245931284,2.4433788787278586e-19,normal,0.9410488245931284,0
132,aaa,aaa,known,aaa,0.9410488245931284,2.2993388218625274e-19,normal,0.9410488245931284,0
133,aaa,aaa,known,aaa,0.9410488245931284,2.16379009565508e-19,normal,0.9410488245931284,0
134,aaa,aaa,known,aaa,0.9410488245931284,2.036232126182466e-19,normal,0.9410488245931284,0
135,aaa,aaa,known,aaa,0.9410488245931284,1.9161938489427766e-19,normal,0.9410488245931284,0
136,aaa,aaa,known,aaa,0.9410488245931284,1.8032319692401826e-19,normal,0.9410488245931284,0
137,aaa,aaa,known,aaa,0.9410488245931284,1.6969293251222262e-19,normal,0.9410488245931284,0
138,aaa,aaa,known,aaa,0.9410488245931284,1.5968933468238816e-19,normal,0.9410488245931284,0
139,aaa,aaa,known,aaa,0.9410488245931284,1.5027546070292008e-19,normal,0.9410488245931284,0
140,aaa,aaa,known,aaa,0.9410488245931284,1.414165456596738e-19,normal,0.9410488245931284,0
141,aaa,aaa,known,aaa,0.9410488245931284,1.330798740710565e-19,normal,0.9410488245931284,0
142,aaa,aaa,known,aaa,0.9410488245931284,1.2523465907156927e-19,normal,0.9410488245931284,0
143,aaa,aaa,known,aaa,0.9410488245931284,1.1785192871762142e-19,normal,0.9410488245931284,0
144,aaa,aaa,known,aaa,0.9410488245931284,1.109044189957508e-19,normal,0.9410488245931284,0
145,aaa,aaa,known,aaa,0.9410488245931284,1.0436647313813512e-19,normal,0.9410488245931284,0
146,aaa,aaa,known,aaa,0.9410488245931284,9.821394687357237e-20,normal,0.9410488245931284,0
147,aaa,aaa,known,aaa,0.9410488245931284,9.242411926402724e-20,normal,0.9410488245931284,0
148,aaa,aaa,known,aaa,0.9410488245931284,8.697560879746795e-20,normal,0.9410488245931284,0
149,aaa,aaa,known,aaa,0.9410488245931284,8.184829442712897e-20,normal,0.9410488245931284,0
150,aaa,aaa,known,aaa,0.9410488245931284,7.702324126560201e-20,normal,0.9410488245931284,0
151,aaa,aaa,known,aaa,0.9410488245931284,7.248263065934773e-20,normal,0.9410488245931284,0
152,aaa,aaa,known,aaa,0.9410488245931284,6.820969438539703e-20,normal,0.9410488245931284,0
153,aaa,aaa,known,aaa,0.9410488245931284,6.418865272723439e-20,normal,0.9410488245931284,0
154,aaa,aaa,known,aaa,0.9410488245931284,6.040465620118043e-20,normal,0.9410488245931284,0
155,aaa,aaa,known,aaa,0.9410488245931284,5.684373071807287e-20,normal,0.9410488245931284,0
156,aaa,aaa,known,aaa,0.9410488245931284,5.349272597773078e-20,normal,0.9410488245931284,0
157,aaa,aaa,known,aaa,0.9410488245931284,5.033926690562586e-20,normal,0.9410488245931284,0
158,aaa,aaa,known,aaa,0.9410488245931284,4.7371707952418985e-20,normal,0.9410488245931284,0
159,aaa,aaa,known,aaa,0.9410488245931284,4.457909008759284e-20,normal,0.9410488245931284,0
160,aaa,aaa,known,aaa,0.9410488245931284,4.1951100328360427e-20,normal,0.9410488245931284,0
161,aaa,aab,known,aab,0.05786618444846293,2.427550109416878e-21,anomaly,0.05786618444846293,0
162,aab,aba,known,aba,0.5742574257425742,1.3940386766948408e-21,normal,0.5742574257425742,0
163,aba,baa,known,baa,0.6331658291457286,8.826576545907032e-22,normal,0.6331658291457286,0
164,baa,aaa,known,aaa,0.7941176470588235,7.00934019822029e-22,normal,0.7941176470588235,0
165,aaa,aaa,known,aaa,0.9410488245931284,6.59613135470857e-22,normal,0.9410488245931284,0
166,aaa,aaa,known,aaa,0.9410488245931284,6.20728165821038e-22,normal,0.9410488245931284,0
167,aaa,aaa,known,aaa,0.9410488245931284,5.841355108377363e-22,normal,0.9410488245931284,0
168,aaa,aaa,known,aaa,0.9410488245931284,5.497000358769584e-22,normal,0.9410488245931284,0
169,aaa,aaa,known,aaa,0.9410488245931284,5.172945726408122e-22,normal,0.9410488245931284,0
170,aaa,aaa,known,aaa,0.9410488245931284,4.86799449552041e-22,normal,0.9410488245931284,0
171,aaa,aaa,known,aaa,0.9410488245931284,4.5810204981353015e-22,normal,0.9410488245931284,0
172,aaa,aaa,known,aaa,0.9410488245931284,4.310963955207253e-22,normal,0.9410488245931284,0
173,aaa,aaa,known,aaa,0.9410488245931284,4.0568275629111297e-22,normal,0.9410488245931284,0
174,aaa,aaa,known,aaa,0.9410488245931284,3.817672809654524e-22,normal,0.9410488245931284,0
175,aaa,aaa,known,aaa,0.9410488245931284,3.5926165102065364e-22,normal,0.9410488245931284,0
176,aaa,aaa,known,aaa,0.9410488245931284,3.380827544143728e-22,normal,0.9410488245931284,0
177,aaa,aab,known,aab,0.05786618444846293,1.956355902578649e-23,anomaly,0.05786618444846293,0
178,aab,aba,known,aba,0.5742574257425742,1.1234519044511053e-23,normal,0.5742574257425742,0
179,aba,baa,known,baa,0.6331658291457286,7.11331356587132e-24,normal,0.6331658291457286,0
180,baa,aaa,known,aaa,0.7941176470588235,5.648807831721341e-24,normal,0.7941176470588235,0
181,aaa,aaa,known,aaa,0.9410488245931284,5.315803970393826e-24,normal,0.9410488245931284,0
182,aaa,aaa,known,aaa,0.9410488245931284,5.002431078106595e-24,normal,0.9410488245931284,0
183,aaa,aaa,known,aaa,0.9410488245931284,4.707531886160348e-24,normal,0.9410488245931284,0
184,aaa,aab,known,aab,0.05786618444846293,2.7240690842157526e-25,anomaly,0.05786618444846293,0
185,aab,aba,known,aba,0.5742574257425742,1.5643168998466696e-25,normal,0.5742574257425742,0
186,aba,bab,known,bab,0.36683417085427134,5.738448929085773e-26,normal,0.36683417085427134,0
187,bab,aba,known,aba,0.5985401459854015,3.4346920597447694e-26,normal,0.5985401459854015,0
188,aba,bab,known,bab,0.36683417085427134,1.2599624138762219e-26,normal,0.36683417085427134,0
189,bab,aba,known,aba,0.5985401459854015,7.541380871375927e-27,normal,0.5985401459854015,0
190,aba,baa,known,baa,0.6331658291457286,4.774944672328476e-27,normal,0.6331658291457286,0
191,baa,aaa,known,aaa,0.7941176470588235,3.791867828025554e-27,normal,0.7941176470588235,0
192,aaa,aab,known,aab,0.05786618444846293,2.194209231407192e-28,anomaly,0.05786618444846293,0
193,aab,abb,known,abb,0.42574257425742573,9.341682866387056e-29,normal,0.42574257425742573,0
194,abb,bba,known,bba,0.43478260869565216,4.0616012462552416e-29,normal,0.43478260869565216,0
195,bba,bab,known,bab,0.427536231884058,1.7364816922395598e-29,normal,0.427536231884058,0
196,bab,aba,known,aba,0.5985401459854015,1.0393540055740431e-29,normal,0.5985401459854015,0
197,aba,bab,known,bab,0.36683417085427134,3.812705648588198e-30,normal,0.36683417085427134,0
198,bab,aba,known,aba,0.5985401459854015,2.282057395505345e-30,normal,0.5985401459854015,0
199,aba,bab,known,bab,0.36683417085427134,8.371366325220613e-31,normal,0.36683417085427134,0
200,bab,aba,known,aba,0.5985401459854015,5.01059882239482e-31,normal,0.5985401459854015,0
201,aba,bab,known,bab,0.36683417085427134,1.838058864496592e-31,normal,0.36683417085427134,0
202,bab,aba,known,aba,0.5985401459854015,1.1001520210855515e-31,normal,0.5985401459854015,0
203,aba,bab,known,bab,0.36683417085427134,4.035733544685691e-32,normal,0.36683417085427134,0
204,bab,aba,known,aba,0.5985401459854015,2.4155485449943555e-32,normal,0.5985401459854015,0
205,aba,bab,known,bab,0.36683417085427134,8.861057476612459e-33,normal,0.36683417085427134,0
206,bab,aba,known,aba,0.5985401459854015,5.303698635636655e-33,normal,0.5985401459854015,0
207,aba,baa,known,baa,0.6331658291457286,3.358120744171952e-33,normal,0.6331658291457286,0
208,baa,aaa,known,aaa,0.7941176470588235,2.6667429439012558e-33,normal,0.7941176470588235,0
209,aaa,aaa,known,aaa,0.9410488245931284,2.5095353128502958e-33,normal,0.9410488245931284,0
210,aaa,aaa,known,aaa,0.9410488245931284,2.3615952564327198e-33,normal,0.9410488245931284,0
211,aaa,aaa,known,aaa,0.9410488245931284,2.2223764402307188e-33,normal,0.9410488245931284,0
212,aaa,aaa,known,aaa,0.9410488245931284,2.091364736882579e-33,normal,0.9410488245931284,0
213,aaa,aaa,known,aaa,0.9410488245931284,1.968076327438868e-33,normal,0.9410488245931284,0
214,aaa,aaa,known,aaa,0.9410488245931284,1.852055914645908e-33,normal,0.9410488245931284,0
215,aaa,aaa,known,aaa,0.9410488245931284,1.7428750415582833e-33,normal,0.9410488245931284,0
216,aaa,aaa,known,aaa,0.9410488245931284,1.6401305092711224e-33,normal,0.9410488245931284,0
217,aaa,aaa,known,aaa,0.9410488245931284,1.5434428879289187e-33,normal,0.9410488245931284,0
218,aaa,aaa,known,aaa,0.9410488245931284,1.4524551155121326e-33,normal,0.9410488245931284,0
219,aaa,aaa,known,aaa,0.9410488245931284,1.366831179226969e-33,normal,0.9410488245931284,0
220,aaa,aaa,known,aaa,0.9410488245931284,1.2862548746287788e-33,normal,0.9410488245931284,0
221,aaa,aaa,known,aaa,0.9410488245931284,1.210428637896594e-33,normal,0.9410488245931284,0
222,aaa,aaa,known,aaa,0.9410488245931284,1.1390724469464512e-33,normal,0.9410488245931284,0
223,aaa,aaa,known,aaa,0.9410488245931284,1.0719227873253765e-33,normal,0.9410488245931284,0
224,aaa,aaa,known,aaa,0.9410488245931284,1.0087316790671356e-33,normal,0.9410488245931284,0
225,aaa,aaa,known,aaa,0.9410488245931284,9.492657609159807e-34,normal,0.9410488245931284,0
226,aaa,aaa,known,aaa,0.9410488245931284,8.933054285364854e-34,normal,0.9410488245931284,0
227,aaa,aaa,known,aaa,0.9410488245931284,8.406440235269204e-34,normal,0.9410488245931284,0
228,aaa,aaa,known,aaa,0.9410488245931284,7.910870702412467e-34,normal,0.9410488245931284,0
229,aaa,aaa,known,aaa,0.9410488245931284,7.444515576013468e-34,normal,0.9410488245931284,0
230,aaa,aaa,known,aaa,0.9410488245931284,7.005652632472711e-34,normal,0.9410488245931284,0
231,aaa,aaa,known,aaa,0.9410488245931284,6.592661175296201e-34,normal,0.9410488245931284,0
232,aaa,aaa,known,aaa,0.9410488245931284,6.204016049953243e-34,normal,0.9410488245931284,0
233,aaa,aaa,known,aaa,0.9410488245931284,5.838282011565403e-34,normal,0.9410488245931284,0
234,aaa,aaa,known,aaa,0.9410488245931284,5.494108424626828e-34,normal,0.9410488245931284,0
235,aaa,aaa,known,aaa,0.9410488245931284,5.1702242751822805e-34,normal,0.9410488245931284,0
236,aaa,aaa,known,aaa,0.9410488245931284,4.8654334770431445e-34,normal,0.9410488245931284,0
237,aaa,aaa,known,aaa,0.9410488245931284,4.5786104547075095e-34,normal,0.9410488245931284,0
238,aaa,aaa,known,aaa,0.9410488245931284,4.308695986672311e-34,normal,0.9410488245931284,0
239,aaa,aaa,known,aaa,0.9410488245931284,4.054693293787108e-34,normal,0.9410488245931284,0
240,aaa,aaa,known,aaa,0.9410488245931284,3.8156643582039984e-34,normal,0.9410488245931284,0
241,aaa,aaa,known,aaa,0.9410488245931284,3.5907264593297664e-34,normal,0.9410488245931284,0
242,aaa,aaa,known,aaa,0.9410488245931284,3.3790489139877224e-34,normal,0.9410488245931284,0
243,aaa,aaa,known,aaa,0.9410488245931284,3.1798500087508332e-34,normal,0.9410488245931284,0
244,aaa,aaa,known,aaa,0.9410488245931284,2.992394113117421e-34,normal,0.9410488245931284,0
245,aaa,aaa,known,aaa,0.9410488245931284,2.815988962868546e-34,normal,0.9410488245931284,0
246,aaa,aaa,known,aaa,0.9410488245931284,2.649983103574668e-34,normal,0.9410488245931284,0
247,aaa,aaa,known,aaa,0.9410488245931284,2.4937634848105918e-34,normal,0.9410488245931284,0
248,aaa,aaa,known,aaa,0.9410488245931284,2.346753196194271e-34,normal,0.9410488245931284,0
249,aaa,aaa,known,aaa,0.9410488245931284,2.208409336888786e-34,normal,0.9410488245931284,0
250,aaa,aaa,known,aaa,0.9410488245931284,2.078221010699682e-34,normal,0.9410488245931284,0
251,aaa,aaa,known,aaa,0.9410488245931284,1.9557074393636794e-34,normal,0.9410488245931284,0
252,aaa,aaa,known,aaa,0.9410488245931284,1.8404161870612275e-34,normal,0.9410488245931284,0
253,aaa,aaa,known,aaa,0.9410488245931284,1.7319214895961353e-34,normal,0.9410488245931284,0
254,aaa,aaa,known,aaa,0.9410488245931284,1.6298226820720233e-34,normal,0.9410488245931284,0
255,aaa,aaa,known,aaa,0.9410488245931284,1.5337427192590976e-34,normal,0.9410488245931284,0
256,aaa,aaa,known,aaa,0.9410488245931284,1.4433267831870423e-34,normal,0.9410488245931284,0
257,aaa,aaa,known,aaa,0.9410488245931284,1.3582409728219473e-34,normal,0.9410488245931284,0
258,aaa,aaa,known,aaa,0.9410488245931284,1.2781710709883209e-34,normal,0.9410488245931284,0
259,aaa,aaa,known,aaa,0.9410488245931284,1.2028213839824994e-34,normal,0.9410488245931284,0
260,aaa,aaa,known,aaa,0.9410488245931284,1.131913649592211e-34,normal,0.9410488245931284,0
261,aaa,aaa,known,aaa,0.9410488245931284,1.0651860094896685e-34,normal,0.9410488245931284,0
262,aaa,aaa,known,aaa,0.9410488245931284,1.0023920422032975e-34,normal,0.9410488245931284,0
263,aaa,aaa,known,aaa,0.9410488245931284,9.432998530969187e-35,normal,0.9410488245931284,0
264,aaa,aaa,known,aaa,0.9410488245931284,8.876912179957261e-35,normal,0.9410488245931284,0
265,aaa,aaa,known,aaa,0.9410488245931284,8.353607772965206e-35,normal,0.9410488245931284,0
266,aaa,aaa,known,aaa,0.9410488245931284,7.861152775860929e-35,normal,0.9410488245931284,0
267,aaa,aaa,known,aaa,0.9410488245931284,7.397728579670936e-35,normal,0.9410488245931284,0
268,aaa,aaa,known,aaa,0.9410488245931284,6.961623784558328e-35,normal,0.9410488245931284,0
269,aaa,aaa,known,aaa,0.9410488245931284,6.551227879718181e-35,normal,0.9410488245931284,0
270,aaa,aaa,known,aaa,0.9410488245931284,6.165025295850527e-35,normal,0.9410488245931284,0
271,aaa,aaa,known,aaa,0.9410488245931284,5.801589808247042e-35,normal,0.9410488245931284,0
272,aaa,aaa,known,aaa,0.9410488245931284,5.459579269822352e-35,normal,0.9410488245931284,0
273,aaa,aaa,known,aaa,0.9410488245931284,5.137730654639335e-35,normal,0.9410488245931284,0
274,aaa,aaa,known,aaa,0.9410488245931284,4.83485539362443e-35,normal,0.9410488245931284,0
275,aaa,aaa,known,aaa,0.9410488245931284,4.549834985248017e-35,normal,0.9410488245931284,0
276,aaa,aaa,known,aaa,0.9410488245931284,4.2816168649603406e-35,normal,0.9410488245931284,0
277,aaa,aaa,known,aaa,0.9410488245931284,4.029210518129044e-35,normal,0.9410488245931284,0
278,aaa,aaa,known,aaa,0.9410488245931284,3.791683822123607e-35,normal,0.9410488245931284,0
279,aaa,aaa,known,aaa,0.9410488245931284,3.568159604038201e-35,normal,0.9410488245931284,0
280,aaa,aaa,known,aaa,0.9410488245931284,3.357812401340832e-35,normal,0.9410488245931284,0
281,aaa,aaa,known,aaa,0.9410488245931284,3.15986541348602e-35,normal,0.9410488245931284,0
282,aaa,aaa,known,aaa,0.9410488245931284,2.9735876332334987e-35,normal,0.9410488245931284,0
283,aaa,aaa,known,aaa,0.9410488245931284,2.7982911470790465e-35,normal,0.9410488245931284,0
284,aaa,aaa,known,aaa,0.9410488245931284,2.6333285948280935e-35,normal,0.9410488245931284,0
285,aaa,aaa,known,aaa,0.9410488245931284,2.478090778930452e-35,normal,0.9410488245931284,0
286,aaa,aaa,known,aaa,0.9410488245931284,2.332004414747572e-35,normal,0.9410488245931284,0
287,aaa,aaa,known,aaa,0.9410488245931284,2.194530013444189e-35,normal,0.9410488245931284,0
288,aaa,aaa,known,aaa,0.9410488245931284,2.0651598896859964e-35,normal,0.9410488245931284,0
289,aaa,aaa,known,aaa,0.9410488245931284,1.9434162867858817e-35,normal,0.9410488245931284,0
290,aaa,aaa,known,aaa,0.9410488245931284,1.8288496123749962e-35,normal,0.9410488245931284,0
291,aaa,aaa,known,aaa,0.9410488245931284,1.7210367780830887e-35,normal,0.9410488245931284,0
292,aaa,aaa,known,aaa,0.9410488245931284,1.6195796370966355e-35,normal,0.9410488245931284,0
293,aaa,aaa,known,aaa,0.9410488245931284,1.5241035138247544e-35,normal,0.9410488245931284,0
294,aaa,aaa,known,aaa,0.9410488245931284,1.434255820243042e-35,normal,0.9410488245931284,0
295,aaa,aaa,known,aaa,0.9410488245931284,1.349704753805568e-35,normal,0.9410488245931284,0
296,aaa,aaa,known,aaa,0.9410488245931284,1.2701380721164877e-35,normal,0.9410488245931284,0
297,aaa,aaa,known,aaa,0.9410488245931284,1.195261939836203e-35,normal,0.9410488245931284,0
298,aaa,aaa,known,aaa,0.9410488245931284,1.1247998435637615e-35,normal,0.9410488245931284,0
299,aaa,aaa,known,aaa,0.9410488245931284,1.0584915706882124e-35,normal,0.9410488245931284,0
300,aaa,aaa,known,aaa,0.9410488245931284,9.960922484378766e-36,normal,0.9410488245931284,0
301,aaa,aaa,known,aaa,0.9410488245931284,9.373714395787903e-36,normal,0.9410488245931284,0
302,aaa,aaa,known,aaa,0.9410488245931284,8.821122914227893e-36,normal,0.9410488245931284,0
303,aaa,aaa,known,aaa,0.9410488245931284,8.30110735002567e-36,normal,0.9410488245931284,0
304,aaa,aab,known,aab,0.05786618444846293,4.8035340904307675e-37,anomaly,0.05786618444846293,0
305,aab,aba,known,aba,0.5742574257425742,2.7584651212374704e-37,normal,0.5742574257425742,0
306,aba,bab,known,bab,0.36683417085427134,1.0118992655795745e-37,normal,0.36683417085427134,0
307,bab,aba,known,aba,0.5985401459854015,6.056623341425191e-38,normal,0.5985401459854015,0
308,aba,baa,known,baa,0.6331658291457286,3.8348469397968545e-38,normal,0.6331658291457286,0
309,baa,aaa,known,aaa,0.7941176470588235,3.0453196286622076e-38,normal,0.7941176470588235,0
310,aaa,aaa,known,aaa,0.9410488245931284,2.8657944570629527e-38,normal,0.9410488245931284,0
311,aaa,aaa,known,aaa,0.9410488245931284,2.696852505344594e-38,normal,0.9410488245931284,0
312,aaa,aaa,known,aaa,0.9410488245931284,2.537869880255564e-38,normal,0.9410488245931284,0
313,aaa,aaa,known,aaa,0.9410488245931284,2.388259467784802e-38,normal,0.9410488245931284,0
314,aaa,aaa,known,aaa,0.9410488245931284,2.2474687649822988e-38,normal,0.9410488245931284,0
315,aaa,aab,known,aab,0.05786618444846293,1.3005244209662487e-39,anomaly,0.05786618444846293,0
316,aab,aba,known,aba,0.5742574257425742,7.4683580609943e-40,normal,0.5742574257425742,0
317,aba,bab,known,bab,0.36683417085427134,2.7396489369476573e-40,normal,0.36683417085427134,0
318,bab,abb,known,abb,0.3722627737226277,1.0198693122943833e-40,normal,0.3722627737226277,0
319,abb,bbb,known,bbb,0.5579710144927537,5.690575148309241e-41,normal,0.5579710144927537,0
320,bbb,bba,known,bba,0.2916666666666667,1.6597510849235287e-41,normal,0.2916666666666667,0
321,bba,bab,known,bab,0.427536231884058,7.096037247136826e-42,normal,0.427536231884058,0
322,bab,aba,known,aba,0.5985401459854015,4.2472631698191224e-42,normal,0.5985401459854015,0
323,aba,baa,known,baa,0.6331658291457286,2.68922190651864e-42,normal,0.6331658291457286,0
324,baa,aab,known,aab,0.20588235294117646,5.536633336950141e-43,normal,0.20588235294117646,0
325,aab,abb,known,abb,0.42574257425742573,2.3571805295926343e-43,normal,0.42574257425742573,0
326,abb,bba,known,bba,0.43478260869565216,1.0248610998228844e-43,normal,0.43478260869565216,0
327,bba,baa,known,baa,0.5652173913043478,5.792693172911955e-44,normal,0.5652173913043478,0
328,baa,aab,known,aab,0.20588235294117646,1.1926133003054024e-44,normal,0.20588235294117646,0
329,aab,aba,known,aba,0.5742574257425742,6.848670437397359e-45,normal,0.5742574257425742,0
330,aba,bab,known,bab,0.36683417085427134,2.5123263413568202e-45,normal,0.36683417085427134,0
331,bab,abb,known,abb,0.3722627737226277,9.352455723299112e-46,normal,0.3722627737226277,0
332,abb,bba,known,bba,0.43478260869565216,4.06628509708657e-46,normal,0.43478260869565216,0
333,bba,baa,known,baa,0.5652173913043478,2.2983350548750177e-46,normal,0.5652173913043478,0
334,baa,aaa,known,aaa,0.7941176470588235,1.825148425930161e-46,normal,0.7941176470588235,0
335,aaa,aab,known,aab,0.05786618444846293,1.0561437546069648e-47,anomaly,0.05786618444846293,0
336,aab,aba,known,aba,0.5742574257425742,6.064983937346926e-48,normal,0.5742574257425742,0
337,aba,bab,known,bab,0.36683417085427134,2.2248433539011335e-48,normal,0.36683417085427134,0
338,bab,abb,known,abb,0.3722627737226277,8.282263580215898e-49,normal,0.3722627737226277,0
339,abb,bbb,known,bbb,0.5579710144927537,4.621263012149451e-49,normal,0.5579710144927537,0
340,bbb,bbc,known,bbc,0.045454545454545456,2.1005740964315686e-50,anomaly,0.045454545454545456,0
341,bbc,bcb,known,bcb,0.6666666666666666,1.400382730954379e-50,normal,0.6666666666666666,0
342,bcb,cba,known,cba,0.2777777777777778,3.8899520304288306e-51,normal,0.2777777777777778,0
343,cba,bab,known,bab,0.8333333333333334,3.2416266920240255e-51,normal,0.8333333333333334,0
344,bab,aba,known,aba,0.5985401459854015,1.9402437134742343e-51,normal,0.5985401459854015,0
345,aba,baa,known,baa,0.6331658291457286,1.228496019586701e-51,normal,0.6331658291457286,0
346,baa,aab,known,aab,0.20588235294117646,2.529256510913796e-52,normal,0.20588235294117646,0
347,aab,aba,known,aba,0.5742574257425742,1.4524443330000015e-52,normal,0.5742574257425742,0
348,aba,baa,known,baa,0.6331658291457286,9.196381203919607e-53,normal,0.6331658291457286,0
349,baa,aab,known,aab,0.20588235294117646,1.8933726008069778e-53,normal,0.20588235294117646,0
350,aab,aba,known,aba,0.5742574257425742,1.0872832757109377e-53,normal,0.5742574257425742,0
351,aba,bab,known,bab,0.36683417085427134,3.988526589291379e-54,normal,0.36683417085427134,0
352,bab,abb,known,abb,0.3722627737226277,1.484779971196061e-54,normal,0.3722627737226277,0
353,abb,bbb,known,bbb,0.5579710144927537,8.284641868267877e-55,normal,0.5579710144927537,0
354,bbb,bbc,known,bbc,0.045454545454545456,3.765746303758126e-56,anomaly,0.045454545454545456,0
355,bbc,bcb,known,bcb,0.6666666666666666,2.5104975358387506e-56,normal,0.6666666666666666,0
356,bcb,cbb,known,cbb,0.6111111111111112,1.5341929385681256e-56,normal,0.6111111111111112,0
357,cbb,bbb,known,bbb,0.75,1.1506447039260943e-56,normal,0.75,0
358,bbb,bba,known,bba,0.2916666666666667,3.3560470531177754e-57,normal,0.2916666666666667,0
359,bba,bab,known,bab,0.427536231884058,1.4348317111155708e-57,normal,0.427536231884058,0
360,bab,abb,known,abb,0.3722627737226277,5.341344326050665e-58,normal,0.3722627737226277,0
361,abb,bbb,known,bbb,0.5579710144927537,2.980315312361603e-58,normal,0.5579710144927537,0
362,bbb,bbb,known,bbb,0.6628787878787878,1.9755878017548504e-58,normal,0.6628787878787878,0
363,bbb,bba,known,bba,0.2916666666666667,5.7621310884516475e-59,normal,0.2916666666666667,0
364,bba,bab,known,bab,0.427536231884058,2.463519813178603e-59,normal,0.427536231884058,0
365,bab,aba,known,aba,0.5985401459854015,1.4745155086178502e-59,normal,0.5985401459854015,0
366,aba,baa,known,baa,0.6331658291457286,9.336128346022569e-60,normal,0.6331658291457286,0
367,baa,aab,known,aab,0.20588235294117646,1.9221440712399407e-60,normal,0.20588235294117646,0
368,aab,aba,known,aba,0.5742574257425742,1.1038055062565995e-60,normal,0.5742574257425742,0
369,aba,bab,known,bab,0.36683417085427134,4.049135776720189e-61,normal,0.36683417085427134,0
370,bab,abb,known,abb,0.3722627737226277,1.5073425154213842e-61,normal,0.3722627737226277,0
371,abb,bba,known,bba,0.43478260869565216,6.553663110527757e-62,normal,0.43478260869565216,0
372,bba,bac,known,bac,0.007246376811594203,4.749031239512868e-64,anomaly,0.007246376811594203,0
373,bac,acb,known,acb,1.0,4.749031239512868e-64,normal,1.0,0
374,acb,cba,known,cba,0.3333333333333333,1.583010413170956e-64,normal,0.3333333333333333,0
375,cba,bab,known,bab,0.8333333333333334,1.31917534430913e-64,normal,0.8333333333333334,0
376,bab,aba,known,aba,0.5985401459854015,7.89579403163129e-65,normal,0.5985401459854015,0
377,aba,bab,known,bab,0.36683417085427134,2.8964470568295684e-65,normal,0.36683417085427134,0
378,bab,abc,known,abc,0.029197080291970802,8.456779727969543e-67,anomaly,0.029197080291970802,0
379,abc,bcc,known,bcc,0.0,8.456779727969543e-71,anomaly,0.0,0
380,bcc,ccc,known,ccc,1.0,8.456779727969543e-71,normal,1.0,0
381,ccc,ccc,known,ccc,0.9928492849284929,8.396307705712335e-71,normal,0.9928492849284929,0
382,ccc,ccc,known,ccc,0.9928492849284929,8.336268101656086e-71,normal,0.9928492849284929,0
383,ccc,ccc,known,ccc,0.9928492849284929,8.27665782370145e-71,normal,0.9928492849284929,0
384,ccc,ccc,known,ccc,0.9928492849284929,8.2174738018598e-71,normal,0.9928492849284929,0
385,ccc,ccc,known,ccc,0.9928492849284929,8.158712988095127e-71,normal,0.9928492849284929,0
386,ccc,ccc,known,ccc,0.9928492849284929,8.100372356167054e-71,normal,0.9928492849284929,0
387,ccc,ccc,known,ccc,0.9928492849284929,8.04244890147499e-71,normal,0.9928492849284929,0
388,ccc,ccc,known,ccc,0.9928492849284929,7.984939640903387e-71,normal,0.9928492849284929,0
389,ccc,ccc,known,ccc,0.9928492849284929,7.927841612668105e-71,normal,0.9928492849284929,0
390,ccc,ccc,known,ccc,0.9928492849284929,7.871151876163878e-71,normal,0.9928492849284929,0
391,ccc,ccc,known,ccc,0.9928492849284929,7.814867511812871e-71,normal,0.9928492849284929,0
392,ccc,ccc,known,ccc,0.9928492849284929,7.75898562091432e-71,normal,0.9928492849284929,0
393,ccc,ccc,known,ccc,0.9928492849284929,7.70350332549524e-71,normal,0.9928492849284929,0
394,ccc,ccc,known,ccc,0.9928492849284929,7.648417768162217e-71,normal,0.9928492849284929,0
395,ccc,ccc,known,ccc,0.9928492849284929,7.593726111954237e-71,normal,0.9928492849284929,0
396,ccc,ccc,known,ccc,0.9928492849284929,7.53942554019659e-71,normal,0.9928492849284929,0
397,ccc,ccc,known,ccc,0.9928492849284929,7.4855132563558e-71,normal,0.9928492849284929,0
398,ccc,ccc,known,ccc,0.9928492849284929,7.43198648389561e-71,normal,0.9928492849284929,0
399,ccc,ccc,known,ccc,0.9928492849284929,7.37884246613398e-71,normal,0.9928492849284929,0
400,ccc,ccc,known,ccc,0.9928492849284929,7.326078466101118e-71,normal,0.9928492849284929,0
401,ccc,ccc,known,ccc,0.9928492849284929,7.273691766398526e-71,normal,0.9928492849284929,0
402,ccc,ccc,known,ccc,0.9928492849284929,7.221679669059043e-71,normal,0.9928492849284929,0
403,ccc,ccc,known,ccc,0.9928492849284929,7.1700394954079065e-71,normal,0.9928492849284929,0
404,ccc,ccc,known,ccc,0.9928492849284929,7.118768585924792e-71,normal,0.9928492849284929,0
405,ccc,ccb,known,ccb,0.006600660066006601,4.6988571524256055e-73,anomaly,0.006600660066006601,0
406,ccb,cbc,known,cbc,0.75,3.524142864319204e-73,normal,0.75,0
407,cbc,bcc,known,bcc,0.6363636363636364,2.24263636820313e-73,normal,0.6363636363636364,0
408,bcc,ccc,known,ccc,1.0,2.24263636820313e-73,normal,1.0,0
409,ccc,ccc,known,ccc,0.9928492849284929,2.2265999145251097e-73,normal,0.9928492849284929,0
410,ccc,ccc,known,ccc,0.9928492849284929,2.2106781329580987e-73,normal,0.9928492849284929,0
411,ccc,ccc,known,ccc,0.9928492849284929,2.194870203514504e-73,normal,0.9928492849284929,0
412,ccc,ccc,known,ccc,0.9928492849284929,2.179175312070231e-73,normal,0.9928492849284929,0
413,ccc,ccc,known,ccc,0.9928492849284929,2.163592650322754e-73,normal,0.9928492849284929,0
414,ccc,ccc,known,ccc,0.9928492849284929,2.148121415749489e-73,normal,0.9928492849284929,0
415,ccc,ccc,known,ccc,0.9928492849284929,2.1327608115664622e-73,normal,0.9928492849284929,0
416,ccc,ccc,known,ccc,0.9928492849284929,2.117510046687274e-73,normal,0.9928492849284929,0
417,ccc,ccc,known,ccc,0.9928492849284929,2.1023683356823596e-73,normal,0.9928492849284929,0
418,ccc,ccc,known,ccc,0.9928492849284929,2.0873348987385366e-73,normal,0.9928492849284929,0
419,ccc,ccc,known,ccc,0.9928492849284929,2.0724089616188442e-73,normal,0.9928492849284929,0
420,ccc,ccc,known,ccc,0.9928492849284929,2.05758975562267e-73,normal,0.9928492849284929,0
421,ccc,ccc,known,ccc,0.9928492849284929,2.0428765175461604e-73,normal,0.9928492849284929,0
422,ccc,ccc,known,ccc,0.9928492849284929,2.028268489642915e-73,normal,0.9928492849284929,0
423,ccc,ccc,known,ccc,0.9928492849284929,2.0137649195849626e-73,normal,0.9928492849284929,0
424,ccc,ccc,known,ccc,0.9928492849284929,1.9993650604240142e-73,normal,0.9928492849284929,0
425,ccc,ccc,known,ccc,0.9928492849284929,1.9850681705529954e-73,normal,0.9928492849284929,0
426,ccc,ccc,known,ccc,0.9928492849284929,1.970873513667853e-73,normal,0.9928492849284929,0
427,ccc,ccb,known,ccb,0.006600660066006601,1.300906609681751e-75,anomaly,0.006600660066006601,0
428,ccb,cbc,known,cbc,0.75,9.756799572613133e-76,normal,0.75,0
429,cbc,bcc,known,bcc,0.6363636363636364,6.208872455299267e-76,normal,0.6363636363636364,0
430,bcc,ccc,known,ccc,1.0,6.208872455299267e-76,normal,1.0,0
431,ccc,ccc,known,ccc,0.9928492849284929,6.164474577456093e-76,normal,0.9928492849284929,0
432,ccc,ccc,known,ccc,0.9928492849284929,6.120394176187154e-76,normal,0.9928492849284929,0
433,ccc,ccc,known,ccc,0.9928492849284929,6.076628981307929e-76,normal,0.9928492849284929,0
434,ccc,ccb,known,ccb,0.006600660066006601,4.0109762252857614e-78,anomaly,0.006600660066006601,0
435,ccb,cbc,known,cbc,0.75,3.0082321689643213e-78,normal,0.75,0
436,cbc,bcc,known,bcc,0.6363636363636364,1.9143295620682045e-78,normal,0.6363636363636364,0
437,bcc,ccc,known,ccc,1.0,1.9143295620682045e-78,normal,1.0,0
438,ccc,ccc,known,ccc,0.9928492849284929,1.9006407368168917e-78,normal,0.9928492849284929,0
439,ccc,ccc,known,ccc,0.9928492849284929,1.887049796454615e-78,normal,0.9928492849284929,0
440,ccc,ccc,known,ccc,0.9928492849284929,1.8735560410344224e-78,normal,0.9928492849284929,0
441,ccc,ccc,known,ccc,0.9928492849284929,1.8601587756144845e-78,normal,0.9928492849284929,0
442,ccc,ccc,known,ccc,0.9928492849284929,1.8468573102223018e-78,normal,0.9928492849284929,0
443,ccc,ccc,known,ccc,0.9928492849284929,1.8336509598191722e-78,normal,0.9928492849284929,0
444,ccc,ccc,known,ccc,0.9928492849284929,1.8205390442649098e-78,normal,0.9928492849284929,0
445,ccc,ccc,known,ccc,0.9928492849284929,1.8075208882828176e-78,normal,0.9928492849284929,0
446,ccc,ccc,known,ccc,0.9928492849284929,1.7945958214249098e-78,normal,0.9928492849284929,0
447,ccc,ccc,known,ccc,0.9928492849284929,1.781763178037383e-78,normal,0.9928492849284929,0
448,ccc,ccc,known,ccc,0.9928492849284929,1.7690222972263348e-78,normal,0.9928492849284929,0
449,ccc,ccc,known,ccc,0.9928492849284929,1.7563725228237264e-78,normal,0.9928492849284929,0
450,ccc,ccc,known,ccc,0.9928492849284929,1.7438132033535899e-78,normal,0.9928492849284929,0
451,ccc,ccc,known,ccc,0.9928492849284929,1.7313436919984763e-78,normal,0.9928492849284929,0
452,ccc,ccc,known,ccc,0.9928492849284929,1.718963346566144e-78,normal,0.9928492849284929,0
453,ccc,ccc,known,ccc,0.9928492849284929,1.706671529456485e-78,normal,0.9928492849284929,0
454,ccc,ccc,known,ccc,0.9928492849284929,1.6944676076286885e-78,normal,0.9928492849284929,0
455,ccc,ccc,known,ccc,0.9928492849284929,1.6823509525686375e-78,normal,0.9928492849284929,0
456,ccc,ccc,known,ccc,0.9928492849284929,1.6703209402565406e-78,normal,0.9928492849284929,0
457,ccc,ccc,known,ccc,0.9928492849284929,1.658376951134794e-78,normal,0.9928492849284929,0
458,ccc,ccc,known,ccc,0.9928492849284929,1.6465183700760745e-78,normal,0.9928492849284929,0
459,ccc,ccc,known,ccc,0.9928492849284929,1.6347445863516582e-78,normal,0.9928492849284929,0
460,ccc,ccc,known,ccc,0.9928492849284929,1.6230549935999688e-78,normal,0.9928492849284929,0
461,ccc,ccc,known,ccc,0.9928492849284929,1.6114489897953486e-78,normal,0.9928492849284929,0
462,ccc,ccc,known,ccc,0.9928492849284929,1.599925977217054e-78,normal,0.9928492849284929,0
463,ccc,ccc,known,ccc,0.9928492849284929,1.5884853624184724e-78,normal,0.9928492849284929,0
464,ccc,ccc,known,ccc,0.9928492849284929,1.577126556196558e-78,normal,0.9928492849284929,0
465,ccc,ccc,known,ccc,0.9928492849284929,1.5658489735614893e-78,normal,0.9928492849284929,0
466,ccc,ccc,known,ccc,0.9928492849284929,1.5546520337065392e-78,normal,0.9928492849284929,0
467,ccc,ccc,known,ccc,0.9928492849284929,1.5435351599781648e-78,normal,0.9928492849284929,0
468,ccc,ccc,known,ccc,0.9928492849284929,1.5324977798463077e-78,normal,0.9928492849284929,0
469,ccc,ccc,known,ccc,0.9928492849284929,1.5215393248749094e-78,normal,0.9928492849284929,0
470,ccc,ccc,known,ccc,0.9928492849284929,1.5106592306926357e-78,normal,0.9928492849284929,0
471,ccc,ccc,known,ccc,0.9928492849284929,1.4998569369638105e-78,normal,0.9928492849284929,0
472,ccc,ccc,known,ccc,0.9928492849284929,1.4891318873595588e-78,normal,0.9928492849284929,0
473,ccc,ccc,known,ccc,0.9928492849284929,1.478483529529155e-78,normal,0.9928492849284929,0
474,ccc,ccc,known,ccc,0.9928492849284929,1.467911315071576e-78,normal,0.9928492849284929,0
475,ccc,ccc,known,ccc,0.9928492849284929,1.4574146995072578e-78,normal,0.9928492849284929,0
476,ccc,ccc,known,ccc,0.9928492849284929,1.4469931422500551e-78,normal,0.9928492849284929,0
477,ccc,ccc,known,ccc,0.9928492849284929,1.4366461065794003e-78,normal,0.9928492849284929,0
478,ccc,ccc,known,ccc,0.9928492849284929,1.426373059612661e-78,normal,0.9928492849284929,0
479,ccc,ccc,known,ccc,0.9928492849284929,1.416173472277697e-78,normal,0.9928492849284929,0
480,ccc,ccc,known,ccc,0.9928492849284929,1.4060468192856122e-78,normal,0.9928492849284929,0
481,ccc,ccc,known,ccc,0.9928492849284929,1.395992579103702e-78,normal,0.9928492849284929,0
482,ccc,ccc,known,ccc,0.9928492849284929,1.3860102339285932e-78,normal,0.9928492849284929,0
483,ccc,ccc,known,ccc,0.9928492849284929,1.3760992696595769e-78,normal,0.9928492849284929,0
484,ccc,ccc,known,ccc,0.9928492849284929,1.3662591758721322e-78,normal,0.9928492849284929,0
485,ccc,ccc,known,ccc,0.9928492849284929,1.3564894457916385e-78,normal,0.9928492849284929,0
486,ccc,ccc,known,ccc,0.9928492849284929,1.346789576267276e-78,normal,0.9928492849284929,0
487,ccc,ccc,known,ccc,0.9928492849284929,1.337159067746113e-78,normal,0.9928492849284929,0
488,ccc,ccc,known,ccc,0.9928492849284929,1.3275974242473783e-78,normal,0.9928492849284929,0
489,ccc,ccc,known,ccc,0.9928492849284929,1.3181041533369185e-78,normal,0.9928492849284929,0
490,ccc,ccc,known,ccc,0.9928492849284929,1.3086787661018361e-78,normal,0.9928492849284929,0
491,ccc,ccc,known,ccc,0.9928492849284929,1.2993207771253105e-78,normal,0.9928492849284929,0
492,ccc,ccc,known,ccc,0.9928492849284929,1.2900297044615983e-78,normal,0.9928492849284929,0
493,ccc,ccc,known,ccc,0.9928492849284929,1.2808050696112128e-78,normal,0.9928492849284929,0
494,ccc,ccc,known,ccc,0.9928492849284929,1.271646397496281e-78,normal,0.9928492849284929,0
495,ccc,ccc,known,ccc,0.9928492849284929,1.2625532164360768e-78,normal,0.9928492849284929,0
496,ccc,ccb,known,ccb,0.006600660066006601,8.3336845969378e-81,anomaly,0.006600660066006601,0
497,ccb,cbc,known,cbc,0.75,6.250263447703351e-81,normal,0.75,0
498,cbc,bcc,known,bcc,0.6363636363636364,3.977440375811223e-81,normal,0.6363636363636364,0
499,bcc,ccc,known,ccc,1.0,3.977440375811223e-81,normal,1.0,0
500,ccc,ccb,known,ccb,0.006600660066006601,2.6253731853539428e-83,anomaly,0.006600660066006601,0
501,ccb,cbb,known,cbb,0.25,6.563432963384857e-84,normal,0.25,0
502,cbb,bbb,known,bbb,0.75,4.922574722538643e-84,normal,0.75,0
503,bbb,bbb,known,bbb,0.6628787878787878,3.263070365319176e-84,normal,0.6628787878787878,0
504,bbb,bbb,known,bbb,0.6628787878787878,2.163020128525969e-84,normal,0.6628787878787878,0
505,bbb,bbb,known,bbb,0.6628787878787878,1.4338201609547142e-84,normal,0.6628787878787878,0
506,bbb,bbc,known,bbc,0.045454545454545456,6.517364367975974e-86,anomaly,0.045454545454545456,0
507,bbc,bcc,known,bcc,0.26666666666666666,1.7379638314602596e-86,normal,0.26666666666666666,0
508,bcc,ccb,known,ccb,0.0,1.7379638314602597e-90,anomaly,0.0,0
509,ccb,cbc,known,cbc,0.75,1.3034728735951947e-90,normal,0.75,0
510,cbc,bcc,known,bcc,0.6363636363636364,8.294827377423966e-91,normal,0.6363636363636364,0
511,bcc,ccc,known,ccc,1.0,8.294827377423966e-91,normal,1.0,0
512,ccc,ccc,known,ccc,0.9928492849284929,8.235513430280671e-91,normal,0.9928492849284929,0
513,ccc,ccc,known,ccc,0.9928492849284929,8.176623620273164e-91,normal,0.9928492849284929,0
514,ccc,ccc,known,ccc,0.9928492849284929,8.118154914517636e-91,normal,0.9928492849284929,0
515,ccc,ccc,known,ccc,0.9928492849284929,8.060104301817565e-91,normal,0.9928492849284929,0
516,ccc,ccc,known,ccc,0.9928492849284929,8.002468792508639e-91,normal,0.9928492849284929,0
517,ccc,ccc,known,ccc,0.9928492849284929,7.945245418304782e-91,normal,0.9928492849284929,0
518,ccc,ccb,known,ccb,0.006600660066006601,5.244386414722629e-93,anomaly,0.006600660066006601,0
519,ccb,cbb,known,cbb,0.25,1.3110966036806572e-93,normal,0.25,0
520,cbb,bbc,known,bbc,0.125,1.6388707546008215e-94,anomaly,0.125,0
521,bbc,bcc,known,bcc,0.26666666666666666,4.370322012268857e-95,normal,0.26666666666666666,0
522,bcc,ccc,known,ccc,1.0,4.370322012268857e-95,normal,1.0,0
523,ccc,ccc,known,ccc,0.9928492849284929,4.339071084788387e-95,normal,0.9928492849284929,0
524,ccc,ccb,known,ccb,0.006600660066006601,2.864073323292665e-97,anomaly,0.006600660066006601,0
525,ccb,cbb,known,cbb,0.25,7.160183308231662e-98,normal,0.25,0
526,cbb,bbb,known,bbb,0.75,5.370137481173747e-98,normal,0.75,0
527,bbb,bbb,known,bbb,0.6628787878787878,3.5597502242629e-98,normal,0.6628787878787878,0
528,bbb,bbc,known,bbc,0.045454545454545456,1.6180682837558637e-99,anomaly,0.045454545454545456,0
529,bbc,bcc,known,bcc,0.26666666666666666,4.314848756682303e-100,normal,0.26666666666666666,0
530,bcc,ccc,known,ccc,1.0,4.314848756682303e-100,normal,1.0,0
531,ccc,ccb,known,ccb,0.006600660066006601,2.848084987909111e-102,anomaly,0.006600660066006601,0
532,ccb,cbb,known,cbb,0.25,7.120212469772778e-103,normal,0.25,0
533,cbb,bbb,known,bbb,0.75,5.340159352329584e-103,normal,0.75,0
534,bbb,bbb,known,bbb,0.6628787878787878,3.539878358551807e-103,normal,0.6628787878787878,0
535,bbb,bbc,known,bbc,0.045454545454545456,1.6090356175235488e-104,anomaly,0.045454545454545456,0
536,bbc,bcc,known,bcc,0.26666666666666666,4.2907616467294634e-105,normal,0.26666666666666666,0
537,bcc,ccc,known,ccc,1.0,4.2907616467294634e-105,normal,1.0,0
538,ccc,ccc,known,ccc,0.9928492849284929,4.26007963275395e-105,normal,0.9928492849284929,0
539,ccc,ccb,known,ccb,0.006600660066006601,2.8119337509927064e-107,anomaly,0.006600660066006601,0
540,ccb,cbc,known,cbc,0.75,2.1089503132445297e-107,normal,0.75,0
541,cbc,bcc,known,bcc,0.6363636363636364,1.3420592902465188e-107,normal,0.6363636363636364,0
542,bcc,ccc,known,ccc,1.0,1.3420592902465188e-107,normal,1.0,0
543,ccc,ccc,known,ccc,0.9928492849284929,1.3324626066528969e-107,normal,0.9928492849284929,0
544,ccc,ccc,known,ccc,0.9928492849284929,1.3229345462092844e-107,normal,0.9928492849284929,0
545,ccc,ccc,known,ccc,0.9928492849284929,1.3134746182110882e-107,normal,0.9928492849284929,0
546,ccc,ccc,known,ccc,0.9928492849284929,1.304082335462604e-107,normal,0.9928492849284929,0
547,ccc,ccc,known,ccc,0.9928492849284929,1.2947572142519254e-107,normal,0.9928492849284929,0
548,ccc,ccc,known,ccc,0.9928492849284929,1.2854987743260316e-107,normal,0.9928492849284929,0
549,ccc,ccc,known,ccc,0.9928492849284929,1.2763065388660546e-107,normal,0.9928492849284929,0
550,ccc,ccc,known,ccc,0.9928492849284929,1.267180034462722e-107,normal,0.9928492849284929,0
551,ccc,ccc,known,ccc,0.9928492849284929,1.2581187910919765e-107,normal,0.9928492849284929,0
552,ccc,ccc,known,ccc,0.9928492849284929,1.2491223420907688e-107,normal,0.9928492849284929,0
553,ccc,ccc,known,ccc,0.9928492849284929,1.2401902241330241e-107,normal,0.9928492849284929,0
554,ccc,ccc,known,ccc,0.9928492849284929,1.2313219772057803e-107,normal,0.9928492849284929,0
555,ccc,ccc,known,ccc,0.9928492849284929,1.222517144585497e-107,normal,0.9928492849284929,0
556,ccc,ccc,known,ccc,0.9928492849284929,1.2137752728145336e-107,normal,0.9928492849284929,0
557,ccc,ccc,known,ccc,0.9928492849284929,1.205095911677796e-107,normal,0.9928492849284929,0
558,ccc,ccc,known,ccc,0.9928492849284929,1.19647861417955e-107,normal,0.9928492849284929,0
559,ccc,ccb,known,ccb,0.006600660066006601,7.897548608445874e-110,anomaly,0.006600660066006601,0
560,ccb,cbb,known,cbb,0.25,1.9743871521114686e-110,normal,0.25,0
561,cbb,bbc,known,bbc,0.125,2.4679839401393357e-111,anomaly,0.125,0
562,bbc,bcc,known,bcc,0.26666666666666666,6.581290507038229e-112,normal,0.26666666666666666,0
563,bcc,ccc,known,ccc,1.0,6.581290507038229e-112,normal,1.0,0
564,ccc,ccc,known,ccc,0.9928492849284929,6.5342295738195835e-112,normal,0.9928492849284929,0
565,ccc,ccc,known,ccc,0.9928492849284929,6.487505159925384e-112,normal,0.9928492849284929,0
566,ccc,ccc,known,ccc,0.9928492849284929,6.441114859001826e-112,normal,0.9928492849284929,0
567,ccc,ccc,known,ccc,0.9928492849284929,6.395056281902253e-112,normal,0.9928492849284929,0
568,ccc,ccc,known,ccc,0.9928492849284929,6.349327056564118e-112,normal,0.9928492849284929,0
569,ccc,ccc,known,ccc,0.9928492849284929,6.303924827886817e-112,normal,0.9928492849284929,0
570,ccc,ccc,known,ccc,0.9928492849284929,6.258847257610399e-112,normal,0.9928492849284929,0
571,ccc,ccc,known,ccc,0.9928492849284929,6.214092024195143e-112,normal,0.9928492849284929,0
572,ccc,ccc,known,ccc,0.9928492849284929,6.169656822701999e-112,normal,0.9928492849284929,0
573,ccc,ccc,known,ccc,0.9928492849284929,6.125539364673877e-112,normal,0.9928492849284929,0
574,ccc,ccc,known,ccc,0.9928492849284929,6.081737378017793e-112,normal,0.9928492849284929,0
575,ccc,ccc,known,ccc,0.9928492849284929,6.038248606887854e-112,normal,0.9928492849284929,0
576,ccc,ccc,known,ccc,0.9928492849284929,5.9950708115690735e-112,normal,0.9928492849284929,0
577,ccc,ccc,known,ccc,0.9928492849284929,5.952201768362034e-112,normal,0.9928492849284929,0
578,ccc,ccc,known,ccc,0.9928492849284929,5.909639269468356e-112,normal,0.9928492849284929,0
579,ccc,ccc,known,ccc,0.9928492849284929,5.867381122876998e-112,normal,0.9928492849284929,0
580,ccc,ccb,known,ccb,0.006600660066006601,3.872858826981517e-114,anomaly,0.006600660066006601,0
581,ccb,cbc,known,cbc,0.75,2.9046441202361376e-114,normal,0.75,0
582,cbc,bcb,known,bcb,0.36363636363636365,1.0562342255404137e-114,normal,0.36363636363636365,0
583,bcb,cbb,known,cbb,0.6111111111111112,6.454764711635862e-115,normal,0.6111111111111112,0
584,cbb,bbc,known,bbc,0.125,8.068455889544827e-116,anomaly,0.125,0
585,bbc,bcb,known,bcb,0.6666666666666666,5.378970593029885e-116,normal,0.6666666666666666,0
586,bcb,cbb,known,cbb,0.6111111111111112,3.287148695740485e-116,normal,0.6111111111111112,0
587,cbb,bbb,known,bbb,0.75,2.4653615218053638e-116,normal,0.75,0
588,bbb,bbb,known,bbb,0.6628787878787878,1.6342358572573434e-116,normal,0.6628787878787878,0
589,bbb,bbb,known,bbb,0.6628787878787878,1.0833002841667996e-116,normal,0.6628787878787878,0
590,bbb,bbb,known,bbb,0.6628787878787878,7.180967792772345e-117,normal,0.6628787878787878,0
591,bbb,bbc,known,bbc,0.045454545454545456,3.264076269441975e-118,anomaly,0.045454545454545456,0
592,bbc,bcc,known,bcc,0.26666666666666666,8.704203385178599e-119,normal,0.26666666666666666,0
593,bcc,ccb,known,ccb,0.0,8.704203385178599e-123,anomaly,0.0,0
594,ccb,cbc,known,cbc,0.75,6.52815253888395e-123,normal,0.75,0
595,cbc,bcb,known,bcb,0.36363636363636365,2.3738736505032543e-123,normal,0.36363636363636365,0
596,bcb,cbb,known,cbb,0.6111111111111112,1.4507005641964333e-123,normal,0.6111111111111112,0
597,cbb,bbb,known,bbb,0.75,1.088025423147325e-123,normal,0.75,0
598,bbb,bbc,known,bbc,0.045454545454545456,4.945570105215113e-125,anomaly,0.045454545454545456,0
599,bbc,bcc,known,bcc,0.26666666666666666,1.3188186947240303e-125,normal,0.26666666666666666,0
600,bcc,ccc,known,ccc,1.0,1.3188186947240303e-125,normal,1.0,0
601,ccc,ccc,known,ccc,0.9928492849284929,1.3093881980070818e-125,normal,0.9928492849284929,0
602,ccc,ccc,known,ccc,0.9928492849284929,1.300025136085139e-125,normal,0.9928492849284929,0
603,ccc,ccb,known,ccb,0.006600660066006601,8.581024000561974e-128,anomaly,0.006600660066006601,0
604,ccb,cbb,known,cbb,0.25,2.1452560001404935e-128,normal,0.25,0
605,cbb,bbb,known,bbb,0.75,1.60894200010537e-128,normal,0.75,0
606,bbb,bbb,known,bbb,0.6628787878787878,1.0665335227971203e-128,normal,0.6628787878787878,0
607,bbb,bbb,known,bbb,0.6628787878787878,7.069824488238486e-129,normal,0.6628787878787878,0
608,bbb,bbb,known,bbb,0.6628787878787878,4.6864366872792994e-129,normal,0.6628787878787878,0
609,bbb,bbc,known,bbc,0.045454545454545456,2.1301984942178635e-130,anomaly,0.045454545454545456,0
610,bbc,bcc,known,bcc,0.26666666666666666,5.680529317914302e-131,normal,0.26666666666666666,0
611,bcc,ccb,known,ccb,0.0,5.680529317914303e-135,anomaly,0.0,0
612,ccb,cbb,known,cbb,0.25,1.4201323294785757e-135,normal,0.25,0
613,cbb,bbb,known,bbb,0.75,1.0650992471089317e-135,normal,0.75,0
614,bbb,bbb,known,bbb,0.6628787878787878,7.060316978941781e-136,normal,0.6628787878787878,0
615,bbb,bbc,known,bbc,0.045454545454545456,3.2092349904280825e-137,anomaly,0.045454545454545456,0
616,bbc,bcb,known,bcb,0.6666666666666666,2.1394899936187217e-137,normal,0.6666666666666666,0
617,bcb,cbc,known,cbc,0.1111111111111111,2.3772111040208016e-138,anomaly,0.1111111111111111,0
618,cbc,bcc,known,bcc,0.6363636363636364,1.512770702558692e-138,normal,0.6363636363636364,0
619,bcc,ccb,known,ccb,0.0,1.512770702558692e-142,anomaly,0.0,0
620,ccb,cbb,known,cbb,0.25,3.78192675639673e-143,normal,0.25,0
621,cbb,bbc,known,bbc,0.125,4.7274084454959125e-144,anomaly,0.125,0
622,bbc,bcb,known,bcb,0.6666666666666666,3.1516056303306084e-144,normal,0.6666666666666666,0
623,bcb,cbc,known,cbc,0.1111111111111111,3.501784033700676e-145,anomaly,0.1111111111111111,0
624,cbc,bcb,known,bcb,0.36363636363636365,1.2733760122547912e-145,normal,0.36363636363636365,0
625,bcb,cbc,known,cbc,0.1111111111111111,1.4148622358386567e-146,anomaly,0.1111111111111111,0
626,cbc,bcc,known,bcc,0.6363636363636364,9.003668773518724e-147,normal,0.6363636363636364,0
627,bcc,ccb,known,ccb,0.0,9.003668773518725e-151,anomaly,0.0,0
628,ccb,cbc,known,cbc,0.75,6.752751580139044e-151,normal,0.75,0
629,cbc,bcc,known,bcc,0.6363636363636364,4.2972055509975736e-151,normal,0.6363636363636364,0
630,bcc,ccc,known,ccc,1.0,4.2972055509975736e-151,normal,1.0,0
631,ccc,ccc,known,ccc,0.9928492849284929,4.2664774584986914e-151,normal,0.9928492849284929,0
632,ccc,ccc,known,ccc,0.9928492849284929,4.235969093833959e-151,normal,0.9928492849284929,0
633,ccc,ccc,known,ccc,0.9928492849284929,4.205678885792243e-151,normal,0.9928492849284929,0
634,ccc,ccb,known,ccb,0.006600660066006601,2.776025667189599e-153,anomaly,0.006600660066006601,0
635,ccb,cbc,known,cbc,0.75,2.0820192503921992e-153,normal,0.75,0
636,cbc,bcc,known,bcc,0.6363636363636364,1.3249213411586722e-153,normal,0.6363636363636364,0
637,bcc,ccb,known,ccb,0.0,1.3249213411586721e-157,anomaly,0.0,0
638,ccb,cbb,known,cbb,0.25,3.3123033528966804e-158,normal,0.25,0
639,cbb,bbc,known,bbc,0.125,4.1403791911208505e-159,anomaly,0.125,0
640,bbc,bcc,known,bcc,0.26666666666666666,1.1041011176322268e-159,normal,0.26666666666666666,0
641,bcc,ccb,known,ccb,0.0,1.1041011176322268e-163,anomaly,0.0,0
642,ccb,cbb,known,cbb,0.25,2.760252794080567e-164,normal,0.25,0
643,cbb,bbc,known,bbc,0.125,3.450315992600709e-165,anomaly,0.125,0
644,bbc,bcb,known,bcb,0.6666666666666666,2.3002106617338057e-165,normal,0.6666666666666666,0
645,bcb,cbb,known,cbb,0.6111111111111112,1.4056842932817701e-165,normal,0.6111111111111112,0
646,cbb,bbb,known,bbb,0.75,1.0542632199613277e-165,normal,0.75,0
647,bbb,bbc,known,bbc,0.045454545454545456,4.7921055452787626e-167,anomaly,0.045454545454545456,0
648,bbc,bcb,known,bcb,0.6666666666666666,3.1947370301858416e-167,normal,0.6666666666666666,0
649,bcb,cbb,known,cbb,0.6111111111111112,1.952339296224681e-167,normal,0.6111111111111112,0
650,cbb,bbc,known,bbc,0.125,2.4404241202808514e-168,anomaly,0.125,0
651,bbc,bcc,known,bcc,0.26666666666666666,6.50779765408227e-169,normal,0.26666666666666666,0
652,bcc,ccc,known,ccc,1.0,6.50779765408227e-169,normal,1.0,0
653,ccc,ccc,known,ccc,0.9928492849284929,6.461262247314905e-169,normal,0.9928492849284929,0
654,ccc,ccc,known,ccc,0.9928492849284929,6.41505960198207e-169,normal,0.9928492849284929,0
655,ccc,ccb,known,ccb,0.006600660066006601,4.234362773585525e-171,anomaly,0.006600660066006601,0
656,ccb,cbb,known,cbb,0.25,1.0585906933963812e-171,normal,0.25,0
657,cbb,bbb,known,bbb,0.75,7.939430200472859e-172,normal,0.75,0
658,bbb,bbb,known,bbb,0.6628787878787878,5.262879867737691e-172,normal,0.6628787878787878,0
659,bbb,bbb,known,bbb,0.6628787878787878,3.4886514274776357e-172,normal,0.6628787878787878,0
660,bbb,bbb,known,bbb,0.6628787878787878,2.312553029577978e-172,normal,0.6628787878787878,0
661,bbb,bbb,known,bbb,0.6628787878787878,1.532942349152069e-172,normal,0.6628787878787878,0
662,bbb,bbb,known,bbb,0.6628787878787878,1.016154966293985e-172,normal,0.6628787878787878,0
663,bbb,bbc,known,bbc,0.045454545454545456,4.618886210427204e-174,anomaly,0.045454545454545456,0
664,bbc,bcb,known,bcb,0.6666666666666666,3.079257473618136e-174,normal,0.6666666666666666,0
665,bcb,cbc,known,cbc,0.1111111111111111,3.42139719290904e-175,anomaly,0.1111111111111111,0
666,cbc,bcc,known,bcc,0.6363636363636364,2.1772527591239344e-175,normal,0.6363636363636364,0
667,bcc,ccc,known,ccc,1.0,2.1772527591239344e-175,normal,1.0,0
668,ccc,ccb,known,ccb,0.006600660066006601,1.4371305340752042e-177,anomaly,0.006600660066006601,0
669,ccb,cbb,known,cbb,0.25,3.5928263351880105e-178,normal,0.25,0
670,cbb,bbc,known,bbc,0.125,4.491032918985013e-179,anomaly,0.125,0
671,bbc,bcc,known,bcc,0.26666666666666666,1.1976087783960035e-179,normal,0.26666666666666666,0
672,bcc,ccc,known,ccc,1.0,1.1976087783960035e-179,normal,1.0,0
673,ccc,ccc,known,ccc,0.9928492849284929,1.189045019254558e-179,normal,0.9928492849284929,0
674,ccc,ccb,known,ccb,0.006600660066006601,7.848481975277611e-182,anomaly,0.006600660066006601,0
675,ccb,cbb,known,cbb,0.25,1.9621204938194028e-182,normal,0.25,0
676,cbb,bbb,known,bbb,0.75,1.4715903703645521e-182,normal,0.75,0
677,bbb,bbb,known,bbb,0.6628787878787878,9.754860409613507e-183,normal,0.6628787878787878,0
678,bbb,bbc,known,bbc,0.045454545454545456,4.4340274589152307e-184,anomaly,0.045454545454545456,0
679,bbc,bcc,known,bcc,0.26666666666666666,1.1824073223773947e-184,normal,0.26666666666666666,0
680,bcc,ccb,known,ccb,0.0,1.1824073223773948e-188,anomaly,0.0,0
681,ccb,cbb,known,cbb,0.25,2.956018305943487e-189,normal,0.25,0
682,cbb,bbb,known,bbb,0.75,2.217013729457615e-189,normal,0.75,0
683,bbb,bbc,known,bbc,0.045454545454545456,1.0077335133898251e-190,anomaly,0.045454545454545456,0
684,bbc,bcb,known,bcb,0.6666666666666666,6.718223422598834e-191,normal,0.6666666666666666,0
685,bcb,cbb,known,cbb,0.6111111111111112,4.1055809804770653e-191,normal,0.6111111111111112,0
686,cbb,bbc,known,bbc,0.125,5.131976225596332e-192,anomaly,0.125,0
687,bbc,bcc,known,bcc,0.26666666666666666,1.368526993492355e-192,normal,0.26666666666666666,0
688,bcc,ccc,known,ccc,1.0,1.368526993492355e-192,normal,1.0,0
689,ccc,ccc,known,ccc,0.9928492849284929,1.358741046894225e-192,normal,0.9928492849284929,0
690,ccc,ccc,known,ccc,0.9928492849284929,1.349025076811923e-192,normal,0.9928492849284929,0
691,ccc,ccc,known,ccc,0.9928492849284929,1.339378582863323e-192,normal,0.9928492849284929,0
692,ccc,ccc,known,ccc,0.9928492849284929,1.3298010682443883e-192,normal,0.9928492849284929,0
693,ccc,ccc,known,ccc,0.9928492849284929,1.320292039703587e-192,normal,0.9928492849284929,0
694,ccc,ccc,known,ccc,0.9928492849284929,1.3108510075164876e-192,normal,0.9928492849284929,0
695,ccc,ccb,known,ccb,0.006600660066006601,8.652481897798598e-195,anomaly,0.006600660066006601,0
696,ccb,cbb,known,cbb,0.25,2.1631204744496494e-195,normal,0.25,0
697,cbb,bbb,known,bbb,0.75,1.622340355837237e-195,normal,0.75,0
698,bbb,bbb,known,bbb,0.6628787878787878,1.075415008604229e-195,normal,0.6628787878787878,0
699,bbb,bbc,known,bbc,0.045454545454545456,4.888250039110132e-197,anomaly,0.045454545454545456,0
700,bbc,bcc,known,bcc,0.26666666666666666,1.3035333437627019e-197,normal,0.26666666666666666,0
701,bcc,ccc,known,ccc,1.0,1.3035333437627019e-197,normal,1.0,0
702,ccc,ccc,known,ccc,0.9928492849284929,1.2942121482352459e-197,normal,0.9928492849284929,0
703,ccc,ccc,known,ccc,0.9928492849284929,1.2849576059211325e-197,normal,0.9928492849284929,0
704,ccc,ccc,known,ccc,0.9928492849284929,1.2757692402022247e-197,normal,0.9928492849284929,0
705,ccc,ccc,known,ccc,0.9928492849284929,1.2666465778685455e-197,normal,0.9928492849284929,0
706,ccc,ccc,known,ccc,0.9928492849284929,1.2575891490939079e-197,normal,0.9928492849284929,0
707,ccc,ccc,known,ccc,0.9928492849284929,1.2485964874117183e-197,normal,0.9928492849284929,0
708,ccc,ccc,known,ccc,0.9928492849284929,1.2396681296909524e-197,normal,0.9928492849284929,0
709,ccc,ccc,known,ccc,0.9928492849284929,1.2308036161123043e-197,normal,0.9928492849284929,0
710,ccc,ccb,known,ccb,0.006600660066006601,8.124116277969005e-200,anomaly,0.006600660066006601,0
711,ccb,cbc,known,cbc,0.75,6.093087208476754e-200,normal,0.75,0
712,cbc,bcc,known,bcc,0.6363636363636364,3.877419132667025e-200,normal,0.6363636363636364,0
713,bcc,ccc,known,ccc,1.0,3.877419132667025e-200,normal,1.0,0
714,ccc,ccc,known,ccc,0.9928492849284929,3.8496928132365127e-200,normal,0.9928492849284929,0
715,ccc,ccc,known,ccc,0.9928492849284929,3.82216475681623e-200,normal,0.9928492849284929,0
716,ccc,ccc,known,ccc,0.9928492849284929,3.794833545683881e-200,normal,0.9928492849284929,0
717,ccc,ccc,known,ccc,0.9928492849284929,3.7676977722548987e-200,normal,0.9928492849284929,0
718,ccc,ccc,known,ccc,0.9928492849284929,3.740756039009952e-200,normal,0.9928492849284929,0
719,ccc,ccb,known,ccb,0.006600660066006601,2.469145900336602e-202,anomaly,0.006600660066006601,0
720,ccb,cbc,known,cbc,0.75,1.8518594252524516e-202,normal,0.75,0
721,cbc,bcc,known,bcc,0.6363636363636364,1.1784559978879238e-202,normal,0.6363636363636364,0
722,bcc,ccb,known,ccb,0.0,1.1784559978879239e-206,anomaly,0.0,0
723,ccb,cbb,known,cbb,0.25,2.9461399947198097e-207,normal,0.25,0
724,cbb,bbc,known,bbc,0.125,3.682674993399762e-208,anomaly,0.125,0
725,bbc,bcb,known,bcb,0.6666666666666666,2.455116662266508e-208,normal,0.6666666666666666,0
726,bcb,cbc,known,cbc,0.1111111111111111,2.7279074025183417e-209,anomaly,0.1111111111111111,0
727,cbc,bcb,known,bcb,0.36363636363636365,9.91966328188488e-210,normal,0.36363636363636365,0
728,bcb,cbc,known,cbc,0.1111111111111111,1.1021848090983198e-210,anomaly,0.1111111111111111,0
729,cbc,bcc,known,bcc,0.6363636363636364,7.013903330625671e-211,normal,0.6363636363636364,0
730,bcc,ccc,known,ccc,1.0,7.013903330625671e-211,normal,1.0,0
731,ccc,ccc,known,ccc,0.9928492849284929,6.963748906369273e-211,normal,0.9928492849284929,0
732,ccc,ccc,known,ccc,0.9928492849284929,6.913953122110306e-211,normal,0.9928492849284929,0
733,ccc,ccc,known,ccc,0.9928492849284929,6.8645134133163384e-211,normal,0.9928492849284929,0
734,ccc,ccc,known,ccc,0.9928492849284929,6.815427233793174e-211,normal,0.9928492849284929,0
735,ccc,ccc,known,ccc,0.9928492849284929,6.766692055553729e-211,normal,0.9928492849284929,0
736,ccc,ccc,known,ccc,0.9928492849284929,6.718305368687834e-211,normal,0.9928492849284929,0
737,ccc,ccc,known,ccc,0.9928492849284929,6.6702646812329705e-211,normal,0.9928492849284929,0
738,ccc,ccc,known,ccc,0.9928492849284929,6.622567519045936e-211,normal,0.9928492849284929,0
739,ccc,ccb,known,ccb,0.006600660066006601,4.371331695739892e-213,anomaly,0.006600660066006601,0
740,ccb,cbb,known,cbb,0.25,1.092832923934973e-213,normal,0.25,0
741,cbb,bbb,known,bbb,0.75,8.196246929512297e-214,normal,0.75,0
742,bbb,bbc,known,bbc,0.045454545454545456,3.7255667861419534e-215,anomaly,0.045454545454545456,0
743,bbc,bcc,known,bcc,0.26666666666666666,9.934844763045209e-216,normal,0.26666666666666666,0
744,bcc,ccc,known,ccc,1.0,9.934844763045209e-216,normal,1.0,0
745,ccc,ccc,known,ccc,0.9928492849284929,9.863803518865018e-216,normal,0.9928492849284929,0
746,ccc,ccb,known,ccb,0.006600660066006601,6.510761398590771e-218,anomaly,0.006600660066006601,0
747,ccb,cbb,known,cbb,0.25,1.6276903496476927e-218,normal,0.25,0
748,cbb,bbc,known,bbc,0.125,2.034612937059616e-219,anomaly,0.125,0
749,bbc,bcc,known,bcc,0.26666666666666666,5.425634498825642e-220,normal,0.26666666666666666,0
750,bcc,ccc,known,ccc,1.0,5.425634498825642e-220,normal,1.0,0
751,ccc,ccb,known,ccb,0.006600660066006601,3.581276896914615e-222,anomaly,0.006600660066006601,0
752,ccb,cbb,known,cbb,0.25,8.953192242286538e-223,normal,0.25,0
753,cbb,bbc,known,bbc,0.125,1.1191490302858172e-223,anomaly,0.125,0
754,bbc,bcc,known,bcc,0.26666666666666666,2.9843974140955124e-224,normal,0.26666666666666666,0
755,bcc,ccc,known,ccc,1.0,2.9843974140955124e-224,normal,1.0,0
756,ccc,ccc,known,ccc,0.9928492849284929,2.963056838527173e-224,normal,0.9928492849284929,0
757,ccc,ccc,known,ccc,0.9928492849284929,2.941868863334184e-224,normal,0.9928492849284929,0
758,ccc,ccc,known,ccc,0.9928492849284929,2.920832397314743e-224,normal,0.9928492849284929,0
759,ccc,ccc,known,ccc,0.9928492849284929,2.8999463570699184e-224,normal,0.9928492849284929,0
760,ccc,ccb,known,ccb,0.006600660066006601,1.9141560112672727e-226,anomaly,0.006600660066006601,0
761,ccb,cbb,known,cbb,0.25,4.785390028168182e-227,normal,0.25,0
762,cbb,bbc,known,bbc,0.125,5.981737535210227e-228,anomaly,0.125,0
763,bbc,bcc,known,bcc,0.26666666666666666,1.595130009389394e-228,normal,0.26666666666666666,0
764,bcc,ccc,known,ccc,1.0,1.595130009389394e-228,normal,1.0,0
765,ccc,ccc,known,ccc,0.9928492849284929,1.58372368919024e-228,normal,0.9928492849284929,0
766,ccc,ccc,known,ccc,0.9928492849284929,1.5723989323368443e-228,normal,0.9928492849284929,0
767,ccc,ccc,known,ccc,0.9928492849284929,1.5611551555929615e-228,normal,0.9928492849284929,0
768,ccc,ccb,known,ccb,0.006600660066006601,1.0304654492362782e-230,anomaly,0.006600660066006601,0
769,ccb,cbb,known,cbb,0.25,2.5761636230906956e-231,normal,0.25,0
770,cbb,bbb,known,bbb,0.75,1.9321227173180217e-231,normal,0.75,0
771,bbb,bbb,known,bbb,0.6628787878787878,1.28076316488884e-231,normal,0.6628787878787878,0
772,bbb,bbc,known,bbc,0.045454545454545456,5.821650749494728e-233,anomaly,0.045454545454545456,0
773,bbc,bcc,known,bcc,0.26666666666666666,1.5524401998652608e-233,normal,0.26666666666666666,0
774,bcc,ccc,known,ccc,1.0,1.5524401998652608e-233,normal,1.0,0
775,ccc,ccc,known,ccc,0.9928492849284929,1.5413391423304708e-233,normal,0.9928492849284929,0
776,ccc,ccc,known,ccc,0.9928492849284929,1.5303174652951044e-233,normal,0.9928492849284929,0
777,ccc,ccc,known,ccc,0.9928492849284929,1.5193746011318282e-233,normal,0.9928492849284929,0
778,ccc,ccc,known,ccc,0.9928492849284929,1.5085099862722498e-233,normal,0.9928492849284929,0
779,ccc,ccc,known,ccc,0.9928492849284929,1.4977230611778937e-233,normal,0.9928492849284929,0
780,ccc,ccc,known,ccc,0.9928492849284929,1.4870132703113853e-233,normal,0.9928492849284929,0
781,ccc,ccb,known,ccb,0.006600660066006601,9.81526911096624e-236,anomaly,0.006600660066006601,0
782,ccb,cbc,known,cbc,0.75,7.36145183322468e-236,normal,0.75,0
783,cbc,bcc,known,bcc,0.6363636363636364,4.684560257506614e-236,normal,0.6363636363636364,0
784,bcc,ccc,known,ccc,1.0,4.684560257506614e-236,normal,1.0,0
785,ccc,ccc,known,ccc,0.9928492849284929,4.651062301869879e-236,normal,0.9928492849284929,0
786,ccc,ccb,known,ccb,0.006600660066006601,3.070008120046125e-238,anomaly,0.006600660066006601,0
787,ccb,cbb,known,cbb,0.25,7.675020300115312e-239,normal,0.25,0
788,cbb,bbb,known,bbb,0.75,5.7562652250864844e-239,normal,0.75,0
789,bbb,bbb,known,bbb,0.6628787878787878,3.8157061151141467e-239,normal,0.6628787878787878,0
790,bbb,bbb,known,bbb,0.6628787878787878,2.529350644488544e-239,normal,0.6628787878787878,0
791,bbb,bbc,known,bbc,0.045454545454545456,1.1497048384038838e-240,anomaly,0.045454545454545456,0
792,bbc,bcc,known,bcc,0.26666666666666666,3.065879569077023e-241,normal,0.26666666666666666,0
793,bcc,ccc,known,ccc,1.0,3.065879569077023e-241,normal,1.0,0
794,ccc,ccc,known,ccc,0.9928492849284929,3.043956337834998e-241,normal,0.9928492849284929,0
795,ccc,ccb,known,ccb,0.006600660066006601,2.009212104181517e-243,anomaly,0.006600660066006601,0
796,ccb,cbb,known,cbb,0.25,5.0230302604537926e-244,normal,0.25,0
797,cbb,bbc,known,bbc,0.125,6.278787825567241e-245,anomaly,0.125,0
798,bbc,bcc,known,bcc,0.26666666666666666,1.6743434201512642e-245,normal,0.26666666666666666,0
799,bcc,ccc,known,ccc,1.0,1.6743434201512642e-245,normal,1.0,0
800,ccc,ccc,known,ccc,0.9928492849284929,1.6623706674219099e-245,normal,0.9928492849284929,0
801,ccc,ccc,known,ccc,0.9928492849284929,1.6504835284359446e-245,normal,0.9928492849284929,0
802,ccc,ccc,known,ccc,0.9928492849284929,1.6386813909938835e-245,normal,0.9928492849284929,0
803,ccc,ccc,known,ccc,0.9928492849284929,1.6269636472739053e-245,normal,0.9928492849284929,0
804,ccc,ccc,known,ccc,0.9928492849284929,1.6153296938005495e-245,normal,0.9928492849284929,0
805,ccc,ccc,known,ccc,0.9928492849284929,1.603778931413637e-245,normal,0.9928492849284929,0
806,ccc,ccc,known,ccc,0.9928492849284929,1.5923107652374118e-245,normal,0.9928492849284929,0
807,ccc,ccc,known,ccc,0.9928492849284929,1.5809246046499057e-245,normal,0.9928492849284929,0
808,ccc,ccc,known,ccc,0.9928492849284929,1.5696198632525192e-245,normal,0.9928492849284929,0
809,ccc,ccc,known,ccc,0.9928492849284929,1.5583959588398225e-245,normal,0.9928492849284929,0
810,ccc,ccc,known,ccc,0.9928492849284929,1.5472523133695707e-245,normal,0.9928492849284929,0
811,ccc,ccc,known,ccc,0.9928492849284929,1.5361883529329348e-245,normal,0.9928492849284929,0
812,ccc,ccc,known,ccc,0.9928492849284929,1.5252035077249435e-245,normal,0.9928492849284929,0
813,ccc,ccc,known,ccc,0.9928492849284929,1.5142972120151392e-245,normal,0.9928492849284929,0
814,ccc,ccc,known,ccc,0.9928492849284929,1.5034689041184413e-245,normal,0.9928492849284929,0
815,ccc,ccc,known,ccc,0.9928492849284929,1.4927180263662192e-245,normal,0.9928492849284929,0
816,ccc,ccb,known,ccb,0.006600660066006601,9.852924266443692e-248,anomaly,0.006600660066006601,0
817,ccb,cbb,known,cbb,0.25,2.463231066610923e-248,normal,0.25,0
818,cbb,bbc,known,bbc,0.125,3.0790388332636537e-249,anomaly,0.125,0
819,bbc,bcc,known,bcc,0.26666666666666666,8.21077022203641e-250,normal,0.26666666666666666,0
820,bcc,ccc,known,ccc,1.0,8.21077022203641e-250,normal,1.0,0
821,ccc,ccc,known,ccc,0.9928492849284929,8.152057343661013e-250,normal,0.9928492849284929,0
822,ccc,ccc,known,ccc,0.9928492849284929,8.093764304349906e-250,normal,0.9928492849284929,0
823,ccc,ccc,known,ccc,0.9928492849284929,8.035888101953565e-250,normal,0.9928492849284929,0
824,ccc,ccc,known,ccc,0.9928492849284929,7.978425755789981e-250,normal,0.9928492849284929,0
825,ccc,ccc,known,ccc,0.9928492849284929,7.921374306491154e-250,normal,0.9928492849284929,0
826,ccc,ccc,known,ccc,0.9928492849284929,7.864730815850679e-250,normal,0.9928492849284929,0
827,ccc,ccc,known,ccc,0.9928492849284929,7.808492366672429e-250,normal,0.9928492849284929,0
828,ccc,ccc,known,ccc,0.9928492849284929,7.752656062620317e-250,normal,0.9928492849284929,0
829,ccc,ccc,known,ccc,0.9928492849284929,7.697219028069127e-250,normal,0.9928492849284929,0
830,ccc,ccc,known,ccc,0.9928492849284929,7.642178407956422e-250,normal,0.9928492849284929,0
831,ccc,ccb,known,ccb,0.006600660066006601,5.044342183469586e-252,anomaly,0.006600660066006601,0
832,ccb,cbc,known,cbc,0.75,3.7832566376021896e-252,normal,0.75,0
833,cbc,bcb,known,bcb,0.36363636363636365,1.3757296864007962e-252,normal,0.36363636363636365,0
834,bcb,cbb,known,cbb,0.6111111111111112,8.40723697244931e-253,normal,0.6111111111111112,0
835,cbb,bbb,known,bbb,0.75,6.305427729336983e-253,normal,0.75,0
836,bbb,bbb,known,bbb,0.6628787878787878,4.179734290280197e-253,normal,0.6628787878787878,0
837,bbb,bbc,known,bbc,0.045454545454545456,1.8998792228546353e-254,anomaly,0.045454545454545456,0
838,bbc,bcb,known,bcb,0.6666666666666666,1.2665861485697568e-254,normal,0.6666666666666666,0
839,bcb,cbb,known,cbb,0.6111111111111112,7.740248685704069e-255,normal,0.6111111111111112,0
840,cbb,bbc,known,bbc,0.125,9.675310857130087e-256,anomaly,0.125,0
841,bbc,bcc,known,bcc,0.26666666666666666,2.5800828952346898e-256,normal,0.26666666666666666,0
842,bcc,ccc,known,ccc,1.0,2.5800828952346898e-256,normal,1.0,0
843,ccc,ccc,known,ccc,0.9928492849284929,2.5616334575899973e-256,normal,0.9928492849284929,0
844,ccc,ccc,known,ccc,0.9928492849284929,2.5433159466171315e-256,normal,0.9928492849284929,0
845,ccc,ccc,known,ccc,0.9928492849284929,2.525129418946052e-256,normal,0.9928492849284929,0
846,ccc,ccb,known,ccb,0.006600660066006601,1.6667520917135657e-258,anomaly,0.006600660066006601,0
847,ccb,cbc,known,cbc,0.75,1.2500640687851743e-258,normal,0.75,0
848,cbc,bcb,known,bcb,0.36363636363636365,4.545687522855179e-259,normal,0.36363636363636365,0
849,bcb,cbb,known,cbb,0.6111111111111112,2.777920152855943e-259,normal,0.6111111111111112,0
850,cbb,bbb,known,bbb,0.75,2.0834401146419574e-259,normal,0.75,0
851,bbb,bbb,known,bbb,0.6628787878787878,1.3810682578119037e-259,normal,0.6628787878787878,0
852,bbb,bbb,known,bbb,0.6628787878787878,9.154808527162239e-260,normal,0.6628787878787878,0
853,bbb,bbb,known,bbb,0.6628787878787878,6.068528379747696e-260,normal,0.6628787878787878,0
854,bbb,bbb,known,bbb,0.6628787878787878,4.0226987365751775e-260,normal,0.6628787878787878,0
855,bbb,bbb,known,bbb,0.6628787878787878,2.666561662502485e-260,normal,0.6628787878787878,0
856,bbb,bbc,known,bbc,0.045454545454545456,1.2120734829556749e-261,anomaly,0.045454545454545456,0
857,bbc,bcb,known,bcb,0.6666666666666666,8.080489886371166e-262,normal,0.6666666666666666,0
858,bcb,cbb,known,cbb,0.6111111111111112,4.93807715278238e-262,normal,0.6111111111111112,0
859,cbb,bbb,known,bbb,0.75,3.7035578645867845e-262,normal,0.75,0
860,bbb,bbb,known,bbb,0.6628787878787878,2.4550099481162397e-262,normal,0.6628787878787878,0
861,bbb,bbb,known,bbb,0.6628787878787878,1.6273740186376588e-262,normal,0.6628787878787878,0
862,bbb,bba,known,bba,0.2916666666666667,4.7465075543598384e-263,normal,0.2916666666666667,0
863,bba,bab,known,bab,0.427536231884058,2.0293039544002208e-263,normal,0.427536231884058,0
864,bab,abb,known,abb,0.3722627737226277,7.554343187913231e-264,normal,0.3722627737226277,0
865,abb,bba,known,bba,0.43478260869565216,3.2844970382231437e-264,normal,0.43478260869565216,0
866,bba,bab,known,bab,0.427536231884058,1.4042414873562716e-264,normal,0.427536231884058,0
867,bab,abb,known,abb,0.3722627737226277,5.227468310596339e-265,normal,0.3722627737226277,0
868,abb,bbb,known,bbb,0.5579710144927537,2.91677579649216e-265,normal,0.5579710144927537,0
869,bbb,bbb,known,bbb,0.6628787878787878,1.9334688044929092e-265,normal,0.6628787878787878,0
870,bbb,bbb,known,bbb,0.6628787878787878,1.2816554575237088e-265,normal,0.6628787878787878,0
871,bbb,bbb,known,bbb,0.6628787878787878,8.495822161615494e-266,normal,0.6628787878787878,0
872,bbb,bbb,known,bbb,0.6628787878787878,5.631700296525422e-266,normal,0.6628787878787878,0
873,bbb,bbb,known,bbb,0.6628787878787878,3.733134666257382e-266,normal,0.6628787878787878,0
874,bbb,bba,known,bba,0.2916666666666667,1.0888309443250698e-266,normal,0.2916666666666667,0
875,bba,bab,known,bab,0.427536231884058,4.6551467909550085e-267,normal,0.427536231884058,0
876,bab,abb,known,abb,0.3722627737226277,1.732937856486901e-267,normal,0.3722627737226277,0
877,abb,bbb,known,bbb,0.5579710144927537,9.669290938368941e-268,normal,0.5579710144927537,0
878,bbb,bbb,known,bbb,0.6628787878787878,6.40956785687335e-268,normal,0.6628787878787878,0
879,bbb,bbb,known,bbb,0.6628787878787878,4.2487665717910463e-268,normal,0.6628787878787878,0
880,bbb,bbb,known,bbb,0.6628787878787878,2.8164172350887617e-268,normal,0.6628787878787878,0
881,bbb,bbb,known,bbb,0.6628787878787878,1.8669432429565653e-268,normal,0.6628787878787878,0
882,bbb,bbb,known,bbb,0.6628787878787878,1.2375570739295412e-268,normal,0.6628787878787878,0
883,bbb,bbb,known,bbb,0.6628787878787878,8.203503330972337e-269,normal,0.6628787878787878,0
884,bbb,bbb,known,bbb,0.6628787878787878,5.437928344394541e-269,normal,0.6628787878787878,0
885,bbb,bbc,known,bbc,0.045454545454545456,2.471785611088428e-270,anomaly,0.045454545454545456,0
886,bbc,bcb,known,bcb,0.6666666666666666,1.6478570740589519e-270,normal,0.6666666666666666,0
887,bcb,cbb,known,cbb,0.6111111111111112,1.0070237674804707e-270,normal,0.6111111111111112,0
888,cbb,bbb,known,bbb,0.75,7.55267825610353e-271,normal,0.75,0
889,bbb,bbb,known,bbb,0.6628787878787878,5.006510207644385e-271,normal,0.6628787878787878,0
890,bbb,bbb,known,bbb,0.6628787878787878,3.3187094179460885e-271,normal,0.6628787878787878,0
891,bbb,bbb,known,bbb,0.6628787878787878,2.1999020762900207e-271,normal,0.6628787878787878,0
892,bbb,bbb,known,bbb,0.6628787878787878,1.4582684217831576e-271,normal,0.6628787878787878,0
893,bbb,bbb,known,bbb,0.6628787878787878,9.666552038335324e-272,normal,0.6628787878787878,0
894,bbb,bbb,known,bbb,0.6628787878787878,6.407752298138945e-272,normal,0.6628787878787878,0
895,bbb,bbb,known,bbb,0.6628787878787878,4.247563076417861e-272,normal,0.6628787878787878,0
896,bbb,bbb,known,bbb,0.6628787878787878,2.815619463534567e-272,normal,0.6628787878787878,0
897,bbb,bbb,known,bbb,0.6628787878787878,1.8664144171157166e-272,normal,0.6628787878787878,0
898,bbb,bbb,known,bbb,0.6628787878787878,1.2372065264971605e-272,normal,0.6628787878787878,0
899,bbb,bbb,known,bbb,0.6628787878787878,8.201179626401632e-273,normal,0.6628787878787878,0
900,bbb,bbc,known,bbc,0.045454545454545456,3.727808921091651e-274,anomaly,0.045454545454545456,0
901,bbc,bcc,known,bcc,0.26666666666666666,9.940823789577736e-275,normal,0.26666666666666666,0
902,bcc,ccb,known,ccb,0.0,9.940823789577737e-279,anomaly,0.0,0
903,ccb,cbb,known,cbb,0.25,2.4852059473944343e-279,normal,0.25,0
904,cbb,bbb,known,bbb,0.75,1.8639044605458257e-279,normal,0.75,0
905,bbb,bbb,known,bbb,0.6628787878787878,1.235542729528483e-279,normal,0.6628787878787878,0
906,bbb,bbb,known,bbb,0.6628787878787878,8.190150669222897e-280,normal,0.6628787878787878,0
907,bbb,bbb,known,bbb,0.6628787878787878,5.429077148159118e-280,normal,0.6628787878787878,0
908,bbb,bbb,known,bbb,0.6628787878787878,3.5988200792721423e-280,normal,0.6628787878787878,0
909,bbb,bbb,known,bbb,0.6628787878787878,2.385581491941761e-280,normal,0.6628787878787878,0
910,bbb,bbb,known,bbb,0.6628787878787878,1.5813513677644248e-280,normal,0.6628787878787878,0
911,bbb,bbb,known,bbb,0.6628787878787878,1.0482442778741452e-280,normal,0.6628787878787878,0
912,bbb,bbb,known,bbb,0.6628787878787878,6.948588963180886e-281,normal,0.6628787878787878,0
913,bbb,bbb,known,bbb,0.6628787878787878,4.606072229381269e-281,normal,0.6628787878787878,0
914,bbb,bbb,known,bbb,0.6628787878787878,3.053267576294402e-281,normal,0.6628787878787878,0
915,bbb,bbb,known,bbb,0.6628787878787878,2.0239463100436374e-281,normal,0.6628787878787878,0
916,bbb,bbb,known,bbb,0.6628787878787878,1.3416310767334718e-281,normal,0.6628787878787878,0
917,bbb,bbb,known,bbb,0.6628787878787878,8.893387819255967e-282,normal,0.6628787878787878,0
918,bbb,bbc,known,bbc,0.045454545454545456,4.0424490087527126e-283,anomaly,0.045454545454545456,0
919,bbc,bcb,known,bcb,0.6666666666666666,2.694966005835142e-283,normal,0.6666666666666666,0
920,bcb,cbb,known,cbb,0.6111111111111112,1.6469236702325868e-283,normal,0.6111111111111112,0
921,cbb,bbb,known,bbb,0.75,1.23519275267444e-283,normal,0.75,0
922,bbb,bbb,known,bbb,0.6628787878787878,8.187830746894962e-284,normal,0.6628787878787878,0
923,bbb,bbb,known,bbb,0.6628787878787878,5.427539320858402e-284,normal,0.6628787878787878,0
924,bbb,bbb,known,bbb,0.6628787878787878,3.597800686175077e-284,normal,0.6628787878787878,0
925,bbb,bbb,known,bbb,0.6628787878787878,2.3849057578812063e-284,normal,0.6628787878787878,0
926,bbb,bbb,known,bbb,0.6628787878787878,1.5809034379894358e-284,normal,0.6628787878787878,0
927,bbb,bbb,known,bbb,0.6628787878787878,1.0479473547278457e-284,normal,0.6628787878787878,0
928,bbb,bbb,known,bbb,0.6628787878787878,6.946620722627764e-285,normal,0.6628787878787878,0
929,bbb,bbb,known,bbb,0.6628787878787878,4.604767524469162e-285,normal,0.6628787878787878,0
930,bbb,bbb,known,bbb,0.6628787878787878,3.052402715083725e-285,normal,0.6628787878787878,0
931,bbb,bbc,known,bbc,0.045454545454545456,1.3874557795835114e-286,anomaly,0.045454545454545456,0
932,bbc,bcc,known,bcc,0.26666666666666666,3.6998820788893635e-287,normal,0.26666666666666666,0
933,bcc,ccb,known,ccb,0.0,3.699882078889364e-291,anomaly,0.0,0
934,ccb,cbb,known,cbb,0.25,9.24970519722341e-292,normal,0.25,0
935,cbb,bbb,known,bbb,0.75,6.937278897917557e-292,normal,0.75,0
936,bbb,bbb,known,bbb,0.6628787878787878,4.598575027028683e-292,normal,0.6628787878787878,0
937,bbb,bbb,known,bbb,0.6628787878787878,3.048297839886437e-292,normal,0.6628787878787878,0
938,bbb,bbb,known,bbb,0.6628787878787878,2.0206519771974487e-292,normal,0.6628787878787878,0
939,bbb,bbb,known,bbb,0.6628787878787878,1.339447333369521e-292,normal,0.6628787878787878,0
940,bbb,bbb,known,bbb,0.6628787878787878,8.878912247714627e-293,normal,0.6628787878787878,0
941,bbb,bbb,known,bbb,0.6628787878787878,5.885642588447195e-293,normal,0.6628787878787878,0
942,bbb,bbb,known,bbb,0.6628787878787878,3.901467624917648e-293,normal,0.6628787878787878,0
943,bbb,bbb,known,bbb,0.6628787878787878,2.586200130153744e-293,normal,0.6628787878787878,0
944,bbb,bbc,known,bbc,0.045454545454545456,1.1755455137062472e-294,anomaly,0.045454545454545456,0
945,bbc,bcb,known,bcb,0.6666666666666666,7.836970091374981e-295,normal,0.6666666666666666,0
946,bcb,cbb,known,cbb,0.6111111111111112,4.789259500284711e-295,normal,0.6111111111111112,0
947,cbb,bbb,known,bbb,0.75,3.591944625213533e-295,normal,0.75,0
948,bbb,bbb,known,bbb,0.6628787878787878,2.3810238992892738e-295,normal,0.6628787878787878,0
949,bbb,bbb,known,bbb,0.6628787878787878,1.5783302362712988e-295,normal,0.6628787878787878,0
950,bbb,bbb,known,bbb,0.6628787878787878,1.0462416338919593e-295,normal,0.6628787878787878,0
951,bbb,bbb,known,bbb,0.6628787878787878,6.935313861026246e-296,normal,0.6628787878787878,0
952,bbb,bbb,known,bbb,0.6628787878787878,4.597272445756034e-296,normal,0.6628787878787878,0
953,bbb,bbb,known,bbb,0.6628787878787878,3.0474343863913103e-296,normal,0.6628787878787878,0
954,bbb,bbb,known,bbb,0.6628787878787878,2.0200796121912095e-296,normal,0.6628787878787878,0
955,bbb,bbb,known,bbb,0.6628787878787878,1.3390679247479608e-296,normal,0.6628787878787878,0
956,bbb,bbb,known,bbb,0.6628787878787878,8.876397228442921e-297,normal,0.6628787878787878,0
957,bbb,bbb,known,bbb,0.6628787878787878,5.883975435520875e-297,normal,0.6628787878787878,0
958,bbb,bbb,known,bbb,0.6628787878787878,3.9003625046066406e-297,normal,0.6628787878787878,0
959,bbb,bba,known,bba,0.2916666666666667,1.1376057305102702e-297,normal,0.2916666666666667,0
960,bba,bab,known,bab,0.427536231884058,4.863676673920721e-298,normal,0.427536231884058,0
961,bab,abb,known,abb,0.3722627737226277,1.8105657691237719e-298,normal,0.3722627737226277,0
962,abb,bbb,known,bbb,0.5579710144927537,1.0102432190038438e-298,normal,0.5579710144927537,0
963,bbb,bbb,known,bbb,0.6628787878787878,6.696688004760328e-299,normal,0.6628787878787878,0
964,bbb,bba,known,bba,0.2916666666666667,1.9532006680550957e-299,normal,0.2916666666666667,0
965,bba,bab,known,bab,0.427536231884058,8.350640537337004e-300,normal,0.427536231884058,0
966,bab,abb,known,abb,0.3722627737226277,3.108632608789687e-300,normal,0.3722627737226277,0
967,abb,bbb,known,bbb,0.5579710144927537,1.7345268904116372e-300,normal,0.5579710144927537,0
968,bbb,bbb,known,bbb,0.6628787878787878,1.1497810826592292e-300,normal,0.6628787878787878,0
969,bbb,bbb,known,bbb,0.6628787878787878,7.621654903991102e-301,normal,0.6628787878787878,0
970,bbb,bbb,known,bbb,0.6628787878787878,5.052233364388041e-301,normal,0.6628787878787878,0
971,bbb,bbb,known,bbb,0.6628787878787878,3.349018328666315e-301,normal,0.6628787878787878,0
972,bbb,bbb,known,bbb,0.6628787878787878,2.2199932102901707e-301,normal,0.6628787878787878,0
973,bbb,bbb,known,bbb,0.6628787878787878,1.4715864083362872e-301,normal,0.6628787878787878,0
974,bbb,bbb,known,bbb,0.6628787878787878,9.75483414616857e-302,normal,0.6628787878787878,0
975,bbb,bbb,known,bbb,0.6628787878787878,6.466272634770832e-302,normal,0.6628787878787878,0
976,bbb,bbb,known,bbb,0.6628787878787878,4.286354966230665e-302,normal,0.6628787878787878,0
977,bbb,bbb,known,bbb,0.6628787878787878,2.841333784433206e-302,normal,0.6628787878787878,0
978,bbb,bbb,known,bbb,0.6628787878787878,1.8834598949841327e-302,normal,0.6628787878787878,0
979,bbb,bbb,known,bbb,0.6628787878787878,1.248505612205391e-302,normal,0.6628787878787878,0
980,bbb,bbb,known,bbb,0.6628787878787878,8.276078868785735e-303,normal,0.6628787878787878,0
981,bbb,bba,known,bba,0.2916666666666667,2.4138563367291727e-303,normal,0.2916666666666667,0
982,bba,bab,known,bab,0.427536231884058,1.0320110425146463e-303,normal,0.427536231884058,0
983,bab,abb,known,abb,0.3722627737226277,3.841792931988829e-304,normal,0.3722627737226277,0
984,abb,bbb,known,bbb,0.5579710144927537,2.1436090997328973e-304,normal,0.5579710144927537,0
985,bbb,bbb,known,bbb,0.6628787878787878,1.4209530017168826e-304,normal,0.6628787878787878,0
986,bbb,bbb,known,bbb,0.6628787878787878,9.419196034108122e-305,normal,0.6628787878787878,0
987,bbb,bbb,known,bbb,0.6628787878787878,6.243785249882277e-305,normal,0.6628787878787878,0
988,bbb,bbb,known,bbb,0.6628787878787878,4.1388727982174183e-305,normal,0.6628787878787878,0
989,bbb,bbb,known,bbb,0.6628787878787878,2.743570983666849e-305,normal,0.6628787878787878,0
990,bbb,bbb,known,bbb,0.6628787878787878,1.8186550081124947e-305,normal,0.6628787878787878,0
991,bbb,bbb,known,bbb,0.6628787878787878,1.2055478273472976e-305,normal,0.6628787878787878,0
992,bbb,bbb,known,bbb,0.6628787878787878,7.991320825218829e-306,normal,0.6628787878787878,0
993,bbb,bbb,known,bbb,0.6628787878787878,5.297277062171572e-306,normal,0.6628787878787878,0
994,bbb,bbb,known,bbb,0.6628787878787878,3.511452598030398e-306,normal,0.6628787878787878,0
995,bbb,bbb,known,bbb,0.6628787878787878,2.3276674418762107e-306,normal,0.6628787878787878,0
996,bbb,bbb,known,bbb,0.6628787878787878,1.5429613724558213e-306,normal,0.6628787878787878,0
997,bbb,bbb,known,bbb,0.6628787878787878,1.0227963643173058e-306,normal,0.6628787878787878,0
998,bbb,bbb,known,bbb,0.6628787878787878,6.779900142254867e-307,normal,0.6628787878787878,0
999,bbb,bbb,known,bbb,0.6628787878787878,4.494251988237128e-307,normal,0.6628787878787878,0
1000,bbb,bbb,known,bbb,0.6628787878787878,2.9791443103844594e-307,normal,0.6628787878787878,0
1001,bbb,bbb,known,bbb,0.6628787878787878,1.9748115693836376e-307,normal,0.6628787878787878,0
1002,bbb,bbb,known,bbb,0.6628787878787878,1.3090606994020324e-307,normal,0.6628787878787878,0
1003,bbb,bbb,known,bbb,0.6628787878787878,8.677485696793775e-308,normal,0.6628787878787878,0
1004,bbb,bbb,known,bbb,0.6628787878787878,5.752121200526176e-308,normal,0.6628787878787878,0
1005,bbb,bbb,known,bbb,0.6628787878787878,3.8129591291366696e-308,normal,0.6628787878787878,0
1006,bbb,bbb,known,bbb,0.6628787878787878,2.527529725753474e-308,normal,0.6628787878787878,0
1007,bbb,bba,known,bba,0.2916666666666667,7.3719617001143e-309,normal,0.2916666666666667,0
1008,bba,baa,known,baa,0.5652173913043478,4.16676096093417e-309,normal,0.5652173913043478,0
1009,baa,aaa,known,aaa,0.7941176470588235,3.30889841015361e-309,normal,0.7941176470588235,0
1010,aaa,aab,known,aab,0.05786618444846293,1.91473325723174e-310,anomaly,0.05786618444846293,0
1011,aab,abb,known,abb,0.42574257425742573,8.1518346595013e-311,normal,0.42574257425742573,0
1012,abb,bbb,known,bbb,0.5579710144927537,4.548487454939e-311,normal,0.5579710144927537,0
1013,bbb,bbb,known,bbb,0.6628787878787878,3.0150958508116e-311,normal,0.6628787878787878,0
1014,bbb,bbb,known,bbb,0.6628787878787878,1.9986430829246e-311,normal,0.6628787878787878,0
1015,bbb,bbb,known,bbb,0.6628787878787878,1.324858104211e-311,normal,0.6628787878787878,0
1016,bbb,bbb,known,bbb,0.6628787878787878,8.782203342307e-312,normal,0.6628787878787878,0
1017,bbb,bbb,known,bbb,0.6628787878787878,5.821536306456e-312,normal,0.6628787878787878,0
1018,bbb,bbb,known,bbb,0.6628787878787878,3.858972930415e-312,normal,0.6628787878787878,0
1019,bbb,bbb,known,bbb,0.6628787878787878,2.55803129857e-312,normal,0.6628787878787878,0
1020,bbb,bbb,known,bbb,0.6628787878787878,1.695664686553e-312,normal,0.6628787878787878,0
1021,bbb,bbb,known,bbb,0.6628787878787878,1.12402015207e-312,normal,0.6628787878787878,0
1022,bbb,bbb,known,bbb,0.6628787878787878,7.45089115955e-313,normal,0.6628787878787878,0
1023,bbb,bbb,known,bbb,0.6628787878787878,4.93903770045e-313,normal,0.6628787878787878,0
1024,bbb,bbb,known,bbb,0.6628787878787878,3.27398332416e-313,normal,0.6628787878787878,0
1025,bbb,bbb,known,bbb,0.6628787878787878,2.17025409743e-313,normal,0.6628787878787878,0
1026,bbb,bbb,known,bbb,0.6628787878787878,1.43861540547e-313,normal,0.6628787878787878,0
1027,bbb,bbb,known,bbb,0.6628787878787878,9.536276362e-314,normal,0.6628787878787878,0
1028,bbb,bbb,known,bbb,0.6628787878787878,6.3213953155e-314,normal,0.6628787878787878,0
1029,bbb,bbb,known,bbb,0.6628787878787878,4.1903188642e-314,normal,0.6628787878787878,0
1030,bbb,bbb,known,bbb,0.6628787878787878,2.7776734894e-314,normal,0.6628787878787878,0
1031,bbb,bbb,known,bbb,0.6628787878787878,1.841260836e-314,normal,0.6628787878787878,0
1032,bbb,bbb,known,bbb,0.6628787878787878,1.220532751e-314,normal,0.6628787878787878,0
1033,bbb,bba,known,bba,0.2916666666666667,3.55988719e-315,normal,0.2916666666666667,0
1034,bba,bab,known,bab,0.427536231884058,1.521980754e-315,normal,0.427536231884058,0
1035,bab,abb,known,abb,0.3722627737226277,5.66576775e-316,normal,0.3722627737226277,0
1036,abb,bbb,known,bbb,0.5579710144927537,3.16133417e-316,normal,0.5579710144927537,0
1037,bbb,bbb,known,bbb,0.6628787878787878,2.09558136e-316,normal,0.6628787878787878,0
1038,bbb,bbb,known,bbb,0.6628787878787878,1.38911645e-316,normal,0.6628787878787878,0
1039,bbb,bbc,known,bbc,0.045454545454545456,6.314164e-318,anomaly,0.045454545454545456,0
1040,bbc,bcb,known,bcb,0.6666666666666666,4.209444e-318,normal,0.6666666666666666,0
1041,bcb,cbb,known,cbb,0.6111111111111112,2.572437e-318,normal,0.6111111111111112,0
1042,cbb,bbb,known,bbb,0.75,1.929326e-318,normal,0.75,0
1043,bbb,bbb,known,bbb,0.6628787878787878,1.27891e-318,normal,0.6628787878787878,0
1044,bbb,bbb,known,bbb,0.6628787878787878,8.4776e-319,normal,0.6628787878787878,0
1045,bbb,bbb,known,bbb,0.6628787878787878,5.61965e-319,normal,0.6628787878787878,0
1046,bbb,bbb,known,bbb,0.6628787878787878,3.72516e-319,normal,0.6628787878787878,0
1047,bbb,bbb,known,bbb,0.6628787878787878,2.46934e-319,normal,0.6628787878787878,0
1048,bbb,bbb,known,bbb,0.6628787878787878,1.6369e-319,normal,0.6628787878787878,0
1049,bbb,bbb,known,bbb,0.6628787878787878,1.08507e-319,normal,0.6628787878787878,0
1050,bbb,bbb,known,bbb,0.6628787878787878,7.1926e-320,normal,0.6628787878787878,0
1051,bbb,bbb,known,bbb,0.6628787878787878,4.7677e-320,normal,0.6628787878787878,0
1052,bbb,bbb,known,bbb,0.6628787878787878,3.1605e-320,normal,0.6628787878787878,0
1053,bbb,bbb,known,bbb,0.6628787878787878,2.095e-320,normal,0.6628787878787878,0
1054,bbb,bbb,known,bbb,0.6628787878787878,1.389e-320,normal,0.6628787878787878,0
1055,bbb,bbb,known,bbb,0.6628787878787878,9.204e-321,normal,0.6628787878787878,0
1056,bbb,bbb,known,bbb,0.6628787878787878,6.1e-321,normal,0.6628787878787878,0
1057,bbb,bbb,known,bbb,0.6628787878787878,4.046e-321,normal,0.6628787878787878,0
1058,bbb,bbb,known,bbb,0.6628787878787878,2.683e-321,normal,0.6628787878787878,0
1059,bbb,bbb,known,bbb,0.6628787878787878,1.78e-321,normal,0.6628787878787878,0
1060,bbb,bbb,known,bbb,0.6628787878787878,1.18e-321,normal,0.6628787878787878,0
1061,bbb,bbb,known,bbb,0.6628787878787878,7.8e-322,normal,0.6628787878787878,0
1062,bbb,bbb,known,bbb,0.6628787878787878,5.2e-322,normal,0.6628787878787878,0
1063,bbb,bbb,known,bbb,0.6628787878787878,3.46e-322,normal,0.6628787878787878,0
1064,bbb,bbb,known,bbb,0.6628787878787878,2.27e-322,normal,0.6628787878787878,0
1065,bbb,bbb,known,bbb,0.6628787878787878,1.5e-322,normal,0.6628787878787878,0
1066,bbb,bbb,known,bbb,0.6628787878787878,1e-322,normal,0.6628787878787878,0
1067,bbb,bbb,known,bbb,0.6628787878787878,6.4e-323,normal,0.6628787878787878,0
1068,bbb,bbb,known,bbb,0.6628787878787878,4.4e-323,normal,0.6628787878787878,0
1069,bbb,bbb,known,bbb,0.6628787878787878,3e-323,normal,0.6628787878787878,0
1070,bbb,bbb,known,bbb,0.6628787878787878,2e-323,normal,0.6628787878787878,0
1071,bbb,bbb,known,bbb,0.6628787878787878,1.5e-323,normal,0.6628787878787878,0
1072,bbb,bbb,known,bbb,0.6628787878787878,1e-323,normal,0.6628787878787878,0
1073,bbb,bbb,known,bbb,0.6628787878787878,5e-324,normal,0.6628787878787878,0
1074,bbb,bba,known,bba,0.2916666666666667,0.0,normal,0.2916666666666667,0
1075,bba,baa,known,baa,0.5652173913043478,0.0,normal,0.5652173913043478,0
1076,baa,aab,known,aab,0.20588235294117646,0.0,normal,0.20588235294117646,0
1077,aab,abb,known,abb,0.42574257425742573,0.0,normal,0.42574257425742573,0
1078,abb,bbb,known,bbb,0.5579710144927537,0.0,normal,0.5579710144927537,0
1079,bbb,bbc,known,bbc,0.045454545454545456,0.0,anomaly,0.045454545454545456,0
1080,bbc,bcc,known,bcc,0.26666666666666666,0.0,normal,0.26666666666666666,0
1081,bcc,ccb,known,ccb,0.0,0.0,anomaly,0.0,0
1082,ccb,cbb,known,cbb,0.25,0.0,normal,0.25,0
1083,cbb,bbb,known,bbb,0.75,0.0,normal,0.75,0
1084,bbb,bba,known,bba,0.2916666666666667,0.0,normal,0.2916666666666667,0
1085,bba,bab,known,bab,0.427536231884058,0.0,normal,0.427536231884058,0
1086,bab,aba,known,aba,0.5985401459854015,0.0,normal,0.5985401459854015,0
1087,aba,bab,known,bab,0.36683417085427134,0.0,normal,0.36683417085427134,0
1088,bab,abb,known,abb,0.3722627737226277,0.0,normal,0.3722627737226277,0
1089,abb,bbb,known,bbb,0.5579710144927537,0.0,normal,0.5579710144927537,0
1090,bbb,bbb,known,bbb,0.6628787878787878,0.0,normal,0.6628787878787878,0
1091,bbb,bbb,known,bbb,0.6628787878787878,0.0,normal,0.6628787878787878,0
1092,bbb,bbb,known,bbb,0.6628787878787878,0.0,normal,0.6628787878787878,0
1093,bbb,bbb,known,bbb,0.6628787878787878,0.0,normal,0.6628787878787878,0
1094,bbb,bbb,known,bbb,0.6628787878787878,0.0,normal,0.6628787878787878,0
1095,bbb,bba,known,bba,0.2916666666666667,0.0,normal,0.2916666666666667,0
1096,bba,bab,known,bab,0.427536231884058,0.0,normal,0.427536231884058,0
1097,bab,abb,known,abb,0.3722627737226277,0.0,normal,0.3722627737226277,0
1098,abb,bbb,known,bbb,0.5579710144927537,0.0,normal,0.5579710144927537,0
1099,bbb,bbb,known,bbb,0.6628787878787878,0.0,normal,0.6628787878787878,0
1100,bbb,bbb,known,bbb,0.6628787878787878,0.0,normal,0.6628787878787878,0
1101,bbb,bbb,known,bbb,0.6628787878787878,0.0,normal,0.6628787878787878,0
1102,bbb,bbb,known,bbb,0.6628787878787878,0.0,normal,0.6628787878787878,0
1103,bbb,bba,known,bba,0.2916666666666667,0.0,normal,0.2916666666666667,0
1104,bba,bab,known,bab,0.427536231884058,0.0,normal,0.427536231884058,0
1105,bab,abb,known,abb,0.3722627737226277,0.0,normal,0.3722627737226277,0
1106,abb,bbb,known,bbb,0.5579710144927537,0.0,normal,0.5579710144927537,0
1107,bbb,bbb,known,bbb,0.6628787878787878,0.0,normal,0.6628787878787878,0
1108,bbb,bbb,known,bbb,0.6628787878787878,0.0,normal,0.6628787878787878,0
1109,bbb,bbb,known,bbb,0.6628787878787878,0.0,normal,0.6628787878787878,0
1110,bbb,bbb,known,bbb,0.6628787878787878,0.0,normal,0.6628787878787878,0
1111,bbb,bbb,known,bbb,0.6628787878787878,0.0,normal,0.6628787878787878,0
1112,bbb,bba,known,bba,0.2916666666666667,0.0,normal,0.2916666666666667,0
1113,bba,bab,known,bab,0.427536231884058,0.0,normal,0.427536231884058,0
1114,bab,abb,known,abb,0.3722627737226277,0.0,normal,0.3722627737226277,0
1115,abb,bbb,known,bbb,0.5579710144927537,0.0,normal,0.5579710144927537,0
1116,bbb,bbb,known,bbb,0.6628787878787878,0.0,normal,0.6628787878787878,0
1117,bbb,bbb,known,bbb,0.6628787878787878,0.0,normal,0.6628787878787878,0
1118,bbb,bbb,known,bbb,0.6628787878787878,0.0,normal,0.6628787878787878,0
1119,bbb,bbb,known,bbb,0.6628787878787878,0.0,normal,0.6628787878787878,0
1120,bbb,bbb,known,bbb,0.6628787878787878,0.0,normal,0.6628787878787878,0
1121,bbb,bbb,known,bbb,0.6628787878787878,0.0,normal,0.6628787878787878,0
1122,bbb,bbb,known,bbb,0.6628787878787878,0.0,normal,0.6628787878787878,0
1123,bbb,bbb,known,bbb,0.6628787878787878,0.0,normal,0.6628787878787878,0
1124,bbb,bbb,known,bbb,0.6628787878787878,0.0,normal,0.6628787878787878,0
1125,bbb,bbb,known,bbb,0.6628787878787878,0.0,normal,0.6628787878787878,0
1126,bbb,bbb,known,bbb,0.6628787878787878,0.0,normal,0.6628787878787878,0
1127,bbb,bbb,known,bbb,0.6628787878787878,0.0,normal,0.6628787878787878,0
1128,bbb,bbb,known,bbb,0.6628787878787878,0.0,normal,0.6628787878787878,0
1129,bbb,bbb,known,bbb,0.6628787878787878,0.0,normal,0.6628787878787878,0
1130,bbb,bbb,known,bbb,0.6628787878787878,0.0,normal,0.6628787878787878,0
1131,bbb,bbb,known,bbb,0.6628787878787878,0.0,normal,0.6628787878787878,0
1132,bbb,bbb,known,bbb,0.6628787878787878,0.0,normal,0.6628787878787878,0
1133,bbb,bbb,known,bbb,0.6628787878787878,0.0,normal,0.6628787878787878,0
1134,bbb,bbb,known,bbb,0.6628787878787878,0.0,normal,0.6628787878787878,0
1135,bbb,bbb,known,bbb,0.6628787878787878,0.0,normal,0.6628787878787878,0
1136,bbb,bbb,known,bbb,0.6628787878787878,0.0,normal,0.6628787878787878,0
1137,bbb,bbb,known,bbb,0.6628787878787878,0.0,normal,0.6628787878787878,0
1138,bbb,bbb,known,bbb,0.6628787878787878,0.0,normal,0.6628787878787878,0
1139,bbb,bbb,known,bbb,0.6628787878787878,0.0,normal,0.6628787878787878,0
1140,bbb,bba,known,bba,0.2916666666666667,0.0,normal,0.2916666666666667,0
1141,bba,baa,known,baa,0.5652173913043478,0.0,normal,0.5652173913043478,0
1142,baa,aab,known,aab,0.20588235294117646,0.0,normal,0.20588235294117646,0
1143,aab,abb,known,abb,0.42574257425742573,0.0,normal,0.42574257425742573,0
1144,abb,bbb,known,bbb,0.5579710144927537,0.0,normal,0.5579710144927537,0
1145,bbb,bbb,known,bbb,0.6628787878787878,0.0,normal,0.6628787878787878,0
1146,bbb,bbb,known,bbb,0.6628787878787878,0.0,normal,0.6628787878787878,0
1147,bbb,bbb,known,bbb,0.6628787878787878,0.0,normal,0.6628787878787878,0
1148,bbb,bbb,known,bbb,0.6628787878787878,0.0,normal,0.6628787878787878,0
1149,bbb,bbb,known,bbb,0.6628787878787878,0.0,normal,0.6628787878787878,0
1150,bbb,bbb,known,bbb,0.6628787878787878,0.0,normal,0.6628787878787878,0
1151,bbb,bbb,known,bbb,0.6628787878787878,0.0,normal,0.6628787878787878,0
1152,bbb,bbb,known,bbb,0.6628787878787878,0.0,normal,0.6628787878787878,0
1153,bbb,bbb,known,bbb,0.6628787878787878,0.0,normal,0.6628787878787878,0
1154,bbb,bba,known,bba,0.2916666666666667,0.0,normal,0.2916666666666667,0
1155,bba,bab,known,bab,0.427536231884058,0.0,normal,0.427536231884058,0
1156,bab,aba,known,aba,0.5985401459854015,0.0,normal,0.5985401459854015,0
1157,aba,bab,known,bab,0.36683417085427134,0.0,normal,0.36683417085427134,0
1158,bab,abb,known,abb,0.3722627737226277,0.0,normal,0.3722627737226277,0
1159,abb,bbb,known,bbb,0.5579710144927537,0.0,normal,0.5579710144927537,0
1160,bbb,bbb,known,bbb,0.6628787878787878,0.0,normal,0.6628787878787878,0
1161,bbb,bbb,known,bbb,0.6628787878787878,0.0,normal,0.6628787878787878,0
1162,bbb,bbb,known,bbb,0.6628787878787878,0.0,normal,0.6628787878787878,0
1163,bbb,bbb,known,bbb,0.6628787878787878,0.0,normal,0.6628787878787878,0
1164,bbb,bbb,known,bbb,0.6628787878787878,0.0,normal,0.6628787878787878,0
1165,bbb,bbb,known,bbb,0.6628787878787878,0.0,normal,0.6628787878787878,0
1166,bbb,bbb,known,bbb,0.6628787878787878,0.0,normal,0.6628787878787878,0
1167,bbb,bbb,known,bbb,0.6628787878787878,0.0,normal,0.6628787878787878,0
1168,bbb,bbb,known,bbb,0.6628787878787878,0.0,normal,0.6628787878787878,0
1169,bbb,bbb,known,bbb,0.6628787878787878,0.0,normal,0.6628787878787878,0
1170,bbb,bbb,known,bbb,0.6628787878787878,0.0,normal,0.6628787878787878,0
1171,bbb,bbb,known,bbb,0.6628787878787878,0.0,normal,0.6628787878787878,0
1172,bbb,bbb,known,bbb,0.6628787878787878,0.0,normal,0.6628787878787878,0
1173,bbb,bbb,known,bbb,0.6628787878787878,0.0,normal,0.6628787878787878,0
1174,bbb,bbb,known,bbb,0.6628787878787878,0.0,normal,0.6628787878787878,0
1175,bbb,bbb,known,bbb,0.6628787878787878,0.0,normal,0.6628787878787878,0
1176,bbb,bbb,known,bbb,0.6628787878787878,0.0,normal,0.6628787878787878,0
1177,bbb,bbb,known,bbb,0.6628787878787878,0.0,normal,0.6628787878787878,0
1178,bbb,bbb,known,bbb,0.6628787878787878,0.0,normal,0.6628787878787878,0
1179,bbb,bbb,known,bbb,0.6628787878787878,0.0,normal,0.6628787878787878,0
1180,bbb,bbb,known,bbb,0.6628787878787878,0.0,normal,0.6628787878787878,0
1181,bbb,bbb,known,bbb,0.6628787878787878,0.0,normal,0.6628787878787878,0
1182,bbb,bbb,known,bbb,0.6628787878787878,0.0,normal,0.6628787878787878,0
1183,bbb,bbb,known,bbb,0.6628787878787878,0.0,normal,0.6628787878787878,0
1184,bbb,bbb,known,bbb,0.6628787878787878,0.0,normal,0.6628787878787878,0
1185,bbb,bbb,known,bbb,0.6628787878787878,0.0,normal,0.6628787878787878,0
1186,bbb,bbb,known,bbb,0.6628787878787878,0.0,normal,0.6628787878787878,0
1187,bbb,bbb,known,bbb,0.6628787878787878,0.0,normal,0.6628787878787878,0
1188,bbb,bbb,known,bbb,0.6628787878787878,0.0,normal,0.6628787878787878,0
1189,bbb,bbb,known,bbb,0.6628787878787878,0.0,normal,0.6628787878787878,0
1190,bbb,bbb,known,bbb,0.6628787878787878,0.0,normal,0.6628787878787878,0
1191,bbb,bbb,known,bbb,0.6628787878787878,0.0,normal,0.6628787878787878,0
1192,bbb,bbb,known,bbb,0.6628787878787878,0.0,normal,0.6628787878787878,0
1193,bbb,bbb,known,bbb,0.6628787878787878,0.0,normal,0.6628787878787878,0
1194,bbb,bbb,known,bbb,0.6628787878787878,0.0,normal,0.6628787878787878,0
1195,bbb,bbb,known,bbb,0.6628787878787878,0.0,normal,0.6628787878787878,0
1196,bbb,bbb,known,bbb,0.6628787878787878,0.0,normal,0.6628787878787878,0
1197,bbb,bbb,known,bbb,0.6628787878787878,0.0,normal,0.6628787878787878,0
1198,bbb,bbb,known,bbb,0.6628787878787878,0.0,normal,0.6628787878787878,0
1199,bbb,bbb,known,bbb,0.6628787878787878,0.0,normal,0.6628787878787878,0
1200,bbb,bbb,known,bbb,0.6628787878787878,0.0,normal,0.6628787878787878,0
1201,bbb,bbb,known,bbb,0.6628787878787878,0.0,normal,0.6628787878787878,0
1202,bbb,bbb,known,bbb,0.6628787878787878,0.0,normal,0.6628787878787878,0
1203,bbb,bbb,known,bbb,0.6628787878787878,0.0,normal,0.6628787878787878,0
1204,bbb,bbc,known,bbc,0.045454545454545456,0.0,anomaly,0.045454545454545456,0
1205,bbc,bcb,known,bcb,0.6666666666666666,0.0,normal,0.6666666666666666,0
1206,bcb,cbb,known,cbb,0.6111111111111112,0.0,normal,0.6111111111111112,0
1207,cbb,bbb,known,bbb,0.75,0.0,normal,0.75,0
1208,bbb,bbb,known,bbb,0.6628787878787878,0.0,normal,0.6628787878787878,0
1209,bbb,bbb,known,bbb,0.6628787878787878,0.0,normal,0.6628787878787878,0
1210,bbb,bbb,known,bbb,0.6628787878787878,0.0,normal,0.6628787878787878,0
1211,bbb,bbb,known,bbb,0.6628787878787878,0.0,normal,0.6628787878787878,0
1212,bbb,bbb,known,bbb,0.6628787878787878,0.0,normal,0.6628787878787878,0
1213,bbb,bbb,known,bbb,0.6628787878787878,0.0,normal,0.6628787878787878,0
1214,bbb,bbb,known,bbb,0.6628787878787878,0.0,normal,0.6628787878787878,0
1215,bbb,bbb,known,bbb,0.6628787878787878,0.0,normal,0.6628787878787878,0
1216,bbb,bbc,known,bbc,0.045454545454545456,0.0,anomaly,0.045454545454545456,0
1217,bbc,bcb,known,bcb,0.6666666666666666,0.0,normal,0.6666666666666666,0
1218,bcb,cbb,known,cbb,0.6111111111111112,0.0,normal,0.6111111111111112,0
1219,cbb,bbb,known,bbb,0.75,0.0,normal,0.75,0
1220,bbb,bbb,known,bbb,0.6628787878787878,0.0,normal,0.6628787878787878,0
1221,bbb,bbb,known,bbb,0.6628787878787878,0.0,normal,0.6628787878787878,0
1222,bbb,bbb,known,bbb,0.6628787878787878,0.0,normal,0.6628787878787878,0
1223,bbb,bbb,known,bbb,0.6628787878787878,0.0,normal,0.6628787878787878,0
1224,bbb,bbc,known,bbc,0.045454545454545456,0.0,anomaly,0.045454545454545456,0
1225,bbc,bcb,known,bcb,0.6666666666666666,0.0,normal,0.6666666666666666,0
1226,bcb,cbb,known,cbb,0.6111111111111112,0.0,normal,0.6111111111111112,0
1227,cbb,bbb,known,bbb,0.75,0.0,normal,0.75,0
1228,bbb,bbb,known,bbb,0.6628787878787878,0.0,normal,0.6628787878787878,0
1229,bbb,bbb,known,bbb,0.6628787878787878,0.0,normal,0.6628787878787878,0
1230,bbb,bbc,known,bbc,0.045454545454545456,0.0,anomaly,0.045454545454545456,0
1231,bbc,bcc,known,bcc,0.26666666666666666,0.0,normal,0.26666666666666666,0
1232,bcc,ccb,known,ccb,0.0,0.0,anomaly,0.0,0
1233,ccb,cbb,known,cbb,0.25,0.0,normal,0.25,0
1234,cbb,bbb,known,bbb,0.75,0.0,normal,0.75,0
1235,bbb,bbb,known,bbb,0.6628787878787878,0.0,normal,0.6628787878787878,0
1236,bbb,bbb,known,bbb,0.6628787878787878,0.0,normal,0.6628787878787878,0
1237,bbb,bba,known,bba,0.2916666666666667,0.0,normal,0.2916666666666667,0
1238,bba,baa,known,baa,0.5652173913043478,0.0,normal,0.5652173913043478,0
1239,baa,aab,known,aab,0.20588235294117646,0.0,normal,0.20588235294117646,0
1240,aab,abb,known,abb,0.42574257425742573,0.0,normal,0.42574257425742573,0
1241,abb,bbb,known,bbb,0.5579710144927537,0.0,normal,0.5579710144927537,0
1242,bbb,bbb,known,bbb,0.6628787878787878,0.0,normal,0.6628787878787878,0
1243,bbb,bba,known,bba,0.2916666666666667,0.0,normal,0.2916666666666667,0
1244,bba,baa,known,baa,0.5652173913043478,0.0,normal,0.5652173913043478,0
1245,baa,aab,known,aab,0.20588235294117646,0.0,normal,0.20588235294117646,0
1246,aab,abb,known,abb,0.42574257425742573,0.0,normal,0.42574257425742573,0
1247,abb,bbb,known,bbb,0.5579710144927537,0.0,normal,0.5579710144927537,0
1248,bbb,bbb,known,bbb,0.6628787878787878,0.0,normal,0.6628787878787878,0
1249,bbb,bbb,known,bbb,0.6628787878787878,0.0,normal,0.6628787878787878,0
1250,bbb,bbb,known,bbb,0.6628787878787878,0.0,normal,0.6628787878787878,0
1251,bbb,bbb,known,bbb,0.6628787878787878,0.0,normal,0.6628787878787878,0
1252,bbb,bbb,known,bbb,0.6628787878787878,0.0,normal,0.6628787878787878,0
1253,bbb,bbb,known,bbb,0.6628787878787878,0.0,normal,0.6628787878787878,0
1254,bbb,bbb,known,bbb,0.6628787878787878,0.0,normal,0.6628787878787878,0
1255,bbb,bbb,known,bbb,0.6628787878787878,0.0,normal,0.6628787878787878,0
1256,bbb,bbb,known,bbb,0.6628787878787878,0.0,normal,0.6628787878787878,0
1257,bbb,bbb,known,bbb,0.6628787878787878,0.0,normal,0.6628787878787878,0
1258,bbb,bbb,known,bbb,0.6628787878787878,0.0,normal,0.6628787878787878,0
1259,bbb,bbb,known,bbb,0.6628787878787878,0.0,normal,0.6628787878787878,0
1260,bbb,bbb,known,bbb,0.6628787878787878,0.0,normal,0.6628787878787878,0
1261,bbb,bbb,known,bbb,0.6628787878787878,0.0,normal,0.6628787878787878,0
1262,bbb,bbb,known,bbb,0.6628787878787878,0.0,normal,0.6628787878787878,0
1263,bbb,bbb,known,bbb,0.6628787878787878,0.0,normal,0.6628787878787878,0
1264,bbb,bbb,known,bbb,0.6628787878787878,0.0,normal,0.6628787878787878,0
1265,bbb,bbb,known,bbb,0.6628787878787878,0.0,normal,0.6628787878787878,0
1266,bbb,bbc,known,bbc,0.045454545454545456,0.0,anomaly,0.045454545454545456,0
1267,bbc,bcb,known,bcb,0.6666666666666666,0.0,normal,0.6666666666666666,0
1268,bcb,cbb,known,cbb,0.6111111111111112,0.0,normal,0.6111111111111112,0
1269,cbb,bbb,known,bbb,0.75,0.0,normal,0.75,0
1270,bbb,bbb,known,bbb,0.6628787878787878,0.0,normal,0.6628787878787878,0
1271,bbb,bbb,known,bbb,0.6628787878787878,0.0,normal,0.6628787878787878,0
1272,bbb,bbb,known,bbb,0.6628787878787878,0.0,normal,0.6628787878787878,0
1273,bbb,bbb,known,bbb,0.6628787878787878,0.0,normal,0.6628787878787878,0
1274,bbb,bbb,known,bbb,0.6628787878787878,0.0,normal,0.6628787878787878,0
1275,bbb,bbc,known,bbc,0.045454545454545456,0.0,anomaly,0.045454545454545456,0
1276,bbc,bcb,known,bcb,0.6666666666666666,0.0,normal,0.6666666666666666,0
1277,bcb,cbc,known,cbc,0.1111111111111111,0.0,anomaly,0.1111111111111111,0
1278,cbc,bcc,known,bcc,0.6363636363636364,0.0,normal,0.6363636363636364,0
1279,bcc,ccb,known,ccb,0.0,0.0,anomaly,0.0,0
1280,ccb,cbb,known,cbb,0.25,0.0,normal,0.25,0
1281,cbb,bbc,known,bbc,0.125,0.0,anomaly,0.125,0
1282,bbc,bcc,known,bcc,0.26666666666666666,0.0,normal,0.26666666666666666,0
1283,bcc,ccb,known,ccb,0.0,0.0,anomaly,0.0,0
1284,ccb,cbb,known,cbb,0.25,0.0,normal,0.25,0
1285,cbb,bbc,known,bbc,0.125,0.0,anomaly,0.125,0
1286,bbc,bcb,known,bcb,0.6666666666666666,0.0,normal,0.6666666666666666,0
1287,bcb,cba,known,cba,0.2777777777777778,0.0,normal,0.2777777777777778,0
1288,cba,baa,known,baa,0.0,0.0,anomaly,0.0,0
1289,baa,aab,known,aab,0.20588235294117646,0.0,normal,0.20588235294117646,0
1290,aab,abb,known,abb,0.42574257425742573,0.0,normal,0.42574257425742573,0
1291,abb,bbb,known,bbb,0.5579710144927537,0.0,normal,0.5579710144927537,0
1292,bbb,bbb,known,bbb,0.6628787878787878,0.0,normal,0.6628787878787878,0
1293,bbb,bbb,known,bbb,0.6628787878787878,0.0,normal,0.6628787878787878,0
1294,bbb,bbb,known,bbb,0.6628787878787878,0.0,normal,0.6628787878787878,0
1295,bbb,bbb,known,bbb,0.6628787878787878,0.0,normal,0.6628787878787878,0
1296,bbb,bbb,known,bbb,0.6628787878787878,0.0,normal,0.6628787878787878,0
1297,bbb,bbb,known,bbb,0.6628787878787878,0.0,normal,0.6628787878787878,0
1298,bbb,bbb,known,bbb,0.6628787878787878,0.0,normal,0.6628787878787878,0
1299,bbb,bbb,known,bbb,0.6628787878787878,0.0,normal,0.6628787878787878,0
1300,bbb,bbb,known,bbb,0.6628787878787878,0.0,normal,0.6628787878787878,0
1301,bbb,bbb,known,bbb,0.6628787878787878,0.0,normal,0.6628787878787878,0
1302,bbb,bbb,known,bbb,0.6628787878787878,0.0,normal,0.6628787878787878,0
1303,bbb,bbb,known,bbb,0.6628787878787878,0.0,normal,0.6628787878787878,0
1304,bbb,bbb,known,bbb,0.6628787878787878,0.0,normal,0.6628787878787878,0
1305,bbb,bbc,known,bbc,0.045454545454545456,0.0,anomaly,0.045454545454545456,0
1306,bbc,bcb,known,bcb,0.6666666666666666,0.0,normal,0.6666666666666666,0
1307,bcb,cbc,known,cbc,0.1111111111111111,0.0,anomaly,0.1111111111111111,0
1308,cbc,bcb,known,bcb,0.36363636363636365,0.0,normal,0.36363636363636365,0
1309,bcb,cbb,known,cbb,0.6111111111111112,0.0,normal,0.6111111111111112,0
1310,cbb,bbb,known,bbb,0.75,0.0,normal,0.75,0
1311,bbb,bbc,known,bbc,0.045454545454545456,0.0,anomaly,0.045454545454545456,0
1312,bbc,bcb,known,bcb,0.6666666666666666,0.0,normal,0.6666666666666666,0
1313,bcb,cbb,known,cbb,0.6111111111111112,0.0,normal,0.6111111111111112,0
1314,cbb,bbb,known,bbb,0.75,0.0,normal,0.75,0
1315,bbb,bbb,known,bbb,0.6628787878787878,0.0,normal,0.6628787878787878,0
1316,bbb,bbb,known,bbb,0.6628787878787878,0.0,normal,0.6628787878787878,0
1317,bbb,bbb,known,bbb,0.6628787878787878,0.0,normal,0.6628787878787878,0
1318,bbb,bbb,known,bbb,0.6628787878787878,0.0,normal,0.6628787878787878,0
1319,bbb,bbb,known,bbb,0.6628787878787878,0.0,normal,0.6628787878787878,0
1320,bbb,bbb,known,bbb,0.6628787878787878,0.0,normal,0.6628787878787878,0
1321,bbb,bbb,known,bbb,0.6628787878787878,0.0,normal,0.6628787878787878,0
1322,bbb,bbb,known,bbb,0.6628787878787878,0.0,normal,0.6628787878787878,0
1323,bbb,bbb,known,bbb,0.6628787878787878,0.0,normal,0.6628787878787878,0
1324,bbb,bbb,known,bbb,0.6628787878787878,0.0,normal,0.6628787878787878,0
1325,bbb,bbb,known,bbb,0.6628787878787878,0.0,normal,0.6628787878787878,0
1326,bbb,bbb,known,bbb,0.6628787878787878,0.0,normal,0.6628787878787878,0
1327,bbb,bbb,known,bbb,0.6628787878787878,0.0,normal,0.6628787878787878,0
1328,bbb,bba,known,bba,0.2916666666666667,0.0,normal,0.2916666666666667,0
1329,bba,bab,known,bab,0.427536231884058,0.0,normal,0.427536231884058,0
1330,bab,abb,known,abb,0.3722627737226277,0.0,normal,0.3722627737226277,0
1331,abb,bbb,known,bbb,0.5579710144927537,0.0,normal,0.5579710144927537,0
1332,bbb,bbb,known,bbb,0.6628787878787878,0.0,normal,0.6628787878787878,0
1333,bbb,bbb,known,bbb,0.6628787878787878,0.0,normal,0.6628787878787878,0
1334,bbb,bbb,known,bbb,0.6628787878787878,0.0,normal,0.6628787878787878,0
1335,bbb,bbb,known,bbb,0.6628787878787878,0.0,normal,0.6628787878787878,0
1336,bbb,bbb,known,bbb,0.6628787878787878,0.0,normal,0.6628787878787878,0
1337,bbb,bbb,known,bbb,0.6628787878787878,0.0,normal,0.6628787878787878,0
1338,bbb,bbb,known,bbb,0.6628787878787878,0.0,normal,0.6628787878787878,0
1339,bbb,bbb,known,bbb,0.6628787878787878,0.0,normal,0.6628787878787878,0
1340,bbb,bbb,known,bbb,0.6628787878787878,0.0,normal,0.6628787878787878,0
1341,bbb,bbb,known,bbb,0.6628787878787878,0.0,normal,0.6628787878787878,0
1342,bbb,bbb,known,bbb,0.6628787878787878,0.0,normal,0.6628787878787878,0
1343,bbb,bbb,known,bbb,0.6628787878787878,0.0,normal,0.6628787878787878,0
1344,bbb,bbb,known,bbb,0.6628787878787878,0.0,normal,0.6628787878787878,0
1345,bbb,bbb,known,bbb,0.6628787878787878,0.0,normal,0.6628787878787878,0
1346,bbb,bbb,known,bbb,0.6628787878787878,0.0,normal,0.6628787878787878,0
1347,bbb,bbb,known,bbb,0.6628787878787878,0.0,normal,0.6628787878787878,0
1348,bbb,bbb,known,bbb,0.6628787878787878,0.0,normal,0.6628787878787878,0
1349,bbb,bbb,known,bbb,0.6628787878787878,0.0,normal,0.6628787878787878,0
1350,bbb,bbc,known,bbc,0.045454545454545456,0.0,anomaly,0.045454545454545456,0
1351,bbc,bcb,known,bcb,0.6666666666666666,0.0,normal,0.6666666666666666,0
1352,bcb,cbb,known,cbb,0.6111111111111112,0.0,normal,0.6111111111111112,0
1353,cbb,bbb,known,bbb,0.75,0.0,normal,0.75,0
1354,bbb,bbb,known,bbb,0.6628787878787878,0.0,normal,0.6628787878787878,0
1355,bbb,bba,known,bba,0.2916666666666667,0.0,normal,0.2916666666666667,0
1356,bba,baa,known,baa,0.5652173913043478,0.0,normal,0.5652173913043478,0
1357,baa,aaa,known,aaa,0.7941176470588235,0.0,normal,0.7941176470588235,0
1358,aaa,aab,known,aab,0.05786618444846293,0.0,anomaly,0.05786618444846293,0
1359,aab,aba,known,aba,0.5742574257425742,0.0,normal,0.5742574257425742,0
1360,aba,baa,known,baa,0.6331658291457286,0.0,normal,0.6331658291457286,0
1361,baa,aab,known,aab,0.20588235294117646,0.0,normal,0.20588235294117646,0
1362,aab,abb,known,abb,0.42574257425742573,0.0,normal,0.42574257425742573,0
1363,abb,bba,known,bba,0.43478260869565216,0.0,normal,0.43478260869565216,0
1364,bba,bab,known,bab,0.427536231884058,0.0,normal,0.427536231884058,0
1365,bab,abb,known,abb,0.3722627737226277,0.0,normal,0.3722627737226277,0
1366,abb,bba,known,bba,0.43478260869565216,0.0,normal,0.43478260869565216,0
1367,bba,baa,known,baa,0.5652173913043478,0.0,normal,0.5652173913043478,0
1368,baa,aab,known,aab,0.20588235294117646,0.0,normal,0.20588235294117646,0
1369,aab,abb,known,abb,0.42574257425742573,0.0,normal,0.42574257425742573,0
1370,abb,bba,known,bba,0.43478260869565216,0.0,normal,0.43478260869565216,0
1371,bba,baa,known,baa,0.5652173913043478,0.0,normal,0.5652173913043478,0
1372,baa,aaa,known,aaa,0.7941176470588235,0.0,normal,0.7941176470588235,0
1373,aaa,aaa,known,aaa,0.9410488245931284,0.0,normal,0.9410488245931284,0
1374,aaa,aaa,known,aaa,0.9410488245931284,0.0,normal,0.9410488245931284,0
1375,aaa,aaa,known,aaa,0.9410488245931284,0.0,normal,0.9410488245931284,0
1376,aaa,aaa,known,aaa,0.9410488245931284,0.0,normal,0.9410488245931284,0
1377,aaa,aab,known,aab,0.05786618444846293,0.0,anomaly,0.05786618444846293,0
1378,aab,aba,known,aba,0.5742574257425742,0.0,normal,0.5742574257425742,0
1379,aba,baa,known,baa,0.6331658291457286,0.0,normal,0.6331658291457286,0
1380,baa,aaa,known,aaa,0.7941176470588235,0.0,normal,0.7941176470588235,0
1381,aaa,aab,known,aab,0.05786618444846293,0.0,anomaly,0.05786618444846293,0
1382,aab,abb,known,abb,0.42574257425742573,0.0,normal,0.42574257425742573,0
1383,abb,bbb,known,bbb,0.5579710144927537,0.0,normal,0.5579710144927537,0
1384,bbb,bbb,known,bbb,0.6628787878787878,0.0,normal,0.6628787878787878,0
1385,bbb,bbb,known,bbb,0.6628787878787878,0.0,normal,0.6628787878787878,0
1386,bbb,bbb,known,bbb,0.6628787878787878,0.0,normal,0.6628787878787878,0
1387,bbb,bbb,known,bbb,0.6628787878787878,0.0,normal,0.6628787878787878,0
1388,bbb,bbb,known,bbb,0.6628787878787878,0.0,normal,0.6628787878787878,0
1389,bbb,bbb,known,bbb,0.6628787878787878,0.0,normal,0.6628787878787878,0
1390,bbb,bba,known,bba,0.2916666666666667,0.0,normal,0.2916666666666667,0
1391,bba,baa,known,baa,0.5652173913043478,0.0,normal,0.5652173913043478,0
1392,baa,aaa,known,aaa,0.7941176470588235,0.0,normal,0.7941176470588235,0
1393,aaa,aab,known,aab,0.05786618444846293,0.0,anomaly,0.05786618444846293,0
1394,aab,abb,known,abb,0.42574257425742573,0.0,normal,0.42574257425742573,0
1395,abb,bbb,known,bbb,0.5579710144927537,0.0,normal,0.5579710144927537,0
1396,bbb,bbb,known,bbb,0.6628787878787878,0.0,normal,0.6628787878787878,0
1397,bbb,bbb,known,bbb,0.6628787878787878,0.0,normal,0.6628787878787878,0
1398,bbb,bbb,known,bbb,0.6628787878787878,0.0,normal,0.6628787878787878,0
1399,bbb,bbb,known,bbb,0.6628787878787878,0.0,normal,0.6628787878787878,0
1400,bbb,bbb,known,bbb,0.6628787878787878,0.0,normal,0.6628787878787878,0
1401,bbb,bba,known,bba,0.2916666666666667,0.0,normal,0.2916666666666667,0
1402,bba,baa,known,baa,0.5652173913043478,0.0,normal,0.5652173913043478,0
1403,baa,aab,known,aab,0.20588235294117646,0.0,normal,0.20588235294117646,0
1404,aab,aba,known,aba,0.5742574257425742,0.0,normal,0.5742574257425742,0
1405,aba,baa,known,baa,0.6331658291457286,0.0,normal,0.6331658291457286,0
1406,baa,aaa,known,aaa,0.7941176470588235,0.0,normal,0.7941176470588235,0
1407,aaa,aaa,known,aaa,0.9410488245931284,0.0,normal,0.9410488245931284,0
1408,aaa,aaa,known,aaa,0.9410488245931284,0.0,normal,0.9410488245931284,0
1409,aaa,aaa,known,aaa,0.9410488245931284,0.0,normal,0.9410488245931284,0
1410,aaa,aab,known,aab,0.05786618444846293,0.0,anomaly,0.05786618444846293,0
1411,aab,abb,known,abb,0.42574257425742573,0.0,normal,0.42574257425742573,0
1412,abb,bbb,known,bbb,0.5579710144927537,0.0,normal,0.5579710144927537,0
1413,bbb,bbb,known,bbb,0.6628787878787878,0.0,normal,0.6628787878787878,0
1414,bbb,bbb,known,bbb,0.6628787878787878,0.0,normal,0.6628787878787878,0
1415,bbb,bbb,known,bbb,0.6628787878787878,0.0,normal,0.6628787878787878,0
1416,bbb,bbb,known,bbb,0.6628787878787878,0.0,normal,0.6628787878787878,0
1417,bbb,bbb,known,bbb,0.6628787878787878,0.0,normal,0.6628787878787878,0
1418,bbb,bbb,known,bbb,0.6628787878787878,0.0,normal,0.6628787878787878,0
1419,bbb,bbb,known,bbb,0.6628787878787878,0.0,normal,0.6628787878787878,0
1420,bbb,bbb,known,bbb,0.6628787878787878,0.0,normal,0.6628787878787878,0
1421,bbb,bbb,known,bbb,0.6628787878787878,0.0,normal,0.6628787878787878,0
1422,bbb,bbb,known,bbb,0.6628787878787878,0.0,normal,0.6628787878787878,0
1423,bbb,bbb,known,bbb,0.6628787878787878,0.0,normal,0.6628787878787878,0
1424,bbb,bbb,known,bbb,0.6628787878787878,0.0,normal,0.6628787878787878,0
1425,bbb,bbb,known,bbb,0.6628787878787878,0.0,normal,0.6628787878787878,0
1426,bbb,bbb,known,bbb,0.6628787878787878,0.0,normal,0.6628787878787878,0
1427,bbb,bbb,known,bbb,0.6628787878787878,0.0,normal,0.6628787878787878,0
1428,bbb,bbb,known,bbb,0.6628787878787878,0.0,normal,0.6628787878787878,0
1429,bbb,bbb,known,bbb,0.6628787878787878,0.0,normal,0.6628787878787878,0
1430,bbb,bbb,known,bbb,0.6628787878787878,0.0,normal,0.6628787878787878,0
1431,bbb,bba,known,bba,0.2916666666666667,0.0,normal,0.2916666666666667,0
1432,bba,baa,known,baa,0.5652173913043478,0.0,normal,0.5652173913043478,0
1433,baa,aaa,known,aaa,0.7941176470588235,0.0,normal,0.7941176470588235,0
1434,aaa,aaa,known,aaa,0.9410488245931284,0.0,normal,0.9410488245931284,0
1435,aaa,aaa,known,aaa,0.9410488245931284,0.0,normal,0.9410488245931284,0
1436,aaa,aab,known,aab,0.05786618444846293,0.0,anomaly,0.05786618444846293,0
1437,aab,abb,known,abb,0.42574257425742573,0.0,normal,0.42574257425742573,0
1438,abb,bbb,known,bbb,0.5579710144927537,0.0,normal,0.5579710144927537,0
1439,bbb,bbb,known,bbb,0.6628787878787878,0.0,normal,0.6628787878787878,0
1440,bbb,bba,known,bba,0.2916666666666667,0.0,normal,0.2916666666666667,0
1441,bba,bab,known,bab,0.427536231884058,0.0,normal,0.427536231884058,0
1442,bab,aba,known,aba,0.5985401459854015,0.0,normal,0.5985401459854015,0
1443,aba,baa,known,baa,0.6331658291457286,0.0,normal,0.6331658291457286,0
1444,baa,aaa,known,aaa,0.7941176470588235,0.0,normal,0.7941176470588235,0
1445,aaa,aab,known,aab,0.05786618444846293,0.0,anomaly,0.05786618444846293,0
1446,aab,abb,known,abb,0.42574257425742573,0.0,normal,0.42574257425742573,0
1447,abb,bbb,known,bbb,0.5579710144927537,0.0,normal,0.5579710144927537,0
1448,bbb,bbb,known,bbb,0.6628787878787878,0.0,normal,0.6628787878787878,0
1449,bbb,bbb,known,bbb,0.6628787878787878,0.0,normal,0.6628787878787878,0
1450,bbb,bbb,known,bbb,0.6628787878787878,0.0,normal,0.6628787878787878,0
1451,bbb,bbb,known,bbb,0.6628787878787878,0.0,normal,0.6628787878787878,0
1452,bbb,bba,known,bba,0.2916666666666667,0.0,normal,0.2916666666666667,0
1453,bba,bab,known,bab,0.427536231884058,0.0,normal,0.427536231884058,0
1454,bab,aba,known,aba,0.5985401459854015,0.0,normal,0.5985401459854015,0
1455,aba,baa,known,baa,0.6331658291457286,0.0,normal,0.6331658291457286,0
1456,baa,aab,known,aab,0.20588235294117646,0.0,normal,0.20588235294117646,0
1457,aab,abb,known,abb,0.42574257425742573,0.0,normal,0.42574257425742573,0
1458,abb,bbb,known,bbb,0.5579710144927537,0.0,normal,0.5579710144927537,0
1459,bbb,bbb,known,bbb,0.6628787878787878,0.0,normal,0.6628787878787878,0
1460,bbb,bba,known,bba,0.2916666666666667,0.0,normal,0.2916666666666667,0
1461,bba,bab,known,bab,0.427536231884058,0.0,normal,0.427536231884058,0
1462,bab,abb,known,abb,0.3722627737226277,0.0,normal,0.3722627737226277,0
1463,abb,bbb,known,bbb,0.5579710144927537,0.0,normal,0.5579710144927537,0
1464,bbb,bbb,known,bbb,0.6628787878787878,0.0,normal,0.6628787878787878,0
1465,bbb,bbb,known,bbb,0.6628787878787878,0.0,normal,0.6628787878787878,0
1466,bbb,bbb,known,bbb,0.6628787878787878,0.0,normal,0.6628787878787878,0
1467,bbb,bbb,known,bbb,0.6628787878787878,0.0,normal,0.6628787878787878,0
1468,bbb,bbb,known,bbb,0.6628787878787878,0.0,normal,0.6628787878787878,0
1469,bbb,bbb,known,bbb,0.6628787878787878,0.0,normal,0.6628787878787878,0
1470,bbb,bbb,known,bbb,0.6628787878787878,0.0,normal,0.6628787878787878,0
1471,bbb,bbb,known,bbb,0.6628787878787878,0.0,normal,0.6628787878787878,0
1472,bbb,bbb,known,bbb,0.6628787878787878,0.0,normal,0.6628787878787878,0
1473,bbb,bbb,known,bbb,0.6628787878787878,0.0,normal,0.6628787878787878,0
1474,bbb,bbb,known,bbb,0.6628787878787878,0.0,normal,0.6628787878787878,0
1475,bbb,bbb,known,bbb,0.6628787878787878,0.0,normal,0.6628787878787878,0
1476,bbb,bbb,known,bbb,0.6628787878787878,0.0,normal,0.6628787878787878,0
1477,bbb,bbc,known,bbc,0.045454545454545456,0.0,anomaly,0.045454545454545456,0
1478,bbc,bcc,known,bcc,0.26666666666666666,0.0,normal,0.26666666666666666,0
1479,bcc,ccb,known,ccb,0.0,0.0,anomaly,0.0,0
1480,ccb,cbb,known,cbb,0.25,0.0,normal,0.25,0
1481,cbb,bbb,known,bbb,0.75,0.0,normal,0.75,0
1482,bbb,bbb,known,bbb,0.6628787878787878,0.0,normal,0.6628787878787878,0
1483,bbb,bbb,known,bbb,0.6628787878787878,0.0,normal,0.6628787878787878,0
1484,bbb,bbb,known,bbb,0.6628787878787878,0.0,normal,0.6628787878787878,0
1485,bbb,bbb,known,bbb,0.6628787878787878,0.0,normal,0.6628787878787878,0
1486,bbb,bbb,known,bbb,0.6628787878787878,0.0,normal,0.6628787878787878,0
1487,bbb,bbb,known,bbb,0.6628787878787878,0.0,normal,0.6628787878787878,0
1488,bbb,bbc,known,bbc,0.045454545454545456,0.0,anomaly,0.045454545454545456,0
1489,bbc,bcc,known,bcc,0.26666666666666666,0.0,normal,0.26666666666666666,0
1490,bcc,ccb,known,ccb,0.0,0.0,anomaly,0.0,0
1491,ccb,cbb,known,cbb,0.25,0.0,normal,0.25,0
1492,cbb,bbb,known,bbb,0.75,0.0,normal,0.75,0
1493,bbb,bbb,known,bbb,0.6628787878787878,0.0,normal,0.6628787878787878,0
1494,bbb,bbc,known,bbc,0.045454545454545456,0.0,anomaly,0.045454545454545456,0
1495,bbc,bcb,known,bcb,0.6666666666666666,0.0,normal,0.6666666666666666,0
1496,bcb,cbb,known,cbb,0.6111111111111112,0.0,normal,0.6111111111111112,0
1497,cbb,bbc,known,bbc,0.125,0.0,anomaly,0.125,0
1498,bbc,bcb,known,bcb,0.6666666666666666,0.0,normal,0.6666666666666666,0
1499,bcb,cbb,known,cbb,0.6111111111111112,0.0,normal,0.6111111111111112,0
1500,cbb,bbb,known,bbb,0.75,0.0,normal,0.75,0
1501,bbb,bbb,known,bbb,0.6628787878787878,0.0,normal,0.6628787878787878,0
1502,bbb,bba,known,bba,0.2916666666666667,0.0,normal,0.2916666666666667,0
1503,bba,bab,known,bab,0.427536231884058,0.0,normal,0.427536231884058,0
1504,bab,abb,known,abb,0.3722627737226277,0.0,normal,0.3722627737226277,0
1505,abb,bbb,known,bbb,0.5579710144927537,0.0,normal,0.5579710144927537,0
1506,bbb,bbb,known,bbb,0.6628787878787878,0.0,normal,0.6628787878787878,0
1507,bbb,bbb,known,bbb,0.6628787878787878,0.0,normal,0.6628787878787878,0
1508,bbb,bbb,known,bbb,0.6628787878787878,0.0,normal,0.6628787878787878,0
1509,bbb,bbb,known,bbb,0.6628787878787878,0.0,normal,0.6628787878787878,0
1510,bbb,bbb,known,bbb,0.6628787878787878,0.0,normal,0.6628787878787878,0
1511,bbb,bbb,known,bbb,0.6628787878787878,0.0,normal,0.6628787878787878,0
