time_step,state,pattern,status,mapped_to,probability,path_probability,decision,confidence,distance
1,aab,aba,known,aba,0.5742574257425742,0.5742574257425742,normal,0.5742574257425742,0
2,aba,bab,known,bab,0.36683417085427134,0.2106572466291855,normal,0.36683417085427134,0
3,bab,aba,known,aba,0.5985401459854015,0.12608681915031542,normal,0.5985401459854015,0
4,aba,baa,known,baa,0.6331658291457286,0.07983386539165699,normal,0.6331658291457286,0
5,baa,aaa,known,aaa,0.7941176470588235,0.06339748134043349,normal,0.7941176470588235,0
6,aaa,aaa,known,aaa,0.9410488245931284,0.05966012529757973,normal,0.9410488245931284,0
7,aaa,aaa,known,aaa,0.9410488245931284,0.05614309078636617,normal,0.9410488245931284,0
8,aaa,aaa,known,aaa,0.9410488245931284,0.05283338959353519,normal,0.9410488245931284,0
9,aaa,aaa,known,aaa,0.9410488245931284,0.04971879917626711,normal,0.9410488245931284,0
10,aaa,aaa,known,aaa,0.9410488245931284,0.04678781752500797,normal,0.9410488245931284,0
11,aaa,aaa,known,aaa,0.9410488245931284,0.04402962068718653,normal,0.9410488245931284,0
12,aaa,aaa,known,aaa,0.9410488245931284,0.04143402279495818,normal,0.9410488245931284,0
13,aaa,aaa,known,aaa,0.9410488245931284,0.03899143844936028,normal,0.9410488245931284,0
14,aaa,aaa,known,aaa,0.9410488245931284,0.03669284732196581,normal,0.9410488245931284,0
15,aaa,aaa,known,aaa,0.9410488245931284,0.034529760843311046,normal,0.9410488245931284,0
16,aaa,aab,known,aab,0.05786618444846293,0.00199810550992035,anomaly,0.05786618444846293,0
17,aab,aba,known,aba,0.5742574257425742,0.0011474269264889138,normal,0.5742574257425742,0
18,aba,baa,known,baa,0.6331658291457286,0.0007265115212944882,normal,0.6331658291457286,0
19,baa,aab,known,aab,0.20588235294117646,0.00014957590144298286,normal,0.20588235294117646,0
20,aab,aba,known,aba,0.5742574257425742,8.589507211577233e-05,normal,0.5742574257425742,0
21,aba,baa,known,baa,0.6331658291457286,5.438582455571514e-05,normal,0.6331658291457286,0
22,baa,aaa,known,aaa,0.7941176470588235,4.318874302953849e-05,normal,0.7941176470588235,0
23,aaa,aaa,known,aaa,0.9410488245931284,4.0642715863601864e-05,normal,0.9410488245931284,0
24,aaa,aaa,known,aaa,0.9410488245931284,3.824677999171503e-05,normal,0.9410488245931284,0
25,aaa,aaa,known,aaa,0.9410488245931284,3.599208735567541e-05,normal,0.9410488245931284,0
26,aaa,aaa,known,aaa,0.9410488245931284,3.387031150071154e-05,normal,0.9410488245931284,0
27,aaa,aab,known,aab,0.05786618444846293,1.9599456926270693e-06,anomaly,0.05786618444846293,0
28,aab,aba,known,aba,0.5742574257425742,1.1255133680432674e-06,normal,0.5742574257425742,0
29,aba,baa,known,baa,0.6331658291457286,7.12636604891717e-07,normal,0.6331658291457286,0
30,baa,aaa,known,aaa,0.7941176470588235,5.659173038845988e-07,normal,0.7941176470588235,0
31,aaa,aaa,known,aaa,0.9410488245931284,5.32555813637514e-07,normal,0.9410488245931284,0
32,aaa,aaa,known,aaa,0.9410488245931284,5.011610224538196e-07,normal,0.9410488245931284,0
33,aaa,aaa,known,aaa,0.9410488245931284,4.716169911120574e-07,normal,0.9410488245931284,0
34,aaa,aab,known,aab,0.05786618444846293,2.7290675796719413e-08,anomaly,0.05786618444846293,0
35,aab,aba,known,aba,0.5742574257425742,1.5671873229799267e-08,normal,0.5742574257425742,0
36,aba,bab,known,bab,0.36683417085427134,5.7489786219866655e-09,normal,0.36683417085427134,0
37,bab,abb,known,abb,0.3722627737226277,2.140130727892846e-09,normal,0.3722627737226277,0
38,abb,bba,known,bba,0.43478260869565216,9.304916208229766e-10,normal,0.43478260869565216,0
39,bba,baa,known,baa,0.5652173913043478,5.259300465521172e-10,normal,0.5652173913043478,0
40,baa,aaa,known,aaa,0.7941176470588235,4.176503310855048e-10,normal,0.7941176470588235,0
41,aaa,aaa,known,aaa,0.9410488245931284,3.930293531589452e-10,normal,0.9410488245931284,0
42,aaa,aaa,known,aaa,0.9410488245931284,3.6985981082082294e-10,normal,0.9410488245931284,0
43,aaa,aaa,known,aaa,0.9410488245931284,3.480561402371723e-10,normal,0.9410488245931284,0
44,aaa,aaa,known,aaa,0.9410488245931284,3.2753782166261204e-10,normal,0.9410488245931284,0
45,aaa,aaa,known,aaa,0.9410488245931284,3.0822908208539477e-10,normal,0.9410488245931284,0
46,aaa,aab,known,aab,0.05786618444846293,1.7836040916333876e-11,anomaly,0.05786618444846293,0
47,aab,aba,known,aba,0.5742574257425742,1.0242478942053116e-11,normal,0.5742574257425742,0
48,aba,bab,known,bab,0.36683417085427134,3.757291270200389e-12,normal,0.36683417085427134,0
49,bab,aba,known,aba,0.5985401459854015,2.2488896653754154e-12,normal,0.5985401459854015,0
50,aba,baa,known,baa,0.6331658291457286,1.423920089634685e-12,normal,0.6331658291457286,0
51,baa,aab,known,aab,0.20588235294117646,2.931600184541999e-13,normal,0.20588235294117646,0
52,aab,aba,known,aba,0.5742574257425742,1.6834931752815437e-13,normal,0.5742574257425742,0
53,aba,baa,known,baa,0.6331658291457286,1.065930352188314e-13,normal,0.6331658291457286,0
54,baa,aaa,known,aaa,0.7941176470588235,8.46474103208367e-14,normal,0.7941176470588235,0
55,aaa,aaa,known,aaa,0.9410488245931284,7.965734598727562e-14,normal,0.9410488245931284,0
56,aaa,aab,known,aab,0.05786618444846293,4.609466675574719e-15,anomaly,0.05786618444846293,0
57,aab,aba,known,aba,0.5742574257425742,2.6470204671617196e-15,normal,0.5742574257425742,0
58,aba,bab,known,bab,0.36683417085427134,9.710175583055554e-16,normal,0.36683417085427134,0
59,bab,aba,known,aba,0.5985401459854015,5.811929911025953e-16,normal,0.5985401459854015,0
60,aba,baa,known,baa,0.6331658291457286,3.679915421051608e-16,normal,0.6331658291457286,0
61,baa,aaa,known,aaa,0.7941176470588235,2.9222857755409823e-16,normal,0.7941176470588235,0
62,aaa,aab,known,aab,0.05786618444846293,1.6910152769857403e-17,anomaly,0.05786618444846293,0
63,aab,aba,known,aba,0.5742574257425742,9.710780798531973e-18,normal,0.5742574257425742,0
64,aba,baa,known,baa,0.6331658291457286,6.148534575954917e-18,normal,0.6331658291457286,0
65,baa,aaa,known,aaa,0.7941176470588235,4.882659810317139e-18,normal,0.7941176470588235,0
66,aaa,aaa,known,aaa,0.9410488245931284,4.594821275387051e-18,normal,0.9410488245931284,0
67,aaa,aaa,known,aaa,0.9410488245931284,4.323951160418484e-18,normal,0.9410488245931284,0
68,aaa,aaa,known,aaa,0.9410488245931284,4.069049157109908e-18,normal,0.9410488245931284,0
69,aaa,aaa,known,aaa,0.9410488245931284,3.829173926509939e-18,normal,0.9410488245931284,0
70,aaa,aaa,known,aaa,0.9410488245931284,3.603439622704833e-18,normal,0.9410488245931284,0
71,aaa,aaa,known,aaa,0.9410488245931284,3.391012621438689e-18,normal,0.9410488245931284,0
72,aaa,aaa,known,aaa,0.9410488245931284,3.1911084415853415e-18,normal,0.9410488245931284,0
73,aaa,aaa,known,aaa,0.9410488245931284,3.0029888481030956e-18,normal,0.9410488245931284,0
74,aaa,aaa,known,aaa,0.9410488245931284,2.8259591257736907e-18,normal,0.9410488245931284,0
75,aaa,aab,known,aab,0.05786618444846293,1.6352747201583743e-19,anomaly,0.05786618444846293,0
76,aab,aba,known,aba,0.5742574257425742,9.390686511800565e-20,normal,0.5742574257425742,0
77,aba,bab,known,bab,0.36683417085427134,3.4448247003087497e-20,normal,0.36683417085427134,0
78,bab,aba,known,aba,0.5985401459854015,2.061865879016916e-20,normal,0.5985401459854015,0
79,aba,baa,known,baa,0.6331658291457286,1.3055030188750322e-20,normal,0.6331658291457286,0
80,baa,aaa,known,aaa,0.7941176470588235,1.0367229855772313e-20,normal,0.7941176470588235,0
81,aaa,aaa,known,aaa,0.9410488245931284,9.756069470061324e-21,normal,0.9410488245931284,0
82,aaa,aaa,known,aaa,0.9410488245931284,9.180937707450115e-21,normal,0.9410488245931284,0
83,aaa,aaa,known,aaa,0.9410488245931284,8.639710638258662e-21,normal,0.9410488245931284,0
84,aaa,aaa,known,aaa,0.9410488245931284,8.130389540958061e-21,normal,0.9410488245931284,0
85,aaa,aaa,known,aaa,0.9410488245931284,7.651093521002849e-21,normal,0.9410488245931284,0
86,aaa,aaa,known,aaa,0.9410488245931284,7.200052564791832e-21,normal,0.9410488245931284,0
87,aaa,aaa,known,aaa,0.9410488245931284,6.775601003106093e-21,normal,0.9410488245931284,0
88,aaa,aaa,known,aaa,0.9410488245931284,6.376171359885011e-21,normal,0.9410488245931284,0
89,aaa,aaa,known,aaa,0.9410488245931284,6.000288563624159e-21,normal,0.9410488245931284,0
90,aaa,aaa,known,aaa,0.9410488245931284,5.646564500018106e-21,normal,0.9410488245931284,0
91,aaa,aaa,known,aaa,0.9410488245931284,5.313692885731325e-21,normal,0.9410488245931284,0
92,aaa,aaa,known,aaa,0.9410488245931284,5.000444444366332e-21,normal,0.9410488245931284,0
93,aaa,aaa,known,aaa,0.9410488245931284,4.705662366814176e-21,normal,0.9410488245931284,0
94,aaa,aaa,known,aaa,0.9410488245931284,4.428258039222599e-21,normal,0.9410488245931284,0
95,aaa,aaa,known,aaa,0.9410488245931284,4.1672070228054985e-21,normal,0.9410488245931284,0
96,aaa,aaa,known,aaa,0.9410488245931284,3.921545270647344e-21,normal,0.9410488245931284,0
97,aaa,aaa,known,aaa,0.9410488245931284,3.690365567531425e-21,normal,0.9410488245931284,0
98,aaa,aaa,known,aaa,0.9410488245931284,3.472814179644401e-21,normal,0.9410488245931284,0
99,aaa,aaa,known,aaa,0.9410488245931284,3.268087701784713e-21,normal,0.9410488245931284,0
100,aaa,aaa,known,aaa,0.9410488245931284,3.0754300904317627e-21,normal,0.9410488245931284,0
101,aaa,aaa,known,aaa,0.9410488245931284,2.894129871719149e-21,normal,0.9410488245931284,0
102,aaa,aaa,known,aaa,0.9410488245931284,2.7235175140011668e-21,normal,0.9410488245931284,0
103,aaa,aaa,known,aaa,0.9410488245931284,2.5629629553095974e-21,normal,0.9410488245931284,0
104,aaa,aaa,known,aaa,0.9410488245931284,2.4118732765698272e-21,normal,0.9410488245931284,0
105,aaa,aaa,known,aaa,0.9410488245931284,2.2696905119836134e-21,normal,0.9410488245931284,0
106,aaa,aaa,known,aaa,0.9410488245931284,2.135889588492355e-21,normal,0.9410488245931284,0
107,aaa,aaa,known,aaa,0.9410488245931284,2.0099763867114318e-21,normal,0.9410488245931284,0
108,aaa,aaa,known,aaa,0.9410488245931284,1.8914859161747362e-21,normal,0.9410488245931284,0
109,aaa,aaa,known,aaa,0.9410488245931284,1.7799805981506923e-21,normal,0.9410488245931284,0
110,aaa,aaa,known,aaa,0.9410488245931284,1.6750486496882828e-21,normal,0.9410488245931284,0
111,aaa,aaa,known,aaa,0.9410488245931284,1.5763025629254655e-21,normal,0.9410488245931284,0
112,aaa,aaa,known,aaa,0.9410488245931284,1.4833776740441451e-21,normal,0.9410488245931284,0
113,aaa,aaa,known,aaa,0.9410488245931284,1.3959308165869315e-21,normal,0.9410488245931284,0
114,aaa,aaa,known,aaa,0.9410488245931284,1.313639054162458e-21,normal,0.9410488245931284,0
115,aaa,aaa,known,aaa,0.9410488245931284,1.2361984878592101e-21,normal,0.9410488245931284,0
116,aaa,aaa,known,aaa,0.9410488245931284,1.1633231339637125e-21,normal,0.9410488245931284,0
117,aaa,aaa,known,aaa,0.9410488245931284,1.0947438678385461e-21,normal,0.9410488245931284,0
118,aaa,aaa,known,aaa,0.9410488245931284,1.030207430059999e-21,normal,0.9410488245931284,0
119,aaa,aaa,known,aaa,0.9410488245931284,9.694754911450695e-22,normal,0.9410488245931284,0
120,aaa,aaa,known,aaa,0.9410488245931284,9.123237714139135e-22,normal,0.9410488245931284,0
121,aaa,aaa,known,aaa,0.9410488245931284,8.585412127374333e-22,normal,0.9410488245931284,0
122,aaa,aaa,known,aaa,0.9410488245931284,8.079291991113206e-22,normal,0.9410488245931284,0
123,aaa,aaa,known,aaa,0.9410488245931284,7.603008231781758e-22,normal,0.9410488245931284,0
124,aaa,aaa,known,aaa,0.9410488245931284,7.154801959890103e-22,normal,0.9410488245931284,0
125,aaa,aaa,known,aaa,0.9410488245931284,6.733017974551193e-22,normal,0.9410488245931284,0
126,aaa,aaa,known,aaa,0.9410488245931284,6.336098650915807e-22,normal,0.9410488245931284,0
127,aaa,aaa,known,aaa,0.9410488245931284,5.962578187950427e-22,normal,0.9410488245931284,0
128,aaa,aaa,known,aaa,0.9410488245931284,5.611077195315375e-22,normal,0.9410488245931284,0
129,aaa,aaa,known,aaa,0.9410488245931284,5.280297599352841e-22,normal,0.9410488245931284,0
130,aaa,aaa,known,aaa,0.9410488245931284,4.969017849372909e-22,normal,0.9410488245931284,0
131,aaa,aaa,known,aaa,0.9410488245931284,4.676088406534651e-22,normal,0.9410488245931284,0
132,aaa,aaa,known,aaa,0.9410488245931284,4.400427498662989e-22,normal,0.9410488245931284,0
133,aaa,aaa,known,aaa,0.9410488245931284,4.1410171253240856e-22,normal,0.9410488245931284,0
134,aaa,aaa,known,aaa,0.9410488245931284,3.8968992984062466e-22,normal,0.9410488245931284,0
135,aaa,aaa,known,aaa,0.9410488245931284,3.6671725043229853e-22,normal,0.9410488245931284,0
136,aaa,aaa,known,aaa,0.9410488245931284,3.4509883747733845e-22,normal,0.9410488245931284,0
137,aaa,aaa,known,aaa,0.9410488245931284,3.2475485537650442e-22,normal,0.9410488245931284,0
138,aaa,aaa,known,aaa,0.9410488245931284,3.056101749329709e-22,normal,0.9410488245931284,0
139,aaa,aaa,known,aaa,0.9410488245931284,2.8759409590437264e-22,normal,0.9410488245931284,0
140,aaa,aaa,known,aaa,0.9410488245931284,2.706400859107333e-22,normal,0.9410488245931284,0
141,aaa,aaa,known,aaa,0.9410488245931284,2.546855347340789e-22,normal,0.9410488245931284,0
142,aaa,aaa,known,aaa,0.9410488245931284,2.3967152310237733e-22,normal,0.9410488245931284,0
143,aaa,aaa,known,aaa,0.9410488245931284,2.25542605103937e-22,normal,0.9410488245931284,0
144,aaa,aaa,known,aaa,0.9410488245931284,2.1224660342873206e-22,normal,0.9410488245931284,0
145,aaa,aaa,known,aaa,0.9410488245931284,1.9973441668049217e-22,normal,0.9410488245931284,0
146,aaa,aaa,known,aaa,0.9410488245931284,1.8795983804797131e-22,normal,0.9410488245931284,0
147,aaa,aaa,known,aaa,0.9410488245931284,1.7687938466575819e-22,normal,0.9410488245931284,0
148,aaa,aaa,known,aaa,0.9410488245931284,1.6645213703446757e-22,normal,0.9410488245931284,0
149,aaa,aaa,known,aaa,0.9410488245931284,1.5663958790730005e-22,normal,0.9410488245931284,0
150,aaa,aaa,known,aaa,0.9410488245931284,1.4740550008491674e-22,normal,0.9410488245931284,0
151,aaa,aaa,known,aaa,0.9410488245931284,1.387157725934732e-22,normal,0.9410488245931284,0
152,aaa,aaa,known,aaa,0.9410488245931284,1.3053831475161565e-22,normal,0.9410488245931284,0
153,aaa,aaa,known,aaa,0.9410488245931284,1.2284292766137576e-22,normal,0.9410488245931284,0
154,aaa,aaa,known,aaa,0.9410488245931284,1.1560119268531636e-22,normal,0.9410488245931284,0
155,aaa,aaa,known,aaa,0.9410488245931284,1.0878636649808072e-22,normal,0.9410488245931284,0
156,aaa,aaa,known,aaa,0.9410488245931284,1.0237328232477616e-22,normal,0.9410488245931284,0
157,aaa,aaa,known,aaa,0.9410488245931284,9.63382570014711e-23,normal,0.9410488245931284,0
158,aaa,aaa,known,aaa,0.9410488245931284,9.06590035145851e-23,normal,0.9410488245931284,0
159,aaa,aaa,known,aaa,0.9410488245931284,8.531454869618461e-23,normal,0.9410488245931284,0
160,aaa,aaa,known,aaa,0.9410488245931284,8.028515577123775e-23,normal,0.9410488245931284,0
161,aaa,aaa,known,aaa,0.9410488245931284,7.555225147079951e-23,normal,0.9410488245931284,0
162,aaa,aaa,known,aaa,0.9410488245931284,7.109835744196034e-23,normal,0.9410488245931284,0
163,aaa,aaa,known,aaa,0.9410488245931284,6.690702570125888e-23,normal,0.9410488245931284,0
164,aaa,aaa,known,aaa,0.9410488245931284,6.29627778931919e-23,normal,0.9410488245931284,0
165,aaa,aaa,known,aaa,0.9410488245931284,5.925104812950645e-23,normal,0.9410488245931284,0
166,aaa,aaa,known,aaa,0.9410488245931284,5.575812919818293e-23,normal,0.9410488245931284,0
167,aaa,aaa,known,aaa,0.9410488245931284,5.247112194346184e-23,normal,0.9410488245931284,0
168,aaa,aaa,known,aaa,0.9410488245931284,4.9377887629977476e-23,normal,0.9410488245931284,0
169,aaa,aaa,known,aaa,0.9410488245931284,4.646700311508188e-23,normal,0.9410488245931284,0
170,aaa,aaa,known,aaa,0.9410488245931284,4.372771866381304e-23,normal,0.9410488245931284,0
171,aaa,aaa,known,aaa,0.9410488245931284,4.1149918250720267e-23,normal,0.9410488245931284,0
172,aaa,aaa,known,aaa,0.9410488245931284,3.8724082201943633e-23,normal,0.9410488245931284,0
173,aaa,aaa,known,aaa,0.9410488245931284,3.644125203958674e-23,normal,0.9410488245931284,0
174,aaa,aaa,known,aaa,0.9410488245931284,3.4292997398555045e-23,normal,0.9410488245931284,0
175,aaa,aaa,known,aaa,0.9410488245931284,3.2271384893685435e-23,normal,0.9410488245931284,0
176,aaa,aaa,known,aaa,0.9410488245931284,3.036894882219512e-23,normal,0.9410488245931284,0
177,aaa,aab,known,aab,0.05786618444846293,1.757335194051074e-24,anomaly,0.05786618444846293,0
178,aab,aba,known,aba,0.5742574257425742,1.0091627847025968e-24,normal,0.5742574257425742,0
179,aba,baa,known,baa,0.6331658291457286,6.389673913192321e-25,normal,0.6331658291457286,0
180,baa,aaa,known,aaa,0.7941176470588235,5.074152813417431e-25,normal,0.7941176470588235,0
181,aaa,aaa,known,aaa,0.9410488245931284,4.775025540872389e-25,normal,0.9410488245931284,0
182,aaa,aaa,known,aaa,0.9410488245931284,4.493532172640129e-25,normal,0.9410488245931284,0
183,aaa,aaa,known,aaa,0.9410488245931284,4.2286331693344005e-25,normal,0.9410488245931284,0
184,aaa,aab,known,aab,0.05786618444846293,2.446948669415928e-26,anomaly,0.05786618444846293,0
185,aab,aba,known,aba,0.5742574257425742,1.405178443823008e-26,normal,0.5742574257425742,0
186,aba,bab,known,bab,0.36683417085427134,5.154674693421084e-27,normal,0.36683417085427134,0
187,bab,aba,known,aba,0.5985401459854015,3.0852797435075104e-27,normal,0.5985401459854015,0
188,aba,bab,known,bab,0.36683417085427134,1.1317860365630566e-27,normal,0.36683417085427134,0
189,bab,aba,known,aba,0.5985401459854015,6.774193795486909e-28,normal,0.5985401459854015,0
190,aba,baa,known,baa,0.6331658291457286,4.289188031313319e-28,normal,0.6331658291457286,0
191,baa,aab,known,aab,0.20588235294117646,8.830681240939186e-29,normal,0.20588235294117646,0
192,aab,abb,known,abb,0.42574257425742573,3.7595969639642077e-29,normal,0.42574257425742573,0
193,abb,bbb,known,bbb,0.5579710144927537,2.0977461320669855e-29,normal,0.5579710144927537,0
194,bbb,bba,known,bba,0.2916666666666667,6.118426218528708e-30,normal,0.2916666666666667,0
195,bba,bab,known,bab,0.427536231884058,2.61584889053039e-30,normal,0.427536231884058,0
196,bab,aba,known,aba,0.5985401459854015,1.5656905768138102e-30,normal,0.5985401459854015,0
197,aba,bab,known,bab,0.36683417085427134,5.743488045598399e-31,normal,0.36683417085427134,0
198,bab,aba,known,aba,0.5985401459854015,3.437708173277874e-31,normal,0.5985401459854015,0
199,aba,bab,known,bab,0.36683417085427134,1.2610688273833405e-31,normal,0.36683417085427134,0
200,bab,aba,known,aba,0.5985401459854015,7.548003200396637e-32,normal,0.5985401459854015,0
201,aba,bab,known,bab,0.36683417085427134,2.768865495622887e-32,normal,0.36683417085427134,0
202,bab,aba,known,aba,0.5985401459854015,1.657277157964064e-32,normal,0.5985401459854015,0
203,aba,bab,known,bab,0.36683417085427134,6.0794589211747064e-33,normal,0.36683417085427134,0
204,bab,aba,known,aba,0.5985401459854015,3.6388002301921605e-33,normal,0.5985401459854015,0
205,aba,bab,known,bab,0.36683417085427134,1.3348362653468728e-33,normal,0.36683417085427134,0
206,bab,aba,known,aba,0.5985401459854015,7.989530931273254e-34,normal,0.5985401459854015,0
207,aba,baa,known,baa,0.6331658291457286,5.058697976585076e-34,normal,0.6331658291457286,0
208,baa,aaa,known,aaa,0.7941176470588235,4.017201334346972e-34,normal,0.7941176470588235,0
209,aaa,aaa,known,aaa,0.9410488245931284,3.7803825938411652e-34,normal,0.9410488245931284,0
210,aaa,aaa,known,aaa,0.9410488245931284,3.5575245964465504e-34,normal,0.9410488245931284,0
211,aaa,aaa,known,aaa,0.9410488245931284,3.3478043399471697e-34,normal,0.9410488245931284,0
212,aaa,aaa,known,aaa,0.9410488245931284,3.150447339075058e-34,normal,0.9410488245931284,0
213,aaa,aaa,known,aaa,0.9410488245931284,2.9647247653791327e-34,normal,0.9410488245931284,0
214,aaa,aaa,known,aaa,0.9410488245931284,2.789950755702171e-34,normal,0.9410488245931284,0
215,aaa,aaa,known,aaa,0.9410488245931284,2.6254798793262388e-34,normal,0.9410488245931284,0
216,aaa,aaa,known,aaa,0.9410488245931284,2.4707047544328655e-34,normal,0.9410488245931284,0
217,aaa,aaa,known,aaa,0.9410488245931284,2.325053805075702e-34,normal,0.9410488245931284,0
218,aaa,aaa,known,aaa,0.9410488245931284,2.18798915038227e-34,normal,0.9410488245931284,0
219,aaa,aaa,known,aaa,0.9410488245931284,2.059004618189753e-34,normal,0.9410488245931284,0
220,aaa,aaa,known,aaa,0.9410488245931284,1.93762387577929e-34,normal,0.9410488245931284,0
221,aaa,aaa,known,aaa,0.9410488245931284,1.8233986708056828e-34,normal,0.9410488245931284,0
222,aaa,aaa,known,aaa,0.9410488245931284,1.7159071759263605e-34,normal,0.9410488245931284,0
223,aaa,aaa,known,aaa,0.9410488245931284,1.614752431016416e-34,normal,0.9410488245931284,0
224,aaa,aaa,known,aaa,0.9410488245931284,1.5195608772168949e-34,normal,0.9410488245931284,0
225,aaa,aaa,known,aaa,0.9410488245931284,1.4299809774026622e-34,normal,0.9410488245931284,0
226,aaa,aaa,known,aaa,0.9410488245931284,1.3456819179753083e-34,normal,0.9410488245931284,0
227,aaa,aaa,known,aaa,0.9410488245931284,1.2663523871868906e-34,normal,0.9410488245931284,0
228,aaa,aaa,known,aaa,0.9410488245931284,1.1916994254829257e-34,normal,0.9410488245931284,0
229,aaa,aaa,known,aaa,0.9410488245931284,1.1214473436190135e-34,normal,0.9410488245931284,0
230,aaa,aaa,known,aaa,0.9410488245931284,1.0553367045557589e-34,normal,0.9410488245931284,0
231,aaa,aaa,known,aaa,0.9410488245931284,9.931233653721825e-35,normal,0.9410488245931284,0
232,aaa,aaa,known,aaa,0.9410488245931284,9.345775756594644e-35,normal,0.9410488245931284,0
233,aaa,aaa,known,aaa,0.9410488245931284,8.794831290654345e-35,normal,0.9410488245931284,0
234,aaa,aaa,known,aaa,0.9410488245931284,8.276365648565138e-35,normal,0.9410488245931284,0
235,aaa,aaa,known,aaa,0.9410488245931284,7.788464165485168e-35,normal,0.9410488245931284,0
236,aaa,aaa,known,aaa,0.9410488245931284,7.329325048315519e-35,normal,0.9410488245931284,0
237,aaa,aaa,known,aaa,0.9410488245931284,6.897252721778293e-35,normal,0.9410488245931284,0
238,aaa,aaa,known,aaa,0.9410488245931284,6.490651566751218e-35,normal,0.9410488245931284,0
239,aaa,aaa,known,aaa,0.9410488245931284,6.108020027734781e-35,normal,0.9410488245931284,0
240,aaa,aaa,known,aaa,0.9410488245931284,5.747945067691104e-35,normal,0.9410488245931284,0
241,aaa,aaa,known,aaa,0.9410488245931284,5.409096949776583e-35,normal,0.9410488245931284,0
242,aaa,aaa,known,aaa,0.9410488245931284,5.09022432669753e-35,normal,0.9410488245931284,0
243,aaa,aaa,known,aaa,0.9410488245931284,4.7901496195540593e-35,normal,0.9410488245931284,0
244,aaa,aaa,known,aaa,0.9410488245931284,4.507764669106569e-35,normal,0.9410488245931284,0
245,aaa,aaa,known,aaa,0.9410488245931284,4.242026643405169e-35,normal,0.9410488245931284,0
246,aaa,aaa,known,aaa,0.9410488245931284,3.991954186669168e-35,normal,0.9410488245931284,0
247,aaa,aaa,known,aaa,0.9410488245931284,3.756623795194639e-35,normal,0.9410488245931284,0
248,aaa,aaa,known,aaa,0.9410488245931284,3.5351664069064925e-35,normal,0.9410488245931284,0
249,aaa,aaa,known,aaa,0.9410488245931284,3.326764191960468e-35,normal,0.9410488245931284,0
250,aaa,aaa,known,aaa,0.9410488245931284,3.1306475325429073e-35,normal,0.9410488245931284,0
251,aaa,aaa,known,aaa,0.9410488245931284,2.946092180714881e-35,normal,0.9410488245931284,0
252,aaa,aaa,known,aaa,0.9410488245931284,2.772416583804745e-35,normal,0.9410488245931284,0
253,aaa,aaa,known,aaa,0.9410488245931284,2.608979367471952e-35,normal,0.9410488245931284,0
254,aaa,aaa,known,aaa,0.9410488245931284,2.455176967147204e-35,normal,0.9410488245931284,0
255,aaa,aaa,known,aaa,0.9410488245931284,2.3104413991019983e-35,normal,0.9410488245931284,0
256,aaa,aaa,known,aaa,0.9410488245931284,2.1742381629162386e-35,normal,0.9410488245931284,0
257,aaa,aaa,known,aaa,0.9410488245931284,2.0460642675978492e-35,normal,0.9410488245931284,0
258,aaa,aaa,known,aaa,0.9410488245931284,1.9254463740649562e-35,normal,0.9410488245931284,0
259,aaa,aaa,known,aaa,0.9410488245931284,1.8119390471309282e-35,normal,0.9410488245931284,0
260,aaa,aaa,known,aaa,0.9410488245931284,1.705123110536953e-35,normal,0.9410488245931284,0
261,aaa,aaa,known,aaa,0.9410488245931284,1.6046040989573787e-35,normal,0.9410488245931284,0
262,aaa,aaa,known,aaa,0.9410488245931284,1.510010801261157e-35,normal,0.9410488245931284,0
263,aaa,aaa,known,aaa,0.9410488245931284,1.4209938896497398e-35,normal,0.9410488245931284,0
264,aaa,aaa,known,aaa,0.9410488245931284,1.3372246296089054e-35,normal,0.9410488245931284,0
265,aaa,aaa,known,aaa,0.9410488245931284,1.258393665910442e-35,normal,0.9410488245931284,0
266,aaa,aaa,known,aaa,0.9410488245931284,1.1842098801804593e-35,normal,0.9410488245931284,0
267,aaa,aaa,known,aaa,0.9410488245931284,1.1143993158153907e-35,normal,0.9410488245931284,0
268,aaa,aaa,known,aaa,0.9410488245931284,1.04870416627546e-35,normal,0.9410488245931284,0
269,aaa,aaa,known,aaa,0.9410488245931284,9.868818230194383e-36,normal,0.9410488245931284,0
270,aaa,aaa,known,aaa,0.9410488245931284,9.287039795647662e-36,normal,0.9410488245931284,0
271,aaa,aaa,known,aaa,0.9410488245931284,8.73955788364384e-36,normal,0.9410488245931284,0
272,aaa,aaa,known,aaa,0.9410488245931284,8.224350673866646e-36,normal,0.9410488245931284,0
273,aaa,aaa,known,aaa,0.9410488245931284,7.739515534683911e-36,normal,0.9410488245931284,0
274,aaa,aaa,known,aaa,0.9410488245931284,7.283261996834552e-36,normal,0.9410488245931284,0
275,aaa,aaa,known,aaa,0.9410488245931284,6.853905141324956e-36,normal,0.9410488245931284,0
276,aaa,aaa,known,aaa,0.9410488245931284,6.44985937711665e-36,normal,0.9410488245931284,0
277,aaa,aaa,known,aaa,0.9410488245931284,6.069632585626592e-36,normal,0.9410488245931284,0
278,aaa,aaa,known,aaa,0.9410488245931284,5.711820610416055e-36,normal,0.9410488245931284,0
279,aaa,aaa,known,aaa,0.9410488245931284,5.375102071718834e-36,normal,0.9410488245931284,0
280,aaa,aaa,known,aaa,0.9410488245931284,5.0582334866590986e-36,normal,0.9410488245931284,0
281,aaa,aaa,known,aaa,0.9410488245931284,4.7600446771381466e-36,normal,0.9410488245931284,0
282,aaa,aaa,known,aaa,0.9410488245931284,4.479434448431631e-36,normal,0.9410488245931284,0
283,aaa,aaa,known,aaa,0.9410488245931284,4.215366522538555e-36,normal,0.9410488245931284,0
284,aaa,aaa,known,aaa,0.9410488245931284,3.966865711264131e-36,normal,0.9410488245931284,0
285,aaa,aaa,known,aaa,0.9410488245931284,3.733014314903895e-36,normal,0.9410488245931284,0
286,aaa,aaa,known,aaa,0.9410488245931284,3.512948733229633e-36,normal,0.9410488245931284,0
287,aaa,aaa,known,aaa,0.9410488245931284,3.305856276261666e-36,normal,0.9410488245931284,0
288,aaa,aaa,known,aaa,0.9410488245931284,3.110972163049857e-36,normal,0.9410488245931284,0
289,aaa,aaa,known,aaa,0.9410488245931284,2.92757669738001e-36,normal,0.9410488245931284,0
290,aaa,aaa,known,aaa,0.9410488245931284,2.7549926099756915e-36,normal,0.9410488245931284,0
291,aaa,aaa,known,aaa,0.9410488245931284,2.5925825573803796e-36,normal,0.9410488245931284,0
292,aaa,aaa,known,aaa,0.9410488245931284,2.4397467682834532e-36,normal,0.9410488245931284,0
293,aaa,aaa,known,aaa,0.9410488245931284,2.2959208285980272e-36,normal,0.9410488245931284,0
294,aaa,aaa,known,aaa,0.9410488245931284,2.160573597111055e-36,normal,0.9410488245931284,0
295,aaa,aaa,known,aaa,0.9410488245931284,2.033205244008306e-36,normal,0.9410488245931284,0
296,aaa,aaa,known,aaa,0.9410488245931284,1.913345405030601e-36,normal,0.9410488245931284,0
297,aaa,aaa,known,aaa,0.9410488245931284,1.8005514444447106e-36,normal,0.9410488245931284,0
298,aaa,aaa,known,aaa,0.9410488245931284,1.6944068204141545e-36,normal,0.9410488245931284,0
299,aaa,aaa,known,aaa,0.9410488245931284,1.59451954673332e-36,normal,0.9410488245931284,0
300,aaa,aaa,known,aaa,0.9410488245931284,1.5005207452441588e-36,normal,0.9410488245931284,0
301,aaa,aaa,known,aaa,0.9410488245931284,1.4120632835896207e-36,normal,0.9410488245931284,0
302,aaa,aaa,known,aaa,0.9410488245931284,1.328820493273126e-36,normal,0.9410488245931284,0
303,aaa,aaa,known,aaa,0.9410488245931284,1.2504849632899364e-36,normal,0.9410488245931284,0
304,aaa,aab,known,aab,0.05786618444846293,7.236079353576485e-38,anomaly,0.05786618444846293,0
305,aab,aba,known,aba,0.5742574257425742,4.1553723020538225e-38,normal,0.5742574257425742,0
306,aba,bab,known,bab,0.36683417085427134,1.5243325530147186e-38,normal,0.36683417085427134,0
307,bab,aba,known,aba,0.5985401459854015,9.123742288117295e-39,normal,0.5985401459854015,0
308,aba,baa,known,baa,0.6331658291457286,5.776841850767734e-39,normal,0.6331658291457286,0
309,baa,aaa,known,aaa,0.7941176470588235,4.587492057962612e-39,normal,0.7941176470588235,0
310,aaa,aaa,known,aaa,0.9410488245931284,4.317054008976028e-39,normal,0.9410488245931284,0
311,aaa,aaa,known,aaa,0.9410488245931284,4.062558600851944e-39,normal,0.9410488245931284,0
312,aaa,aab,known,aab,0.05786618444846293,2.3508476532958807e-40,anomaly,0.05786618444846293,0
313,aab,aba,known,aba,0.5742574257425742,1.349991721694664e-40,normal,0.5742574257425742,0
314,aba,baa,known,baa,0.6331658291457286,8.547686278066716e-41,normal,0.6331658291457286,0
315,baa,aab,known,aab,0.20588235294117646,1.7598177631313827e-41,normal,0.20588235294117646,0
316,aab,aba,known,aba,0.5742574257425742,1.0105884184318831e-41,normal,0.5742574257425742,0
317,aba,bab,known,bab,0.36683417085427134,3.707183645503892e-42,normal,0.36683417085427134,0
318,bab,abb,known,abb,0.3722627737226277,1.3800464665744416e-42,normal,0.3722627737226277,0
319,abb,bbb,known,bbb,0.5579710144927537,7.700259270016813e-43,normal,0.5579710144927537,0
320,bbb,bba,known,bba,0.2916666666666667,2.245908953754904e-43,normal,0.2916666666666667,0
321,bba,baa,known,baa,0.5652173913043478,1.2694267999484239e-43,normal,0.5652173913043478,0
322,baa,aaa,known,aaa,0.7941176470588235,1.0080742234884542e-43,normal,0.7941176470588235,0
323,aaa,aaa,known,aaa,0.9410488245931284,9.486470631164404e-44,normal,0.9410488245931284,0
324,aaa,aab,known,aab,0.05786618444846293,5.4894585930788596e-45,anomaly,0.05786618444846293,0
325,aab,abb,known,abb,0.42574257425742573,2.33709623269694e-45,normal,0.42574257425742573,0
326,abb,bba,known,bba,0.43478260869565216,1.0161287968247566e-45,normal,0.43478260869565216,0
327,bba,baa,known,baa,0.5652173913043478,5.743336677705146e-46,normal,0.5652173913043478,0
328,baa,aab,known,aab,0.20588235294117646,1.1824516689392946e-46,normal,0.20588235294117646,0
329,aab,aba,known,aba,0.5742574257425742,6.790316514700899e-47,normal,0.5742574257425742,0
330,aba,bab,known,bab,0.36683417085427134,2.49092012850837e-47,normal,0.36683417085427134,0
331,bab,abb,known,abb,0.3722627737226277,9.272768361600501e-48,normal,0.3722627737226277,0
332,abb,bba,known,bba,0.43478260869565216,4.031638418087174e-48,normal,0.43478260869565216,0
333,bba,baa,known,baa,0.5652173913043478,2.27875214935362e-48,normal,0.5652173913043478,0
334,baa,aaa,known,aaa,0.7941176470588235,1.8095972950749336e-48,normal,0.7941176470588235,0
335,aaa,aab,known,aab,0.05786618444846293,1.047144908542457e-49,anomaly,0.05786618444846293,0
336,aab,aba,known,aba,0.5742574257425742,6.013307395590347e-50,normal,0.5742574257425742,0
337,aba,bab,known,bab,0.36683417085427134,2.205886632553243e-50,normal,0.36683417085427134,0
338,bab,abb,known,abb,0.3722627737226277,8.211694763519371e-51,normal,0.3722627737226277,0
339,abb,bbb,known,bbb,0.5579710144927537,4.5818876579057367e-51,normal,0.5579710144927537,0
340,bbb,bbc,known,bbc,0.045454545454545456,2.0826762081389712e-52,anomaly,0.045454545454545456,0
341,bbc,bcb,known,bcb,0.6666666666666666,1.3884508054259807e-52,normal,0.6666666666666666,0
342,bcb,cba,known,cba,0.2777777777777778,3.8568077928499468e-53,normal,0.2777777777777778,0
343,cba,bab,known,bab,0.8333333333333334,3.2140064940416224e-53,normal,0.8333333333333334,0
344,bab,aba,known,aba,0.5985401459854015,1.923711916141701e-53,normal,0.5985401459854015,0
345,aba,baa,known,baa,0.6331658291457286,1.2180286504213786e-53,normal,0.6331658291457286,0
346,baa,aab,known,aab,0.20588235294117646,2.507706044985191e-54,normal,0.20588235294117646,0
347,aab,aba,known,aba,0.5742574257425742,1.4400688179122878e-54,normal,0.5742574257425742,0
348,aba,baa,known,baa,0.6331658291457286,9.11802367120343e-55,normal,0.6331658291457286,0
349,baa,aab,known,aab,0.20588235294117646,1.8772401676007062e-55,normal,0.20588235294117646,0
350,aab,aba,known,aba,0.5742574257425742,1.07801910614694e-55,normal,0.5742574257425742,0
351,aba,bab,known,bab,0.36683417085427134,3.9545424496847547e-56,normal,0.36683417085427134,0
352,bab,abb,known,abb,0.3722627737226277,1.4721289411235219e-56,normal,0.3722627737226277,0
353,abb,bbb,known,bbb,0.5579710144927537,8.214052787428348e-57,normal,0.5579710144927537,0
354,bbb,bbc,known,bbc,0.045454545454545456,3.7336603579219766e-58,anomaly,0.045454545454545456,0
355,bbc,bcb,known,bcb,0.6666666666666666,2.4891069052813175e-58,normal,0.6666666666666666,0
356,bcb,cbb,known,cbb,0.6111111111111112,1.5211208865608053e-58,normal,0.6111111111111112,0
357,cbb,bbb,known,bbb,0.75,1.140840664920604e-58,normal,0.75,0
358,bbb,bbb,known,bbb,0.6628787878787878,7.5623907712540035e-59,normal,0.6628787878787878,0
359,bbb,bbb,known,bbb,0.6628787878787878,5.0129484279145855e-59,normal,0.6628787878787878,0
360,bbb,bbb,known,bbb,0.6628787878787878,3.3229771775948953e-59,normal,0.6628787878787878,0
361,bbb,bbb,known,bbb,0.6628787878787878,2.2027310836329796e-59,normal,0.6628787878787878,0
362,bbb,bbb,known,bbb,0.6628787878787878,1.4601437107415584e-59,normal,0.6628787878787878,0
363,bbb,bba,known,bba,0.2916666666666667,4.258752489662879e-60,normal,0.2916666666666667,0
364,bba,bab,known,bab,0.427536231884058,1.8207709919573177e-60,normal,0.427536231884058,0
365,bab,aba,known,aba,0.5985401459854015,1.0898045353321173e-60,normal,0.5985401459854015,0
366,aba,baa,known,baa,0.6331658291457286,6.900269922203356e-61,normal,0.6331658291457286,0
367,baa,aab,known,aab,0.20588235294117646,1.4206438075124555e-61,normal,0.20588235294117646,0
368,aab,aba,known,aba,0.5742574257425742,8.158152557992317e-62,normal,0.5742574257425742,0
369,aba,bab,known,bab,0.36683417085427134,2.9926891293137643e-62,normal,0.36683417085427134,0
370,bab,abb,known,abb,0.3722627737226277,1.1140667561678975e-62,normal,0.3722627737226277,0
371,abb,bba,known,bba,0.43478260869565216,4.8437685050778154e-63,normal,0.43478260869565216,0
372,bba,bac,known,bac,0.007246376811594203,3.50997717759262e-65,anomaly,0.007246376811594203,0
373,bac,acb,known,acb,1.0,3.50997717759262e-65,normal,1.0,0
374,acb,cba,known,cba,0.3333333333333333,1.1699923925308734e-65,normal,0.3333333333333333,0
375,cba,bab,known,bab,0.8333333333333334,9.749936604423945e-66,normal,0.8333333333333334,0
376,bab,aba,known,aba,0.5985401459854015,5.835728478560317e-66,normal,0.5985401459854015,0
377,aba,bab,known,bab,0.36683417085427134,2.1407446177633325e-66,normal,0.36683417085427134,0
378,bab,abc,known,abc,0.029197080291970802,6.250349248944036e-68,anomaly,0.029197080291970802,0
379,abc,bcc,known,bcc,0.0,6.250349248944037e-72,anomaly,0.0,0
380,bcc,ccc,known,ccc,1.0,6.250349248944037e-72,normal,1.0,0
381,ccc,ccc,known,ccc,0.9928492849284929,6.205654782367429e-72,normal,0.9928492849284929,0
382,ccc,ccc,known,ccc,0.9928492849284929,6.161279913186585e-72,normal,0.9928492849284929,0
383,ccc,ccc,known,ccc,0.9928492849284929,6.117222356051587e-72,normal,0.9928492849284929,0
384,ccc,ccc,known,ccc,0.9928492849284929,6.073479841954409e-72,normal,0.9928492849284929,0
385,ccc,ccc,known,ccc,0.9928492849284929,6.03005011811205e-72,normal,0.9928492849284929,0
386,ccc,ccc,known,ccc,0.9928492849284929,5.986930947850523e-72,normal,0.9928492849284929,0
387,ccc,ccc,known,ccc,0.9928492849284929,5.944120110489655e-72,normal,0.9928492849284929,0
388,ccc,ccc,known,ccc,0.9928492849284929,5.901615401228729e-72,normal,0.9928492849284929,0
389,ccc,ccc,known,ccc,0.9928492849284929,5.859414631032924e-72,normal,0.9928492849284929,0
390,ccc,ccc,known,ccc,0.9928492849284929,5.817515626520587e-72,normal,0.9928492849284929,0
391,ccc,ccc,known,ccc,0.9928492849284929,5.775916229851299e-72,normal,0.9928492849284929,0
392,ccc,ccc,known,ccc,0.9928492849284929,5.734614298614739e-72,normal,0.9928492849284929,0
393,ccc,ccc,known,ccc,0.9928492849284929,5.693607705720354e-72,normal,0.9928492849284929,0
394,ccc,ccc,known,ccc,0.9928492849284929,5.652894339287811e-72,normal,0.9928492849284929,0
395,ccc,ccc,known,ccc,0.9928492849284929,5.612472102538228e-72,normal,0.9928492849284929,0
396,ccc,ccc,known,ccc,0.9928492849284929,5.572338913686195e-72,normal,0.9928492849284929,0
397,ccc,ccc,known,ccc,0.9928492849284929,5.532492705832553e-72,normal,0.9928492849284929,0
398,ccc,ccc,known,ccc,0.9928492849284929,5.492931426857953e-72,normal,0.9928492849284929,0
399,ccc,ccc,known,ccc,0.9928492849284929,5.453653039317165e-72,normal,0.9928492849284929,0
400,ccc,ccc,known,ccc,0.9928492849284929,5.414655520334149e-72,normal,0.9928492849284929,0
401,ccc,ccc,known,ccc,0.9928492849284929,5.375936861497877e-72,normal,0.9928492849284929,0
402,ccc,ccc,known,ccc,0.9928492849284929,5.337495068758893e-72,normal,0.9928492849284929,0
403,ccc,ccc,known,ccc,0.9928492849284929,5.299328162326624e-72,normal,0.9928492849284929,0
404,ccc,ccc,known,ccc,0.9928492849284929,5.261434176567414e-72,normal,0.9928492849284929,0
405,ccc,ccb,known,ccb,0.006600660066006601,3.4728938459190848e-74,anomaly,0.006600660066006601,0
406,ccb,cbc,known,cbc,0.75,2.6046703844393136e-74,normal,0.75,0
407,cbc,bcc,known,bcc,0.6363636363636364,1.6575175173704723e-74,normal,0.6363636363636364,0
408,bcc,ccc,known,ccc,1.0,1.6575175173704723e-74,normal,1.0,0
409,ccc,ccc,known,ccc,0.9928492849284929,1.6456650818777242e-74,normal,0.9928492849284929,0
410,ccc,ccc,known,ccc,0.9928492849284929,1.6338973997740883e-74,normal,0.9928492849284929,0
411,ccc,ccc,known,ccc,0.9928492849284929,1.6222138650122274e-74,normal,0.9928492849284929,0
412,ccc,ccc,known,ccc,0.9928492849284929,1.6106138758784767e-74,normal,0.9928492849284929,0
413,ccc,ccc,known,ccc,0.9928492849284929,1.599096834961854e-74,normal,0.9928492849284929,0
414,ccc,ccc,known,ccc,0.9928492849284929,1.587662149123293e-74,normal,0.9928492849284929,0
415,ccc,ccc,known,ccc,0.9928492849284929,1.5763092294650958e-74,normal,0.9928492849284929,0
416,ccc,ccc,known,ccc,0.9928492849284929,1.5650374913006039e-74,normal,0.9928492849284929,0
417,ccc,ccc,known,ccc,0.9928492849284929,1.553846354124087e-74,normal,0.9928492849284929,0
418,ccc,ccc,known,ccc,0.9928492849284929,1.5427352415808455e-74,normal,0.9928492849284929,0
419,ccc,ccc,known,ccc,0.9928492849284929,1.531703581437528e-74,normal,0.9928492849284929,0
420,ccc,ccc,known,ccc,0.9928492849284929,1.5207508055526613e-74,normal,0.9928492849284929,0
421,ccc,ccc,known,ccc,0.9928492849284929,1.5098763498473893e-74,normal,0.9928492849284929,0
422,ccc,ccc,known,ccc,0.9928492849284929,1.4990796542764234e-74,normal,0.9928492849284929,0
423,ccc,ccc,known,ccc,0.9928492849284929,1.4883601627991993e-74,normal,0.9928492849284929,0
424,ccc,ccc,known,ccc,0.9928492849284929,1.4777173233512403e-74,normal,0.9928492849284929,0
425,ccc,ccc,known,ccc,0.9928492849284929,1.4671505878157253e-74,normal,0.9928492849284929,0
426,ccc,ccc,known,ccc,0.9928492849284929,1.456659411995261e-74,normal,0.9928492849284929,0
427,ccc,ccb,known,ccb,0.006600660066006601,9.614913610529775e-77,anomaly,0.006600660066006601,0
428,ccb,cbb,known,cbb,0.25,2.4037284026324438e-77,normal,0.25,0
429,cbb,bbc,known,bbc,0.125,3.0046605032905548e-78,anomaly,0.125,0
430,bbc,bcc,known,bcc,0.26666666666666666,8.012428008774812e-79,normal,0.26666666666666666,0
431,bcc,ccc,known,ccc,1.0,8.012428008774812e-79,normal,1.0,0
432,ccc,ccc,known,ccc,0.9928492849284929,7.9551334190531e-79,normal,0.9928492849284929,0
433,ccc,ccc,known,ccc,0.9928492849284929,7.898248526617627e-79,normal,0.9928492849284929,0
434,ccc,ccb,known,ccb,0.006600660066006601,5.213365364104044e-81,anomaly,0.006600660066006601,0
435,ccb,cbc,known,cbc,0.75,3.910024023078033e-81,normal,0.75,0
436,cbc,bcc,known,bcc,0.6363636363636364,2.488197105595112e-81,normal,0.6363636363636364,0
437,bcc,ccc,known,ccc,1.0,2.488197105595112e-81,normal,1.0,0
438,ccc,ccc,known,ccc,0.9928492849284929,2.470404717051253e-81,normal,0.9928492849284929,0
439,ccc,ccc,known,ccc,0.9928492849284929,2.452739556808312e-81,normal,0.9928492849284929,0
440,ccc,ccc,known,ccc,0.9928492849284929,2.4352007150929613e-81,normal,0.9928492849284929,0
441,ccc,ccc,known,ccc,0.9928492849284929,2.417787288637401e-81,normal,0.9928492849284929,0
442,ccc,ccc,known,ccc,0.9928492849284929,2.400498380632843e-81,normal,0.9928492849284929,0
443,ccc,ccc,known,ccc,0.9928492849284929,2.3833331006833234e-81,normal,0.9928492849284929,0
444,ccc,ccc,known,ccc,0.9928492849284929,2.3662905647598456e-81,normal,0.9928492849284929,0
445,ccc,ccc,known,ccc,0.9928492849284929,2.349369895154852e-81,normal,0.9928492849284929,0
446,ccc,ccc,known,ccc,0.9928492849284929,2.332570220437023e-81,normal,0.9928492849284929,0
447,ccc,ccc,known,ccc,0.9928492849284929,2.3158906754063954e-81,normal,0.9928492849284929,0
448,ccc,ccc,known,ccc,0.9928492849284929,2.2993304010498043e-81,normal,0.9928492849284929,0
449,ccc,ccc,known,ccc,0.9928492849284929,2.282888544496643e-81,normal,0.9928492849284929,0
450,ccc,ccc,known,ccc,0.9928492849284929,2.26656425897494e-81,normal,0.9928492849284929,0
451,ccc,ccc,known,ccc,0.9928492849284929,2.2503567037677487e-81,normal,0.9928492849284929,0
452,ccc,ccc,known,ccc,0.9928492849284929,2.2342650441698495e-81,normal,0.9928492849284929,0
453,ccc,ccc,known,ccc,0.9928492849284929,2.2182884514447625e-81,normal,0.9928492849284929,0
454,ccc,ccc,known,ccc,0.9928492849284929,2.202426102782066e-81,normal,0.9928492849284929,0
455,ccc,ccc,known,ccc,0.9928492849284929,2.1866771812550215e-81,normal,0.9928492849284929,0
456,ccc,ccc,known,ccc,0.9928492849284929,2.1710408757785005e-81,normal,0.9928492849284929,0
457,ccc,ccc,known,ccc,0.9928492849284929,2.1555163810672134e-81,normal,0.9928492849284929,0
458,ccc,ccc,known,ccc,0.9928492849284929,2.1401028975942355e-81,normal,0.9928492849284929,0
459,ccc,ccc,known,ccc,0.9928492849284929,2.124799631549832e-81,normal,0.9928492849284929,0
460,ccc,ccc,known,ccc,0.9928492849284929,2.109605794800576e-81,normal,0.9928492849284929,0
461,ccc,ccc,known,ccc,0.9928492849284929,2.094520604848757e-81,normal,0.9928492849284929,0
462,ccc,ccc,known,ccc,0.9928492849284929,2.0795432847920826e-81,normal,0.9928492849284929,0
463,ccc,ccc,known,ccc,0.9928492849284929,2.0646730632836684e-81,normal,0.9928492849284929,0
464,ccc,ccc,known,ccc,0.9928492849284929,2.0499091744923112e-81,normal,0.9928492849284929,0
465,ccc,ccc,known,ccc,0.9928492849284929,2.0352508580630483e-81,normal,0.9928492849284929,0
466,ccc,ccc,known,ccc,0.9928492849284929,2.0206973590779992e-81,normal,0.9928492849284929,0
467,ccc,ccc,known,ccc,0.9928492849284929,2.0062479280174856e-81,normal,0.9928492849284929,0
468,ccc,ccc,known,ccc,0.9928492849284929,1.991901820721431e-81,normal,0.9928492849284929,0
469,ccc,ccc,known,ccc,0.9928492849284929,1.977658298351036e-81,normal,0.9928492849284929,0
470,ccc,ccc,known,ccc,0.9928492849284929,1.963516627350726e-81,normal,0.9928492849284929,0
471,ccc,ccc,known,ccc,0.9928492849284929,1.9494760794103745e-81,normal,0.9928492849284929,0
472,ccc,ccc,known,ccc,0.9928492849284929,1.935535931427792e-81,normal,0.9928492849284929,0
473,ccc,ccc,known,ccc,0.9928492849284929,1.9216954654714879e-81,normal,0.9928492849284929,0
474,ccc,ccc,known,ccc,0.9928492849284929,1.9079539687436942e-81,normal,0.9928492849284929,0
475,ccc,ccc,known,ccc,0.9928492849284929,1.8943107335436569e-81,normal,0.9928492849284929,0
476,ccc,ccc,known,ccc,0.9928492849284929,1.8807650572311884e-81,normal,0.9928492849284929,0
477,ccc,ccc,known,ccc,0.9928492849284929,1.8673162421904813e-81,normal,0.9928492849284929,0
478,ccc,ccc,known,ccc,0.9928492849284929,1.8539635957941799e-81,normal,0.9928492849284929,0
479,ccc,ccc,known,ccc,0.9928492849284929,1.8407064303677089e-81,normal,0.9928492849284929,0
480,ccc,ccc,known,ccc,0.9928492849284929,1.8275440631538584e-81,normal,0.9928492849284929,0
481,ccc,ccc,known,ccc,0.9928492849284929,1.8144758162776208e-81,normal,0.9928492849284929,0
482,ccc,ccc,known,ccc,0.9928492849284929,1.8015010167112791e-81,normal,0.9928492849284929,0
483,ccc,ccc,known,ccc,0.9928492849284929,1.7886189962397465e-81,normal,0.9928492849284929,0
484,ccc,ccc,known,ccc,0.9928492849284929,1.775829091426151e-81,normal,0.9928492849284929,0
485,ccc,ccc,known,ccc,0.9928492849284929,1.763130643577669e-81,normal,0.9928492849284929,0
486,ccc,ccb,known,ccb,0.006600660066006601,1.1637826030215638e-83,anomaly,0.006600660066006601,0
487,ccb,cbc,known,cbc,0.75,8.728369522661728e-84,normal,0.75,0
488,cbc,bcc,known,bcc,0.6363636363636364,5.554416968966554e-84,normal,0.6363636363636364,0
489,bcc,ccc,known,ccc,1.0,5.554416968966554e-84,normal,1.0,0
490,ccc,ccc,known,ccc,0.9928492849284929,5.51469891583313e-84,normal,0.9928492849284929,0
491,ccc,ccc,known,ccc,0.9928492849284929,5.4752648751808585e-84,normal,0.9928492849284929,0
492,ccc,ccc,known,ccc,0.9928492849284929,5.4361128161174095e-84,normal,0.9928492849284929,0
493,ccc,ccc,known,ccc,0.9928492849284929,5.397240722272786e-84,normal,0.9928492849284929,0
494,ccc,ccc,known,ccc,0.9928492849284929,5.3586465916954785e-84,normal,0.9928492849284929,0
495,ccc,ccc,known,ccc,0.9928492849284929,5.320328436749362e-84,normal,0.9928492849284929,0
496,ccc,ccb,known,ccb,0.006600660066006601,3.5117679450490835e-86,anomaly,0.006600660066006601,0
497,ccb,cbc,known,cbc,0.75,2.6338259587868126e-86,normal,0.75,0
498,cbc,bcc,known,bcc,0.6363636363636364,1.6760710646825172e-86,normal,0.6363636363636364,0
499,bcc,ccc,known,ccc,1.0,1.6760710646825172e-86,normal,1.0,0
500,ccc,ccb,known,ccb,0.006600660066006601,1.1063175344439057e-88,anomaly,0.006600660066006601,0
501,ccb,cbb,known,cbb,0.25,2.7657938361097643e-89,normal,0.25,0
502,cbb,bbb,known,bbb,0.75,2.074345377082323e-89,normal,0.75,0
503,bbb,bbb,known,bbb,0.6628787878787878,1.3750395492022975e-89,normal,0.6628787878787878,0
504,bbb,bbb,known,bbb,0.6628787878787878,9.114845496606139e-90,normal,0.6628787878787878,0
505,bbb,bbb,known,bbb,0.6628787878787878,6.042037734492706e-90,normal,0.6628787878787878,0
506,bbb,bbc,known,bbc,0.045454545454545456,2.7463807884057755e-91,anomaly,0.045454545454545456,0
507,bbc,bcc,known,bcc,0.26666666666666666,7.323682102415402e-92,normal,0.26666666666666666,0
508,bcc,ccc,known,ccc,1.0,7.323682102415402e-92,normal,1.0,0
509,ccc,ccc,known,ccc,0.9928492849284929,7.271312538426733e-92,normal,0.9928492849284929,0
510,ccc,ccc,known,ccc,0.9928492849284929,7.219317454268566e-92,normal,0.9928492849284929,0
511,ccc,ccc,known,ccc,0.9928492849284929,7.167694172142334e-92,normal,0.9928492849284929,0
512,ccc,ccc,known,ccc,0.9928492849284929,7.116440033397642e-92,normal,0.9928492849284929,0
513,ccc,ccc,known,ccc,0.9928492849284929,7.06555239839535e-92,normal,0.9928492849284929,0
514,ccc,ccc,known,ccc,0.9928492849284929,7.015028646371622e-92,normal,0.9928492849284929,0
515,ccc,ccc,known,ccc,0.9928492849284929,6.964866175302958e-92,normal,0.9928492849284929,0
516,ccc,ccc,known,ccc,0.9928492849284929,6.91506240177219e-92,normal,0.9928492849284929,0
517,ccc,ccc,known,ccc,0.9928492849284929,6.865614760835425e-92,normal,0.9928492849284929,0
518,ccc,ccb,known,ccb,0.006600660066006601,4.531758918043185e-94,anomaly,0.006600660066006601,0
519,ccb,cbb,known,cbb,0.25,1.1329397295107963e-94,normal,0.25,0
520,cbb,bbc,known,bbc,0.125,1.4161746618884953e-95,anomaly,0.125,0
521,bbc,bcc,known,bcc,0.26666666666666666,3.7764657650359875e-96,normal,0.26666666666666666,0
522,bcc,ccc,known,ccc,1.0,3.7764657650359875e-96,normal,1.0,0
523,ccc,ccc,known,ccc,0.9928492849284929,3.749461334372914e-96,normal,0.9928492849284929,0
524,ccc,ccb,known,ccb,0.006600660066006601,2.474891969883112e-98,anomaly,0.006600660066006601,0
525,ccb,cbb,known,cbb,0.25,6.18722992470778e-99,normal,0.25,0
526,cbb,bbb,known,bbb,0.75,4.6404224435308345e-99,normal,0.75,0
527,bbb,bbb,known,bbb,0.6628787878787878,3.0760376046132424e-99,normal,0.6628787878787878,0
528,bbb,bbc,known,bbc,0.045454545454545456,1.3981989111878376e-100,anomaly,0.045454545454545456,0
529,bbc,bcc,known,bcc,0.26666666666666666,3.728530429834234e-101,normal,0.26666666666666666,0
530,bcc,ccc,known,ccc,1.0,3.728530429834234e-101,normal,1.0,0
531,ccc,ccb,known,ccb,0.006600660066006601,2.4610761913097254e-103,anomaly,0.006600660066006601,0
532,ccb,cbb,known,cbb,0.25,6.152690478274314e-104,normal,0.25,0
533,cbb,bbb,known,bbb,0.75,4.614517858705735e-104,normal,0.75,0
534,bbb,bbb,known,bbb,0.6628787878787878,3.0588660048238773e-104,normal,0.6628787878787878,0
535,bbb,bbc,known,bbc,0.045454545454545456,1.390393638556308e-105,anomaly,0.045454545454545456,0
536,bbc,bcc,known,bcc,0.26666666666666666,3.7077163694834876e-106,normal,0.26666666666666666,0
537,bcc,ccc,known,ccc,1.0,3.7077163694834876e-106,normal,1.0,0
538,ccc,ccc,known,ccc,0.9928492849284929,3.681203546159348e-106,normal,0.9928492849284929,0
539,ccc,ccb,known,ccb,0.006600660066006601,2.4298373241975897e-108,anomaly,0.006600660066006601,0
540,ccb,cbc,known,cbc,0.75,1.8223779931481922e-108,normal,0.75,0
541,cbc,bcc,known,bcc,0.6363636363636364,1.1596950865488496e-108,normal,0.6363636363636364,0
542,bcc,ccc,known,ccc,1.0,1.1596950865488496e-108,normal,1.0,0
543,ccc,ccc,known,ccc,0.9928492849284929,1.151402437415112e-108,normal,0.9928492849284929,0
544,ccc,ccc,known,ccc,0.9928492849284929,1.143169086652518e-108,normal,0.9928492849284929,0
545,ccc,ccc,known,ccc,0.9928492849284929,1.1349946102353108e-108,normal,0.9928492849284929,0
546,ccc,ccc,known,ccc,0.9928492849284929,1.1268785871698218e-108,normal,0.9928492849284929,0
547,ccc,ccc,known,ccc,0.9928492849284929,1.1188205994727879e-108,normal,0.9928492849284929,0
548,ccc,ccc,known,ccc,0.9928492849284929,1.1108202321498251e-108,normal,0.9928492849284929,0
549,ccc,ccc,known,ccc,0.9928492849284929,1.1028770731740564e-108,normal,0.9928492849284929,0
550,ccc,ccc,known,ccc,0.9928492849284929,1.094990713464891e-108,normal,0.9928492849284929,0
551,ccc,ccc,known,ccc,0.9928492849284929,1.0871607468669572e-108,normal,0.9928492849284929,0
552,ccc,ccc,known,ccc,0.9928492849284929,1.0793867701291848e-108,normal,0.9928492849284929,0
553,ccc,ccc,known,ccc,0.9928492849284929,1.0716683828840366e-108,normal,0.9928492849284929,0
554,ccc,ccc,known,ccc,0.9928492849284929,1.06400518762689e-108,normal,0.9928492849284929,0
555,ccc,ccc,known,ccc,0.9928492849284929,1.0563967896955647e-108,normal,0.9928492849284929,0
556,ccc,ccc,known,ccc,0.9928492849284929,1.048842797249997e-108,normal,0.9928492849284929,0
557,ccc,ccc,known,ccc,0.9928492849284929,1.0413428212520597e-108,normal,0.9928492849284929,0
558,ccc,ccc,known,ccc,0.9928492849284929,1.0338964754455269e-108,normal,0.9928492849284929,0
559,ccc,ccb,known,ccb,0.006600660066006601,6.824399177858264e-111,anomaly,0.006600660066006601,0
560,ccb,cbb,known,cbb,0.25,1.706099794464566e-111,normal,0.25,0
561,cbb,bbc,known,bbc,0.125,2.1326247430807075e-112,anomaly,0.125,0
562,bbc,bcc,known,bcc,0.26666666666666666,5.686999314881887e-113,normal,0.26666666666666666,0
563,bcc,ccc,known,ccc,1.0,5.686999314881887e-113,normal,1.0,0
564,ccc,ccc,known,ccc,0.9928492849284929,5.64633320316931e-113,normal,0.9928492849284929,0
565,ccc,ccc,known,ccc,0.9928492849284929,5.605957883234656e-113,normal,0.9928492849284929,0
566,ccc,ccc,known,ccc,0.9928492849284929,5.565871275708775e-113,normal,0.9928492849284929,0
567,ccc,ccc,known,ccc,0.9928492849284929,5.526071316091497e-113,normal,0.9928492849284929,0
568,ccc,ccc,known,ccc,0.9928492849284929,5.486555954645298e-113,normal,0.9928492849284929,0
569,ccc,ccc,known,ccc,0.9928492849284929,5.447323156289749e-113,normal,0.9928492849284929,0
570,ccc,ccc,known,ccc,0.9928492849284929,5.408370900496698e-113,normal,0.9928492849284929,0
571,ccc,ccc,known,ccc,0.9928492849284929,5.369697181186215e-113,normal,0.9928492849284929,0
572,ccc,ccc,known,ccc,0.9928492849284929,5.331300006623277e-113,normal,0.9928492849284929,0
573,ccc,ccc,known,ccc,0.9928492849284929,5.293177399315191e-113,normal,0.9928492849284929,0
574,ccc,ccc,known,ccc,0.9928492849284929,5.255327395909747e-113,normal,0.9928492849284929,0
575,ccc,ccc,known,ccc,0.9928492849284929,5.217748047094111e-113,normal,0.9928492849284929,0
576,ccc,ccc,known,ccc,0.9928492849284929,5.1804374174944284e-113,normal,0.9928492849284929,0
577,ccc,ccc,known,ccc,0.9928492849284929,5.1433935855761514e-113,normal,0.9928492849284929,0
578,ccc,ccc,known,ccc,0.9928492849284929,5.106614643545079e-113,normal,0.9928492849284929,0
579,ccc,ccc,known,ccc,0.9928492849284929,5.070098697249102e-113,normal,0.9928492849284929,0
580,ccc,ccc,known,ccc,0.9928492849284929,5.033843866080654e-113,normal,0.9928492849284929,0
581,ccc,ccc,known,ccc,0.9928492849284929,4.9978482828798575e-113,normal,0.9928492849284929,0
582,ccc,ccc,known,ccc,0.9928492849284929,4.9621100938383626e-113,normal,0.9928492849284929,0
583,ccc,ccb,known,ccb,0.006600660066006601,3.2753201939527146e-115,anomaly,0.006600660066006601,0
584,ccb,cbc,known,cbc,0.75,2.456490145464536e-115,normal,0.75,0
585,cbc,bcb,known,bcb,0.36363636363636365,8.932691438052858e-116,normal,0.36363636363636365,0
586,bcb,cbb,known,cbb,0.6111111111111112,5.458866989921191e-116,normal,0.6111111111111112,0
587,cbb,bbb,known,bbb,0.75,4.094150242440894e-116,normal,0.75,0
588,bbb,bbb,known,bbb,0.6628787878787878,2.713925350102865e-116,normal,0.6628787878787878,0
589,bbb,bbb,known,bbb,0.6628787878787878,1.799003546469702e-116,normal,0.6628787878787878,0
590,bbb,bbb,known,bbb,0.6628787878787878,1.1925212902734768e-116,normal,0.6628787878787878,0
591,bbb,bbc,known,bbc,0.045454545454545456,5.420551319424894e-118,anomaly,0.045454545454545456,0
592,bbc,bcc,known,bcc,0.26666666666666666,1.4454803518466384e-118,normal,0.26666666666666666,0
593,bcc,ccc,known,ccc,1.0,1.4454803518466384e-118,normal,1.0,0
594,ccc,ccc,known,ccc,0.9928492849284929,1.4351441337091213e-118,normal,0.9928492849284929,0
595,ccc,ccb,known,ccb,0.006600660066006601,9.472898572337434e-121,anomaly,0.006600660066006601,0
596,ccb,cbb,known,cbb,0.25,2.3682246430843585e-121,normal,0.25,0
597,cbb,bbb,known,bbb,0.75,1.776168482313269e-121,normal,0.75,0
598,bbb,bbc,known,bbc,0.045454545454545456,8.07349310142395e-123,anomaly,0.045454545454545456,0
599,bbc,bcc,known,bcc,0.26666666666666666,2.152931493713053e-123,normal,0.26666666666666666,0
600,bcc,ccc,known,ccc,1.0,2.152931493713053e-123,normal,1.0,0
601,ccc,ccc,known,ccc,0.9928492849284929,2.1375364940330368e-123,normal,0.9928492849284929,0
602,ccc,ccc,known,ccc,0.9928492849284929,2.1222515796092585e-123,normal,0.9928492849284929,0
603,ccc,ccb,known,ccb,0.006600660066006601,1.400826125154626e-125,anomaly,0.006600660066006601,0
604,ccb,cbb,known,cbb,0.25,3.502065312886565e-126,normal,0.25,0
605,cbb,bbb,known,bbb,0.75,2.626548984664924e-126,normal,0.75,0
606,bbb,bbb,known,bbb,0.6628787878787878,1.7410836072589456e-126,normal,0.6628787878787878,0
607,bbb,bbb,known,bbb,0.6628787878787878,1.1541273911754373e-126,normal,0.6628787878787878,0
608,bbb,bbb,known,bbb,0.6628787878787878,7.650465661200816e-127,normal,0.6628787878787878,0
609,bbb,bbc,known,bbc,0.045454545454545456,3.477484391454916e-128,anomaly,0.045454545454545456,0
610,bbc,bcc,known,bcc,0.26666666666666666,9.273291710546444e-129,normal,0.26666666666666666,0
611,bcc,ccb,known,ccb,0.0,9.273291710546444e-133,anomaly,0.0,0
612,ccb,cbb,known,cbb,0.25,2.318322927636611e-133,normal,0.25,0
613,cbb,bbb,known,bbb,0.75,1.7387421957274583e-133,normal,0.75,0
614,bbb,bbb,known,bbb,0.6628787878787878,1.1525753191375196e-133,normal,0.6628787878787878,0
615,bbb,bbc,known,bbc,0.045454545454545456,5.238978723352362e-135,anomaly,0.045454545454545456,0
616,bbc,bcb,known,bcb,0.6666666666666666,3.492652482234908e-135,normal,0.6666666666666666,0
617,bcb,cbc,known,cbc,0.1111111111111111,3.880724980261008e-136,anomaly,0.1111111111111111,0
618,cbc,bcc,known,bcc,0.6363636363636364,2.4695522601660962e-136,normal,0.6363636363636364,0
619,bcc,ccb,known,ccb,0.0,2.4695522601660963e-140,anomaly,0.0,0
620,ccb,cbb,known,cbb,0.25,6.173880650415241e-141,normal,0.25,0
621,cbb,bbc,known,bbc,0.125,7.717350813019051e-142,anomaly,0.125,0
622,bbc,bcb,known,bcb,0.6666666666666666,5.1449005420127e-142,normal,0.6666666666666666,0
623,bcb,cbc,known,cbc,0.1111111111111111,5.716556157791889e-143,anomaly,0.1111111111111111,0
624,cbc,bcb,known,bcb,0.36363636363636365,2.078747693742505e-143,normal,0.36363636363636365,0
625,bcb,cbc,known,cbc,0.1111111111111111,2.3097196597138943e-144,anomaly,0.1111111111111111,0
626,cbc,bcc,known,bcc,0.6363636363636364,1.4698216016361144e-144,normal,0.6363636363636364,0
627,bcc,ccc,known,ccc,1.0,1.4698216016361144e-144,normal,1.0,0
628,ccc,ccc,known,ccc,0.9928492849284929,1.4593113261568685e-144,normal,0.9928492849284929,0
629,ccc,ccc,known,ccc,0.9928492849284929,1.4488762066628976e-144,normal,0.9928492849284929,0
630,ccc,ccc,known,ccc,0.9928492849284929,1.4385157057351652e-144,normal,0.9928492849284929,0
631,ccc,ccc,known,ccc,0.9928492849284929,1.428229289797565e-144,normal,0.9928492849284929,0
632,ccc,ccc,known,ccc,0.9928492849284929,1.4180164290894415e-144,normal,0.9928492849284929,0
633,ccc,ccc,known,ccc,0.9928492849284929,1.407876597638307e-144,normal,0.9928492849284929,0
634,ccc,ccb,known,ccb,0.006600660066006601,9.292914835896416e-147,anomaly,0.006600660066006601,0
635,ccb,cbc,known,cbc,0.75,6.969686126922311e-147,normal,0.75,0
636,cbc,bcc,known,bcc,0.6363636363636364,4.435254808041471e-147,normal,0.6363636363636364,0
637,bcc,ccb,known,ccb,0.0,4.435254808041471e-151,anomaly,0.0,0
638,ccb,cbb,known,cbb,0.25,1.1088137020103677e-151,normal,0.25,0
639,cbb,bbc,known,bbc,0.125,1.3860171275129597e-152,anomaly,0.125,0
640,bbc,bcb,known,bcb,0.6666666666666666,9.240114183419731e-153,normal,0.6666666666666666,0
641,bcb,cbb,known,cbb,0.6111111111111112,5.64673644542317e-153,normal,0.6111111111111112,0
642,cbb,bbb,known,bbb,0.75,4.2350523340673774e-153,normal,0.75,0
643,bbb,bbc,known,bbc,0.045454545454545456,1.9250237882124445e-154,anomaly,0.045454545454545456,0
644,bbc,bcb,known,bcb,0.6666666666666666,1.2833491921416296e-154,normal,0.6666666666666666,0
645,bcb,cbb,known,cbb,0.6111111111111112,7.842689507532182e-155,normal,0.6111111111111112,0
646,cbb,bbb,known,bbb,0.75,5.882017130649136e-155,normal,0.75,0
647,bbb,bbc,known,bbc,0.045454545454545456,2.673644150295062e-156,anomaly,0.045454545454545456,0
648,bbc,bcb,known,bcb,0.6666666666666666,1.7824294335300414e-156,normal,0.6666666666666666,0
649,bcb,cbb,known,cbb,0.6111111111111112,1.089262431601692e-156,normal,0.6111111111111112,0
650,cbb,bbc,known,bbc,0.125,1.361578039502115e-157,anomaly,0.125,0
651,bbc,bcc,known,bcc,0.26666666666666666,3.63087477200564e-158,normal,0.26666666666666666,0
652,bcc,ccc,known,ccc,1.0,3.63087477200564e-158,normal,1.0,0
653,ccc,ccc,known,ccc,0.9928492849284929,3.6049114210507044e-158,normal,0.9928492849284929,0
654,ccc,ccc,known,ccc,0.9928492849284929,3.579133726620749e-158,normal,0.9928492849284929,0
655,ccc,ccc,known,ccc,0.9928492849284929,3.5535403611388624e-158,normal,0.9928492849284929,0
656,ccc,ccb,known,ccb,0.006600660066006601,2.3455711954711962e-160,anomaly,0.006600660066006601,0
657,ccb,cbb,known,cbb,0.25,5.8639279886779905e-161,normal,0.25,0
658,cbb,bbb,known,bbb,0.75,4.397945991508493e-161,normal,0.75,0
659,bbb,bbb,known,bbb,0.6628787878787878,2.9153051080075235e-161,normal,0.6628787878787878,0
660,bbb,bbb,known,bbb,0.6628787878787878,1.932493916292866e-161,normal,0.6628787878787878,0
661,bbb,bbb,known,bbb,0.6628787878787878,1.2810092248153467e-161,normal,0.6628787878787878,0
662,bbb,bbb,known,bbb,0.6628787878787878,8.491538422071427e-162,normal,0.6628787878787878,0
663,bbb,bbc,known,bbc,0.045454545454545456,3.859790191850649e-163,anomaly,0.045454545454545456,0
664,bbc,bcb,known,bcb,0.6666666666666666,2.5731934612337656e-163,normal,0.6666666666666666,0
665,bcb,cbc,known,cbc,0.1111111111111111,2.859103845815295e-164,anomaly,0.1111111111111111,0
666,cbc,bcc,known,bcc,0.6363636363636364,1.8194297200642785e-164,normal,0.6363636363636364,0
667,bcc,ccc,known,ccc,1.0,1.8194297200642785e-164,normal,1.0,0
668,ccc,ccb,known,ccb,0.006600660066006601,1.2009437096133852e-166,anomaly,0.006600660066006601,0
669,ccb,cbb,known,cbb,0.25,3.002359274033463e-167,normal,0.25,0
670,cbb,bbc,known,bbc,0.125,3.752949092541829e-168,anomaly,0.125,0
671,bbc,bcc,known,bcc,0.26666666666666666,1.000786424677821e-168,normal,0.26666666666666666,0
672,bcc,ccc,known,ccc,1.0,1.000786424677821e-168,normal,1.0,0
673,ccc,ccc,known,ccc,0.9928492849284929,9.936300861075175e-169,normal,0.9928492849284929,0
674,ccc,ccb,known,ccb,0.006600660066006601,6.5586144297525905e-171,anomaly,0.006600660066006601,0
675,ccb,cbb,known,cbb,0.25,1.6396536074381476e-171,normal,0.25,0
676,cbb,bbb,known,bbb,0.75,1.2297402055786107e-171,normal,0.75,0
677,bbb,bbb,known,bbb,0.6628787878787878,8.151686968797609e-172,normal,0.6628787878787878,0
678,bbb,bbc,known,bbc,0.045454545454545456,3.705312258544368e-173,anomaly,0.045454545454545456,0
679,bbc,bcc,known,bcc,0.26666666666666666,9.880832689451647e-174,normal,0.26666666666666666,0
680,bcc,ccb,known,ccb,0.0,9.880832689451647e-178,anomaly,0.0,0
681,ccb,cbb,known,cbb,0.25,2.470208172362912e-178,normal,0.25,0
682,cbb,bbb,known,bbb,0.75,1.8526561292721837e-178,normal,0.75,0
683,bbb,bbb,known,bbb,0.6628787878787878,1.228086449328152e-178,normal,0.6628787878787878,0
684,bbb,bbb,known,bbb,0.6628787878787878,8.140724569410098e-179,normal,0.6628787878787878,0
685,bbb,bbb,known,bbb,0.6628787878787878,5.396313635025633e-179,normal,0.6628787878787878,0
686,bbb,bbc,known,bbc,0.045454545454545456,2.4528698341025606e-180,anomaly,0.045454545454545456,0
687,bbc,bcc,known,bcc,0.26666666666666666,6.540986224273495e-181,normal,0.26666666666666666,0
688,bcc,ccc,known,ccc,1.0,6.540986224273495e-181,normal,1.0,0
689,ccc,ccc,known,ccc,0.9928492849284929,6.494213495497062e-181,normal,0.9928492849284929,0
690,ccc,ccc,known,ccc,0.9928492849284929,6.447775225177227e-181,normal,0.9928492849284929,0
691,ccc,ccc,known,ccc,0.9928492849284929,6.401669021696862e-181,normal,0.9928492849284929,0
692,ccc,ccc,known,ccc,0.9928492849284929,6.355892510540614e-181,normal,0.9928492849284929,0
693,ccc,ccc,known,ccc,0.9928492849284929,6.310443334172612e-181,normal,0.9928492849284929,0
694,ccc,ccc,known,ccc,0.9928492849284929,6.265319151915053e-181,normal,0.9928492849284929,0
695,ccc,ccb,known,ccb,0.006600660066006601,4.135524192683203e-183,anomaly,0.006600660066006601,0
696,ccb,cbb,known,cbb,0.25,1.0338810481708007e-183,normal,0.25,0
697,cbb,bbb,known,bbb,0.75,7.754107861281005e-184,normal,0.75,0
698,bbb,bbb,known,bbb,0.6628787878787878,5.140033620167333e-184,normal,0.6628787878787878,0
699,bbb,bbc,known,bbc,0.045454545454545456,2.3363789182578784e-185,anomaly,0.045454545454545456,0
700,bbc,bcc,known,bcc,0.26666666666666666,6.230343782021009e-186,normal,0.26666666666666666,0
701,bcc,ccc,known,ccc,1.0,6.230343782021009e-186,normal,1.0,0
702,ccc,ccc,known,ccc,0.9928492849284929,6.1857923688382404e-186,normal,0.9928492849284929,0
703,ccc,ccc,known,ccc,0.9928492849284929,6.141559530117175e-186,normal,0.9928492849284929,0
704,ccc,ccc,known,ccc,0.9928492849284929,6.097642987822608e-186,normal,0.9928492849284929,0
705,ccc,ccc,known,ccc,0.9928492849284929,6.054040480208916e-186,normal,0.9928492849284929,0
706,ccc,ccc,known,ccc,0.9928492849284929,6.010749761703571e-186,normal,0.9928492849284929,0
707,ccc,ccc,known,ccc,0.9928492849284929,5.9677686027914995e-186,normal,0.9928492849284929,0
708,ccc,ccc,known,ccc,0.9928492849284929,5.925094789900252e-186,normal,0.9928492849284929,0
709,ccc,ccc,known,ccc,0.9928492849284929,5.882726125286004e-186,normal,0.9928492849284929,0
710,ccc,ccc,known,ccc,0.9928492849284929,5.840660426920373e-186,normal,0.9928492849284929,0
711,ccc,ccc,known,ccc,0.9928492849284929,5.7988955283780384e-186,normal,0.9928492849284929,0
712,ccc,ccc,known,ccc,0.9928492849284929,5.757429278725171e-186,normal,0.9928492849284929,0
713,ccc,ccc,known,ccc,0.9928492849284929,5.716259542408655e-186,normal,0.9928492849284929,0
714,ccc,ccc,known,ccc,0.9928492849284929,5.675384199146107e-186,normal,0.9928492849284929,0
715,ccc,ccc,known,ccc,0.9928492849284929,5.63480114381668e-186,normal,0.9928492849284929,0
716,ccc,ccc,known,ccc,0.9928492849284929,5.594508286352644e-186,normal,0.9928492849284929,0
717,ccc,ccc,known,ccc,0.9928492849284929,5.55450355163175e-186,normal,0.9928492849284929,0
718,ccc,ccc,known,ccc,0.9928492849284929,5.514784879370357e-186,normal,0.9928492849284929,0
719,ccc,ccb,known,ccb,0.006600660066006601,3.640122032587695e-188,anomaly,0.006600660066006601,0
720,ccb,cbc,known,cbc,0.75,2.7300915244407712e-188,normal,0.75,0
721,cbc,bcc,known,bcc,0.6363636363636364,1.7373309700986725e-188,normal,0.6363636363636364,0
722,bcc,ccb,known,ccb,0.0,1.7373309700986726e-192,anomaly,0.0,0
723,ccb,cbb,known,cbb,0.25,4.3433274252466815e-193,normal,0.25,0
724,cbb,bbc,known,bbc,0.125,5.429159281558352e-194,anomaly,0.125,0
725,bbc,bcb,known,bcb,0.6666666666666666,3.619439521038901e-194,normal,0.6666666666666666,0
726,bcb,cbc,known,cbc,0.1111111111111111,4.021599467821001e-195,anomaly,0.1111111111111111,0
727,cbc,bcc,known,bcc,0.6363636363636364,2.559199661340637e-195,normal,0.6363636363636364,0
728,bcc,ccc,known,ccc,1.0,2.559199661340637e-195,normal,1.0,0
729,ccc,ccc,known,ccc,0.9928492849284929,2.5408995537512927e-195,normal,0.9928492849284929,0
730,ccc,ccc,known,ccc,0.9928492849284929,2.5227303050170976e-195,normal,0.9928492849284929,0
731,ccc,ccc,known,ccc,0.9928492849284929,2.5046909794036642e-195,normal,0.9928492849284929,0
732,ccc,ccc,known,ccc,0.9928492849284929,2.4867806478677744e-195,normal,0.9928492849284929,0
733,ccc,ccc,known,ccc,0.9928492849284929,2.468998388009534e-195,normal,0.9928492849284929,0
734,ccc,ccc,known,ccc,0.9928492849284929,2.4513432840248677e-195,normal,0.9928492849284929,0
735,ccc,ccc,known,ccc,0.9928492849284929,2.4338144266583535e-195,normal,0.9928492849284929,0
736,ccc,ccc,known,ccc,0.9928492849284929,2.416410913156396e-195,normal,0.9928492849284929,0
737,ccc,ccc,known,ccc,0.9928492849284929,2.3991318472207343e-195,normal,0.9928492849284929,0
738,ccc,ccc,known,ccc,0.9928492849284929,2.3819763389622802e-195,normal,0.9928492849284929,0
739,ccc,ccb,known,ccb,0.006600660066006601,1.5722616098760924e-197,anomaly,0.006600660066006601,0
740,ccb,cbb,known,cbb,0.25,3.930654024690231e-198,normal,0.25,0
741,cbb,bbb,known,bbb,0.75,2.9479905185176735e-198,normal,0.75,0
742,bbb,bbc,known,bbc,0.045454545454545456,1.3399956902353062e-199,anomaly,0.045454545454545456,0
743,bbc,bcc,known,bcc,0.26666666666666666,3.573321840627483e-200,normal,0.26666666666666666,0
744,bcc,ccc,known,ccc,1.0,3.573321840627483e-200,normal,1.0,0
745,ccc,ccc,known,ccc,0.9928492849284929,3.547770034286363e-200,normal,0.9928492849284929,0
746,ccc,ccb,known,ccb,0.006600660066006601,2.3417623988688865e-202,anomaly,0.006600660066006601,0
747,ccb,cbc,known,cbc,0.75,1.756321799151665e-202,normal,0.75,0
748,cbc,bcc,known,bcc,0.6363636363636364,1.1176593267328776e-202,normal,0.6363636363636364,0
749,bcc,ccc,known,ccc,1.0,1.1176593267328776e-202,normal,1.0,0
750,ccc,ccc,known,ccc,0.9928492849284929,1.1096672633403984e-202,normal,0.9928492849284929,0
751,ccc,ccb,known,ccb,0.006600660066006601,7.3245363916857985e-205,anomaly,0.006600660066006601,0
752,ccb,cbc,known,cbc,0.75,5.4934022937643484e-205,normal,0.75,0
753,cbc,bcc,known,bcc,0.6363636363636364,3.4958014596682217e-205,normal,0.6363636363636364,0
754,bcc,ccc,known,ccc,1.0,3.4958014596682217e-205,normal,1.0,0
755,ccc,ccc,known,ccc,0.9928492849284929,3.4708039794835757e-205,normal,0.9928492849284929,0
756,ccc,ccc,known,ccc,0.9928492849284929,3.445985249157236e-205,normal,0.9928492849284929,0
757,ccc,ccc,known,ccc,0.9928492849284929,3.421343990499896e-205,normal,0.9928492849284929,0
758,ccc,ccb,known,ccb,0.006600660066006601,2.258312865016433e-207,anomaly,0.006600660066006601,0
759,ccb,cbc,known,cbc,0.75,1.6937346487623245e-207,normal,0.75,0
760,cbc,bcb,known,bcb,0.36363636363636365,6.1590350864084534e-208,normal,0.36363636363636365,0
761,bcb,cbb,known,cbb,0.6111111111111112,3.7638547750273884e-208,normal,0.6111111111111112,0
762,cbb,bbc,known,bbc,0.125,4.7048184687842354e-209,anomaly,0.125,0
763,bbc,bcc,known,bcc,0.26666666666666666,1.2546182583424627e-209,normal,0.26666666666666666,0
764,bcc,ccc,known,ccc,1.0,1.2546182583424627e-209,normal,1.0,0
765,ccc,ccc,known,ccc,0.9928492849284929,1.2456468406535452e-209,normal,0.9928492849284929,0
766,ccc,ccc,known,ccc,0.9928492849284929,1.2367395750163088e-209,normal,0.9928492849284929,0
767,ccc,ccc,known,ccc,0.9928492849284929,1.2278960026977103e-209,normal,0.9928492849284929,0
768,ccc,ccb,known,ccb,0.006600660066006601,8.104924110215909e-212,anomaly,0.006600660066006601,0
769,ccb,cbb,known,cbb,0.25,2.0262310275539773e-212,normal,0.25,0
770,cbb,bbb,known,bbb,0.75,1.519673270665483e-212,normal,0.75,0
771,bbb,bbb,known,bbb,0.6628787878787878,1.0073591756305285e-212,normal,0.6628787878787878,0
772,bbb,bbc,known,bbc,0.045454545454545456,4.5789053437751294e-214,anomaly,0.045454545454545456,0
773,bbc,bcc,known,bcc,0.26666666666666666,1.221041425006701e-214,normal,0.26666666666666666,0
774,bcc,ccc,known,ccc,1.0,1.221041425006701e-214,normal,1.0,0
775,ccc,ccc,known,ccc,0.9928492849284929,1.2123101056859711e-214,normal,0.9928492849284929,0
776,ccc,ccc,known,ccc,0.9928492849284929,1.203641221541902e-214,normal,0.9928492849284929,0
777,ccc,ccc,known,ccc,0.9928492849284929,1.195034326118335e-214,normal,0.9928492849284929,0
778,ccc,ccb,known,ccb,0.006600660066006601,7.888015353916403e-217,anomaly,0.006600660066006601,0
779,ccb,cbc,known,cbc,0.75,5.916011515437302e-217,normal,0.75,0
780,cbc,bcc,known,bcc,0.6363636363636364,3.764734600732829e-217,normal,0.6363636363636364,0
781,bcc,ccb,known,ccb,0.0,3.764734600732829e-221,anomaly,0.0,0
782,ccb,cbc,known,cbc,0.75,2.8235509505496216e-221,normal,0.75,0
783,cbc,bcc,known,bcc,0.6363636363636364,1.796805150349759e-221,normal,0.6363636363636364,0
784,bcc,ccc,known,ccc,1.0,1.796805150349759e-221,normal,1.0,0
785,ccc,ccc,known,ccc,0.9928492849284929,1.7839567086805915e-221,normal,0.9928492849284929,0
786,ccc,ccb,known,ccb,0.006600660066006601,1.1775291806472552e-223,anomaly,0.006600660066006601,0
787,ccb,cbc,known,cbc,0.75,8.831468854854414e-224,normal,0.75,0
788,cbc,bcb,known,bcb,0.36363636363636365,3.2114432199470596e-224,normal,0.36363636363636365,0
789,bcb,cbb,known,cbb,0.6111111111111112,1.962548634412092e-224,normal,0.6111111111111112,0
790,cbb,bbb,known,bbb,0.75,1.471911475809069e-224,normal,0.75,0
791,bbb,bbc,known,bbc,0.045454545454545456,6.690506708223041e-226,anomaly,0.045454545454545456,0
792,bbc,bcc,known,bcc,0.26666666666666666,1.784135122192811e-226,normal,0.26666666666666666,0
793,bcc,ccc,known,ccc,1.0,1.784135122192811e-226,normal,1.0,0
794,ccc,ccc,known,ccc,0.9928492849284929,1.7713772802849414e-226,normal,0.9928492849284929,0
795,ccc,ccb,known,ccb,0.006600660066006601,1.1692259275808194e-228,anomaly,0.006600660066006601,0
796,ccb,cbb,known,cbb,0.25,2.9230648189520486e-229,normal,0.25,0
797,cbb,bbc,known,bbc,0.125,3.6538310236900607e-230,anomaly,0.125,0
798,bbc,bcc,known,bcc,0.26666666666666666,9.743549396506828e-231,normal,0.26666666666666666,0
799,bcc,ccc,known,ccc,1.0,9.743549396506828e-231,normal,1.0,0
800,ccc,ccc,known,ccc,0.9928492849284929,9.673876050987253e-231,normal,0.9928492849284929,0
801,ccc,ccc,known,ccc,0.9928492849284929,9.604700919709566e-231,normal,0.9928492849284929,0
802,ccc,ccc,known,ccc,0.9928492849284929,9.536020440085681e-231,normal,0.9928492849284929,0
803,ccc,ccc,known,ccc,0.9928492849284929,9.467831075002561e-231,normal,0.9928492849284929,0
804,ccc,ccc,known,ccc,0.9928492849284929,9.400129312640056e-231,normal,0.9928492849284929,0
805,ccc,ccc,known,ccc,0.9928492849284929,9.332911666290045e-231,normal,0.9928492849284929,0
806,ccc,ccc,known,ccc,0.9928492849284929,9.26617467417686e-231,normal,0.9928492849284929,0
807,ccc,ccc,known,ccc,0.9928492849284929,9.199914899279007e-231,normal,0.9928492849284929,0
808,ccc,ccc,known,ccc,0.9928492849284929,9.13412892915215e-231,normal,0.9928492849284929,0
809,ccc,ccc,known,ccc,0.9928492849284929,9.068813375753372e-231,normal,0.9928492849284929,0
810,ccc,ccc,known,ccc,0.9928492849284929,9.003964875266687e-231,normal,0.9928492849284929,0
811,ccc,ccc,known,ccc,0.9928492849284929,8.939580087929797e-231,normal,0.9928492849284929,0
812,ccc,ccc,known,ccc,0.9928492849284929,8.875655697862092e-231,normal,0.9928492849284929,0
813,ccc,ccc,known,ccc,0.9928492849284929,8.812188412893882e-231,normal,0.9928492849284929,0
814,ccc,ccc,known,ccc,0.9928492849284929,8.749174964396841e-231,normal,0.9928492849284929,0
815,ccc,ccc,known,ccc,0.9928492849284929,8.686612107115676e-231,normal,0.9928492849284929,0
816,ccc,ccb,known,ccb,0.006600660066006601,5.7337373644327895e-233,anomaly,0.006600660066006601,0
817,ccb,cbb,known,cbb,0.25,1.4334343411081974e-233,normal,0.25,0
818,cbb,bbc,known,bbc,0.125,1.7917929263852467e-234,anomaly,0.125,0
819,bbc,bcc,known,bcc,0.26666666666666666,4.778114470360658e-235,normal,0.26666666666666666,0
820,bcc,ccc,known,ccc,1.0,4.778114470360658e-235,normal,1.0,0
821,ccc,ccc,known,ccc,0.9928492849284929,4.743947535204064e-235,normal,0.9928492849284929,0
822,ccc,ccc,known,ccc,0.9928492849284929,4.710024918065641e-235,normal,0.9928492849284929,0
823,ccc,ccc,known,ccc,0.9928492849284929,4.676344871896855e-235,normal,0.9928492849284929,0
824,ccc,ccc,known,ccc,0.9928492849284929,4.6429056621418174e-235,normal,0.9928492849284929,0
825,ccc,ccc,known,ccc,0.9928492849284929,4.609705566647954e-235,normal,0.9928492849284929,0
826,ccc,ccc,known,ccc,0.9928492849284929,4.576742875577315e-235,normal,0.9928492849284929,0
827,ccc,ccc,known,ccc,0.9928492849284929,4.544015891318511e-235,normal,0.9928492849284929,0
828,ccc,ccc,known,ccc,0.9928492849284929,4.511522928399292e-235,normal,0.9928492849284929,0
829,ccc,ccb,known,ccb,0.006600660066006601,2.9779029230358366e-237,anomaly,0.006600660066006601,0
830,ccb,cbc,known,cbc,0.75,2.2334271922768775e-237,normal,0.75,0
831,cbc,bcb,known,bcb,0.36363636363636365,8.121553426461373e-238,normal,0.36363636363636365,0
832,bcb,cbc,known,cbc,0.1111111111111111,9.023948251623748e-239,anomaly,0.1111111111111111,0
833,cbc,bcb,known,bcb,0.36363636363636365,3.2814357278631812e-239,normal,0.36363636363636365,0
834,bcb,cbb,known,cbb,0.6111111111111112,2.0053218336941664e-239,normal,0.6111111111111112,0
835,cbb,bbb,known,bbb,0.75,1.5039913752706248e-239,normal,0.75,0
836,bbb,bbb,known,bbb,0.6628787878787878,9.96963979819543e-240,normal,0.6628787878787878,0
837,bbb,bbc,known,bbc,0.045454545454545456,4.5316544537251954e-241,anomaly,0.045454545454545456,0
838,bbc,bcb,known,bcb,0.6666666666666666,3.02110296915013e-241,normal,0.6666666666666666,0
839,bcb,cbb,known,cbb,0.6111111111111112,1.846229592258413e-241,normal,0.6111111111111112,0
840,cbb,bbc,known,bbc,0.125,2.307786990323016e-242,anomaly,0.125,0
841,bbc,bcc,known,bcc,0.26666666666666666,6.154098640861376e-243,normal,0.26666666666666666,0
842,bcc,ccc,known,ccc,1.0,6.154098640861376e-243,normal,1.0,0
843,ccc,ccc,known,ccc,0.9928492849284929,6.110092434958627e-243,normal,0.9928492849284929,0
844,ccc,ccc,known,ccc,0.9928492849284929,6.066400904895667e-243,normal,0.9928492849284929,0
845,ccc,ccc,known,ccc,0.9928492849284929,6.023021800515225e-243,normal,0.9928492849284929,0
846,ccc,ccb,known,ccb,0.006600660066006601,3.975591947534802e-245,anomaly,0.006600660066006601,0
847,ccb,cbc,known,cbc,0.75,2.9816939606511015e-245,normal,0.75,0
848,cbc,bcc,known,bcc,0.6363636363636364,1.897441611323428e-245,normal,0.6363636363636364,0
849,bcc,ccb,known,ccb,0.0,1.897441611323428e-249,anomaly,0.0,0
850,ccb,cbb,known,cbb,0.25,4.74360402830857e-250,normal,0.25,0
851,cbb,bbb,known,bbb,0.75,3.5577030212314277e-250,normal,0.75,0
852,bbb,bbb,known,bbb,0.6628787878787878,2.3583258663465903e-250,normal,0.6628787878787878,0
853,bbb,bbb,known,bbb,0.6628787878787878,1.56328419170702e-250,normal,0.6628787878787878,0
854,bbb,bbb,known,bbb,0.6628787878787878,1.0362679301088201e-250,normal,0.6628787878787878,0
855,bbb,bbb,known,bbb,0.6628787878787878,6.869200294281951e-251,normal,0.6628787878787878,0
856,bbb,bbc,known,bbc,0.045454545454545456,3.1223637701281596e-252,anomaly,0.045454545454545456,0
857,bbc,bcb,known,bcb,0.6666666666666666,2.0815758467521064e-252,normal,0.6666666666666666,0
858,bcb,cbb,known,cbb,0.6111111111111112,1.2720741285707317e-252,normal,0.6111111111111112,0
859,cbb,bbb,known,bbb,0.75,9.540555964280487e-253,normal,0.75,0
860,bbb,bbb,known,bbb,0.6628787878787878,6.32423217329199e-253,normal,0.6628787878787878,0
861,bbb,bbb,known,bbb,0.6628787878787878,4.192199357295826e-253,normal,0.6628787878787878,0
862,bbb,bba,known,bba,0.2916666666666667,1.222724812544616e-253,normal,0.2916666666666667,0
863,bba,bab,known,bab,0.427536231884058,5.227591589864663e-254,normal,0.427536231884058,0
864,bab,abb,known,abb,0.3722627737226277,1.9460377451321008e-254,normal,0.3722627737226277,0
865,abb,bba,known,bba,0.43478260869565216,8.461033674487395e-255,normal,0.43478260869565216,0
866,bba,bab,known,bab,0.427536231884058,3.617398455034466e-255,normal,0.427536231884058,0
867,bab,abb,known,abb,0.3722627737226277,1.3466227825310785e-255,normal,0.3722627737226277,0
868,abb,bbb,known,bbb,0.5579710144927537,7.513764801079206e-256,normal,0.5579710144927537,0
869,bbb,bbb,known,bbb,0.6628787878787878,4.980715303745686e-256,normal,0.6628787878787878,0
870,bbb,bbb,known,bbb,0.6628787878787878,3.301610523316269e-256,normal,0.6628787878787878,0
871,bbb,bbb,known,bbb,0.6628787878787878,2.1885675817437387e-256,normal,0.6628787878787878,0
872,bbb,bbb,known,bbb,0.6628787878787878,1.4507550257770994e-256,normal,0.6628787878787878,0
873,bbb,bbb,known,bbb,0.6628787878787878,9.616747329961832e-257,normal,0.6628787878787878,0
874,bbb,bba,known,bba,0.2916666666666667,2.8048846379055346e-257,normal,0.2916666666666667,0
875,bba,bab,known,bab,0.427536231884058,1.1991898089596126e-257,normal,0.427536231884058,0
876,bab,abb,known,abb,0.3722627737226277,4.464137245032134e-258,normal,0.3722627737226277,0
877,abb,bbb,known,bbb,0.5579710144927537,2.4908591874454664e-258,normal,0.5579710144927537,0
878,bbb,bbb,known,bbb,0.6628787878787878,1.651137718950593e-258,normal,0.6628787878787878,0
879,bbb,bbb,known,bbb,0.6628787878787878,1.0945041697589159e-258,normal,0.6628787878787878,0
880,bbb,bbb,known,bbb,0.6628787878787878,7.255235973780692e-259,normal,0.6628787878787878,0
881,bbb,bbb,known,bbb,0.6628787878787878,4.8093420280743224e-259,normal,0.6628787878787878,0
882,bbb,bbb,known,bbb,0.6628787878787878,3.188010814064418e-259,normal,0.6628787878787878,0
883,bbb,bbb,known,bbb,0.6628787878787878,2.113264744171489e-259,normal,0.6628787878787878,0
884,bbb,bbb,known,bbb,0.6628787878787878,1.4008383720833732e-259,normal,0.6628787878787878,0
885,bbb,bbc,known,bbc,0.045454545454545456,6.367447145833515e-261,anomaly,0.045454545454545456,0
886,bbc,bcb,known,bcb,0.6666666666666666,4.24496476388901e-261,normal,0.6666666666666666,0
887,bcb,cbb,known,cbb,0.6111111111111112,2.5941451334877285e-261,normal,0.6111111111111112,0
888,cbb,bbb,known,bbb,0.75,1.9456088501157964e-261,normal,0.75,0
889,bbb,bbb,known,bbb,0.6628787878787878,1.2897028362510013e-261,normal,0.6628787878787878,0
890,bbb,bbb,known,bbb,0.6628787878787878,8.549166528178985e-262,normal,0.6628787878787878,0
891,bbb,bbb,known,bbb,0.6628787878787878,5.66706114557319e-262,normal,0.6628787878787878,0
892,bbb,bbb,known,bbb,0.6628787878787878,3.756574623012531e-262,normal,0.6628787878787878,0
893,bbb,bbb,known,bbb,0.6628787878787878,2.490153632678761e-262,normal,0.6628787878787878,0
894,bbb,bbb,known,bbb,0.6628787878787878,1.6506700216620573e-262,normal,0.6628787878787878,0
895,bbb,bbb,known,bbb,0.6628787878787878,1.094194143147197e-262,normal,0.6628787878787878,0
896,bbb,bbb,known,bbb,0.6628787878787878,7.253180873134828e-263,normal,0.6628787878787878,0
897,bbb,bbb,known,bbb,0.6628787878787878,4.807979745449223e-263,normal,0.6628787878787878,0
898,bbb,bbb,known,bbb,0.6628787878787878,3.187107785809144e-263,normal,0.6628787878787878,0
899,bbb,bbb,known,bbb,0.6628787878787878,2.112666145896213e-263,normal,0.6628787878787878,0
900,bbb,bbc,known,bbc,0.045454545454545456,9.603027935891877e-265,anomaly,0.045454545454545456,0
901,bbc,bcc,known,bcc,0.26666666666666666,2.560807449571167e-265,normal,0.26666666666666666,0
902,bcc,ccb,known,ccb,0.0,2.5608074495711673e-269,anomaly,0.0,0
903,ccb,cbb,known,cbb,0.25,6.402018623927918e-270,normal,0.25,0
904,cbb,bbb,known,bbb,0.75,4.801513967945938e-270,normal,0.75,0
905,bbb,bbb,known,bbb,0.6628787878787878,3.182821759055073e-270,normal,0.6628787878787878,0
906,bbb,bbb,known,bbb,0.6628787878787878,2.109825029676658e-270,normal,0.6628787878787878,0
907,bbb,bbb,known,bbb,0.6628787878787878,1.3985582583083905e-270,normal,0.6628787878787878,0
908,bbb,bbb,known,bbb,0.6628787878787878,9.270746030453346e-271,normal,0.6628787878787878,0
909,bbb,bbc,known,bbc,0.045454545454545456,4.213975468387885e-272,anomaly,0.045454545454545456,0
910,bbc,bcb,known,bcb,0.6666666666666666,2.8093169789252564e-272,normal,0.6666666666666666,0
911,bcb,cbb,known,cbb,0.6111111111111112,1.7168048204543236e-272,normal,0.6111111111111112,0
912,cbb,bbb,known,bbb,0.75,1.2876036153407426e-272,normal,0.75,0
913,bbb,bbb,known,bbb,0.6628787878787878,8.535251238054164e-273,normal,0.6628787878787878,0
914,bbb,bbb,known,bbb,0.6628787878787878,5.657836994922268e-273,normal,0.6628787878787878,0
915,bbb,bbb,known,bbb,0.6628787878787878,3.750460129209837e-273,normal,0.6628787878787878,0
916,bbb,bbb,known,bbb,0.6628787878787878,2.4861004644383384e-273,normal,0.6628787878787878,0
917,bbb,bbb,known,bbb,0.6628787878787878,1.6479832624117772e-273,normal,0.6628787878787878,0
918,bbb,bbb,known,bbb,0.6628787878787878,1.0924131474320492e-273,normal,0.6628787878787878,0
919,bbb,bbb,known,bbb,0.6628787878787878,7.241375030326083e-274,normal,0.6628787878787878,0
920,bbb,bbb,known,bbb,0.6628787878787878,4.800153902678275e-274,normal,0.6628787878787878,0
921,bbb,bbb,known,bbb,0.6628787878787878,3.181920200639008e-274,normal,0.6628787878787878,0
922,bbb,bbb,known,bbb,0.6628787878787878,2.109227405726615e-274,normal,0.6628787878787878,0
923,bbb,bbb,known,bbb,0.6628787878787878,1.398162106068779e-274,normal,0.6628787878787878,0
924,bbb,bbb,known,bbb,0.6628787878787878,9.268120021289254e-275,normal,0.6628787878787878,0
925,bbb,bbb,known,bbb,0.6628787878787878,6.143640165627346e-275,normal,0.6628787878787878,0
926,bbb,bbb,known,bbb,0.6628787878787878,4.0724887461544903e-275,normal,0.6628787878787878,0
927,bbb,bbb,known,bbb,0.6628787878787878,2.699566403700893e-275,normal,0.6628787878787878,0
928,bbb,bbb,known,bbb,0.6628787878787878,1.7894853054835464e-275,normal,0.6628787878787878,0
929,bbb,bbb,known,bbb,0.6628787878787878,1.1862118502258356e-275,normal,0.6628787878787878,0
930,bbb,bbb,known,bbb,0.6628787878787878,7.863146734451562e-276,normal,0.6628787878787878,0
931,bbb,bbc,known,bbc,0.045454545454545456,3.5741576065688916e-277,anomaly,0.045454545454545456,0
932,bbc,bcc,known,bcc,0.26666666666666666,9.531086950850378e-278,normal,0.26666666666666666,0
933,bcc,ccb,known,ccb,0.0,9.531086950850379e-282,anomaly,0.0,0
934,ccb,cbb,known,cbb,0.25,2.3827717377125947e-282,normal,0.25,0
935,cbb,bbb,known,bbb,0.75,1.787078803284446e-282,normal,0.75,0
936,bbb,bbb,known,bbb,0.6628787878787878,1.1846166309650684e-282,normal,0.6628787878787878,0
937,bbb,bbb,known,bbb,0.6628787878787878,7.852572364351779e-283,normal,0.6628787878787878,0
938,bbb,bbb,known,bbb,0.6628787878787878,5.205303650611975e-283,normal,0.6628787878787878,0
939,bbb,bbb,known,bbb,0.6628787878787878,3.4504853744586955e-283,normal,0.6628787878787878,0
940,bbb,bbb,known,bbb,0.6628787878787878,2.2872535626146656e-283,normal,0.6628787878787878,0
941,bbb,bbb,known,bbb,0.6628787878787878,1.5161718691574487e-283,normal,0.6628787878787878,0
942,bbb,bbb,known,bbb,0.6628787878787878,1.0050381708430057e-283,normal,0.6628787878787878,0
943,bbb,bbb,known,bbb,0.6628787878787878,6.662184844603257e-284,normal,0.6628787878787878,0
944,bbb,bbc,known,bbc,0.045454545454545456,3.028265838456026e-285,anomaly,0.045454545454545456,0
945,bbc,bcb,known,bcb,0.6666666666666666,2.018843892304017e-285,normal,0.6666666666666666,0
946,bcb,cbb,known,cbb,0.6111111111111112,1.2337379341857883e-285,normal,0.6111111111111112,0
947,cbb,bbb,known,bbb,0.75,9.253034506393413e-286,normal,0.75,0
948,bbb,bbb,known,bbb,0.6628787878787878,6.133640297798664e-286,normal,0.6628787878787878,0
949,bbb,bbb,known,bbb,0.6628787878787878,4.0658600458892657e-286,normal,0.6628787878787878,0
950,bbb,bbb,known,bbb,0.6628787878787878,2.695172378903869e-286,normal,0.6628787878787878,0
951,bbb,bbb,known,bbb,0.6628787878787878,1.786572599652186e-286,normal,0.6628787878787878,0
952,bbb,bbb,known,bbb,0.6628787878787878,1.184281079314896e-286,normal,0.6628787878787878,0
953,bbb,bbb,known,bbb,0.6628787878787878,7.850348063640408e-287,normal,0.6628787878787878,0
954,bbb,bbb,known,bbb,0.6628787878787878,5.2038292088525424e-287,normal,0.6628787878787878,0
955,bbb,bbb,known,bbb,0.6628787878787878,3.449507998292405e-287,normal,0.6628787878787878,0
956,bbb,bbb,known,bbb,0.6628787878787878,2.286605680686253e-287,normal,0.6628787878787878,0
957,bbb,bbb,known,bbb,0.6628787878787878,1.515742401970054e-287,normal,0.6628787878787878,0
958,bbb,bbb,known,bbb,0.6628787878787878,1.0047534861543918e-287,normal,0.6628787878787878,0
959,bbb,bbb,known,bbb,0.6628787878787878,6.660297730190097e-288,normal,0.6628787878787878,0
960,bbb,bbb,known,bbb,0.6628787878787878,4.414970086300253e-288,normal,0.6628787878787878,0
961,bbb,bbb,known,bbb,0.6628787878787878,2.9265900193278193e-288,normal,0.6628787878787878,0
962,bbb,bbb,known,bbb,0.6628787878787878,1.939974444630183e-288,normal,0.6628787878787878,0
963,bbb,bbb,known,bbb,0.6628787878787878,1.2859679083722803e-288,normal,0.6628787878787878,0
964,bbb,bba,known,bba,0.2916666666666667,3.7507397327524844e-289,normal,0.2916666666666667,0
965,bba,bab,known,bab,0.427536231884058,1.6035771321188159e-289,normal,0.427536231884058,0
966,bab,abb,known,abb,0.3722627737226277,5.96952071080727e-290,normal,0.3722627737226277,0
967,abb,bbb,known,bbb,0.5579710144927537,3.3308195270446364e-290,normal,0.5579710144927537,0
968,bbb,bbb,known,bbb,0.6628787878787878,2.207929610730346e-290,normal,0.6628787878787878,0
969,bbb,bbb,known,bbb,0.6628787878787878,1.4635897040826157e-290,normal,0.6628787878787878,0
970,bbb,bbb,known,bbb,0.6628787878787878,9.70182568994158e-291,normal,0.6628787878787878,0
971,bbb,bbb,known,bbb,0.6628787878787878,6.431134453559759e-291,normal,0.6628787878787878,0
972,bbb,bbb,known,bbb,0.6628787878787878,4.263062611261204e-291,normal,0.6628787878787878,0
973,bbb,bbb,known,bbb,0.6628787878787878,2.825893776404207e-291,normal,0.6628787878787878,0
974,bbb,bbb,known,bbb,0.6628787878787878,1.8732250411770312e-291,normal,0.6628787878787878,0
975,bbb,bbb,known,bbb,0.6628787878787878,1.2417211447196228e-291,normal,0.6628787878787878,0
976,bbb,bbb,known,bbb,0.6628787878787878,8.231106072952045e-292,normal,0.6628787878787878,0
977,bbb,bbb,known,bbb,0.6628787878787878,5.456225616540181e-292,normal,0.6628787878787878,0
978,bbb,bbb,known,bbb,0.6628787878787878,3.6168162230853472e-292,normal,0.6628787878787878,0
979,bbb,bbb,known,bbb,0.6628787878787878,2.3975107539391503e-292,normal,0.6628787878787878,0
980,bbb,bbb,known,bbb,0.6628787878787878,1.5892590224975428e-292,normal,0.6628787878787878,0
981,bbb,bba,known,bba,0.2916666666666667,4.6353388156178337e-293,normal,0.2916666666666667,0
982,bba,bab,known,bab,0.427536231884058,1.981775290735161e-293,normal,0.427536231884058,0
983,bab,abb,known,abb,0.3722627737226277,7.37741166624038e-294,normal,0.3722627737226277,0
984,abb,bbb,known,bbb,0.5579710144927537,4.116381871742821e-294,normal,0.5579710144927537,0
985,bbb,bbb,known,bbb,0.6628787878787878,2.728662225587097e-294,normal,0.6628787878787878,0
986,bbb,bbb,known,bbb,0.6628787878787878,1.8087723086278104e-294,normal,0.6628787878787878,0
987,bbb,bbb,known,bbb,0.6628787878787878,1.1989967954919198e-294,normal,0.6628787878787878,0
988,bbb,bbb,known,bbb,0.6628787878787878,7.947895424662347e-295,normal,0.6628787878787878,0
989,bbb,bbb,known,bbb,0.6628787878787878,5.26849128528754e-295,normal,0.6628787878787878,0
990,bbb,bbb,known,bbb,0.6628787878787878,3.4923711171413615e-295,normal,0.6628787878787878,0
991,bbb,bbb,known,bbb,0.6628787878787878,2.315018732953554e-295,normal,0.6628787878787878,0
992,bbb,bba,known,bba,0.2916666666666667,6.752137971114533e-296,normal,0.2916666666666667,0
993,bba,bab,known,bab,0.427536231884058,2.8867836253315757e-296,normal,0.427536231884058,0
994,bab,abb,known,abb,0.3722627737226277,1.0746420795029953e-296,normal,0.3722627737226277,0
995,abb,bbb,known,bbb,0.5579710144927537,5.996191313168887e-297,normal,0.5579710144927537,0
996,bbb,bbb,known,bbb,0.6628787878787878,3.974748029562709e-297,normal,0.6628787878787878,0
997,bbb,bbb,known,bbb,0.6628787878787878,2.634776155960129e-297,normal,0.6628787878787878,0
998,bbb,bbb,known,bbb,0.6628787878787878,1.7465372245947824e-297,normal,0.6628787878787878,0
999,bbb,bbb,known,bbb,0.6628787878787878,1.1577424784245716e-297,normal,0.6628787878787878,0
1000,bbb,bbb,known,bbb,0.6628787878787878,7.674429307738637e-298,normal,0.6628787878787878,0
1001,bbb,bbb,known,bbb,0.6628787878787878,5.087216397175233e-298,normal,0.6628787878787878,0
1002,bbb,bbb,known,bbb,0.6628787878787878,3.3722078390366125e-298,normal,0.6628787878787878,0
1003,bbb,bbb,known,bbb,0.6628787878787878,2.235365044815936e-298,normal,0.6628787878787878,0
1004,bbb,bbb,known,bbb,0.6628787878787878,1.4817760713742e-298,normal,0.6628787878787878,0
1005,bbb,bbb,known,bbb,0.6628787878787878,9.822379261003219e-299,normal,0.6628787878787878,0
1006,bbb,bbb,known,bbb,0.6628787878787878,6.511046858619558e-299,normal,0.6628787878787878,0
1007,bbb,bba,known,bba,0.2916666666666667,1.8990553337640377e-299,normal,0.2916666666666667,0
1008,bba,baa,known,baa,0.5652173913043478,1.0733791016927169e-299,normal,0.5652173913043478,0
1009,baa,aaa,known,aaa,0.7941176470588235,8.52389286638334e-300,normal,0.7941176470588235,0
1010,aaa,aaa,known,aaa,0.9410488245931284,8.021399362867795e-300,normal,0.9410488245931284,0
1011,aaa,aab,known,aab,0.05786618444846293,4.641677750664908e-301,anomaly,0.05786618444846293,0
1012,aab,abb,known,abb,0.42574257425742573,1.9761598344414954e-301,normal,0.42574257425742573,0
1013,abb,bbb,known,bbb,0.5579710144927537,1.1026399076231534e-301,normal,0.5579710144927537,0
1014,bbb,bbb,known,bbb,0.6628787878787878,7.309166054320145e-302,normal,0.6628787878787878,0
1015,bbb,bbb,known,bbb,0.6628787878787878,4.845091134492521e-302,normal,0.6628787878787878,0
1016,bbb,bbb,known,bbb,0.6628787878787878,3.2117081383946633e-302,normal,0.6628787878787878,0
1017,bbb,bbb,known,bbb,0.6628787878787878,2.1289731977994927e-302,normal,0.6628787878787878,0
1018,bbb,bbb,known,bbb,0.6628787878787878,1.4112511727837545e-302,normal,0.6628787878787878,0
1019,bbb,bbc,known,bbc,0.045454545454545456,6.414778058107976e-304,anomaly,0.045454545454545456,0
1020,bbc,bcb,known,bcb,0.6666666666666666,4.2765187054053166e-304,normal,0.6666666666666666,0
1021,bcb,cbb,known,cbb,0.6111111111111112,2.6134280977476935e-304,normal,0.6111111111111112,0
1022,cbb,bbb,known,bbb,0.75,1.96007107331077e-304,normal,0.75,0
1023,bbb,bbb,known,bbb,0.6628787878787878,1.299289537232518e-304,normal,0.6628787878787878,0
1024,bbb,bbb,known,bbb,0.6628787878787878,8.612714735442827e-305,normal,0.6628787878787878,0
1025,bbb,bbb,known,bbb,0.6628787878787878,5.709185904176117e-305,normal,0.6628787878787878,0
1026,bbb,bbb,known,bbb,0.6628787878787878,3.7844982319349256e-305,normal,0.6628787878787878,0
1027,bbb,bbb,known,bbb,0.6628787878787878,2.5086636007144393e-305,normal,0.6628787878787878,0
1028,bbb,bbb,known,bbb,0.6628787878787878,1.662939886837223e-305,normal,0.6628787878787878,0
1029,bbb,bbb,known,bbb,0.6628787878787878,1.102327576501947e-305,normal,0.6628787878787878,0
1030,bbb,bbb,known,bbb,0.6628787878787878,7.307095677569724e-306,normal,0.6628787878787878,0
1031,bbb,bbb,known,bbb,0.6628787878787878,4.8437187256617486e-306,normal,0.6628787878787878,0
1032,bbb,bbb,known,bbb,0.6628787878787878,3.2107983976924466e-306,normal,0.6628787878787878,0
1033,bbb,bba,known,bba,0.2916666666666667,9.364828659936303e-307,normal,0.2916666666666667,0
1034,bba,bab,known,bab,0.427536231884058,4.003803557508999e-307,normal,0.427536231884058,0
1035,bab,abb,known,abb,0.3722627737226277,1.4904670177588245e-307,normal,0.3722627737226277,0
1036,abb,bbb,known,bbb,0.5579710144927537,8.316373939668804e-308,normal,0.5579710144927537,0
1037,bbb,bbb,known,bbb,0.6628787878787878,5.512747876674397e-308,normal,0.6628787878787878,0
1038,bbb,bbb,known,bbb,0.6628787878787878,3.6542836303712856e-308,normal,0.6628787878787878,0
1039,bbb,bbb,known,bbb,0.6628787878787878,2.4223471034658143e-308,normal,0.6628787878787878,0
1040,bbb,bbb,known,bbb,0.6628787878787878,1.6057225117671117e-308,normal,0.6628787878787878,0
1041,bbb,bbb,known,bbb,0.6628787878787878,1.0643993922698655e-308,normal,0.6628787878787878,0
1042,bbb,bbb,known,bbb,0.6628787878787878,7.05567778966767e-309,normal,0.6628787878787878,0
1043,bbb,bbb,known,bbb,0.6628787878787878,4.67705914087819e-309,normal,0.6628787878787878,0
1044,bbb,bbb,known,bbb,0.6628787878787878,3.100323294142737e-309,normal,0.6628787878787878,0
1045,bbb,bbb,known,bbb,0.6628787878787878,2.055138547253706e-309,normal,0.6628787878787878,0
1046,bbb,bbb,known,bbb,0.6628787878787878,1.36230774912651e-309,normal,0.6628787878787878,0
1047,bbb,bbb,known,bbb,0.6628787878787878,9.0304490945886e-310,normal,0.6628787878787878,0
1048,bbb,bbb,known,bbb,0.6628787878787878,5.986093149822e-310,normal,0.6628787878787878,0
1049,bbb,bbb,known,bbb,0.6628787878787878,3.96805417128353e-310,normal,0.6628787878787878,0
1050,bbb,bbb,known,bbb,0.6628787878787878,2.6303389392978e-310,normal,0.6628787878787878,0
1051,bbb,bba,known,bba,0.2916666666666667,7.671821906285e-311,normal,0.2916666666666667,0
1052,bba,bab,known,bab,0.427536231884058,3.279981829499e-311,normal,0.427536231884058,0
1053,bab,abb,known,abb,0.3722627737226277,1.221015133609e-311,normal,0.3722627737226277,0
1054,abb,bbb,known,bbb,0.5579710144927537,6.812910528107e-312,normal,0.5579710144927537,0
1055,bbb,bbb,known,bbb,0.6628787878787878,4.5161338728e-312,normal,0.6628787878787878,0
1056,bbb,bbb,known,bbb,0.6628787878787878,2.9936493475e-312,normal,0.6628787878787878,0
1057,bbb,bbb,known,bbb,0.6628787878787878,1.984426650805e-312,normal,0.6628787878787878,0
1058,bbb,bbb,known,bbb,0.6628787878787878,1.31543433292e-312,normal,0.6628787878787878,0
1059,bbb,bbb,known,bbb,0.6628787878787878,8.7197351614e-313,normal,0.6628787878787878,0
1060,bbb,bbb,known,bbb,0.6628787878787878,5.7801274744e-313,normal,0.6628787878787878,0
1061,bbb,bbb,known,bbb,0.6628787878787878,3.831523894e-313,normal,0.6628787878787878,0
1062,bbb,bbb,known,bbb,0.6628787878787878,2.53983591457e-313,normal,0.6628787878787878,0
1063,bbb,bbb,known,bbb,0.6628787878787878,1.68360335244e-313,normal,0.6628787878787878,0
1064,bbb,bbb,known,bbb,0.6628787878787878,1.1160249495e-313,normal,0.6628787878787878,0
1065,bbb,bbb,known,bbb,0.6628787878787878,7.397892658e-314,normal,0.6628787878787878,0
1066,bbb,bbb,known,bbb,0.6628787878787878,4.903906118e-314,normal,0.6628787878787878,0
1067,bbb,bbb,known,bbb,0.6628787878787878,3.2506953433e-314,normal,0.6628787878787878,0
1068,bbb,bbb,known,bbb,0.6628787878787878,2.154816989e-314,normal,0.6628787878787878,0
1069,bbb,bbb,known,bbb,0.6628787878787878,1.4283824734e-314,normal,0.6628787878787878,0
1070,bbb,bbb,known,bbb,0.6628787878787878,9.468444425e-315,normal,0.6628787878787878,0
1071,bbb,bbb,known,bbb,0.6628787878787878,6.276430965e-315,normal,0.6628787878787878,0
1072,bbb,bbb,known,bbb,0.6628787878787878,4.16051295e-315,normal,0.6628787878787878,0
1073,bbb,bbb,known,bbb,0.6628787878787878,2.757915783e-315,normal,0.6628787878787878,0
1074,bbb,bba,known,bba,0.2916666666666667,8.043921e-316,normal,0.2916666666666667,0
1075,bba,baa,known,baa,0.5652173913043478,4.54656406e-316,normal,0.5652173913043478,0
1076,baa,aab,known,aab,0.20588235294117646,9.360573e-317,normal,0.20588235294117646,0
1077,aab,abb,known,abb,0.42574257425742573,3.9851943e-317,normal,0.42574257425742573,0
1078,abb,bbb,known,bbb,0.5579710144927537,2.223623e-317,normal,0.5579710144927537,0
1079,bbb,bbb,known,bbb,0.6628787878787878,1.4739925e-317,normal,0.6628787878787878,0
1080,bbb,bbc,known,bbc,0.045454545454545456,6.69997e-319,anomaly,0.045454545454545456,0
1081,bbc,bcb,known,bcb,0.6666666666666666,4.46665e-319,normal,0.6666666666666666,0
1082,bcb,cbb,known,cbb,0.6111111111111112,2.7296e-319,normal,0.6111111111111112,0
1083,cbb,bbb,known,bbb,0.75,2.0472e-319,normal,0.75,0
1084,bbb,bba,known,bba,0.2916666666666667,5.9713e-320,normal,0.2916666666666667,0
1085,bba,bab,known,bab,0.427536231884058,2.553e-320,normal,0.427536231884058,0
1086,bab,aba,known,aba,0.5985401459854015,1.528e-320,normal,0.5985401459854015,0
1087,aba,bab,known,bab,0.36683417085427134,5.61e-321,normal,0.36683417085427134,0
1088,bab,abb,known,abb,0.3722627737226277,2.09e-321,normal,0.3722627737226277,0
1089,abb,bbb,known,bbb,0.5579710144927537,1.166e-321,normal,0.5579710144927537,0
1090,bbb,bbb,known,bbb,0.6628787878787878,7.7e-322,normal,0.6628787878787878,0
1091,bbb,bbb,known,bbb,0.6628787878787878,5.1e-322,normal,0.6628787878787878,0
1092,bbb,bbb,known,bbb,0.6628787878787878,3.36e-322,normal,0.6628787878787878,0
1093,bbb,bbb,known,bbb,0.6628787878787878,2.2e-322,normal,0.6628787878787878,0
1094,bbb,bbb,known,bbb,0.6628787878787878,1.5e-322,normal,0.6628787878787878,0
1095,bbb,bba,known,bba,0.2916666666666667,4.4e-323,normal,0.2916666666666667,0
1096,bba,bab,known,bab,0.427536231884058,2e-323,normal,0.427536231884058,0
1097,bab,abb,known,abb,0.3722627737226277,5e-324,normal,0.3722627737226277,0
1098,abb,bbb,known,bbb,0.5579710144927537,5e-324,normal,0.5579710144927537,0
1099,bbb,bbb,known,bbb,0.6628787878787878,5e-324,normal,0.6628787878787878,0
1100,bbb,bbb,known,bbb,0.6628787878787878,5e-324,normal,0.6628787878787878,0
1101,bbb,bbb,known,bbb,0.6628787878787878,5e-324,normal,0.6628787878787878,0
1102,bbb,bbb,known,bbb,0.6628787878787878,5e-324,normal,0.6628787878787878,0
1103,bbb,bba,known,bba,0.2916666666666667,0.0,normal,0.2916666666666667,0
1104,bba,bab,known,bab,0.427536231884058,0.0,normal,0.427536231884058,0
1105,bab,abb,known,abb,0.3722627737226277,0.0,normal,0.3722627737226277,0
1106,abb,bbb,known,bbb,0.5579710144927537,0.0,normal,0.5579710144927537,0
1107,bbb,bbb,known,bbb,0.6628787878787878,0.0,normal,0.6628787878787878,0
1108,bbb,bbb,known,bbb,0.6628787878787878,0.0,normal,0.6628787878787878,0
1109,bbb,bbb,known,bbb,0.6628787878787878,0.0,normal,0.6628787878787878,0
1110,bbb,bbb,known,bbb,0.6628787878787878,0.0,normal,0.6628787878787878,0
1111,bbb,bbb,known,bbb,0.6628787878787878,0.0,normal,0.6628787878787878,0
1112,bbb,bba,known,bba,0.2916666666666667,0.0,normal,0.2916666666666667,0
1113,bba,bab,known,bab,0.427536231884058,0.0,normal,0.427536231884058,0
1114,bab,abb,known,abb,0.3722627737226277,0.0,normal,0.3722627737226277,0
1115,abb,bbb,known,bbb,0.5579710144927537,0.0,normal,0.5579710144927537,0
1116,bbb,bbb,known,bbb,0.6628787878787878,0.0,normal,0.6628787878787878,0
1117,bbb,bbb,known,bbb,0.6628787878787878,0.0,normal,0.6628787878787878,0
1118,bbb,bbb,known,bbb,0.6628787878787878,0.0,normal,0.6628787878787878,0
1119,bbb,bbb,known,bbb,0.6628787878787878,0.0,normal,0.6628787878787878,0
1120,bbb,bbb,known,bbb,0.6628787878787878,0.0,normal,0.6628787878787878,0
1121,bbb,bbc,known,bbc,0.045454545454545456,0.0,anomaly,0.045454545454545456,0
1122,bbc,bcb,known,bcb,0.6666666666666666,0.0,normal,0.6666666666666666,0
1123,bcb,cbb,known,cbb,0.6111111111111112,0.0,normal,0.6111111111111112,0
1124,cbb,bbb,known,bbb,0.75,0.0,normal,0.75,0
1125,bbb,bbb,known,bbb,0.6628787878787878,0.0,normal,0.6628787878787878,0
1126,bbb,bbb,known,bbb,0.6628787878787878,0.0,normal,0.6628787878787878,0
1127,bbb,bbb,known,bbb,0.6628787878787878,0.0,normal,0.6628787878787878,0
1128,bbb,bbb,known,bbb,0.6628787878787878,0.0,normal,0.6628787878787878,0
1129,bbb,bbb,known,bbb,0.6628787878787878,0.0,normal,0.6628787878787878,0
1130,bbb,bbb,known,bbb,0.6628787878787878,0.0,normal,0.6628787878787878,0
1131,bbb,bbb,known,bbb,0.6628787878787878,0.0,normal,0.6628787878787878,0
1132,bbb,bbb,known,bbb,0.6628787878787878,0.0,normal,0.6628787878787878,0
1133,bbb,bbb,known,bbb,0.6628787878787878,0.0,normal,0.6628787878787878,0
1134,bbb,bbb,known,bbb,0.6628787878787878,0.0,normal,0.6628787878787878,0
1135,bbb,bbb,known,bbb,0.6628787878787878,0.0,normal,0.6628787878787878,0
1136,bbb,bbb,known,bbb,0.6628787878787878,0.0,normal,0.6628787878787878,0
1137,bbb,bbb,known,bbb,0.6628787878787878,0.0,normal,0.6628787878787878,0
1138,bbb,bbb,known,bbb,0.6628787878787878,0.0,normal,0.6628787878787878,0
1139,bbb,bbb,known,bbb,0.6628787878787878,0.0,normal,0.6628787878787878,0
1140,bbb,bba,known,bba,0.2916666666666667,0.0,normal,0.2916666666666667,0
1141,bba,baa,known,baa,0.5652173913043478,0.0,normal,0.5652173913043478,0
1142,baa,aab,known,aab,0.20588235294117646,0.0,normal,0.20588235294117646,0
1143,aab,abb,known,abb,0.42574257425742573,0.0,normal,0.42574257425742573,0
1144,abb,bbb,known,bbb,0.5579710144927537,0.0,normal,0.5579710144927537,0
1145,bbb,bbb,known,bbb,0.6628787878787878,0.0,normal,0.6628787878787878,0
1146,bbb,bbb,known,bbb,0.6628787878787878,0.0,normal,0.6628787878787878,0
1147,bbb,bbb,known,bbb,0.6628787878787878,0.0,normal,0.6628787878787878,0
1148,bbb,bbb,known,bbb,0.6628787878787878,0.0,normal,0.6628787878787878,0
1149,bbb,bbb,known,bbb,0.6628787878787878,0.0,normal,0.6628787878787878,0
1150,bbb,bbb,known,bbb,0.6628787878787878,0.0,normal,0.6628787878787878,0
1151,bbb,bbb,known,bbb,0.6628787878787878,0.0,normal,0.6628787878787878,0
1152,bbb,bbb,known,bbb,0.6628787878787878,0.0,normal,0.6628787878787878,0
1153,bbb,bbb,known,bbb,0.6628787878787878,0.0,normal,0.6628787878787878,0
1154,bbb,bba,known,bba,0.2916666666666667,0.0,normal,0.2916666666666667,0
1155,bba,bab,known,bab,0.427536231884058,0.0,normal,0.427536231884058,0
1156,bab,abb,known,abb,0.3722627737226277,0.0,normal,0.3722627737226277,0
1157,abb,bbb,known,bbb,0.5579710144927537,0.0,normal,0.5579710144927537,0
1158,bbb,bba,known,bba,0.2916666666666667,0.0,normal,0.2916666666666667,0
1159,bba,bab,known,bab,0.427536231884058,0.0,normal,0.427536231884058,0
1160,bab,abb,known,abb,0.3722627737226277,0.0,normal,0.3722627737226277,0
1161,abb,bbb,known,bbb,0.5579710144927537,0.0,normal,0.5579710144927537,0
1162,bbb,bbb,known,bbb,0.6628787878787878,0.0,normal,0.6628787878787878,0
1163,bbb,bbb,known,bbb,0.6628787878787878,0.0,normal,0.6628787878787878,0
1164,bbb,bbb,known,bbb,0.6628787878787878,0.0,normal,0.6628787878787878,0
1165,bbb,bbb,known,bbb,0.6628787878787878,0.0,normal,0.6628787878787878,0
1166,bbb,bbb,known,bbb,0.6628787878787878,0.0,normal,0.6628787878787878,0
1167,bbb,bbb,known,bbb,0.6628787878787878,0.0,normal,0.6628787878787878,0
1168,bbb,bbb,known,bbb,0.6628787878787878,0.0,normal,0.6628787878787878,0
1169,bbb,bbb,known,bbb,0.6628787878787878,0.0,normal,0.6628787878787878,0
1170,bbb,bbb,known,bbb,0.6628787878787878,0.0,normal,0.6628787878787878,0
1171,bbb,bbb,known,bbb,0.6628787878787878,0.0,normal,0.6628787878787878,0
1172,bbb,bbb,known,bbb,0.6628787878787878,0.0,normal,0.6628787878787878,0
1173,bbb,bbb,known,bbb,0.6628787878787878,0.0,normal,0.6628787878787878,0
1174,bbb,bbb,known,bbb,0.6628787878787878,0.0,normal,0.6628787878787878,0
1175,bbb,bbb,known,bbb,0.6628787878787878,0.0,normal,0.6628787878787878,0
1176,bbb,bbb,known,bbb,0.6628787878787878,0.0,normal,0.6628787878787878,0
1177,bbb,bbb,known,bbb,0.6628787878787878,0.0,normal,0.6628787878787878,0
1178,bbb,bbb,known,bbb,0.6628787878787878,0.0,normal,0.6628787878787878,0
1179,bbb,bbb,known,bbb,0.6628787878787878,0.0,normal,0.6628787878787878,0
1180,bbb,bbb,known,bbb,0.6628787878787878,0.0,normal,0.6628787878787878,0
1181,bbb,bbb,known,bbb,0.6628787878787878,0.0,normal,0.6628787878787878,0
1182,bbb,bbb,known,bbb,0.6628787878787878,0.0,normal,0.6628787878787878,0
1183,bbb,bbb,known,bbb,0.6628787878787878,0.0,normal,0.6628787878787878,0
1184,bbb,bbb,known,bbb,0.6628787878787878,0.0,normal,0.6628787878787878,0
1185,bbb,bbb,known,bbb,0.6628787878787878,0.0,normal,0.6628787878787878,0
1186,bbb,bbb,known,bbb,0.6628787878787878,0.0,normal,0.6628787878787878,0
1187,bbb,bbb,known,bbb,0.6628787878787878,0.0,normal,0.6628787878787878,0
1188,bbb,bbb,known,bbb,0.6628787878787878,0.0,normal,0.6628787878787878,0
1189,bbb,bbb,known,bbb,0.6628787878787878,0.0,normal,0.6628787878787878,0
1190,bbb,bbb,known,bbb,0.6628787878787878,0.0,normal,0.6628787878787878,0
1191,bbb,bbb,known,bbb,0.6628787878787878,0.0,normal,0.6628787878787878,0
1192,bbb,bbb,known,bbb,0.6628787878787878,0.0,normal,0.6628787878787878,0
1193,bbb,bbb,known,bbb,0.6628787878787878,0.0,normal,0.6628787878787878,0
1194,bbb,bbb,known,bbb,0.6628787878787878,0.0,normal,0.6628787878787878,0
1195,bbb,bbb,known,bbb,0.6628787878787878,0.0,normal,0.6628787878787878,0
1196,bbb,bbb,known,bbb,0.6628787878787878,0.0,normal,0.6628787878787878,0
1197,bbb,bbb,known,bbb,0.6628787878787878,0.0,normal,0.6628787878787878,0
1198,bbb,bbb,known,bbb,0.6628787878787878,0.0,normal,0.6628787878787878,0
1199,bbb,bbb,known,bbb,0.6628787878787878,0.0,normal,0.6628787878787878,0
1200,bbb,bbb,known,bbb,0.6628787878787878,0.0,normal,0.6628787878787878,0
1201,bbb,bbb,known,bbb,0.6628787878787878,0.0,normal,0.6628787878787878,0
1202,bbb,bbb,known,bbb,0.6628787878787878,0.0,normal,0.6628787878787878,0
1203,bbb,bbb,known,bbb,0.6628787878787878,0.0,normal,0.6628787878787878,0
1204,bbb,bbc,known,bbc,0.045454545454545456,0.0,anomaly,0.045454545454545456,0
1205,bbc,bcb,known,bcb,0.6666666666666666,0.0,normal,0.6666666666666666,0
1206,bcb,cbb,known,cbb,0.6111111111111112,0.0,normal,0.6111111111111112,0
1207,cbb,bbb,known,bbb,0.75,0.0,normal,0.75,0
1208,bbb,bbb,known,bbb,0.6628787878787878,0.0,normal,0.6628787878787878,0
1209,bbb,bbb,known,bbb,0.6628787878787878,0.0,normal,0.6628787878787878,0
1210,bbb,bba,known,bba,0.2916666666666667,0.0,normal,0.2916666666666667,0
1211,bba,bab,known,bab,0.427536231884058,0.0,normal,0.427536231884058,0
1212,bab,abb,known,abb,0.3722627737226277,0.0,normal,0.3722627737226277,0
1213,abb,bbb,known,bbb,0.5579710144927537,0.0,normal,0.5579710144927537,0
1214,bbb,bbb,known,bbb,0.6628787878787878,0.0,normal,0.6628787878787878,0
1215,bbb,bbb,known,bbb,0.6628787878787878,0.0,normal,0.6628787878787878,0
1216,bbb,bbb,known,bbb,0.6628787878787878,0.0,normal,0.6628787878787878,0
1217,bbb,bbb,known,bbb,0.6628787878787878,0.0,normal,0.6628787878787878,0
1218,bbb,bbb,known,bbb,0.6628787878787878,0.0,normal,0.6628787878787878,0
1219,bbb,bbb,known,bbb,0.6628787878787878,0.0,normal,0.6628787878787878,0
1220,bbb,bbb,known,bbb,0.6628787878787878,0.0,normal,0.6628787878787878,0
1221,bbb,bbb,known,bbb,0.6628787878787878,0.0,normal,0.6628787878787878,0
1222,bbb,bbb,known,bbb,0.6628787878787878,0.0,normal,0.6628787878787878,0
1223,bbb,bbb,known,bbb,0.6628787878787878,0.0,normal,0.6628787878787878,0
1224,bbb,bbc,known,bbc,0.045454545454545456,0.0,anomaly,0.045454545454545456,0
1225,bbc,bcb,known,bcb,0.6666666666666666,0.0,normal,0.6666666666666666,0
1226,bcb,cbb,known,cbb,0.6111111111111112,0.0,normal,0.6111111111111112,0
1227,cbb,bbb,known,bbb,0.75,0.0,normal,0.75,0
1228,bbb,bbb,known,bbb,0.6628787878787878,0.0,normal,0.6628787878787878,0
1229,bbb,bbb,known,bbb,0.6628787878787878,0.0,normal,0.6628787878787878,0
1230,bbb,bbc,known,bbc,0.045454545454545456,0.0,anomaly,0.045454545454545456,0
1231,bbc,bcc,known,bcc,0.26666666666666666,0.0,normal,0.26666666666666666,0
1232,bcc,ccb,known,ccb,0.0,0.0,anomaly,0.0,0
1233,ccb,cbb,known,cbb,0.25,0.0,normal,0.25,0
1234,cbb,bbb,known,bbb,0.75,0.0,normal,0.75,0
1235,bbb,bbb,known,bbb,0.6628787878787878,0.0,normal,0.6628787878787878,0
1236,bbb,bbb,known,bbb,0.6628787878787878,0.0,normal,0.6628787878787878,0
1237,bbb,bba,known,bba,0.2916666666666667,0.0,normal,0.2916666666666667,0
1238,bba,bab,known,bab,0.427536231884058,0.0,normal,0.427536231884058,0
1239,bab,abb,known,abb,0.3722627737226277,0.0,normal,0.3722627737226277,0
1240,abb,bbb,known,bbb,0.5579710144927537,0.0,normal,0.5579710144927537,0
1241,bbb,bbb,known,bbb,0.6628787878787878,0.0,normal,0.6628787878787878,0
1242,bbb,bbb,known,bbb,0.6628787878787878,0.0,normal,0.6628787878787878,0
1243,bbb,bba,known,bba,0.2916666666666667,0.0,normal,0.2916666666666667,0
1244,bba,baa,known,baa,0.5652173913043478,0.0,normal,0.5652173913043478,0
1245,baa,aab,known,aab,0.20588235294117646,0.0,normal,0.20588235294117646,0
1246,aab,abb,known,abb,0.42574257425742573,0.0,normal,0.42574257425742573,0
1247,abb,bbb,known,bbb,0.5579710144927537,0.0,normal,0.5579710144927537,0
1248,bbb,bbb,known,bbb,0.6628787878787878,0.0,normal,0.6628787878787878,0
1249,bbb,bbb,known,bbb,0.6628787878787878,0.0,normal,0.6628787878787878,0
1250,bbb,bbb,known,bbb,0.6628787878787878,0.0,normal,0.6628787878787878,0
1251,bbb,bbb,known,bbb,0.6628787878787878,0.0,normal,0.6628787878787878,0
1252,bbb,bbb,known,bbb,0.6628787878787878,0.0,normal,0.6628787878787878,0
1253,bbb,bbb,known,bbb,0.6628787878787878,0.0,normal,0.6628787878787878,0
1254,bbb,bbb,known,bbb,0.6628787878787878,0.0,normal,0.6628787878787878,0
1255,bbb,bbb,known,bbb,0.6628787878787878,0.0,normal,0.6628787878787878,0
1256,bbb,bbb,known,bbb,0.6628787878787878,0.0,normal,0.6628787878787878,0
1257,bbb,bbb,known,bbb,0.6628787878787878,0.0,normal,0.6628787878787878,0
1258,bbb,bbb,known,bbb,0.6628787878787878,0.0,normal,0.6628787878787878,0
1259,bbb,bbb,known,bbb,0.6628787878787878,0.0,normal,0.6628787878787878,0
1260,bbb,bbb,known,bbb,0.6628787878787878,0.0,normal,0.6628787878787878,0
1261,bbb,bbb,known,bbb,0.6628787878787878,0.0,normal,0.6628787878787878,0
1262,bbb,bbb,known,bbb,0.6628787878787878,0.0,normal,0.6628787878787878,0
1263,bbb,bbb,known,bbb,0.6628787878787878,0.0,normal,0.6628787878787878,0
1264,bbb,bbb,known,bbb,0.6628787878787878,0.0,normal,0.6628787878787878,0
1265,bbb,bbb,known,bbb,0.6628787878787878,0.0,normal,0.6628787878787878,0
1266,bbb,bbc,known,bbc,0.045454545454545456,0.0,anomaly,0.045454545454545456,0
1267,bbc,bcb,known,bcb,0.6666666666666666,0.0,normal,0.6666666666666666,0
1268,bcb,cba,known,cba,0.2777777777777778,0.0,normal,0.2777777777777778,0
1269,cba,bab,known,bab,0.8333333333333334,0.0,normal,0.8333333333333334,0
1270,bab,abb,known,abb,0.3722627737226277,0.0,normal,0.3722627737226277,0
1271,abb,bbb,known,bbb,0.5579710144927537,0.0,normal,0.5579710144927537,0
1272,bbb,bbb,known,bbb,0.6628787878787878,0.0,normal,0.6628787878787878,0
1273,bbb,bbb,known,bbb,0.6628787878787878,0.0,normal,0.6628787878787878,0
1274,bbb,bbb,known,bbb,0.6628787878787878,0.0,normal,0.6628787878787878,0
1275,bbb,bbb,known,bbb,0.6628787878787878,0.0,normal,0.6628787878787878,0
1276,bbb,bbb,known,bbb,0.6628787878787878,0.0,normal,0.6628787878787878,0
1277,bbb,bbc,known,bbc,0.045454545454545456,0.0,anomaly,0.045454545454545456,0
1278,bbc,bcc,known,bcc,0.26666666666666666,0.0,normal,0.26666666666666666,0
1279,bcc,ccb,known,ccb,0.0,0.0,anomaly,0.0,0
1280,ccb,cbb,known,cbb,0.25,0.0,normal,0.25,0
1281,cbb,bbc,known,bbc,0.125,0.0,anomaly,0.125,0
1282,bbc,bcc,known,bcc,0.26666666666666666,0.0,normal,0.26666666666666666,0
1283,bcc,ccb,known,ccb,0.0,0.0,anomaly,0.0,0
1284,ccb,cbb,known,cbb,0.25,0.0,normal,0.25,0
1285,cbb,bbb,known,bbb,0.75,0.0,normal,0.75,0
1286,bbb,bbb,known,bbb,0.6628787878787878,0.0,normal,0.6628787878787878,0
1287,bbb,bba,known,bba,0.2916666666666667,0.0,normal,0.2916666666666667,0
1288,bba,baa,known,baa,0.5652173913043478,0.0,normal,0.5652173913043478,0
1289,baa,aab,known,aab,0.20588235294117646,0.0,normal,0.20588235294117646,0
1290,aab,aba,known,aba,0.5742574257425742,0.0,normal,0.5742574257425742,0
1291,aba,bab,known,bab,0.36683417085427134,0.0,normal,0.36683417085427134,0
1292,bab,abb,known,abb,0.3722627737226277,0.0,normal,0.3722627737226277,0
1293,abb,bbb,known,bbb,0.5579710144927537,0.0,normal,0.5579710144927537,0
1294,bbb,bbb,known,bbb,0.6628787878787878,0.0,normal,0.6628787878787878,0
1295,bbb,bbb,known,bbb,0.6628787878787878,0.0,normal,0.6628787878787878,0
1296,bbb,bbb,known,bbb,0.6628787878787878,0.0,normal,0.6628787878787878,0
1297,bbb,bbb,known,bbb,0.6628787878787878,0.0,normal,0.6628787878787878,0
1298,bbb,bbb,known,bbb,0.6628787878787878,0.0,normal,0.6628787878787878,0
1299,bbb,bbb,known,bbb,0.6628787878787878,0.0,normal,0.6628787878787878,0
1300,bbb,bbb,known,bbb,0.6628787878787878,0.0,normal,0.6628787878787878,0
1301,bbb,bbb,known,bbb,0.6628787878787878,0.0,normal,0.6628787878787878,0
1302,bbb,bbb,known,bbb,0.6628787878787878,0.0,normal,0.6628787878787878,0
1303,bbb,bbb,known,bbb,0.6628787878787878,0.0,normal,0.6628787878787878,0
1304,bbb,bbb,known,bbb,0.6628787878787878,0.0,normal,0.6628787878787878,0
1305,bbb,bbc,known,bbc,0.045454545454545456,0.0,anomaly,0.045454545454545456,0
1306,bbc,bcb,known,bcb,0.6666666666666666,0.0,normal,0.6666666666666666,0
1307,bcb,cbc,known,cbc,0.1111111111111111,0.0,anomaly,0.1111111111111111,0
1308,cbc,bcb,known,bcb,0.36363636363636365,0.0,normal,0.36363636363636365,0
1309,bcb,cbb,known,cbb,0.6111111111111112,0.0,normal,0.6111111111111112,0
1310,cbb,bbb,known,bbb,0.75,0.0,normal,0.75,0
1311,bbb,bbc,known,bbc,0.045454545454545456,0.0,anomaly,0.045454545454545456,0
1312,bbc,bcb,known,bcb,0.6666666666666666,0.0,normal,0.6666666666666666,0
1313,bcb,cbb,known,cbb,0.6111111111111112,0.0,normal,0.6111111111111112,0
1314,cbb,bbb,known,bbb,0.75,0.0,normal,0.75,0
1315,bbb,bbb,known,bbb,0.6628787878787878,0.0,normal,0.6628787878787878,0
1316,bbb,bbb,known,bbb,0.6628787878787878,0.0,normal,0.6628787878787878,0
1317,bbb,bbb,known,bbb,0.6628787878787878,0.0,normal,0.6628787878787878,0
1318,bbb,bbb,known,bbb,0.6628787878787878,0.0,normal,0.6628787878787878,0
1319,bbb,bbb,known,bbb,0.6628787878787878,0.0,normal,0.6628787878787878,0
1320,bbb,bbb,known,bbb,0.6628787878787878,0.0,normal,0.6628787878787878,0
1321,bbb,bbb,known,bbb,0.6628787878787878,0.0,normal,0.6628787878787878,0
1322,bbb,bbb,known,bbb,0.6628787878787878,0.0,normal,0.6628787878787878,0
1323,bbb,bbb,known,bbb,0.6628787878787878,0.0,normal,0.6628787878787878,0
1324,bbb,bbb,known,bbb,0.6628787878787878,0.0,normal,0.6628787878787878,0
1325,bbb,bbb,known,bbb,0.6628787878787878,0.0,normal,0.6628787878787878,0
1326,bbb,bbb,known,bbb,0.6628787878787878,0.0,normal,0.6628787878787878,0
1327,bbb,bbb,known,bbb,0.6628787878787878,0.0,normal,0.6628787878787878,0
1328,bbb,bba,known,bba,0.2916666666666667,0.0,normal,0.2916666666666667,0
1329,bba,bab,known,bab,0.427536231884058,0.0,normal,0.427536231884058,0
1330,bab,abb,known,abb,0.3722627737226277,0.0,normal,0.3722627737226277,0
1331,abb,bbb,known,bbb,0.5579710144927537,0.0,normal,0.5579710144927537,0
1332,bbb,bbb,known,bbb,0.6628787878787878,0.0,normal,0.6628787878787878,0
1333,bbb,bbb,known,bbb,0.6628787878787878,0.0,normal,0.6628787878787878,0
1334,bbb,bbb,known,bbb,0.6628787878787878,0.0,normal,0.6628787878787878,0
1335,bbb,bbb,known,bbb,0.6628787878787878,0.0,normal,0.6628787878787878,0
1336,bbb,bbb,known,bbb,0.6628787878787878,0.0,normal,0.6628787878787878,0
1337,bbb,bbb,known,bbb,0.6628787878787878,0.0,normal,0.6628787878787878,0
1338,bbb,bbb,known,bbb,0.6628787878787878,0.0,normal,0.6628787878787878,0
1339,bbb,bbb,known,bbb,0.6628787878787878,0.0,normal,0.6628787878787878,0
1340,bbb,bbb,known,bbb,0.6628787878787878,0.0,normal,0.6628787878787878,0
1341,bbb,bbb,known,bbb,0.6628787878787878,0.0,normal,0.6628787878787878,0
1342,bbb,bba,known,bba,0.2916666666666667,0.0,normal,0.2916666666666667,0
1343,bba,bab,known,bab,0.427536231884058,0.0,normal,0.427536231884058,0
1344,bab,abb,known,abb,0.3722627737226277,0.0,normal,0.3722627737226277,0
1345,abb,bbb,known,bbb,0.5579710144927537,0.0,normal,0.5579710144927537,0
1346,bbb,bbb,known,bbb,0.6628787878787878,0.0,normal,0.6628787878787878,0
1347,bbb,bbb,known,bbb,0.6628787878787878,0.0,normal,0.6628787878787878,0
1348,bbb,bbb,known,bbb,0.6628787878787878,0.0,normal,0.6628787878787878,0
1349,bbb,bbb,known,bbb,0.6628787878787878,0.0,normal,0.6628787878787878,0
1350,bbb,bbc,known,bbc,0.045454545454545456,0.0,anomaly,0.045454545454545456,0
1351,bbc,bcb,known,bcb,0.6666666666666666,0.0,normal,0.6666666666666666,0
1352,bcb,cbb,known,cbb,0.6111111111111112,0.0,normal,0.6111111111111112,0
1353,cbb,bbb,known,bbb,0.75,0.0,normal,0.75,0
1354,bbb,bbb,known,bbb,0.6628787878787878,0.0,normal,0.6628787878787878,0
1355,bbb,bbb,known,bbb,0.6628787878787878,0.0,normal,0.6628787878787878,0
1356,bbb,bba,known,bba,0.2916666666666667,0.0,normal,0.2916666666666667,0
1357,bba,baa,known,baa,0.5652173913043478,0.0,normal,0.5652173913043478,0
1358,baa,aab,known,aab,0.20588235294117646,0.0,normal,0.20588235294117646,0
1359,aab,aba,known,aba,0.5742574257425742,0.0,normal,0.5742574257425742,0
1360,aba,bab,known,bab,0.36683417085427134,0.0,normal,0.36683417085427134,0
1361,bab,abb,known,abb,0.3722627737226277,0.0,normal,0.3722627737226277,0
1362,abb,bba,known,bba,0.43478260869565216,0.0,normal,0.43478260869565216,0
1363,bba,bab,known,bab,0.427536231884058,0.0,normal,0.427536231884058,0
1364,bab,aba,known,aba,0.5985401459854015,0.0,normal,0.5985401459854015,0
1365,aba,bab,known,bab,0.36683417085427134,0.0,normal,0.36683417085427134,0
1366,bab,aba,known,aba,0.5985401459854015,0.0,normal,0.5985401459854015,0
1367,aba,baa,known,baa,0.6331658291457286,0.0,normal,0.6331658291457286,0
1368,baa,aab,known,aab,0.20588235294117646,0.0,normal,0.20588235294117646,0
1369,aab,abb,known,abb,0.42574257425742573,0.0,normal,0.42574257425742573,0
1370,abb,bba,known,bba,0.43478260869565216,0.0,normal,0.43478260869565216,0
1371,bba,baa,known,baa,0.5652173913043478,0.0,normal,0.5652173913043478,0
1372,baa,aaa,known,aaa,0.7941176470588235,0.0,normal,0.7941176470588235,0
1373,aaa,aaa,known,aaa,0.9410488245931284,0.0,normal,0.9410488245931284,0
1374,aaa,aaa,known,aaa,0.9410488245931284,0.0,normal,0.9410488245931284,0
1375,aaa,aaa,known,aaa,0.9410488245931284,0.0,normal,0.9410488245931284,0
1376,aaa,aaa,known,aaa,0.9410488245931284,0.0,normal,0.9410488245931284,0
1377,aaa,aaa,known,aaa,0.9410488245931284,0.0,normal,0.9410488245931284,0
1378,aaa,aaa,known,aaa,0.9410488245931284,0.0,normal,0.9410488245931284,0
1379,aaa,aaa,known,aaa,0.9410488245931284,0.0,normal,0.9410488245931284,0
1380,aaa,aaa,known,aaa,0.9410488245931284,0.0,normal,0.9410488245931284,0
1381,aaa,aab,known,aab,0.05786618444846293,0.0,anomaly,0.05786618444846293,0
1382,aab,abb,known,abb,0.42574257425742573,0.0,normal,0.42574257425742573,0
1383,abb,bbb,known,bbb,0.5579710144927537,0.0,normal,0.5579710144927537,0
1384,bbb,bbb,known,bbb,0.6628787878787878,0.0,normal,0.6628787878787878,0
1385,bbb,bbb,known,bbb,0.6628787878787878,0.0,normal,0.6628787878787878,0
1386,bbb,bbb,known,bbb,0.6628787878787878,0.0,normal,0.6628787878787878,0
1387,bbb,bbb,known,bbb,0.6628787878787878,0.0,normal,0.6628787878787878,0
1388,bbb,bbb,known,bbb,0.6628787878787878,0.0,normal,0.6628787878787878,0
1389,bbb,bbb,known,bbb,0.6628787878787878,0.0,normal,0.6628787878787878,0
1390,bbb,bba,known,bba,0.2916666666666667,0.0,normal,0.2916666666666667,0
1391,bba,baa,known,baa,0.5652173913043478,0.0,normal,0.5652173913043478,0
1392,baa,aaa,known,aaa,0.7941176470588235,0.0,normal,0.7941176470588235,0
1393,aaa,aab,known,aab,0.05786618444846293,0.0,anomaly,0.05786618444846293,0
1394,aab,abb,known,abb,0.42574257425742573,0.0,normal,0.42574257425742573,0
1395,abb,bbb,known,bbb,0.5579710144927537,0.0,normal,0.5579710144927537,0
1396,bbb,bbb,known,bbb,0.6628787878787878,0.0,normal,0.6628787878787878,0
1397,bbb,bbb,known,bbb,0.6628787878787878,0.0,normal,0.6628787878787878,0
1398,bbb,bbb,known,bbb,0.6628787878787878,0.0,normal,0.6628787878787878,0
1399,bbb,bbb,known,bbb,0.6628787878787878,0.0,normal,0.6628787878787878,0
1400,bbb,bbb,known,bbb,0.6628787878787878,0.0,normal,0.6628787878787878,0
1401,bbb,bba,known,bba,0.2916666666666667,0.0,normal,0.2916666666666667,0
1402,bba,baa,known,baa,0.5652173913043478,0.0,normal,0.5652173913043478,0
1403,baa,aab,known,aab,0.20588235294117646,0.0,normal,0.20588235294117646,0
1404,aab,aba,known,aba,0.5742574257425742,0.0,normal,0.5742574257425742,0
1405,aba,baa,known,baa,0.6331658291457286,0.0,normal,0.6331658291457286,0
1406,baa,aaa,known,aaa,0.7941176470588235,0.0,normal,0.7941176470588235,0
1407,aaa,aaa,known,aaa,0.9410488245931284,0.0,normal,0.9410488245931284,0
1408,aaa,aaa,known,aaa,0.9410488245931284,0.0,normal,0.9410488245931284,0
1409,aaa,aaa,known,aaa,0.9410488245931284,0.0,normal,0.9410488245931284,0
1410,aaa,aab,known,aab,0.05786618444846293,0.0,anomaly,0.05786618444846293,0
1411,aab,abb,known,abb,0.42574257425742573,0.0,normal,0.42574257425742573,0
1412,abb,bbb,known,bbb,0.5579710144927537,0.0,normal,0.5579710144927537,0
1413,bbb,bbb,known,bbb,0.6628787878787878,0.0,normal,0.6628787878787878,0
1414,bbb,bbb,known,bbb,0.6628787878787878,0.0,normal,0.6628787878787878,0
1415,bbb,bbb,known,bbb,0.6628787878787878,0.0,normal,0.6628787878787878,0
1416,bbb,bbb,known,bbb,0.6628787878787878,0.0,normal,0.6628787878787878,0
1417,bbb,bbb,known,bbb,0.6628787878787878,0.0,normal,0.6628787878787878,0
1418,bbb,bbb,known,bbb,0.6628787878787878,0.0,normal,0.6628787878787878,0
1419,bbb,bbb,known,bbb,0.6628787878787878,0.0,normal,0.6628787878787878,0
1420,bbb,bbb,known,bbb,0.6628787878787878,0.0,normal,0.6628787878787878,0
1421,bbb,bbb,known,bbb,0.6628787878787878,0.0,normal,0.6628787878787878,0
1422,bbb,bbb,known,bbb,0.6628787878787878,0.0,normal,0.6628787878787878,0
1423,bbb,bbb,known,bbb,0.6628787878787878,0.0,normal,0.6628787878787878,0
1424,bbb,bbb,known,bbb,0.6628787878787878,0.0,normal,0.6628787878787878,0
1425,bbb,bbb,known,bbb,0.6628787878787878,0.0,normal,0.6628787878787878,0
1426,bbb,bbb,known,bbb,0.6628787878787878,0.0,normal,0.6628787878787878,0
1427,bbb,bbb,known,bbb,0.6628787878787878,0.0,normal,0.6628787878787878,0
1428,bbb,bbb,known,bbb,0.6628787878787878,0.0,normal,0.6628787878787878,0
1429,bbb,bbb,known,bbb,0.6628787878787878,0.0,normal,0.6628787878787878,0
1430,bbb,bbb,known,bbb,0.6628787878787878,0.0,normal,0.6628787878787878,0
1431,bbb,bba,known,bba,0.2916666666666667,0.0,normal,0.2916666666666667,0
1432,bba,baa,known,baa,0.5652173913043478,0.0,normal,0.5652173913043478,0
1433,baa,aaa,known,aaa,0.7941176470588235,0.0,normal,0.7941176470588235,0
1434,aaa,aaa,known,aaa,0.9410488245931284,0.0,normal,0.9410488245931284,0
1435,aaa,aaa,known,aaa,0.9410488245931284,0.0,normal,0.9410488245931284,0
1436,aaa,aab,known,aab,0.05786618444846293,0.0,anomaly,0.05786618444846293,0
1437,aab,abb,known,abb,0.42574257425742573,0.0,normal,0.42574257425742573,0
1438,abb,bbb,known,bbb,0.5579710144927537,0.0,normal,0.5579710144927537,0
1439,bbb,bbb,known,bbb,0.6628787878787878,0.0,normal,0.6628787878787878,0
1440,bbb,bba,known,bba,0.2916666666666667,0.0,normal,0.2916666666666667,0
1441,bba,bab,known,bab,0.427536231884058,0.0,normal,0.427536231884058,0
1442,bab,aba,known,aba,0.5985401459854015,0.0,normal,0.5985401459854015,0
1443,aba,baa,known,baa,0.6331658291457286,0.0,normal,0.6331658291457286,0
1444,baa,aaa,known,aaa,0.7941176470588235,0.0,normal,0.7941176470588235,0
1445,aaa,aab,known,aab,0.05786618444846293,0.0,anomaly,0.05786618444846293,0
1446,aab,abb,known,abb,0.42574257425742573,0.0,normal,0.42574257425742573,0
1447,abb,bbb,known,bbb,0.5579710144927537,0.0,normal,0.5579710144927537,0
1448,bbb,bbb,known,bbb,0.6628787878787878,0.0,normal,0.6628787878787878,0
1449,bbb,bbb,known,bbb,0.6628787878787878,0.0,normal,0.6628787878787878,0
1450,bbb,bbb,known,bbb,0.6628787878787878,0.0,normal,0.6628787878787878,0
1451,bbb,bbb,known,bbb,0.6628787878787878,0.0,normal,0.6628787878787878,0
1452,bbb,bba,known,bba,0.2916666666666667,0.0,normal,0.2916666666666667,0
1453,bba,bab,known,bab,0.427536231884058,0.0,normal,0.427536231884058,0
1454,bab,aba,known,aba,0.5985401459854015,0.0,normal,0.5985401459854015,0
1455,aba,baa,known,baa,0.6331658291457286,0.0,normal,0.6331658291457286,0
1456,baa,aab,known,aab,0.20588235294117646,0.0,normal,0.20588235294117646,0
1457,aab,abb,known,abb,0.42574257425742573,0.0,normal,0.42574257425742573,0
1458,abb,bbb,known,bbb,0.5579710144927537,0.0,normal,0.5579710144927537,0
1459,bbb,bbb,known,bbb,0.6628787878787878,0.0,normal,0.6628787878787878,0
1460,bbb,bba,known,bba,0.2916666666666667,0.0,normal,0.2916666666666667,0
1461,bba,bab,known,bab,0.427536231884058,0.0,normal,0.427536231884058,0
1462,bab,abb,known,abb,0.3722627737226277,0.0,normal,0.3722627737226277,0
1463,abb,bbb,known,bbb,0.5579710144927537,0.0,normal,0.5579710144927537,0
1464,bbb,bbb,known,bbb,0.6628787878787878,0.0,normal,0.6628787878787878,0
1465,bbb,bbb,known,bbb,0.6628787878787878,0.0,normal,0.6628787878787878,0
1466,bbb,bbb,known,bbb,0.6628787878787878,0.0,normal,0.6628787878787878,0
1467,bbb,bbb,known,bbb,0.6628787878787878,0.0,normal,0.6628787878787878,0
1468,bbb,bbb,known,bbb,0.6628787878787878,0.0,normal,0.6628787878787878,0
1469,bbb,bbb,known,bbb,0.6628787878787878,0.0,normal,0.6628787878787878,0
1470,bbb,bbb,known,bbb,0.6628787878787878,0.0,normal,0.6628787878787878,0
1471,bbb,bbb,known,bbb,0.6628787878787878,0.0,normal,0.6628787878787878,0
1472,bbb,bbb,known,bbb,0.6628787878787878,0.0,normal,0.6628787878787878,0
1473,bbb,bbb,known,bbb,0.6628787878787878,0.0,normal,0.6628787878787878,0
1474,bbb,bbb,known,bbb,0.6628787878787878,0.0,normal,0.6628787878787878,0
1475,bbb,bbb,known,bbb,0.6628787878787878,0.0,normal,0.6628787878787878,0
1476,bbb,bbb,known,bbb,0.6628787878787878,0.0,normal,0.6628787878787878,0
1477,bbb,bbc,known,bbc,0.045454545454545456,0.0,anomaly,0.045454545454545456,0
1478,bbc,bcb,known,bcb,0.6666666666666666,0.0,normal,0.6666666666666666,0
1479,bcb,cbb,known,cbb,0.6111111111111112,0.0,normal,0.6111111111111112,0
1480,cbb,bbb,known,bbb,0.75,0.0,normal,0.75,0
1481,bbb,bbb,known,bbb,0.6628787878787878,0.0,normal,0.6628787878787878,0
1482,bbb,bbb,known,bbb,0.6628787878787878,0.0,normal,0.6628787878787878,0
1483,bbb,bbb,known,bbb,0.6628787878787878,0.0,normal,0.6628787878787878,0
1484,bbb,bbb,known,bbb,0.6628787878787878,0.0,normal,0.6628787878787878,0
1485,bbb,bbb,known,bbb,0.6628787878787878,0.0,normal,0.6628787878787878,0
1486,bbb,bbb,known,bbb,0.6628787878787878,0.0,normal,0.6628787878787878,0
1487,bbb,bbb,known,bbb,0.6628787878787878,0.0,normal,0.6628787878787878,0
1488,bbb,bbb,known,bbb,0.6628787878787878,0.0,normal,0.6628787878787878,0
1489,bbb,bbc,known,bbc,0.045454545454545456,0.0,anomaly,0.045454545454545456,0
1490,bbc,bcb,known,bcb,0.6666666666666666,0.0,normal,0.6666666666666666,0
1491,bcb,cbb,known,cbb,0.6111111111111112,0.0,normal,0.6111111111111112,0
1492,cbb,bbb,known,bbb,0.75,0.0,normal,0.75,0
1493,bbb,bbb,known,bbb,0.6628787878787878,0.0,normal,0.6628787878787878,0
1494,bbb,bbc,known,bbc,0.045454545454545456,0.0,anomaly,0.045454545454545456,0
1495,bbc,bcb,known,bcb,0.6666666666666666,0.0,normal,0.6666666666666666,0
1496,bcb,cbb,known,cbb,0.6111111111111112,0.0,normal,0.6111111111111112,0
1497,cbb,bbc,known,bbc,0.125,0.0,anomaly,0.125,0
1498,bbc,bcb,known,bcb,0.6666666666666666,0.0,normal,0.6666666666666666,0
1499,bcb,cbb,known,cbb,0.6111111111111112,0.0,normal,0.6111111111111112,0
1500,cbb,bbb,known,bbb,0.75,0.0,normal,0.75,0
1501,bbb,bbb,known,bbb,0.6628787878787878,0.0,normal,0.6628787878787878,0
1502,bbb,bba,known,bba,0.2916666666666667,0.0,normal,0.2916666666666667,0
1503,bba,bab,known,bab,0.427536231884058,0.0,normal,0.427536231884058,0
1504,bab,abb,known,abb,0.3722627737226277,0.0,normal,0.3722627737226277,0
1505,abb,bbb,known,bbb,0.5579710144927537,0.0,normal,0.5579710144927537,0
1506,bbb,bbb,known,bbb,0.6628787878787878,0.0,normal,0.6628787878787878,0
1507,bbb,bbb,known,bbb,0.6628787878787878,0.0,normal,0.6628787878787878,0
1508,bbb,bbb,known,bbb,0.6628787878787878,0.0,normal,0.6628787878787878,0
1509,bbb,bbb,known,bbb,0.6628787878787878,0.0,normal,0.6628787878787878,0
1510,bbb,bbb,known,bbb,0.6628787878787878,0.0,normal,0.6628787878787878,0
1511,bbb,bbb,known,bbb,0.6628787878787878,0.0,normal,0.6628787878787878,0
