time_step,state,pattern,status,mapped_to,probability,path_probability,decision,confidence,distance
1,aaa,aaa,known,aaa,0.9410488245931284,0.9410488245931284,normal,0.9410488245931284,0
2,aaa,aab,known,aab,0.05786618444846293,0.05445490485891521,anomaly,0.05786618444846293,0
3,aab,aba,known,aba,0.5742574257425742,0.031271133483337446,normal,0.5742574257425742,0
4,aba,baa,known,baa,0.6331658291457286,0.01979981316030411,normal,0.6331658291457286,0
5,baa,aaa,known,aaa,0.7941176470588235,0.015723381039065027,normal,0.7941176470588235,0
6,aaa,aaa,known,aaa,0.9410488245931284,0.014796469245442026,normal,0.9410488245931284,0
7,aaa,aaa,known,aaa,0.9410488245931284,0.013924199991551593,normal,0.9410488245931284,0
8,aaa,aaa,known,aaa,0.9410488245931284,0.013103352035449276,normal,0.9410488245931284,0
9,aaa,aaa,known,aaa,0.9410488245931284,0.012330894031189518,normal,0.9410488245931284,0
10,aaa,aaa,known,aaa,0.9410488245931284,0.01160397333423332,normal,0.9410488245931284,0
11,aaa,aaa,known,aaa,0.9410488245931284,0.010919905466790272,normal,0.9410488245931284,0
12,aaa,aaa,known,aaa,0.9410488245931284,0.010276164204191062,normal,0.9410488245931284,0
13,aaa,aaa,known,aaa,0.9410488245931284,0.00967037224567998,normal,0.9410488245931284,0
14,aaa,aaa,known,aaa,0.9410488245931284,0.009100292435175157,normal,0.9410488245931284,0
15,aaa,aaa,known,aaa,0.9410488245931284,0.00856381949957532,normal,0.9410488245931284,0
16,aaa,aab,known,aab,0.05786618444846293,0.000495555558745769,anomaly,0.05786618444846293,0
17,aab,aba,known,aba,0.5742574257425742,0.0002845764594777683,normal,0.5742574257425742,0
18,aba,baa,known,baa,0.6331658291457286,0.00018018408992059702,normal,0.6331658291457286,0
19,baa,aab,known,aab,0.20588235294117646,3.709672439541703e-05,normal,0.20588235294117646,0
20,aab,aba,known,aba,0.5742574257425742,2.1303069454793936e-05,normal,0.5742574257425742,0
21,aba,baa,known,baa,0.6331658291457286,1.3488375634693647e-05,normal,0.6331658291457286,0
22,baa,aaa,known,aaa,0.7941176470588235,1.0711357121668483e-05,normal,0.7941176470588235,0
23,aaa,aaa,known,aaa,0.9410488245931284,1.0079910029143362e-05,normal,0.9410488245931284,0
24,aaa,aaa,known,aaa,0.9410488245931284,9.485687484929848e-06,normal,0.9410488245931284,0
25,aaa,aaa,known,aaa,0.9410488245931284,8.926495058150982e-06,normal,0.9410488245931284,0
26,aaa,aaa,known,aaa,0.9410488245931284,8.400267682209351e-06,normal,0.9410488245931284,0
27,aaa,aab,known,aab,0.05786618444846293,4.860914391151885e-07,anomaly,0.05786618444846293,0
28,aab,aba,known,aba,0.5742574257425742,2.791416185017914e-07,normal,0.5742574257425742,0
29,aba,baa,known,baa,0.6331658291457286,1.7674293432776743e-07,normal,0.6331658291457286,0
30,baa,aaa,known,aaa,0.7941176470588235,1.4035468314263884e-07,normal,0.7941176470588235,0
31,aaa,aaa,known,aaa,0.9410488245931284,1.3208060959752125e-07,normal,0.9410488245931284,0
32,aaa,aaa,known,aaa,0.9410488245931284,1.2429430241329125e-07,normal,0.9410488245931284,0
33,aaa,aaa,known,aaa,0.9410488245931284,1.1696700718965057e-07,normal,0.9410488245931284,0
34,aaa,aab,known,aab,0.05786618444846293,6.7684344124210096e-09,anomaly,0.05786618444846293,0
35,aab,aba,known,aba,0.5742574257425742,3.886823721984342e-09,normal,0.5742574257425742,0
36,aba,bab,known,bab,0.36683417085427134,1.4258197573108388e-09,normal,0.36683417085427134,0
37,bab,abb,known,abb,0.3722627737226277,5.307796176850567e-10,normal,0.3722627737226277,0
38,abb,bba,known,bba,0.43478260869565216,2.3077374681958989e-10,normal,0.43478260869565216,0
39,bba,baa,known,baa,0.5652173913043478,1.3043733515889861e-10,normal,0.5652173913043478,0
40,baa,aaa,known,aaa,0.7941176470588235,1.0358258968500771e-10,normal,0.7941176470588235,0
41,aaa,aaa,known,aaa,0.9410488245931284,9.747627427138881e-11,normal,0.9410488245931284,0
42,aaa,aaa,known,aaa,0.9410488245931284,9.172993332880784e-11,normal,0.9410488245931284,0
43,aaa,aaa,known,aaa,0.9410488245931284,8.632234593908066e-11,normal,0.9410488245931284,0
44,aaa,aaa,known,aaa,0.9410488245931284,8.123354218209327e-11,normal,0.9410488245931284,0
45,aaa,aaa,known,aaa,0.9410488245931284,7.644472938799519e-11,normal,0.9410488245931284,0
46,aaa,aab,known,aab,0.05786618444846293,4.423564810878564e-12,anomaly,0.05786618444846293,0
47,aab,aba,known,aba,0.5742574257425742,2.5402649409005613e-12,normal,0.5742574257425742,0
48,aba,bab,known,bab,0.36683417085427134,9.31855983345432e-13,normal,0.36683417085427134,0
49,bab,aba,known,aba,0.5985401459854015,5.577532163089447e-13,normal,0.5985401459854015,0
50,aba,baa,known,baa,0.6331658291457286,3.5315027766294993e-13,normal,0.6331658291457286,0
51,baa,aaa,known,aaa,0.7941176470588235,2.80442867555872e-13,normal,0.7941176470588235,0
52,aaa,aaa,known,aaa,0.9410488245931284,2.6391043087897974e-13,normal,0.9410488245931284,0
53,aaa,aaa,known,aaa,0.9410488245931284,2.4835260077652997e-13,normal,0.9410488245931284,0
54,aaa,aaa,known,aaa,0.9410488245931284,2.337119230454e-13,normal,0.9410488245931284,0
55,aaa,aaa,known,aaa,0.9410488245931284,2.1993433047527337e-13,normal,0.9410488245931284,0
56,aaa,aab,known,aab,0.05786618444846293,1.272676053383137e-14,anomaly,0.05786618444846293,0
57,aab,aba,known,aba,0.5742574257425742,7.308436742200193e-15,normal,0.5742574257425742,0
58,aba,bab,known,bab,0.36683417085427134,2.6809843325659e-15,normal,0.36683417085427134,0
59,bab,aba,known,aba,0.5985401459854015,1.6046767537985679e-15,normal,0.5985401459854015,0
60,aba,baa,known,baa,0.6331658291457286,1.0160264873297464e-15,normal,0.6331658291457286,0
61,baa,aaa,known,aaa,0.7941176470588235,8.068445634677397e-16,normal,0.7941176470588235,0
62,aaa,aaa,known,aaa,0.9410488245931284,7.592801280806723e-16,normal,0.9410488245931284,0
63,aaa,aaa,known,aaa,0.9410488245931284,7.145196720672367e-16,normal,0.9410488245931284,0
64,aaa,aaa,known,aaa,0.9410488245931284,6.723978975475407e-16,normal,0.9410488245931284,0
65,aaa,aaa,known,aaa,0.9410488245931284,6.32759251146004e-16,normal,0.9410488245931284,0
66,aaa,aaa,known,aaa,0.9410488245931284,5.954573495413752e-16,normal,0.9410488245931284,0
67,aaa,aaa,known,aaa,0.9410488245931284,5.603544388812508e-16,normal,0.9410488245931284,0
68,aaa,aaa,known,aaa,0.9410488245931284,5.273208860647431e-16,normal,0.9410488245931284,0
69,aaa,aaa,known,aaa,0.9410488245931284,4.962347000146335e-16,normal,0.9410488245931284,0
70,aaa,aaa,known,aaa,0.9410488245931284,4.669810811710945e-16,normal,0.9410488245931284,0
71,aaa,aaa,known,aaa,0.9410488245931284,4.3945199754328683e-16,normal,0.9410488245931284,0
72,aaa,aaa,known,aaa,0.9410488245931284,4.1354578575321243e-16,normal,0.9410488245931284,0
73,aaa,aaa,known,aaa,0.9410488245931284,3.8916677559850227e-16,normal,0.9410488245931284,0
74,aaa,aaa,known,aaa,0.9410488245931284,3.6622493674766835e-16,normal,0.9410488245931284,0
75,aaa,aaa,known,aaa,0.9410488245931284,3.446355462630861e-16,normal,0.9410488245931284,0
76,aaa,aaa,known,aaa,0.9410488245931284,3.243188757238879e-16,normal,0.9410488245931284,0
77,aaa,aab,known,aab,0.05786618444846293,1.8767095882756625e-17,anomaly,0.05786618444846293,0
78,aab,aba,known,aba,0.5742574257425742,1.0777144170295882e-17,normal,0.5742574257425742,0
79,aba,baa,known,baa,0.6331658291457286,6.8237194244084475e-18,normal,0.6331658291457286,0
80,baa,aaa,known,aaa,0.7941176470588235,5.418836013500825e-18,normal,0.7941176470588235,0
81,aaa,aaa,known,aaa,0.9410488245931284,5.0993892611678656e-18,normal,0.9410488245931284,0
82,aaa,aaa,known,aaa,0.9410488245931284,4.798774270364842e-18,normal,0.9410488245931284,0
83,aaa,aaa,known,aaa,0.9410488245931284,4.515880886614582e-18,normal,0.9410488245931284,0
84,aaa,aaa,known,aaa,0.9410488245931284,4.249664400351228e-18,normal,0.9410488245931284,0
85,aaa,aaa,known,aaa,0.9410488245931284,3.999141688865785e-18,normal,0.9410488245931284,0
86,aaa,aaa,known,aaa,0.9410488245931284,3.7633875856885254e-18,normal,0.9410488245931284,0
87,aaa,aaa,known,aaa,0.9410488245931284,3.541531464000558e-18,normal,0.9410488245931284,0
88,aaa,aaa,known,aaa,0.9410488245931284,3.332754021457307e-18,normal,0.9410488245931284,0
89,aaa,aaa,known,aaa,0.9410488245931284,3.1362842545504205e-18,normal,0.9410488245931284,0
90,aaa,aaa,known,aaa,0.9410488245931284,2.9513966113346094e-18,normal,0.9410488245931284,0
91,aaa,aaa,known,aaa,0.9410488245931284,2.7774083120045767e-18,normal,0.9410488245931284,0
92,aaa,aaa,known,aaa,0.9410488245931284,2.613676827427092e-18,normal,0.9410488245931284,0
93,aaa,aaa,known,aaa,0.9410488245931284,2.459597506316562e-18,normal,0.9410488245931284,0
94,aaa,aaa,known,aaa,0.9410488245931284,2.3146013422913905e-18,normal,0.9410488245931284,0
95,aaa,aaa,known,aaa,0.9410488245931284,2.1781528725649903e-18,normal,0.9410488245931284,0
96,aaa,aaa,known,aaa,0.9410488245931284,2.0497482005114304e-18,normal,0.9410488245931284,0
97,aaa,aaa,known,aaa,0.9410488245931284,1.928913134803162e-18,normal,0.9410488245931284,0
98,aaa,aaa,known,aaa,0.9410488245931284,1.815201438248762e-18,normal,0.9410488245931284,0
99,aaa,aaa,known,aaa,0.9410488245931284,1.7081931798637537e-18,normal,0.9410488245931284,0
100,aaa,aaa,known,aaa,0.9410488245931284,1.6074931840887839e-18,normal,0.9410488245931284,0
101,aaa,aaa,known,aaa,0.9410488245931284,1.5127295714282156e-18,normal,0.9410488245931284,0
102,aaa,aaa,known,aaa,0.9410488245931284,1.4235523851197893e-18,normal,0.9410488245931284,0
103,aaa,aaa,known,aaa,0.9410488245931284,1.3396322987637221e-18,normal,0.9410488245931284,0
104,aaa,aaa,known,aaa,0.9410488245931284,1.2606594001385913e-18,normal,0.9410488245931284,0
105,aaa,aaa,known,aaa,0.9410488245931284,1.1863420467126998e-18,normal,0.9410488245931284,0
106,aaa,aaa,known,aaa,0.9410488245931284,1.1164057886243925e-18,normal,0.9410488245931284,0
107,aaa,aaa,known,aaa,0.9410488245931284,1.0505923551539491e-18,normal,0.9410488245931284,0
108,aaa,aaa,known,aaa,0.9410488245931284,9.886587009441504e-19,normal,0.9410488245931284,0
109,aaa,aaa,known,aaa,0.9410488245931284,9.30376108447262e-19,normal,0.9410488245931284,0
110,aaa,aaa,known,aaa,0.9410488245931284,8.75529343283825e-19,normal,0.9410488245931284,0
111,aaa,aaa,known,aaa,0.9410488245931284,8.239158593940371e-19,normal,0.9410488245931284,0
112,aaa,aaa,known,aaa,0.9410488245931284,7.753450510463959e-19,normal,0.9410488245931284,0
113,aaa,aaa,known,aaa,0.9410488245931284,7.2963754894131e-19,normal,0.9410488245931284,0
114,aaa,aaa,known,aaa,0.9410488245931284,6.86624557810231e-19,normal,0.9410488245931284,0
115,aaa,aaa,known,aaa,0.9410488245931284,6.461472330640944e-19,normal,0.9410488245931284,0
116,aaa,aaa,known,aaa,0.9410488245931284,6.080560941890683e-19,normal,0.9410488245931284,0
117,aaa,aaa,known,aaa,0.9410488245931284,5.722104727233113e-19,normal,0.9410488245931284,0
118,aaa,aaa,known,aaa,0.9410488245931284,5.384779927761505e-19,normal,0.9410488245931284,0
119,aaa,aaa,known,aaa,0.9410488245931284,5.067340821712636e-19,normal,0.9410488245931284,0
120,aaa,aaa,known,aaa,0.9410488245931284,4.768615124085453e-19,normal,0.9410488245931284,0
121,aaa,aaa,known,aaa,0.9410488245931284,4.4874996574576305e-19,normal,0.9410488245931284,0
122,aaa,aaa,known,aaa,0.9410488245931284,4.22295627801257e-19,normal,0.9410488245931284,0
123,aaa,aaa,known,aaa,0.9410488245931284,3.9740080417319016e-19,normal,0.9410488245931284,0
124,aaa,aaa,known,aaa,0.9410488245931284,3.7397355965954463e-19,normal,0.9410488245931284,0
125,aaa,aaa,known,aaa,0.9410488245931284,3.5192737874652265e-19,normal,0.9410488245931284,0
126,aaa,aaa,known,aaa,0.9410488245931284,3.3118084611155587e-19,normal,0.9410488245931284,0
127,aaa,aaa,known,aaa,0.9410488245931284,3.116573459610374e-19,normal,0.9410488245931284,0
128,aaa,aaa,known,aaa,0.9410488245931284,2.9328477909244826e-19,normal,0.9410488245931284,0
129,aaa,aaa,known,aaa,0.9410488245931284,2.7599529663600377e-19,normal,0.9410488245931284,0
130,aaa,aaa,known,aaa,0.9410488245931284,2.5972504949254316e-19,normal,0.9410488245931284,0
131,aaa,aaa,known,aaa,0.9410488245931284,2.4441395254234984e-19,normal,0.9410488245931284,0
132,aaa,aaa,known,aaa,0.9410488245931284,2.30005462754139e-19,normal,0.9410488245931284,0
133,aaa,aaa,known,aaa,0.9410488245931284,2.164463703747811e-19,normal,0.9410488245931284,0
134,aaa,aaa,known,aaa,0.9410488245931284,2.0368660242863668e-19,normal,0.9410488245931284,0
135,aaa,aaa,known,aaa,0.9410488245931284,1.916790378008364e-19,normal,0.9410488245931284,0
136,aaa,aaa,known,aaa,0.9410488245931284,1.8037933322161894e-19,normal,0.9410488245931284,0
137,aaa,aaa,known,aaa,0.9410488245931284,1.6974575950909675e-19,normal,0.9410488245931284,0
138,aaa,aaa,known,aaa,0.9410488245931284,1.5973904746570336e-19,normal,0.9410488245931284,0
139,aaa,aaa,known,aaa,0.9410488245931284,1.503222428592261e-19,normal,0.9410488245931284,0
140,aaa,aaa,known,aaa,0.9410488245931284,1.414605699528775e-19,normal,0.9410488245931284,0
141,aaa,aaa,known,aaa,0.9410488245931284,1.331213030804294e-19,normal,0.9410488245931284,0
142,aaa,aaa,known,aaa,0.9410488245931284,1.252736457921437e-19,normal,0.9410488245931284,0
143,aaa,aaa,known,aaa,0.9410488245931284,1.1788861712519275e-19,normal,0.9410488245931284,0
144,aaa,aaa,known,aaa,0.9410488245931284,1.1093894457857198e-19,normal,0.9410488245931284,0
145,aaa,aaa,known,aaa,0.9410488245931284,1.0439896339726738e-19,normal,0.9410488245931284,0
146,aaa,aaa,known,aaa,0.9410488245931284,9.824452179373951e-20,normal,0.9410488245931284,0
147,aaa,aaa,known,aaa,0.9410488245931284,9.245289175671256e-20,normal,0.9410488245931284,0
148,aaa,aaa,known,aaa,0.9410488245931284,8.700268511789009e-20,normal,0.9410488245931284,0
149,aaa,aaa,known,aaa,0.9410488245931284,8.187377456663654e-20,normal,0.9410488245931284,0
150,aaa,aaa,known,aaa,0.9410488245931284,7.704721932093609e-20,normal,0.9410488245931284,0
151,aaa,aaa,known,aaa,0.9410488245931284,7.250519518013588e-20,normal,0.9410488245931284,0
152,aaa,aaa,known,aaa,0.9410488245931284,6.823092870116223e-20,normal,0.9410488245931284,0
153,aaa,aaa,known,aaa,0.9410488245931284,6.420863525512627e-20,normal,0.9410488245931284,0
154,aaa,aaa,known,aaa,0.9410488245931284,6.042346073556548e-20,normal,0.9410488245931284,0
155,aaa,aaa,known,aaa,0.9410488245931284,5.686142670305294e-20,normal,0.9410488245931284,0
156,aaa,aab,known,aab,0.05786618444846293,3.2903538056016166e-21,anomaly,0.05786618444846293,0
157,aab,aba,known,aba,0.5742574257425742,1.889510106187067e-21,normal,0.5742574257425742,0
158,aba,baa,known,baa,0.6331658291457286,1.196373233063168e-21,normal,0.6331658291457286,0
159,baa,aaa,known,aaa,0.7941176470588235,9.500610968442804e-22,normal,0.7941176470588235,0
160,aaa,aaa,known,aaa,0.9410488245931284,8.940538784769684e-22,normal,0.9410488245931284,0
161,aaa,aab,known,aab,0.05786618444846293,5.1735486638811917e-23,anomaly,0.05786618444846293,0
162,aab,aba,known,aba,0.5742574257425742,2.970948737674347e-23,normal,0.5742574257425742,0
163,aba,baa,known,baa,0.6331658291457286,1.881103220839034e-23,normal,0.6331658291457286,0
164,baa,aaa,known,aaa,0.7941176470588235,1.493817263607468e-23,normal,0.7941176470588235,0
165,aaa,aaa,known,aaa,0.9410488245931284,1.4057549800747314e-23,normal,0.9410488245931284,0
166,aaa,aaa,known,aaa,0.9410488245931284,1.3228840716652628e-23,normal,0.9410488245931284,0
167,aaa,aaa,known,aaa,0.9410488245931284,1.2448985007135674e-23,normal,0.9410488245931284,0
168,aaa,aaa,known,aaa,0.9410488245931284,1.1715102708342504e-23,normal,0.9410488245931284,0
169,aaa,aaa,known,aaa,0.9410488245931284,1.1024483633673489e-23,normal,0.9410488245931284,0
170,aaa,aaa,known,aaa,0.9410488245931284,1.0374577365214618e-23,normal,0.9410488245931284,0
171,aaa,aaa,known,aaa,0.9410488245931284,9.762983835185692e-24,normal,0.9410488245931284,0
172,aaa,aaa,known,aaa,0.9410488245931284,9.187444462623209e-24,normal,0.9410488245931284,0
173,aaa,aaa,known,aaa,0.9410488245931284,8.645833812566218e-24,normal,0.9410488245931284,0
174,aaa,aaa,known,aaa,0.9410488245931284,8.136151746942965e-24,normal,0.9410488245931284,0
175,aaa,aaa,known,aaa,0.9410488245931284,7.656516038172006e-24,normal,0.9410488245931284,0
176,aaa,aaa,known,aaa,0.9410488245931284,7.205155418200202e-24,normal,0.9410488245931284,0
177,aaa,aab,known,aab,0.05786618444846293,4.169348524094149e-25,anomaly,0.05786618444846293,0
178,aab,aba,known,aba,0.5742574257425742,2.394279350469907e-25,normal,0.5742574257425742,0
179,aba,baa,known,baa,0.6331658291457286,1.5159758701467754e-25,normal,0.6331658291457286,0
180,baa,aaa,known,aaa,0.7941176470588235,1.2038631909989097e-25,normal,0.7941176470588235,0
181,aaa,aaa,known,aaa,0.9410488245931284,1.132894040860457e-25,normal,0.9410488245931284,0
182,aaa,aaa,known,aaa,0.9410488245931284,1.0661086055402925e-25,normal,0.9410488245931284,0
183,aaa,aaa,known,aaa,0.9410488245931284,1.0032602501323116e-25,normal,0.9410488245931284,0
184,aaa,aab,known,aab,0.05786618444846293,5.805484268396739e-27,anomaly,0.05786618444846293,0
185,aab,aba,known,aba,0.5742574257425742,3.333842451158523e-27,normal,0.5742574257425742,0
186,aba,bab,known,bab,0.36683417085427134,1.2229673313295084e-27,normal,0.36683417085427134,0
187,bab,aba,known,aba,0.5985401459854015,7.319950450293408e-28,normal,0.5985401459854015,0
188,aba,bab,known,bab,0.36683417085427134,2.6852079541277326e-28,normal,0.36683417085427134,0
189,bab,aba,known,aba,0.5985401459854015,1.6072047608647744e-28,normal,0.5985401459854015,0
190,aba,baa,known,baa,0.6331658291457286,1.0176271350199072e-28,normal,0.6331658291457286,0
191,baa,aaa,known,aaa,0.7941176470588235,8.081156660452204e-29,normal,0.7941176470588235,0
192,aaa,aaa,known,aaa,0.9410488245931284,7.604762976671477e-29,normal,0.9410488245931284,0
193,aaa,aab,known,aab,0.05786618444846293,4.4005861709491366e-30,anomaly,0.05786618444846293,0
194,aab,aba,known,aba,0.5742574257425742,2.527069286287623e-30,normal,0.5742574257425742,0
195,aba,bab,known,bab,0.36683417085427134,9.270153663266154e-31,normal,0.36683417085427134,0
196,bab,aba,known,aba,0.5985401459854015,5.548559126918429e-31,normal,0.5985401459854015,0
197,aba,bab,known,bab,0.36683417085427134,2.0354010867590216e-31,normal,0.36683417085427134,0
198,bab,aba,known,aba,0.5985401459854015,1.2182692636075897e-31,normal,0.5985401459854015,0
199,aba,bab,known,bab,0.36683417085427134,4.469027951927339e-32,normal,0.36683417085427134,0
200,bab,aba,known,aba,0.5985401459854015,2.6748926427594294e-32,normal,0.5985401459854015,0
201,aba,bab,known,bab,0.36683417085427134,9.812420247308459e-33,normal,0.36683417085427134,0
202,bab,aba,known,aba,0.5985401459854015,5.873127447294115e-33,normal,0.5985401459854015,0
203,aba,bab,known,bab,0.36683417085427134,2.1544638374496e-33,normal,0.36683417085427134,0
204,bab,aba,known,aba,0.5985401459854015,1.2895330997873518e-33,normal,0.5985401459854015,0
205,aba,bab,known,bab,0.36683417085427134,4.730448054496315e-34,normal,0.36683417085427134,0
206,bab,aba,known,aba,0.5985401459854015,2.831363069114583e-34,normal,0.5985401459854015,0
207,aba,baa,known,baa,0.6331658291457286,1.79272234526853e-34,normal,0.6331658291457286,0
208,baa,aaa,known,aaa,0.7941176470588235,1.4236324506544208e-34,normal,0.7941176470588235,0
209,aaa,aaa,known,aaa,0.9410488245931284,1.3397076443409775e-34,normal,0.9410488245931284,0
210,aaa,aaa,known,aaa,0.9410488245931284,1.2607303040055058e-34,normal,0.9410488245931284,0
211,aaa,aaa,known,aaa,0.9410488245931284,1.1864087707133187e-34,normal,0.9410488245931284,0
212,aaa,aaa,known,aaa,0.9410488245931284,1.116468579166747e-34,normal,0.9410488245931284,0
213,aaa,aaa,known,aaa,0.9410488245931284,1.0506514441200275e-34,normal,0.9410488245931284,0
214,aaa,aaa,known,aaa,0.9410488245931284,9.887143065462249e-35,normal,0.9410488245931284,0
215,aaa,aaa,known,aaa,0.9410488245931284,9.30428436033735e-35,normal,0.9410488245931284,0
216,aaa,aaa,known,aaa,0.9410488245931284,8.755785860975691e-35,normal,0.9410488245931284,0
217,aaa,aaa,known,aaa,0.9410488245931284,8.239621992860307e-35,normal,0.9410488245931284,0
218,aaa,aaa,known,aaa,0.9410488245931284,7.753886591472882e-35,normal,0.9410488245931284,0
219,aaa,aaa,known,aaa,0.9410488245931284,7.296785862933976e-35,normal,0.9410488245931284,0
220,aaa,aaa,known,aaa,0.9410488245931284,6.866631759621774e-35,normal,0.9410488245931284,0
221,aaa,aaa,known,aaa,0.9410488245931284,6.461835746305916e-35,normal,0.9410488245931284,0
222,aaa,aaa,known,aaa,0.9410488245931284,6.080902933775043e-35,normal,0.9410488245931284,0
223,aaa,aaa,known,aaa,0.9410488245931284,5.722426558293912e-35,normal,0.9410488245931284,0
224,aaa,aaa,known,aaa,0.9410488245931284,5.385082786502987e-35,normal,0.9410488245931284,0
225,aaa,aaa,known,aaa,0.9410488245931284,5.067625826575325e-35,normal,0.9410488245931284,0
226,aaa,aaa,known,aaa,0.9410488245931284,4.768883327576491e-35,normal,0.9410488245931284,0
227,aaa,aaa,known,aaa,0.9410488245931284,4.4877520500376236e-35,normal,0.9410488245931284,0
228,aaa,aaa,known,aaa,0.9410488245931284,4.223193791753308e-35,normal,0.9410488245931284,0
229,aaa,aaa,known,aaa,0.9410488245931284,3.974231553758448e-35,normal,0.9410488245931284,0
230,aaa,aaa,known,aaa,0.9410488245931284,3.73994593232531e-35,normal,0.9410488245931284,0
231,aaa,aaa,known,aaa,0.9410488245931284,3.519471723656585e-35,normal,0.9410488245931284,0
232,aaa,aaa,known,aaa,0.9410488245931284,3.3119947287357813e-35,normal,0.9410488245931284,0
233,aaa,aaa,known,aaa,0.9410488245931284,3.1167487465354445e-35,normal,0.9410488245931284,0
234,aaa,aaa,known,aaa,0.9410488245931284,2.933012744479286e-35,normal,0.9410488245931284,0
235,aaa,aaa,known,aaa,0.9410488245931284,2.760108195708898e-35,normal,0.9410488245931284,0
236,aaa,aaa,known,aaa,0.9410488245931284,2.597396573321719e-35,normal,0.9410488245931284,0
237,aaa,aaa,known,aaa,0.9410488245931284,2.4442769923266233e-35,normal,0.9410488245931284,0
238,aaa,aaa,known,aaa,0.9410488245931284,2.3001839906089962e-35,normal,0.9410488245931284,0
239,aaa,aaa,known,aaa,0.9410488245931284,2.1645854407105274e-35,normal,0.9410488245931284,0
240,aaa,aaa,known,aaa,0.9410488245931284,2.0369805847120407e-35,normal,0.9410488245931284,0
241,aaa,aaa,known,aaa,0.9410488245931284,1.9168981849622894e-35,normal,0.9410488245931284,0
242,aaa,aaa,known,aaa,0.9410488245931284,1.8038947838234636e-35,normal,0.9410488245931284,0
243,aaa,aaa,known,aaa,0.9410488245931284,1.697553066006746e-35,normal,0.9410488245931284,0
244,aaa,aaa,known,aaa,0.9410488245931284,1.5974803174501096e-35,normal,0.9410488245931284,0
245,aaa,aaa,known,aaa,0.9410488245931284,1.5033069750470835e-35,normal,0.9410488245931284,0
246,aaa,aaa,known,aaa,0.9410488245931284,1.4146852618707095e-35,normal,0.9410488245931284,0
247,aaa,aaa,known,aaa,0.9410488245931284,1.331287902852653e-35,normal,0.9410488245931284,0
248,aaa,aaa,known,aaa,0.9410488245931284,1.25280691617454e-35,normal,0.9410488245931284,0
249,aaa,aaa,known,aaa,0.9410488245931284,1.178952475908193e-35,normal,0.9410488245931284,0
250,aaa,aaa,known,aaa,0.9410488245931284,1.1094518417045636e-35,normal,0.9410488245931284,0
251,aaa,aaa,known,aaa,0.9410488245931284,1.0440483515787612e-35,normal,0.9410488245931284,0
252,aaa,aaa,known,aaa,0.9410488245931284,9.825004740715866e-36,normal,0.9410488245931284,0
253,aaa,aaa,known,aaa,0.9410488245931284,9.24580916287258e-36,normal,0.9410488245931284,0
254,aaa,aaa,known,aaa,0.9410488245931284,8.700757845133617e-36,normal,0.9410488245931284,0
255,aaa,aaa,known,aaa,0.9410488245931284,8.187837943232431e-36,normal,0.9410488245931284,0
256,aaa,aaa,known,aaa,0.9410488245931284,7.705155272437897e-36,normal,0.9410488245931284,0
257,aaa,aaa,known,aaa,0.9410488245931284,7.25092731243523e-36,normal,0.9410488245931284,0
258,aaa,aaa,known,aaa,0.9410488245931284,6.823476624577385e-36,normal,0.9410488245931284,0
259,aaa,aaa,known,aaa,0.9410488245931284,6.421224657197235e-36,normal,0.9410488245931284,0
260,aaa,aaa,known,aaa,0.9410488245931284,6.042685916103872e-36,normal,0.9410488245931284,0
261,aaa,aaa,known,aaa,0.9410488245931284,5.686462478735e-36,normal,0.9410488245931284,0
262,aaa,aaa,known,aaa,0.9410488245931284,5.3512388317064993e-36,normal,0.9410488245931284,0
263,aaa,aaa,known,aaa,0.9410488245931284,5.035777012694507e-36,normal,0.9410488245931284,0
264,aaa,aaa,known,aaa,0.9410488245931284,4.7389120387092615e-36,normal,0.9410488245931284,0
265,aaa,aaa,known,aaa,0.9410488245931284,4.459547603877576e-36,normal,0.9410488245931284,0
266,aaa,aaa,known,aaa,0.9410488245931284,4.196652030846096e-36,normal,0.9410488245931284,0
267,aaa,aaa,known,aaa,0.9410488245931284,3.949254460854084e-36,normal,0.9410488245931284,0
268,aaa,aaa,known,aaa,0.9410488245931284,3.716441268405905e-36,normal,0.9410488245931284,0
269,aaa,aaa,known,aaa,0.9410488245931284,3.497352687302773e-36,normal,0.9410488245931284,0
270,aaa,aaa,known,aaa,0.9410488245931284,3.291179635573893e-36,normal,0.9410488245931284,0
271,aaa,aaa,known,aaa,0.9410488245931284,3.097160727581653e-36,normal,0.9410488245931284,0
272,aaa,aaa,known,aaa,0.9410488245931284,2.914579462266713e-36,normal,0.9410488245931284,0
273,aaa,aaa,known,aaa,0.9410488245931284,2.7427615771493626e-36,normal,0.9410488245931284,0
274,aaa,aaa,known,aaa,0.9410488245931284,2.5810725583156027e-36,normal,0.9410488245931284,0
275,aaa,aaa,known,aaa,0.9410488245931284,2.428915297192477e-36,normal,0.9410488245931284,0
276,aaa,aaa,known,aaa,0.9410488245931284,2.28572788545925e-36,normal,0.9410488245931284,0
277,aaa,aaa,known,aaa,0.9410488245931284,2.150981539951164e-36,normal,0.9410488245931284,0
278,aaa,aaa,known,aaa,0.9410488245931284,2.0241786498925603e-36,normal,0.9410488245931284,0
279,aaa,aaa,known,aaa,0.9410488245931284,1.9048509392478994e-36,normal,0.9410488245931284,0
280,aaa,aaa,known,aaa,0.9410488245931284,1.7925577374043523e-36,normal,0.9410488245931284,0
281,aaa,aaa,known,aaa,0.9410488245931284,1.6868843517996834e-36,normal,0.9410488245931284,0
282,aaa,aaa,known,aaa,0.9410488245931284,1.5874405364856334e-36,normal,0.9410488245931284,0
283,aaa,aaa,known,aaa,0.9410488245931284,1.4938590509712905e-36,normal,0.9410488245931284,0
284,aaa,aaa,known,aaa,0.9410488245931284,1.4057943040243393e-36,normal,0.9410488245931284,0
285,aaa,aaa,known,aaa,0.9410488245931284,1.3229210774218196e-36,normal,0.9410488245931284,0
286,aaa,aaa,known,aaa,0.9410488245931284,1.2449333249372785e-36,normal,0.9410488245931284,0
287,aaa,aaa,known,aaa,0.9410488245931284,1.171543042129041e-36,normal,0.9410488245931284,0
288,aaa,aaa,known,aaa,0.9410488245931284,1.1024792027557921e-36,normal,0.9410488245931284,0
289,aaa,aaa,known,aaa,0.9410488245931284,1.0374867578917075e-36,normal,0.9410488245931284,0
290,aaa,aaa,known,aaa,0.9410488245931284,9.76325694044927e-37,normal,0.9410488245931284,0
291,aaa,aaa,known,aaa,0.9410488245931284,9.187701468010488e-37,normal,0.9410488245931284,0
292,aaa,aaa,known,aaa,0.9410488245931284,8.64607566718383e-37,normal,0.9410488245931284,0
293,aaa,aaa,known,aaa,0.9410488245931284,8.136379343946593e-37,normal,0.9410488245931284,0
294,aaa,aaa,known,aaa,0.9410488245931284,7.65673021806475e-37,normal,0.9410488245931284,0
295,aaa,aaa,known,aaa,0.9410488245931284,7.205356971936521e-37,normal,0.9410488245931284,0
296,aaa,aaa,known,aaa,0.9410488245931284,6.780592709214766e-37,normal,0.9410488245931284,0
297,aaa,aaa,known,aaa,0.9410488245931284,6.380868799051292e-37,normal,0.9410488245931284,0
298,aaa,aaa,known,aaa,0.9410488245931284,6.004709083230185e-37,normal,0.9410488245931284,0
299,aaa,aaa,known,aaa,0.9410488245931284,5.650724424797447e-37,normal,0.9410488245931284,0
300,aaa,aaa,known,aaa,0.9410488245931284,5.31760757805532e-37,normal,0.9410488245931284,0
301,aaa,aaa,known,aaa,0.9410488245931284,5.0041283609764714e-37,normal,0.9410488245931284,0
302,aaa,aaa,known,aaa,0.9410488245931284,4.709129112210047e-37,normal,0.9410488245931284,0
303,aaa,aaa,known,aaa,0.9410488245931284,4.4315204159025475e-37,normal,0.9410488245931284,0
304,aaa,aab,known,aab,0.05786618444846293,2.56435177773746e-38,anomaly,0.05786618444846293,0
305,aab,aba,known,aba,0.5742574257425742,1.4725980505819076e-38,normal,0.5742574257425742,0
306,aba,bab,known,bab,0.36683417085427134,5.401992848868304e-39,normal,0.36683417085427134,0
307,bab,aba,known,aba,0.5985401459854015,3.2333095883737295e-39,normal,0.5985401459854015,0
308,aba,baa,known,baa,0.6331658291457286,2.0472211464074868e-39,normal,0.6331658291457286,0
309,baa,aaa,known,aaa,0.7941176470588235,1.6257344397941805e-39,normal,0.7941176470588235,0
310,aaa,aaa,known,aaa,0.9410488245931284,1.5298954836688817e-39,normal,0.9410488245931284,0
311,aaa,aaa,known,aaa,0.9410488245931284,1.4397063466569368e-39,normal,0.9410488245931284,0
312,aaa,aab,known,aab,0.05786618444846293,8.331031300727302e-41,anomaly,0.05786618444846293,0
313,aab,aba,known,aba,0.5742574257425742,4.78415658853647e-41,normal,0.5742574257425742,0
314,aba,baa,known,baa,0.6331658291457286,3.0291644731436944e-41,normal,0.6331658291457286,0
315,baa,aab,known,aab,0.20588235294117646,6.23651509176643e-42,normal,0.20588235294117646,0
316,aab,aba,known,aba,0.5742574257425742,3.581365102202504e-42,normal,0.5742574257425742,0
317,aba,bab,known,bab,0.36683417085427134,1.3137670977928784e-42,normal,0.36683417085427134,0
318,bab,abb,known,abb,0.3722627737226277,4.890665838499036e-43,normal,0.3722627737226277,0
319,abb,bbb,known,bbb,0.5579710144927537,2.7288497794523608e-43,normal,0.5579710144927537,0
320,bbb,bba,known,bba,0.2916666666666667,7.959145190069387e-44,normal,0.2916666666666667,0
321,bba,bab,known,bab,0.427536231884058,3.40282294358039e-44,normal,0.427536231884058,0
322,bab,aba,known,aba,0.5985401459854015,2.0367261414130802e-44,normal,0.5985401459854015,0
323,aba,baa,known,baa,0.6331658291457286,1.2895853960705934e-44,normal,0.6331658291457286,0
324,baa,aab,known,aab,0.20588235294117646,2.6550287566159277e-45,normal,0.20588235294117646,0
325,aab,abb,known,abb,0.42574257425742573,1.1303587775691574e-45,normal,0.42574257425742573,0
326,abb,bba,known,bba,0.43478260869565216,4.914603380735467e-46,normal,0.43478260869565216,0
327,bba,baa,known,baa,0.5652173913043478,2.7778193021548288e-46,normal,0.5652173913043478,0
328,baa,aab,known,aab,0.20588235294117646,5.71903973973053e-47,normal,0.20588235294117646,0
329,aab,aba,known,aba,0.5742574257425742,3.2842010386571357e-47,normal,0.5742574257425742,0
330,aba,bab,known,bab,0.36683417085427134,1.2047571649345272e-47,normal,0.36683417085427134,0
331,bab,abb,known,abb,0.3722627737226277,4.484862438807364e-48,normal,0.3722627737226277,0
332,abb,bba,known,bba,0.43478260869565216,1.9499401907858104e-48,normal,0.43478260869565216,0
333,bba,baa,known,baa,0.5652173913043478,1.102140107835458e-48,normal,0.5652173913043478,0
334,baa,aaa,known,aaa,0.7941176470588235,8.752289091634518e-49,normal,0.7941176470588235,0
335,aaa,aab,known,aab,0.05786618444846293,5.0646157492279305e-50,anomaly,0.05786618444846293,0
336,aab,aba,known,aba,0.5742574257425742,2.9083932025269303e-50,normal,0.5742574257425742,0
337,aba,bab,known,bab,0.36683417085427134,1.0668980089671654e-50,normal,0.36683417085427134,0
338,bab,abb,known,abb,0.3722627737226277,3.9716641209726594e-51,normal,0.3722627737226277,0
339,abb,bba,known,bba,0.43478260869565216,1.726810487379417e-51,normal,0.43478260869565216,0
340,bba,bac,known,bac,0.007246376811594203,1.2513119473763893e-53,anomaly,0.007246376811594203,0
341,bac,acb,known,acb,1.0,1.2513119473763893e-53,normal,1.0,0
342,acb,cba,known,cba,0.3333333333333333,4.171039824587964e-54,normal,0.3333333333333333,0
343,cba,bab,known,bab,0.8333333333333334,3.47586652048997e-54,normal,0.8333333333333334,0
344,bab,aba,known,aba,0.5985401459854015,2.0804456545998364e-54,normal,0.5985401459854015,0
345,aba,baa,known,baa,0.6331658291457286,1.3172670978873335e-54,normal,0.6331658291457286,0
346,baa,aab,known,aab,0.20588235294117646,2.7120204956503924e-55,normal,0.20588235294117646,0
347,aab,aba,known,aba,0.5742574257425742,1.5573979083932946e-55,normal,0.5742574257425742,0
348,aba,baa,known,baa,0.6331658291457286,9.860911379776638e-56,normal,0.6331658291457286,0
349,baa,aab,known,aab,0.20588235294117646,2.0301876370128373e-56,normal,0.20588235294117646,0
350,aab,aba,known,aba,0.5742574257425742,1.1658503262053916e-56,normal,0.5742574257425742,0
351,aba,bab,known,bab,0.36683417085427134,4.276737377537366e-57,normal,0.36683417085427134,0
352,bab,abb,known,abb,0.3722627737226277,1.5920701186452967e-57,normal,0.3722627737226277,0
353,abb,bbb,known,bbb,0.5579710144927537,8.883289792441149e-58,normal,0.5579710144927537,0
354,bbb,bbc,known,bbc,0.045454545454545456,4.037858996564159e-59,anomaly,0.045454545454545456,0
355,bbc,bcb,known,bcb,0.6666666666666666,2.691905997709439e-59,normal,0.6666666666666666,0
356,bcb,cbb,known,cbb,0.6111111111111112,1.6450536652668796e-59,normal,0.6111111111111112,0
357,cbb,bbb,known,bbb,0.75,1.2337902489501596e-59,normal,0.75,0
358,bbb,bba,known,bba,0.2916666666666667,3.598554892771299e-60,normal,0.2916666666666667,0
359,bba,bab,known,bab,0.427536231884058,1.5385125990833814e-60,normal,0.427536231884058,0
360,bab,abb,known,abb,0.3722627737226277,5.727309675419887e-61,normal,0.3722627737226277,0
361,abb,bbb,known,bbb,0.5579710144927537,3.195672789908198e-61,normal,0.5579710144927537,0
362,bbb,bbb,known,bbb,0.6628787878787878,2.1183437054315706e-61,normal,0.6628787878787878,0
363,bbb,bba,known,bba,0.2916666666666667,6.1785024741754145e-62,normal,0.2916666666666667,0
364,bba,bab,known,bab,0.427536231884058,2.641533666495286e-62,normal,0.427536231884058,0
365,bab,aba,known,aba,0.5985401459854015,1.5810639463694415e-62,normal,0.5985401459854015,0
366,aba,baa,known,baa,0.6331658291457286,1.0010756645354253e-62,normal,0.6331658291457286,0
367,baa,aab,known,aab,0.20588235294117646,2.0610381328670518e-63,normal,0.20588235294117646,0
368,aab,aba,known,aba,0.5742574257425742,1.1835664525375148e-63,normal,0.5742574257425742,0
369,aba,bab,known,bab,0.36683417085427134,4.341726182675305e-64,normal,0.36683417085427134,0
370,bab,abb,known,abb,0.3722627737226277,1.616263031506865e-64,normal,0.3722627737226277,0
371,abb,bba,known,bba,0.43478260869565216,7.027230571768979e-65,normal,0.43478260869565216,0
372,bba,bac,known,bac,0.007246376811594203,5.09219606649926e-67,anomaly,0.007246376811594203,0
373,bac,acb,known,acb,1.0,5.09219606649926e-67,normal,1.0,0
374,acb,cba,known,cba,0.3333333333333333,1.6973986888330864e-67,normal,0.3333333333333333,0
375,cba,bab,known,bab,0.8333333333333334,1.4144989073609054e-67,normal,0.8333333333333334,0
376,bab,aba,known,aba,0.5985401459854015,8.466343825079872e-68,normal,0.5985401459854015,0
377,aba,bab,known,bab,0.36683417085427134,3.105744217240355e-68,normal,0.36683417085427134,0
378,bab,abc,known,abc,0.029197080291970802,9.067866327709065e-70,anomaly,0.029197080291970802,0
379,abc,bcc,known,bcc,0.0,9.067866327709065e-74,anomaly,0.0,0
380,bcc,ccc,known,ccc,1.0,9.067866327709065e-74,normal,1.0,0
381,ccc,ccc,known,ccc,0.9928492849284929,9.003024599293103e-74,normal,0.9928492849284929,0
382,ccc,ccc,known,ccc,0.9928492849284929,8.938646535601788e-74,normal,0.9928492849284929,0
383,ccc,ccc,known,ccc,0.9928492849284929,8.874728821100786e-74,normal,0.9928492849284929,0
384,ccc,ccc,known,ccc,0.9928492849284929,8.811268163964202e-74,normal,0.9928492849284929,0
385,ccc,ccc,known,ccc,0.9928492849284929,8.748261295905053e-74,normal,0.9928492849284929,0
386,ccc,ccc,known,ccc,0.9928492849284929,8.685704972006943e-74,normal,0.9928492849284929,0
387,ccc,ccc,known,ccc,0.9928492849284929,8.623595970556948e-74,normal,0.9928492849284929,0
388,ccc,ccc,known,ccc,0.9928492849284929,8.561931092879699e-74,normal,0.9928492849284929,0
389,ccc,ccc,known,ccc,0.9928492849284929,8.500707163172638e-74,normal,0.9928492849284929,0
390,ccc,ccc,known,ccc,0.9928492849284929,8.439921028342471e-74,normal,0.9928492849284929,0
391,ccc,ccc,known,ccc,0.9928492849284929,8.379569557842772e-74,normal,0.9928492849284929,0
392,ccc,ccc,known,ccc,0.9928492849284929,8.319649643512764e-74,normal,0.9928492849284929,0
393,ccc,ccc,known,ccc,0.9928492849284929,8.260158199417238e-74,normal,0.9928492849284929,0
394,ccc,ccc,known,ccc,0.9928492849284929,8.201092161687632e-74,normal,0.9928492849284929,0
395,ccc,ccc,known,ccc,0.9928492849284929,8.142448488364234e-74,normal,0.9928492849284929,0
396,ccc,ccc,known,ccc,0.9928492849284929,8.084224159239518e-74,normal,0.9928492849284929,0
397,ccc,ccc,known,ccc,0.9928492849284929,8.026416175702603e-74,normal,0.9928492849284929,0
398,ccc,ccc,known,ccc,0.9928492849284929,7.969021560584818e-74,normal,0.9928492849284929,0
399,ccc,ccc,known,ccc,0.9928492849284929,7.91203735800638e-74,normal,0.9928492849284929,0
400,ccc,ccc,known,ccc,0.9928492849284929,7.855460633224156e-74,normal,0.9928492849284929,0
401,ccc,ccc,known,ccc,0.9928492849284929,7.799288472480529e-74,normal,0.9928492849284929,0
402,ccc,ccc,known,ccc,0.9928492849284929,7.743517982853331e-74,normal,0.9928492849284929,0
403,ccc,ccc,known,ccc,0.9928492849284929,7.688146292106857e-74,normal,0.9928492849284929,0
404,ccc,ccc,known,ccc,0.9928492849284929,7.633170548543936e-74,normal,0.9928492849284929,0
405,ccc,ccb,known,ccb,0.006600660066006601,5.038396401679166e-76,anomaly,0.006600660066006601,0
406,ccb,cbc,known,cbc,0.75,3.7787973012593746e-76,normal,0.75,0
407,cbc,bcc,known,bcc,0.6363636363636364,2.404689191710511e-76,normal,0.6363636363636364,0
408,bcc,ccc,known,ccc,1.0,2.404689191710511e-76,normal,1.0,0
409,ccc,ccc,known,ccc,0.9928492849284929,2.3874939444650564e-76,normal,0.9928492849284929,0
410,ccc,ccc,known,ccc,0.9928492849284929,2.3704216555332382e-76,normal,0.9928492849284929,0
411,ccc,ccc,known,ccc,0.9928492849284929,2.35347144567519e-76,normal,0.9928492849284929,0
412,ccc,ccc,known,ccc,0.9928492849284929,2.336642441938239e-76,normal,0.9928492849284929,0
413,ccc,ccc,known,ccc,0.9928492849284929,2.319933777611948e-76,normal,0.9928492849284929,0
414,ccc,ccc,known,ccc,0.9928492849284929,2.3033445921834796e-76,normal,0.9928492849284929,0
415,ccc,ccc,known,ccc,0.9928492849284929,2.2868740312932788e-76,normal,0.9928492849284929,0
416,ccc,ccc,known,ccc,0.9928492849284929,2.2705212466910717e-76,normal,0.9928492849284929,0
417,ccc,ccc,known,ccc,0.9928492849284929,2.2542853961921807e-76,normal,0.9928492849284929,0
418,ccc,ccc,known,ccc,0.9928492849284929,2.238165643634151e-76,normal,0.9928492849284929,0
419,ccc,ccc,known,ccc,0.9928492849284929,2.222161158833687e-76,normal,0.9928492849284929,0
420,ccc,ccc,known,ccc,0.9928492849284929,2.2062711175438973e-76,normal,0.9928492849284929,0
421,ccc,ccc,known,ccc,0.9928492849284929,2.1904947014118453e-76,normal,0.9928492849284929,0
422,ccc,ccc,known,ccc,0.9928492849284929,2.174831097936403e-76,normal,0.9928492849284929,0
423,ccc,ccc,known,ccc,0.9928492849284929,2.1592795004264068e-76,normal,0.9928492849284929,0
424,ccc,ccc,known,ccc,0.9928492849284929,2.1438391079591112e-76,normal,0.9928492849284929,0
425,ccc,ccc,known,ccc,0.9928492849284929,2.1285091253389415e-76,normal,0.9928492849284929,0
426,ccc,ccc,known,ccc,0.9928492849284929,2.11328876305654e-76,normal,0.9928492849284929,0
427,ccc,ccb,known,ccb,0.006600660066006601,1.3949100746247788e-78,anomaly,0.006600660066006601,0
428,ccb,cbb,known,cbb,0.25,3.487275186561947e-79,normal,0.25,0
429,cbb,bbc,known,bbc,0.125,4.359093983202434e-80,anomaly,0.125,0
430,bbc,bcc,known,bcc,0.26666666666666666,1.1624250621873157e-80,normal,0.26666666666666666,0
431,bcc,ccc,known,ccc,1.0,1.1624250621873157e-80,normal,1.0,0
432,ccc,ccc,known,ccc,0.9928492849284929,1.1541128917756352e-80,normal,0.9928492849284929,0
433,ccc,ccc,known,ccc,0.9928492849284929,1.1458601593261945e-80,normal,0.9928492849284929,0
434,ccc,ccb,known,ccb,0.006600660066006601,7.563433394892374e-83,anomaly,0.006600660066006601,0
435,ccb,cbc,known,cbc,0.75,5.67257504616928e-83,normal,0.75,0
436,cbc,bcc,known,bcc,0.6363636363636364,3.609820483925905e-83,normal,0.6363636363636364,0
437,bcc,ccc,known,ccc,1.0,3.609820483925905e-83,normal,1.0,0
438,ccc,ccc,known,ccc,0.9928492849284929,3.5840076861860616e-83,normal,0.9928492849284929,0
439,ccc,ccc,known,ccc,0.9928492849284929,3.558379468408054e-83,normal,0.9928492849284929,0
440,ccc,ccc,known,ccc,0.9928492849284929,3.532934510713167e-83,normal,0.9928492849284929,0
441,ccc,ccc,known,ccc,0.9928492849284929,3.507671502660762e-83,normal,0.9928492849284929,0
442,ccc,ccc,known,ccc,0.9928492849284929,3.48258914318079e-83,normal,0.9928492849284929,0
443,ccc,ccc,known,ccc,0.9928492849284929,3.45768614050678e-83,normal,0.9928492849284929,0
444,ccc,ccc,known,ccc,0.9928492849284929,3.4329612121093176e-83,normal,0.9928492849284929,0
445,ccc,ccc,known,ccc,0.9928492849284929,3.408413084629988e-83,normal,0.9928492849284929,0
446,ccc,ccc,known,ccc,0.9928492849284929,3.384040493815802e-83,normal,0.9928492849284929,0
447,ccc,ccc,known,ccc,0.9928492849284929,3.359842184454083e-83,normal,0.9928492849284929,0
448,ccc,ccc,known,ccc,0.9928492849284929,3.335816910307822e-83,normal,0.9928492849284929,0
449,ccc,ccc,known,ccc,0.9928492849284929,3.3119634340514954e-83,normal,0.9928492849284929,0
450,ccc,ccc,known,ccc,0.9928492849284929,3.288280527207343e-83,normal,0.9928492849284929,0
451,ccc,ccc,known,ccc,0.9928492849284929,3.2647669700820982e-83,normal,0.9928492849284929,0
452,ccc,ccc,known,ccc,0.9928492849284929,3.2414215517041736e-83,normal,0.9928492849284929,0
453,ccc,ccc,known,ccc,0.9928492849284929,3.2182430697612946e-83,normal,0.9928492849284929,0
454,ccc,ccc,known,ccc,0.9928492849284929,3.1952303305385793e-83,normal,0.9928492849284929,0
455,ccc,ccc,known,ccc,0.9928492849284929,3.1723821488570605e-83,normal,0.9928492849284929,0
456,ccc,ccc,known,ccc,0.9928492849284929,3.149697348012648e-83,normal,0.9928492849284929,0
457,ccc,ccc,known,ccc,0.9928492849284929,3.1271747597155283e-83,normal,0.9928492849284929,0
458,ccc,ccc,known,ccc,0.9928492849284929,3.104813224029994e-83,normal,0.9928492849284929,0
459,ccc,ccc,known,ccc,0.9928492849284929,3.082611589314708e-83,normal,0.9928492849284929,0
460,ccc,ccc,known,ccc,0.9928492849284929,3.060568712163393e-83,normal,0.9928492849284929,0
461,ccc,ccc,known,ccc,0.9928492849284929,3.038683457345943e-83,normal,0.9928492849284929,0
462,ccc,ccc,known,ccc,0.9928492849284929,3.01695469774996e-83,normal,0.9928492849284929,0
463,ccc,ccc,known,ccc,0.9928492849284929,2.9953813143227053e-83,normal,0.9928492849284929,0
464,ccc,ccc,known,ccc,0.9928492849284929,2.973962196013467e-83,normal,0.9928492849284929,0
465,ccc,ccc,known,ccc,0.9928492849284929,2.952696239716341e-83,normal,0.9928492849284929,0
466,ccc,ccc,known,ccc,0.9928492849284929,2.931582350213419e-83,normal,0.9928492849284929,0
467,ccc,ccc,known,ccc,0.9928492849284929,2.9106194401183837e-83,normal,0.9928492849284929,0
468,ccc,ccc,known,ccc,0.9928492849284929,2.8898064298205077e-83,normal,0.9928492849284929,0
469,ccc,ccc,known,ccc,0.9928492849284929,2.869142247429052e-83,normal,0.9928492849284929,0
470,ccc,ccc,known,ccc,0.9928492849284929,2.8486258287180633e-83,normal,0.9928492849284929,0
471,ccc,ccc,known,ccc,0.9928492849284929,2.828256117071565e-83,normal,0.9928492849284929,0
472,ccc,ccc,known,ccc,0.9928492849284929,2.808032063429139e-83,normal,0.9928492849284929,0
473,ccc,ccc,known,ccc,0.9928492849284929,2.787952626231901e-83,normal,0.9928492849284929,0
474,ccc,ccc,known,ccc,0.9928492849284929,2.768016771368857e-83,normal,0.9928492849284929,0
475,ccc,ccc,known,ccc,0.9928492849284929,2.7482234721236453e-83,normal,0.9928492849284929,0
476,ccc,ccc,known,ccc,0.9928492849284929,2.7285717091216613e-83,normal,0.9928492849284929,0
477,ccc,ccc,known,ccc,0.9928492849284929,2.709060470277557e-83,normal,0.9928492849284929,0
478,ccc,ccc,known,ccc,0.9928492849284929,2.689688750743119e-83,normal,0.9928492849284929,0
479,ccc,ccc,known,ccc,0.9928492849284929,2.670455552855517e-83,normal,0.9928492849284929,0
480,ccc,ccc,known,ccc,0.9928492849284929,2.651359886085923e-83,normal,0.9928492849284929,0
481,ccc,ccc,known,ccc,0.9928492849284929,2.632400766988499e-83,normal,0.9928492849284929,0
482,ccc,ccc,known,ccc,0.9928492849284929,2.6135772191497477e-83,normal,0.9928492849284929,0
483,ccc,ccc,known,ccc,0.9928492849284929,2.594888273138226e-83,normal,0.9928492849284929,0
484,ccc,ccc,known,ccc,0.9928492849284929,2.5763329664546195e-83,normal,0.9928492849284929,0
485,ccc,ccc,known,ccc,0.9928492849284929,2.5579103434821718e-83,normal,0.9928492849284929,0
486,ccc,ccb,known,ccb,0.006600660066006601,1.6883896656647998e-85,anomaly,0.006600660066006601,0
487,ccb,cbc,known,cbc,0.75,1.2662922492486e-85,normal,0.75,0
488,cbc,bcc,known,bcc,0.6363636363636364,8.058223404309272e-86,normal,0.6363636363636364,0
489,bcc,ccc,known,ccc,1.0,8.058223404309272e-86,normal,1.0,0
490,ccc,ccc,known,ccc,0.9928492849284929,8.000601344762506e-86,normal,0.9928492849284929,0
491,ccc,ccc,known,ccc,0.9928492849284929,7.943391324145393e-86,normal,0.9928492849284929,0
492,ccc,ccc,known,ccc,0.9928492849284929,7.886590396084948e-86,normal,0.9928492849284929,0
493,ccc,ccc,known,ccc,0.9928492849284929,7.83019563527686e-86,normal,0.9928492849284929,0
494,ccc,ccc,known,ccc,0.9928492849284929,7.774204137334836e-86,normal,0.9928492849284929,0
495,ccc,ccc,known,ccc,0.9928492849284929,7.718613018641023e-86,normal,0.9928492849284929,0
496,ccc,ccb,known,ccb,0.006600660066006601,5.094794071710246e-88,anomaly,0.006600660066006601,0
497,ccb,cbc,known,cbc,0.75,3.8210955537826844e-88,normal,0.75,0
498,cbc,bcc,known,bcc,0.6363636363636364,2.4316062614980718e-88,normal,0.6363636363636364,0
499,bcc,ccc,known,ccc,1.0,2.4316062614980718e-88,normal,1.0,0
500,ccc,ccb,known,ccb,0.006600660066006601,1.6050206346521926e-90,anomaly,0.006600660066006601,0
501,ccb,cbc,known,cbc,0.75,1.2037654759891445e-90,normal,0.75,0
502,cbc,bcb,known,bcb,0.36363636363636365,4.377329003596889e-91,normal,0.36363636363636365,0
503,bcb,cbb,known,cbb,0.6111111111111112,2.6750343910869877e-91,normal,0.6111111111111112,0
504,cbb,bbb,known,bbb,0.75,2.0062757933152408e-91,normal,0.75,0
505,bbb,bbb,known,bbb,0.6628787878787878,1.3299176660233604e-91,normal,0.6628787878787878,0
506,bbb,bbc,known,bbc,0.045454545454545456,6.045080300106184e-93,anomaly,0.045454545454545456,0
507,bbc,bcc,known,bcc,0.26666666666666666,1.612021413361649e-93,normal,0.26666666666666666,0
508,bcc,ccc,known,ccc,1.0,1.612021413361649e-93,normal,1.0,0
509,ccc,ccc,known,ccc,0.9928492849284929,1.6004943075455316e-93,normal,0.9928492849284929,0
510,ccc,ccc,known,ccc,0.9928492849284929,1.5890496287787045e-93,normal,0.9928492849284929,0
511,ccc,ccc,known,ccc,0.9928492849284929,1.5776867876488239e-93,normal,0.9928492849284929,0
512,ccc,ccc,known,ccc,0.9928492849284929,1.5664051989582657e-93,normal,0.9928492849284929,0
513,ccc,ccc,known,ccc,0.9928492849284929,1.5552042816939877e-93,normal,0.9928492849284929,0
514,ccc,ccc,known,ccc,0.9928492849284929,1.544083458997606e-93,normal,0.9928492849284929,0
515,ccc,ccc,known,ccc,0.9928492849284929,1.5330421581356872e-93,normal,0.9928492849284929,0
516,ccc,ccc,known,ccc,0.9928492849284929,1.5220798104702504e-93,normal,0.9928492849284929,0
517,ccc,ccc,known,ccc,0.9928492849284929,1.511195851429484e-93,normal,0.9928492849284929,0
518,ccc,ccb,known,ccb,0.006600660066006601,9.97489010844544e-96,anomaly,0.006600660066006601,0
519,ccb,cbb,known,cbb,0.25,2.49372252711136e-96,normal,0.25,0
520,cbb,bbc,known,bbc,0.125,3.1171531588892e-97,anomaly,0.125,0
521,bbc,bcc,known,bcc,0.26666666666666666,8.312408423704533e-98,normal,0.26666666666666666,0
522,bcc,ccc,known,ccc,1.0,8.312408423704533e-98,normal,1.0,0
523,ccc,ccc,known,ccc,0.9928492849284929,8.252968759508627e-98,normal,0.9928492849284929,0
524,ccc,ccb,known,ccb,0.006600660066006601,5.447504131688862e-100,anomaly,0.006600660066006601,0
525,ccb,cbb,known,cbb,0.25,1.3618760329222156e-100,normal,0.25,0
526,cbb,bbb,known,bbb,0.75,1.0214070246916616e-100,normal,0.75,0
527,bbb,bbb,known,bbb,0.6628787878787878,6.770690504584877e-101,normal,0.6628787878787878,0
528,bbb,bbc,known,bbc,0.045454545454545456,3.0775865929931262e-102,anomaly,0.045454545454545456,0
529,bbc,bcc,known,bcc,0.26666666666666666,8.206897581315004e-103,normal,0.26666666666666666,0
530,bcc,ccc,known,ccc,1.0,8.206897581315004e-103,normal,1.0,0
531,ccc,ccb,known,ccb,0.006600660066006601,5.417094113079211e-105,anomaly,0.006600660066006601,0
532,ccb,cbb,known,cbb,0.25,1.3542735282698027e-105,normal,0.25,0
533,cbb,bbb,known,bbb,0.75,1.015705146202352e-105,normal,0.75,0
534,bbb,bbb,known,bbb,0.6628787878787878,6.73289396156862e-106,normal,0.6628787878787878,0
535,bbb,bbc,known,bbc,0.045454545454545456,3.060406346167555e-107,anomaly,0.045454545454545456,0
536,bbc,bcc,known,bcc,0.26666666666666666,8.161083589780147e-108,normal,0.26666666666666666,0
537,bcc,ccc,known,ccc,1.0,8.161083589780147e-108,normal,1.0,0
538,ccc,ccc,known,ccc,0.9928492849284929,8.102726006354877e-108,normal,0.9928492849284929,0
539,ccc,ccb,known,ccb,0.006600660066006601,5.348333997593978e-110,anomaly,0.006600660066006601,0
540,ccb,cbc,known,cbc,0.75,4.0112504981954837e-110,normal,0.75,0
541,cbc,bcc,known,bcc,0.6363636363636364,2.552613953397126e-110,normal,0.6363636363636364,0
542,bcc,ccc,known,ccc,1.0,2.552613953397126e-110,normal,1.0,0
543,ccc,ccc,known,ccc,0.9928492849284929,2.5343609383288296e-110,normal,0.9928492849284929,0
544,ccc,ccc,known,ccc,0.9928492849284929,2.5162384453704828e-110,normal,0.9928492849284929,0
545,ccc,ccc,known,ccc,0.9928492849284929,2.4982455411956663e-110,normal,0.9928492849284929,0
546,ccc,ccc,known,ccc,0.9928492849284929,2.480381299151913e-110,normal,0.9928492849284929,0
547,ccc,ccc,known,ccc,0.9928492849284929,2.462644799212983e-110,normal,0.9928492849284929,0
548,ccc,ccc,known,ccc,0.9928492849284929,2.445035127931482e-110,normal,0.9928492849284929,0
549,ccc,ccc,known,ccc,0.9928492849284929,2.427551378391818e-110,normal,0.9928492849284929,0
550,ccc,ccc,known,ccc,0.9928492849284929,2.4101926501634937e-110,normal,0.9928492849284929,0
551,ccc,ccc,known,ccc,0.9928492849284929,2.392958049254734e-110,normal,0.9928492849284929,0
552,ccc,ccc,known,ccc,0.9928492849284929,2.3758466880664438e-110,normal,0.9928492849284929,0
553,ccc,ccc,known,ccc,0.9928492849284929,2.358857685346497e-110,normal,0.9928492849284929,0
554,ccc,ccc,known,ccc,0.9928492849284929,2.3419901661443493e-110,normal,0.9928492849284929,0
555,ccc,ccc,known,ccc,0.9928492849284929,2.3252432617659795e-110,normal,0.9928492849284929,0
556,ccc,ccc,known,ccc,0.9928492849284929,2.308616109729149e-110,normal,0.9928492849284929,0
557,ccc,ccc,known,ccc,0.9928492849284929,2.2921078537189847e-110,normal,0.9928492849284929,0
558,ccc,ccc,known,ccc,0.9928492849284929,2.2757176435438766e-110,normal,0.9928492849284929,0
559,ccc,ccb,known,ccb,0.006600660066006601,1.502123857124671e-112,anomaly,0.006600660066006601,0
560,ccb,cbb,known,cbb,0.25,3.7553096428116774e-113,normal,0.25,0
561,cbb,bbc,known,bbc,0.125,4.694137053514597e-114,anomaly,0.125,0
562,bbc,bcc,known,bcc,0.26666666666666666,1.2517698809372257e-114,normal,0.26666666666666666,0
563,bcc,ccc,known,ccc,1.0,1.2517698809372257e-114,normal,1.0,0
564,ccc,ccc,known,ccc,0.9928492849284929,1.2428188311835492e-114,normal,0.9928492849284929,0
565,ccc,ccc,known,ccc,0.9928492849284929,1.2339317878362522e-114,normal,0.9928492849284929,0
566,ccc,ccc,known,ccc,0.9928492849284929,1.2251082932037597e-114,normal,0.9928492849284929,0
567,ccc,ccc,known,ccc,0.9928492849284929,1.2163478928673192e-114,normal,0.9928492849284929,0
568,ccc,ccc,known,ccc,0.9928492849284929,1.207650135657597e-114,normal,0.9928492849284929,0
569,ccc,ccc,known,ccc,0.9928492849284929,1.1990145736314425e-114,normal,0.9928492849284929,0
570,ccc,ccc,known,ccc,0.9928492849284929,1.1904407620488195e-114,normal,0.9928492849284929,0
571,ccc,ccc,known,ccc,0.9928492849284929,1.1819282593499006e-114,normal,0.9928492849284929,0
572,ccc,ccc,known,ccc,0.9928492849284929,1.1734766271323271e-114,normal,0.9928492849284929,0
573,ccc,ccc,known,ccc,0.9928492849284929,1.1650854301286307e-114,normal,0.9928492849284929,0
574,ccc,ccc,known,ccc,0.9928492849284929,1.1567542361838166e-114,normal,0.9928492849284929,0
575,ccc,ccc,known,ccc,0.9928492849284929,1.1484826162331072e-114,normal,0.9928492849284929,0
576,ccc,ccc,known,ccc,0.9928492849284929,1.1402701442798453e-114,normal,0.9928492849284929,0
577,ccc,ccc,known,ccc,0.9928492849284929,1.1321163973735539e-114,normal,0.9928492849284929,0
578,ccc,ccc,known,ccc,0.9928492849284929,1.1240209555881545e-114,normal,0.9928492849284929,0
579,ccc,ccc,known,ccc,0.9928492849284929,1.1159834020003405e-114,normal,0.9928492849284929,0
580,ccc,ccc,known,ccc,0.9928492849284929,1.108003322668105e-114,normal,0.9928492849284929,0
581,ccc,ccc,known,ccc,0.9928492849284929,1.100080306609422e-114,normal,0.9928492849284929,0
582,ccc,ccb,known,ccb,0.006600660066006601,7.261256149237109e-117,anomaly,0.006600660066006601,0
583,ccb,cbb,known,cbb,0.25,1.8153140373092772e-117,normal,0.25,0
584,cbb,bbc,known,bbc,0.125,2.2691425466365965e-118,anomaly,0.125,0
585,bbc,bcb,known,bcb,0.6666666666666666,1.512761697757731e-118,normal,0.6666666666666666,0
586,bcb,cbb,known,cbb,0.6111111111111112,9.244654819630579e-119,normal,0.6111111111111112,0
587,cbb,bbb,known,bbb,0.75,6.933491114722935e-119,normal,0.75,0
588,bbb,bbb,known,bbb,0.6628787878787878,4.5960641858958843e-119,normal,0.6628787878787878,0
589,bbb,bbb,known,bbb,0.6628787878787878,3.0466334565597715e-119,normal,0.6628787878787878,0
590,bbb,bbb,known,bbb,0.6628787878787878,2.019548692795303e-119,normal,0.6628787878787878,0
591,bbb,bbc,known,bbc,0.045454545454545456,9.179766785433197e-121,anomaly,0.045454545454545456,0
592,bbc,bcc,known,bcc,0.26666666666666666,2.4479378094488523e-121,normal,0.26666666666666666,0
593,bcc,ccc,known,ccc,1.0,2.4479378094488523e-121,normal,1.0,0
594,ccc,ccc,known,ccc,0.9928492849284929,2.4304333036607143e-121,normal,0.9928492849284929,0
595,ccc,ccb,known,ccb,0.006600660066006601,1.604246405056577e-123,anomaly,0.006600660066006601,0
596,ccb,cbb,known,cbb,0.25,4.010616012641443e-124,normal,0.25,0
597,cbb,bbb,known,bbb,0.75,3.0079620094810824e-124,normal,0.75,0
598,bbb,bbc,known,bbc,0.045454545454545456,1.3672554588550376e-125,anomaly,0.045454545454545456,0
599,bbc,bcc,known,bcc,0.26666666666666666,3.6460145569467666e-126,normal,0.26666666666666666,0
600,bcc,ccc,known,ccc,1.0,3.6460145569467666e-126,normal,1.0,0
601,ccc,ccc,known,ccc,0.9928492849284929,3.619942945703473e-126,normal,0.9928492849284929,0
602,ccc,ccc,known,ccc,0.9928492849284929,3.594057765123635e-126,normal,0.9928492849284929,0
603,ccc,ccb,known,ccb,0.006600660066006601,2.372315356517251e-128,anomaly,0.006600660066006601,0
604,ccb,cbb,known,cbb,0.25,5.930788391293127e-129,normal,0.25,0
605,cbb,bbb,known,bbb,0.75,4.448091293469845e-129,normal,0.75,0
606,bbb,bbb,known,bbb,0.6628787878787878,2.948545364989481e-129,normal,0.6628787878787878,0
607,bbb,bbb,known,bbb,0.6628787878787878,1.954528177549845e-129,normal,0.6628787878787878,0
608,bbb,bbb,known,bbb,0.6628787878787878,1.2956152692091775e-129,normal,0.6628787878787878,0
609,bbb,bbc,known,bbc,0.045454545454545456,5.88916031458717e-131,anomaly,0.045454545454545456,0
610,bbc,bcc,known,bcc,0.26666666666666666,1.5704427505565788e-131,normal,0.26666666666666666,0
611,bcc,ccb,known,ccb,0.0,1.570442750556579e-135,anomaly,0.0,0
612,ccb,cbb,known,cbb,0.25,3.926106876391447e-136,normal,0.25,0
613,cbb,bbb,known,bbb,0.75,2.9445801572935857e-136,normal,0.75,0
614,bbb,bbb,known,bbb,0.6628787878787878,1.9518997254787025e-136,normal,0.6628787878787878,0
615,bbb,bbc,known,bbc,0.045454545454545456,8.872271479448648e-138,anomaly,0.045454545454545456,0
616,bbc,bcb,known,bcb,0.6666666666666666,5.914847652965765e-138,normal,0.6666666666666666,0
617,bcb,cbc,known,cbc,0.1111111111111111,6.572052947739738e-139,anomaly,0.1111111111111111,0
618,cbc,bcb,known,bcb,0.36363636363636365,2.389837435541723e-139,normal,0.36363636363636365,0
619,bcb,cbb,known,cbb,0.6111111111111112,1.4604562106088308e-139,normal,0.6111111111111112,0
620,cbb,bbc,known,bbc,0.125,1.8255702632610385e-140,anomaly,0.125,0
621,bbc,bcc,known,bcc,0.26666666666666666,4.868187368696103e-141,normal,0.26666666666666666,0
622,bcc,ccb,known,ccb,0.0,4.868187368696103e-145,anomaly,0.0,0
623,ccb,cbc,known,cbc,0.75,3.651140526522077e-145,normal,0.75,0
624,cbc,bcb,known,bcb,0.36363636363636365,1.3276874641898462e-145,normal,0.36363636363636365,0
625,bcb,cbc,known,cbc,0.1111111111111111,1.4752082935442735e-146,anomaly,0.1111111111111111,0
626,cbc,bcc,known,bcc,0.6363636363636364,9.387689140736285e-147,normal,0.6363636363636364,0
627,bcc,ccb,known,ccb,0.0,9.387689140736285e-151,anomaly,0.0,0
628,ccb,cbc,known,cbc,0.75,7.040766855552214e-151,normal,0.75,0
629,cbc,bcc,known,bcc,0.6363636363636364,4.4804879989877725e-151,normal,0.6363636363636364,0
630,bcc,ccc,known,ccc,1.0,4.4804879989877725e-151,normal,1.0,0
631,ccc,ccc,known,ccc,0.9928492849284929,4.4484493059257035e-151,normal,0.9928492849284929,0
632,ccc,ccc,known,ccc,0.9928492849284929,4.416639712428985e-151,normal,0.9928492849284929,0
633,ccc,ccc,known,ccc,0.9928492849284929,4.385057580271902e-151,normal,0.9928492849284929,0
634,ccc,ccb,known,ccb,0.006600660066006601,2.894427445724028e-153,anomaly,0.006600660066006601,0
635,ccb,cbc,known,cbc,0.75,2.1708205842930208e-153,normal,0.75,0
636,cbc,bcc,known,bcc,0.6363636363636364,1.3814312809137405e-153,normal,0.6363636363636364,0
637,bcc,ccb,known,ccb,0.0,1.3814312809137406e-157,anomaly,0.0,0
638,ccb,cbc,known,cbc,0.75,1.0360734606853055e-157,normal,0.75,0
639,cbc,bcc,known,bcc,0.6363636363636364,6.593194749815581e-158,normal,0.6363636363636364,0
640,bcc,ccb,known,ccb,0.0,6.593194749815581e-162,anomaly,0.0,0
641,ccb,cbb,known,cbb,0.25,1.6482986874538953e-162,normal,0.25,0
642,cbb,bbb,known,bbb,0.75,1.2362240155904214e-162,normal,0.75,0
643,bbb,bbc,known,bbc,0.045454545454545456,5.619200070865552e-164,anomaly,0.045454545454545456,0
644,bbc,bcb,known,bcb,0.6666666666666666,3.7461333805770344e-164,normal,0.6666666666666666,0
645,bcb,cbb,known,cbb,0.6111111111111112,2.2893037325748545e-164,normal,0.6111111111111112,0
646,cbb,bbb,known,bbb,0.75,1.7169777994311408e-164,normal,0.75,0
647,bbb,bbc,known,bbc,0.045454545454545456,7.804444542868822e-166,anomaly,0.045454545454545456,0
648,bbc,bcb,known,bcb,0.6666666666666666,5.2029630285792143e-166,normal,0.6666666666666666,0
649,bcb,cbc,known,cbc,0.1111111111111111,5.781070031754682e-167,anomaly,0.1111111111111111,0
650,cbc,bcc,known,bcc,0.6363636363636364,3.6788627474802525e-167,normal,0.6363636363636364,0
651,bcc,ccc,known,ccc,1.0,3.6788627474802525e-167,normal,1.0,0
652,ccc,ccc,known,ccc,0.9928492849284929,3.652556248185839e-167,normal,0.9928492849284929,0
653,ccc,ccb,known,ccb,0.006600660066006601,2.4109282166243162e-169,anomaly,0.006600660066006601,0
654,ccb,cbc,known,cbc,0.75,1.808196162468237e-169,normal,0.75,0
655,cbc,bcc,known,bcc,0.6363636363636364,1.15067028520706e-169,normal,0.6363636363636364,0
656,bcc,ccb,known,ccb,0.0,1.1506702852070601e-173,anomaly,0.0,0
657,ccb,cbb,known,cbb,0.25,2.8766757130176502e-174,normal,0.25,0
658,cbb,bbb,known,bbb,0.75,2.1575067847632375e-174,normal,0.75,0
659,bbb,bbb,known,bbb,0.6628787878787878,1.4301654823241156e-174,normal,0.6628787878787878,0
660,bbb,bbb,known,bbb,0.6628787878787878,9.480263613890917e-175,normal,0.6628787878787878,0
661,bbb,bbb,known,bbb,0.6628787878787878,6.284265653147388e-175,normal,0.6628787878787878,0
662,bbb,bbb,known,bbb,0.6628787878787878,4.1657063988666396e-175,normal,0.6628787878787878,0
663,bbb,bbc,known,bbc,0.045454545454545456,1.8935029085757455e-176,anomaly,0.045454545454545456,0
664,bbc,bcb,known,bcb,0.6666666666666666,1.2623352723838303e-176,normal,0.6666666666666666,0
665,bcb,cbc,known,cbc,0.1111111111111111,1.4025947470931447e-177,anomaly,0.1111111111111111,0
666,cbc,bcc,known,bcc,0.6363636363636364,8.925602936047284e-178,normal,0.6363636363636364,0
667,bcc,ccc,known,ccc,1.0,8.925602936047284e-178,normal,1.0,0
668,ccc,ccb,known,ccb,0.006600660066006601,5.891487086499858e-180,anomaly,0.006600660066006601,0
669,ccb,cbb,known,cbb,0.25,1.4728717716249644e-180,normal,0.25,0
670,cbb,bbc,known,bbc,0.125,1.8410897145312055e-181,anomaly,0.125,0
671,bbc,bcc,known,bcc,0.26666666666666666,4.9095725720832146e-182,normal,0.26666666666666666,0
672,bcc,ccc,known,ccc,1.0,4.9095725720832146e-182,normal,1.0,0
673,ccc,ccc,known,ccc,0.9928492849284929,4.874465617497361e-182,normal,0.9928492849284929,0
674,ccc,ccb,known,ccb,0.006600660066006601,3.217469054453704e-184,anomaly,0.006600660066006601,0
675,ccb,cbb,known,cbb,0.25,8.04367263613426e-185,normal,0.25,0
676,cbb,bbb,known,bbb,0.75,6.032754477100695e-185,normal,0.75,0
677,bbb,bbb,known,bbb,0.6628787878787878,3.998984975350839e-185,normal,0.6628787878787878,0
678,bbb,bbc,known,bbc,0.045454545454545456,1.8177204433412906e-186,anomaly,0.045454545454545456,0
679,bbc,bcc,known,bcc,0.26666666666666666,4.847254515576775e-187,normal,0.26666666666666666,0
680,bcc,ccb,known,ccb,0.0,4.847254515576775e-191,anomaly,0.0,0
681,ccb,cbb,known,cbb,0.25,1.2118136288941938e-191,normal,0.25,0
682,cbb,bbb,known,bbb,0.75,9.088602216706453e-192,normal,0.75,0
683,bbb,bbb,known,bbb,0.6628787878787878,6.0246416209228384e-192,normal,0.6628787878787878,0
684,bbb,bbb,known,bbb,0.6628787878787878,3.993607135081427e-192,normal,0.6628787878787878,0
685,bbb,bbb,known,bbb,0.6628787878787878,2.6472774569668548e-192,normal,0.6628787878787878,0
686,bbb,bbc,known,bbc,0.045454545454545456,1.203307934984934e-193,anomaly,0.045454545454545456,0
687,bbc,bcc,known,bcc,0.26666666666666666,3.208821159959824e-194,normal,0.26666666666666666,0
688,bcc,ccc,known,ccc,1.0,3.208821159959824e-194,normal,1.0,0
689,ccc,ccc,known,ccc,0.9928492849284929,3.1858757941295287e-194,normal,0.9928492849284929,0
690,ccc,ccc,known,ccc,0.9928492849284929,3.163094504072497e-194,normal,0.9928492849284929,0
691,ccc,ccc,known,ccc,0.9928492849284929,3.1404761165296245e-194,normal,0.9928492849284929,0
692,ccc,ccc,known,ccc,0.9928492849284929,3.118019466631448e-194,normal,0.9928492849284929,0
693,ccc,ccc,known,ccc,0.9928492849284929,3.095723397838154e-194,normal,0.9928492849284929,0
694,ccc,ccc,known,ccc,0.9928492849284929,3.073586761880015e-194,normal,0.9928492849284929,0
695,ccc,ccb,known,ccb,0.006600660066006601,2.0287701398547956e-196,anomaly,0.006600660066006601,0
696,ccb,cbb,known,cbb,0.25,5.071925349636989e-197,normal,0.25,0
697,cbb,bbb,known,bbb,0.75,3.803944012227742e-197,normal,0.75,0
698,bbb,bbb,known,bbb,0.6628787878787878,2.5215537959842983e-197,normal,0.6628787878787878,0
699,bbb,bbc,known,bbc,0.045454545454545456,1.1461608163564993e-198,anomaly,0.045454545454545456,0
700,bbc,bcc,known,bcc,0.26666666666666666,3.0564288436173314e-199,normal,0.26666666666666666,0
701,bcc,ccc,known,ccc,1.0,3.0564288436173314e-199,normal,1.0,0
702,ccc,ccc,known,ccc,0.9928492849284929,3.034573191820288e-199,normal,0.9928492849284929,0
703,ccc,ccc,known,ccc,0.9928492849284929,3.012873823561947e-199,normal,0.9928492849284929,0
704,ccc,ccc,known,ccc,0.9928492849284929,2.9913296213032534e-199,normal,0.9928492849284929,0
705,ccc,ccc,known,ccc,0.9928492849284929,2.9699394754963547e-199,normal,0.9928492849284929,0
706,ccc,ccc,known,ccc,0.9928492849284929,2.948702284527459e-199,normal,0.9928492849284929,0
707,ccc,ccc,known,ccc,0.9928492849284929,2.927616954660101e-199,normal,0.9928492849284929,0
708,ccc,ccc,known,ccc,0.9928492849284929,2.906682399978813e-199,normal,0.9928492849284929,0
709,ccc,ccc,known,ccc,0.9928492849284929,2.8858975423332e-199,normal,0.9928492849284929,0
710,ccc,ccb,known,ccb,0.006600660066006601,1.9048828662265347e-201,anomaly,0.006600660066006601,0
711,ccb,cbc,known,cbc,0.75,1.428662149669901e-201,normal,0.75,0
712,cbc,bcc,known,bcc,0.6363636363636364,9.09148640699028e-202,normal,0.6363636363636364,0
713,bcc,ccc,known,ccc,1.0,9.09148640699028e-202,normal,1.0,0
714,ccc,ccc,known,ccc,0.9928492849284929,9.026475778117413e-202,normal,0.9928492849284929,0
715,ccc,ccc,known,ccc,0.9928492849284929,8.961930021728235e-202,normal,0.9928492849284929,0
716,ccc,ccc,known,ccc,0.9928492849284929,8.897845813652071e-202,normal,0.9928492849284929,0
717,ccc,ccc,known,ccc,0.9928492849284929,8.834219853488443e-202,normal,0.9928492849284929,0
718,ccc,ccc,known,ccc,0.9928492849284929,8.771048864437097e-202,normal,0.9928492849284929,0
719,ccc,ccb,known,ccb,0.006600660066006601,5.789471197648249e-204,anomaly,0.006600660066006601,0
720,ccb,cbc,known,cbc,0.75,4.342103398236186e-204,normal,0.75,0
721,cbc,bcc,known,bcc,0.6363636363636364,2.763156707968482e-204,normal,0.6363636363636364,0
722,bcc,ccb,known,ccb,0.0,2.763156707968482e-208,anomaly,0.0,0
723,ccb,cbb,known,cbb,0.25,6.907891769921205e-209,normal,0.25,0
724,cbb,bbc,known,bbc,0.125,8.634864712401506e-210,anomaly,0.125,0
725,bbc,bcb,known,bcb,0.6666666666666666,5.7565764749343376e-210,normal,0.6666666666666666,0
726,bcb,cbb,known,cbb,0.6111111111111112,3.517907845793207e-210,normal,0.6111111111111112,0
727,cbb,bbb,known,bbb,0.75,2.6384308843449053e-210,normal,0.75,0
728,bbb,bbc,known,bbc,0.045454545454545456,1.1992867656113207e-211,anomaly,0.045454545454545456,0
729,bbc,bcc,known,bcc,0.26666666666666666,3.1980980416301885e-212,normal,0.26666666666666666,0
730,bcc,ccc,known,ccc,1.0,3.1980980416301885e-212,normal,1.0,0
731,ccc,ccc,known,ccc,0.9928492849284929,3.175229353763746e-212,normal,0.9928492849284929,0
732,ccc,ccc,known,ccc,0.9928492849284929,3.152524193368296e-212,normal,0.9928492849284929,0
733,ccc,ccc,known,ccc,0.9928492849284929,3.1299813911054864e-212,normal,0.9928492849284929,0
734,ccc,ccc,known,ccc,0.9928492849284929,3.1075997859985717e-212,normal,0.9928492849284929,0
735,ccc,ccc,known,ccc,0.9928492849284929,3.0853782253726193e-212,normal,0.9928492849284929,0
736,ccc,ccc,known,ccc,0.9928492849284929,3.063315564795147e-212,normal,0.9928492849284929,0
737,ccc,ccc,known,ccc,0.9928492849284929,3.0414106680171845e-212,normal,0.9928492849284929,0
738,ccc,ccc,known,ccc,0.9928492849284929,3.019662406914752e-212,normal,0.9928492849284929,0
739,ccc,ccb,known,ccb,0.006600660066006601,1.9931765062143578e-214,anomaly,0.006600660066006601,0
740,ccb,cbb,known,cbb,0.25,4.982941265535894e-215,normal,0.25,0
741,cbb,bbb,known,bbb,0.75,3.7372059491519206e-215,normal,0.75,0
742,bbb,bbc,known,bbc,0.045454545454545456,1.6987299768872366e-216,anomaly,0.045454545454545456,0
743,bbc,bcc,known,bcc,0.26666666666666666,4.529946605032631e-217,normal,0.26666666666666666,0
744,bcc,ccc,known,ccc,1.0,4.529946605032631e-217,normal,1.0,0
745,ccc,ccc,known,ccc,0.9928492849284929,4.497554247570902e-217,normal,0.9928492849284929,0
746,ccc,ccb,known,ccb,0.006600660066006601,2.968682671663962e-219,anomaly,0.006600660066006601,0
747,ccb,cbb,known,cbb,0.25,7.421706679159905e-220,normal,0.25,0
748,cbb,bbc,known,bbc,0.125,9.277133348949881e-221,anomaly,0.125,0
749,bbc,bcc,known,bcc,0.26666666666666666,2.473902226386635e-221,normal,0.26666666666666666,0
750,bcc,ccc,known,ccc,1.0,2.473902226386635e-221,normal,1.0,0
751,ccc,ccb,known,ccb,0.006600660066006601,1.6329387632915084e-223,anomaly,0.006600660066006601,0
752,ccb,cbc,known,cbc,0.75,1.2247040724686313e-223,normal,0.75,0
753,cbc,bcc,known,bcc,0.6363636363636364,7.793571370254926e-224,normal,0.6363636363636364,0
754,bcc,ccc,known,ccc,1.0,7.793571370254926e-224,normal,1.0,0
755,ccc,ccc,known,ccc,0.9928492849284929,7.737841761996779e-224,normal,0.9928492849284929,0
756,ccc,ccc,known,ccc,0.9928492849284929,7.682510660288331e-224,normal,0.9928492849284929,0
757,ccc,ccc,known,ccc,0.9928492849284929,7.627575215522793e-224,normal,0.9928492849284929,0
758,ccc,ccc,known,ccc,0.9928492849284929,7.5730325984701e-224,normal,0.9928492849284929,0
759,ccc,ccc,known,ccc,0.9928492849284929,7.518880000131206e-224,normal,0.9928492849284929,0
760,ccc,ccb,known,ccb,0.006600660066006601,4.962957095796176e-226,anomaly,0.006600660066006601,0
761,ccb,cbb,known,cbb,0.25,1.240739273949044e-226,normal,0.25,0
762,cbb,bbc,known,bbc,0.125,1.550924092436305e-227,anomaly,0.125,0
763,bbc,bcc,known,bcc,0.26666666666666666,4.1357975798301465e-228,normal,0.26666666666666666,0
764,bcc,ccc,known,ccc,1.0,4.1357975798301465e-228,normal,1.0,0
765,ccc,ccc,known,ccc,0.9928492849284929,4.1062236697433525e-228,normal,0.9928492849284929,0
766,ccc,ccc,known,ccc,0.9928492849284929,4.07686123426114e-228,normal,0.9928492849284929,0
767,ccc,ccc,known,ccc,0.9928492849284929,4.0477087611888654e-228,normal,0.9928492849284929,0
768,ccc,ccb,known,ccb,0.006600660066006601,2.671754957880439e-230,anomaly,0.006600660066006601,0
769,ccb,cbb,known,cbb,0.25,6.679387394701098e-231,normal,0.25,0
770,cbb,bbb,known,bbb,0.75,5.0095405460258235e-231,normal,0.75,0
771,bbb,bbb,known,bbb,0.6628787878787878,3.3207181649792386e-231,normal,0.6628787878787878,0
772,bbb,bbc,known,bbc,0.045454545454545456,1.5094173477178357e-232,anomaly,0.045454545454545456,0
773,bbc,bcc,known,bcc,0.26666666666666666,4.025112927247562e-233,normal,0.26666666666666666,0
774,bcc,ccc,known,ccc,1.0,4.025112927247562e-233,normal,1.0,0
775,ccc,ccc,known,ccc,0.9928492849284929,3.9963304915741748e-233,normal,0.9928492849284929,0
776,ccc,ccc,known,ccc,0.9928492849284929,3.967753870897352e-233,normal,0.9928492849284929,0
777,ccc,ccc,known,ccc,0.9928492849284929,3.9393815934926955e-233,normal,0.9928492849284929,0
778,ccc,ccc,known,ccc,0.9928492849284929,3.9112121981596897e-233,normal,0.9928492849284929,0
779,ccc,ccc,known,ccc,0.9928492849284929,3.883244234146447e-233,normal,0.9928492849284929,0
780,ccc,ccc,known,ccc,0.9928492849284929,3.855476261074993e-233,normal,0.9928492849284929,0
781,ccc,ccb,known,ccb,0.006600660066006601,2.5448688191914146e-235,anomaly,0.006600660066006601,0
782,ccb,cbc,known,cbc,0.75,1.908651614393561e-235,normal,0.75,0
783,cbc,bcc,known,bcc,0.6363636363636364,1.2145964818868114e-235,normal,0.6363636363636364,0
784,bcc,ccc,known,ccc,1.0,1.2145964818868114e-235,normal,1.0,0
785,ccc,ccc,known,ccc,0.9928492849284929,1.2059112485179838e-235,normal,0.9928492849284929,0
786,ccc,ccb,known,ccb,0.006600660066006601,7.959810221240818e-238,anomaly,0.006600660066006601,0
787,ccb,cbb,known,cbb,0.25,1.9899525553102044e-238,normal,0.25,0
788,cbb,bbb,known,bbb,0.75,1.4924644164826533e-238,normal,0.75,0
789,bbb,bbb,known,bbb,0.6628787878787878,9.893230033502437e-239,normal,0.6628787878787878,0
790,bbb,bbb,known,bbb,0.6628787878787878,6.558012332814115e-239,normal,0.6628787878787878,0
791,bbb,bbc,known,bbc,0.045454545454545456,2.980914696733689e-240,anomaly,0.045454545454545456,0
792,bbc,bcc,known,bcc,0.26666666666666666,7.949105857956503e-241,normal,0.26666666666666666,0
793,bcc,ccc,known,ccc,1.0,7.949105857956503e-241,normal,1.0,0
794,ccc,ccc,known,ccc,0.9928492849284929,7.892264066893008e-241,normal,0.9928492849284929,0
795,ccc,ccb,known,ccb,0.006600660066006601,5.209415225671952e-243,anomaly,0.006600660066006601,0
796,ccb,cbb,known,cbb,0.25,1.302353806417988e-243,normal,0.25,0
797,cbb,bbc,known,bbc,0.125,1.627942258022485e-244,anomaly,0.125,0
798,bbc,bcc,known,bcc,0.26666666666666666,4.3411793547266265e-245,normal,0.26666666666666666,0
799,bcc,ccc,known,ccc,1.0,4.3411793547266265e-245,normal,1.0,0
800,ccc,ccc,known,ccc,0.9928492849284929,4.310136818086667e-245,normal,0.9928492849284929,0
801,ccc,ccc,known,ccc,0.9928492849284929,4.279316257781317e-245,normal,0.9928492849284929,0
802,ccc,ccc,known,ccc,0.9928492849284929,4.248716086521054e-245,normal,0.9928492849284929,0
803,ccc,ccc,known,ccc,0.9928492849284929,4.218334728366613e-245,normal,0.9928492849284929,0
804,ccc,ccc,known,ccc,0.9928492849284929,4.18817061864782e-245,normal,0.9928492849284929,0
805,ccc,ccc,known,ccc,0.9928492849284929,4.1582222038830115e-245,normal,0.9928492849284929,0
806,ccc,ccc,known,ccc,0.9928492849284929,4.1284879416990294e-245,normal,0.9928492849284929,0
807,ccc,ccc,known,ccc,0.9928492849284929,4.098966300751787e-245,normal,0.9928492849284929,0
808,ccc,ccc,known,ccc,0.9928492849284929,4.069655760647401e-245,normal,0.9928492849284929,0
809,ccc,ccc,known,ccc,0.9928492849284929,4.040554811863894e-245,normal,0.9928492849284929,0
810,ccc,ccc,known,ccc,0.9928492849284929,4.011661955673448e-245,normal,0.9928492849284929,0
811,ccc,ccc,known,ccc,0.9928492849284929,3.982975704065222e-245,normal,0.9928492849284929,0
812,ccc,ccc,known,ccc,0.9928492849284929,3.9544945796687165e-245,normal,0.9928492849284929,0
813,ccc,ccc,known,ccc,0.9928492849284929,3.926217115677686e-245,normal,0.9928492849284929,0
814,ccc,ccc,known,ccc,0.9928492849284929,3.8981418557746e-245,normal,0.9928492849284929,0
815,ccc,ccb,known,ccb,0.006600660066006601,2.5730309279040264e-247,anomaly,0.006600660066006601,0
816,ccb,cbb,known,cbb,0.25,6.432577319760066e-248,normal,0.25,0
817,cbb,bbb,known,bbb,0.75,4.824432989820049e-248,normal,0.75,0
818,bbb,bbc,known,bbc,0.045454545454545456,2.1929240862818405e-249,anomaly,0.045454545454545456,0
819,bbc,bcc,known,bcc,0.26666666666666666,5.847797563418241e-250,normal,0.26666666666666666,0
820,bcc,ccc,known,ccc,1.0,5.847797563418241e-250,normal,1.0,0
821,ccc,ccc,known,ccc,0.9928492849284929,5.805981629246384e-250,normal,0.9928492849284929,0
822,ccc,ccc,known,ccc,0.9928492849284929,5.764464708905238e-250,normal,0.9928492849284929,0
823,ccc,ccc,known,ccc,0.9928492849284929,5.723244664232099e-250,normal,0.9928492849284929,0
824,ccc,ccc,known,ccc,0.9928492849284929,5.682319372353652e-250,normal,0.9928492849284929,0
825,ccc,ccc,known,ccc,0.9928492849284929,5.641686725576646e-250,normal,0.9928492849284929,0
826,ccc,ccc,known,ccc,0.9928492849284929,5.601344631279344e-250,normal,0.9928492849284929,0
827,ccc,ccc,known,ccc,0.9928492849284929,5.5612910118037495e-250,normal,0.9928492849284929,0
828,ccc,ccc,known,ccc,0.9928492849284929,5.521523804348608e-250,normal,0.9928492849284929,0
829,ccc,ccc,known,ccc,0.9928492849284929,5.482040960863167e-250,normal,0.9928492849284929,0
830,ccc,ccc,known,ccc,0.9928492849284929,5.442840447941704e-250,normal,0.9928492849284929,0
831,ccc,ccb,known,ccb,0.006600660066006601,3.5926339590374285e-252,anomaly,0.006600660066006601,0
832,ccb,cbc,known,cbc,0.75,2.6944754692780715e-252,normal,0.75,0
833,cbc,bcb,known,bcb,0.36363636363636365,9.798092615556624e-253,normal,0.36363636363636365,0
834,bcb,cbb,known,cbb,0.6111111111111112,5.987723265062382e-253,normal,0.6111111111111112,0
835,cbb,bbb,known,bbb,0.75,4.490792448796786e-253,normal,0.75,0
836,bbb,bbb,known,bbb,0.6628787878787878,2.976851055073627e-253,normal,0.6628787878787878,0
837,bbb,bbc,known,bbc,0.045454545454545456,1.3531141159425579e-254,anomaly,0.045454545454545456,0
838,bbc,bcb,known,bcb,0.6666666666666666,9.020760772950385e-255,normal,0.6666666666666666,0
839,bcb,cbc,known,cbc,0.1111111111111111,1.0023067525500427e-255,anomaly,0.1111111111111111,0
840,cbc,bcc,known,bcc,0.6363636363636364,6.378315698045727e-256,normal,0.6363636363636364,0
841,bcc,ccc,known,ccc,1.0,6.378315698045727e-256,normal,1.0,0
842,ccc,ccc,known,ccc,0.9928492849284929,6.332706179852881e-256,normal,0.9928492849284929,0
843,ccc,ccc,known,ccc,0.9928492849284929,6.287422802329181e-256,normal,0.9928492849284929,0
844,ccc,ccc,known,ccc,0.9928492849284929,6.242463233335628e-256,normal,0.9928492849284929,0
845,ccc,ccc,known,ccc,0.9928492849284929,6.197825157409686e-256,normal,0.9928492849284929,0
846,ccc,ccb,known,ccb,0.006600660066006601,4.0909737012605185e-258,anomaly,0.006600660066006601,0
847,ccb,cbb,known,cbb,0.25,1.0227434253151296e-258,normal,0.25,0
848,cbb,bbc,known,bbc,0.125,1.278429281643912e-259,anomaly,0.125,0
849,bbc,bcb,known,bcb,0.6666666666666666,8.52286187762608e-260,normal,0.6666666666666666,0
850,bcb,cbb,known,cbb,0.6111111111111112,5.208415591882605e-260,normal,0.6111111111111112,0
851,cbb,bbb,known,bbb,0.75,3.906311693911954e-260,normal,0.75,0
852,bbb,bbb,known,bbb,0.6628787878787878,2.5894111607370906e-260,normal,0.6628787878787878,0
853,bbb,bbb,known,bbb,0.6628787878787878,1.7164657315492076e-260,normal,0.6628787878787878,0
854,bbb,bbb,known,bbb,0.6628787878787878,1.1378087235648155e-260,normal,0.6628787878787878,0
855,bbb,bbb,known,bbb,0.6628787878787878,7.542292675145557e-261,normal,0.6628787878787878,0
856,bbb,bbc,known,bbc,0.045454545454545456,3.4283148523388896e-262,anomaly,0.045454545454545456,0
857,bbc,bcb,known,bcb,0.6666666666666666,2.285543234892593e-262,normal,0.6666666666666666,0
858,bcb,cbb,known,cbb,0.6111111111111112,1.3967208657676957e-262,normal,0.6111111111111112,0
859,cbb,bbb,known,bbb,0.75,1.0475406493257718e-262,normal,0.75,0
860,bbb,bbb,known,bbb,0.6628787878787878,6.94392475878826e-263,normal,0.6628787878787878,0
861,bbb,bbb,known,bbb,0.6628787878787878,4.602980427227066e-263,normal,0.6628787878787878,0
862,bbb,bba,known,bba,0.2916666666666667,1.3425359579412277e-263,normal,0.2916666666666667,0
863,bba,bab,known,bab,0.427536231884058,5.739827646270467e-264,normal,0.427536231884058,0
864,bab,abb,known,abb,0.3722627737226277,2.1367241602904655e-264,normal,0.3722627737226277,0
865,abb,bba,known,bba,0.43478260869565216,9.290105044741154e-265,normal,0.43478260869565216,0
866,bba,bab,known,bab,0.427536231884058,3.9718565046357105e-265,normal,0.427536231884058,0
867,bab,abb,known,abb,0.3722627737226277,1.4785743192439506e-265,normal,0.3722627737226277,0
868,abb,bbb,known,bbb,0.5579710144927537,8.250016129114797e-266,normal,0.5579710144927537,0
869,bbb,bbb,known,bbb,0.6628787878787878,5.468760691648066e-266,normal,0.6628787878787878,0
870,bbb,bbb,known,bbb,0.6628787878787878,3.625125458478832e-266,normal,0.6628787878787878,0
871,bbb,bbb,known,bbb,0.6628787878787878,2.4030187698249833e-266,normal,0.6628787878787878,0
872,bbb,bbb,known,bbb,0.6628787878787878,1.592910169391561e-266,normal,0.6628787878787878,0
873,bbb,bbb,known,bbb,0.6628787878787878,1.0559063622860724e-266,normal,0.6628787878787878,0
874,bbb,bba,known,bba,0.2916666666666667,3.079726890001045e-267,normal,0.2916666666666667,0
875,bba,bab,known,bab,0.427536231884058,1.3166948297830555e-267,normal,0.427536231884058,0
876,bab,abb,known,abb,0.3722627737226277,4.901564694812834e-268,normal,0.3722627737226277,0
877,abb,bbb,known,bbb,0.5579710144927537,2.7349310253665814e-268,normal,0.5579710144927537,0
878,bbb,bbb,known,bbb,0.6628787878787878,1.8129277630270898e-268,normal,0.6628787878787878,0
879,bbb,bbb,known,bbb,0.6628787878787878,1.2017513580671996e-268,normal,0.6628787878787878,0
880,bbb,bbb,known,bbb,0.6628787878787878,7.966154835672724e-269,normal,0.6628787878787878,0
881,bbb,bbb,known,bbb,0.6628787878787878,5.2805950615254794e-269,normal,0.6628787878787878,0
882,bbb,bbb,known,bbb,0.6628787878787878,3.500394453662723e-269,normal,0.6628787878787878,0
883,bbb,bbb,known,bbb,0.6628787878787878,2.3203372325415776e-269,normal,0.6628787878787878,0
884,bbb,bbb,known,bbb,0.6628787878787878,1.538102332177182e-269,normal,0.6628787878787878,0
885,bbb,bbc,known,bbc,0.045454545454545456,6.99137423716901e-271,anomaly,0.045454545454545456,0
886,bbc,bcb,known,bcb,0.6666666666666666,4.660916158112673e-271,normal,0.6666666666666666,0
887,bcb,cba,known,cba,0.2777777777777778,1.294698932809076e-271,normal,0.2777777777777778,0
888,cba,bab,known,bab,0.8333333333333334,1.0789157773408966e-271,normal,0.8333333333333334,0
889,bab,abb,known,abb,0.3722627737226277,4.016401798860272e-272,normal,0.3722627737226277,0
890,abb,bbb,known,bbb,0.5579710144927537,2.2410357863205868e-272,normal,0.5579710144927537,0
891,bbb,bbb,known,bbb,0.6628787878787878,1.4855350856291767e-272,normal,0.6628787878787878,0
892,bbb,bbb,known,bbb,0.6628787878787878,9.8472969691328e-273,normal,0.6628787878787878,0
893,bbb,bbb,known,bbb,0.6628787878787878,6.527564278781212e-273,normal,0.6628787878787878,0
894,bbb,bbb,known,bbb,0.6628787878787878,4.326983896919363e-273,normal,0.6628787878787878,0
895,bbb,bbb,known,bbb,0.6628787878787878,2.8682658407609413e-273,normal,0.6628787878787878,0
896,bbb,bbb,known,bbb,0.6628787878787878,1.901312583837745e-273,normal,0.6628787878787878,0
897,bbb,bbb,known,bbb,0.6628787878787878,1.2603397809530506e-273,normal,0.6628787878787878,0
898,bbb,bbb,known,bbb,0.6628787878787878,8.354525063135751e-274,normal,0.6628787878787878,0
899,bbb,bbb,known,bbb,0.6628787878787878,5.538037447154381e-274,normal,0.6628787878787878,0
900,bbb,bbc,known,bbc,0.045454545454545456,2.517289748706537e-275,anomaly,0.045454545454545456,0
901,bbc,bcc,known,bcc,0.26666666666666666,6.712772663217432e-276,normal,0.26666666666666666,0
902,bcc,ccb,known,ccb,0.0,6.7127726632174325e-280,anomaly,0.0,0
903,ccb,cbb,known,cbb,0.25,1.6781931658043581e-280,normal,0.25,0
904,cbb,bbb,known,bbb,0.75,1.2586448743532686e-280,normal,0.75,0
905,bbb,bbb,known,bbb,0.6628787878787878,8.34328988681144e-281,normal,0.6628787878787878,0
906,bbb,bbb,known,bbb,0.6628787878787878,5.530589887090916e-281,normal,0.6628787878787878,0
907,bbb,bbb,known,bbb,0.6628787878787878,3.6661107206095086e-281,normal,0.6628787878787878,0
908,bbb,bbb,known,bbb,0.6628787878787878,2.4301870307070605e-281,normal,0.6628787878787878,0
909,bbb,bbc,known,bbc,0.045454545454545456,1.1046304685032094e-282,anomaly,0.045454545454545456,0
910,bbc,bcb,known,bcb,0.6666666666666666,7.364203123354729e-283,normal,0.6666666666666666,0
911,bcb,cbb,known,cbb,0.6111111111111112,4.500346353161224e-283,normal,0.6111111111111112,0
912,cbb,bbb,known,bbb,0.75,3.375259764870918e-283,normal,0.75,0
913,bbb,bbb,known,bbb,0.6628787878787878,2.2373881017136764e-283,normal,0.6628787878787878,0
914,bbb,bbb,known,bbb,0.6628787878787878,1.4831171128783838e-283,normal,0.6628787878787878,0
915,bbb,bbb,known,bbb,0.6628787878787878,9.831268740671104e-284,normal,0.6628787878787878,0
916,bbb,bbb,known,bbb,0.6628787878787878,6.516939506126678e-284,normal,0.6628787878787878,0
917,bbb,bbb,known,bbb,0.6628787878787878,4.319940960500639e-284,normal,0.6628787878787878,0
918,bbb,bbb,known,bbb,0.6628787878787878,2.86359722760459e-284,normal,0.6628787878787878,0
919,bbb,bbb,known,bbb,0.6628787878787878,1.898217859207588e-284,normal,0.6628787878787878,0
920,bbb,bbb,known,bbb,0.6628787878787878,1.2582883536413936e-284,normal,0.6628787878787878,0
921,bbb,bbb,known,bbb,0.6628787878787878,8.340926586638026e-285,normal,0.6628787878787878,0
922,bbb,bbb,known,bbb,0.6628787878787878,5.52902330553657e-285,normal,0.6628787878787878,0
923,bbb,bbb,known,bbb,0.6628787878787878,3.66507226692765e-285,normal,0.6628787878787878,0
924,bbb,bbb,known,bbb,0.6628787878787878,2.429498661789162e-285,normal,0.6628787878787878,0
925,bbb,bbb,known,bbb,0.6628787878787878,1.6104631280799367e-285,normal,0.6628787878787878,0
926,bbb,bbb,known,bbb,0.6628787878787878,1.0675418462651095e-285,normal,0.6628787878787878,0
927,bbb,bbb,known,bbb,0.6628787878787878,7.07650845062099e-286,normal,0.6628787878787878,0
928,bbb,bbb,known,bbb,0.6628787878787878,4.690867344161641e-286,normal,0.6628787878787878,0
929,bbb,bbb,known,bbb,0.6628787878787878,3.1094764591980572e-286,normal,0.6628787878787878,0
930,bbb,bbb,known,bbb,0.6628787878787878,2.0612059862108333e-286,normal,0.6628787878787878,0
931,bbb,bbc,known,bbc,0.045454545454545456,9.369118119140152e-288,anomaly,0.045454545454545456,0
932,bbc,bcc,known,bcc,0.26666666666666666,2.498431498437374e-288,normal,0.26666666666666666,0
933,bcc,ccb,known,ccb,0.0,2.498431498437374e-292,anomaly,0.0,0
934,ccb,cbb,known,cbb,0.25,6.246078746093435e-293,normal,0.25,0
935,cbb,bbb,known,bbb,0.75,4.684559059570076e-293,normal,0.75,0
936,bbb,bbb,known,bbb,0.6628787878787878,3.105294831154406e-293,normal,0.6628787878787878,0
937,bbb,bbb,known,bbb,0.6628787878787878,2.0584340736818977e-293,normal,0.6628787878787878,0
938,bbb,bbb,known,bbb,0.6628787878787878,1.364492283690652e-293,normal,0.6628787878787878,0
939,bbb,bbb,known,bbb,0.6628787878787878,9.044929910828185e-294,normal,0.6628787878787878,0
940,bbb,bbb,known,bbb,0.6628787878787878,5.99569217573838e-294,normal,0.6628787878787878,0
941,bbb,bbb,known,bbb,0.6628787878787878,3.974417161947789e-294,normal,0.6628787878787878,0
942,bbb,bbb,known,bbb,0.6628787878787878,2.6345568308366025e-294,normal,0.6628787878787878,0
943,bbb,bbb,known,bbb,0.6628787878787878,1.746391838622748e-294,normal,0.6628787878787878,0
944,bbb,bbb,known,bbb,0.6628787878787878,1.1576461051476547e-294,normal,0.6628787878787878,0
945,bbb,bbc,known,bbc,0.045454545454545456,5.262027750671158e-296,anomaly,0.045454545454545456,0
946,bbc,bcb,known,bcb,0.6666666666666666,3.5080185004474386e-296,normal,0.6666666666666666,0
947,bcb,cbb,known,cbb,0.6111111111111112,2.1437890836067682e-296,normal,0.6111111111111112,0
948,cbb,bbb,known,bbb,0.75,1.6078418127050762e-296,normal,0.75,0
949,bbb,bbb,known,bbb,0.6628787878787878,1.065804231906774e-296,normal,0.6628787878787878,0
950,bbb,bbb,known,bbb,0.6628787878787878,7.064990173624448e-297,normal,0.6628787878787878,0
951,bbb,bbb,known,bbb,0.6628787878787878,4.6832321226677215e-297,normal,0.6628787878787878,0
952,bbb,bbb,known,bbb,0.6628787878787878,3.104415232828982e-297,normal,0.6628787878787878,0
953,bbb,bbb,known,bbb,0.6628787878787878,2.0578510066101203e-297,normal,0.6628787878787878,0
954,bbb,bbb,known,bbb,0.6628787878787878,1.36410578089686e-297,normal,0.6628787878787878,0
955,bbb,bbb,known,bbb,0.6628787878787878,9.042367865793579e-298,normal,0.6628787878787878,0
956,bbb,bbb,known,bbb,0.6628787878787878,5.993993850431349e-298,normal,0.6628787878787878,0
957,bbb,bbb,known,bbb,0.6628787878787878,3.973291378126841e-298,normal,0.6628787878787878,0
958,bbb,bbb,known,bbb,0.6628787878787878,2.6338105726219587e-298,normal,0.6628787878787878,0
959,bbb,bbb,known,bbb,0.6628787878787878,1.7458971598819802e-298,normal,0.6628787878787878,0
960,bbb,bbb,known,bbb,0.6628787878787878,1.1573181931035853e-298,normal,0.6628787878787878,0
961,bbb,bbb,known,bbb,0.6628787878787878,7.671616810345735e-299,normal,0.6628787878787878,0
962,bbb,bbb,known,bbb,0.6628787878787878,5.085352052312513e-299,normal,0.6628787878787878,0
963,bbb,bbb,known,bbb,0.6628787878787878,3.370972004373825e-299,normal,0.6628787878787878,0
964,bbb,bba,known,bba,0.2916666666666667,9.832001679423657e-300,normal,0.2916666666666667,0
965,bba,bab,known,bab,0.427536231884058,4.20353694989852e-300,normal,0.427536231884058,0
966,bab,abb,known,abb,0.3722627737226277,1.5648203244147773e-300,normal,0.3722627737226277,0
967,abb,bbb,known,bbb,0.5579710144927537,8.731243839125932e-301,normal,0.5579710144927537,0
968,bbb,bbb,known,bbb,0.6628787878787878,5.787756332753931e-301,normal,0.6628787878787878,0
969,bbb,bbb,known,bbb,0.6628787878787878,3.836580902393704e-301,normal,0.6628787878787878,0
970,bbb,bbb,known,bbb,0.6628787878787878,2.5431880981776444e-301,normal,0.6628787878787878,0
971,bbb,bbb,known,bbb,0.6628787878787878,1.6858254438677567e-301,normal,0.6628787878787878,0
972,bbb,bbb,known,bbb,0.6628787878787878,1.1174979268062781e-301,normal,0.6628787878787878,0
973,bbb,bbb,known,bbb,0.6628787878787878,7.40765671178404e-302,normal,0.6628787878787878,0
974,bbb,bbb,known,bbb,0.6628787878787878,4.910378502129571e-302,normal,0.6628787878787878,0
975,bbb,bbb,known,bbb,0.6628787878787878,3.254985749517708e-302,normal,0.6628787878787878,0
976,bbb,bbb,known,bbb,0.6628787878787878,2.157661008203026e-302,normal,0.6628787878787878,0
977,bbb,bbb,known,bbb,0.6628787878787878,1.4302677137709453e-302,normal,0.6628787878787878,0
978,bbb,bbb,known,bbb,0.6628787878787878,9.480941284466493e-303,normal,0.6628787878787878,0
979,bbb,bbb,known,bbb,0.6628787878787878,6.284714866597107e-303,normal,0.6628787878787878,0
980,bbb,bbb,known,bbb,0.6628787878787878,4.166004172933688e-303,normal,0.6628787878787878,0
981,bbb,bba,known,bba,0.2916666666666667,1.2150845504389923e-303,normal,0.2916666666666667,0
982,bba,baa,known,baa,0.5652173913043478,6.867869198133435e-304,normal,0.5652173913043478,0
983,baa,aab,known,aab,0.20588235294117646,1.4139730702039424e-304,normal,0.20588235294117646,0
984,aab,abb,known,abb,0.42574257425742573,6.019885348393022e-305,normal,0.42574257425742573,0
985,abb,bbb,known,bbb,0.5579710144927537,3.358921534972918e-305,normal,0.5579710144927537,0
986,bbb,bbb,known,bbb,0.6628787878787878,2.2265578356828053e-305,normal,0.6628787878787878,0
987,bbb,bbb,known,bbb,0.6628787878787878,1.4759379592594354e-305,normal,0.6628787878787878,0
988,bbb,bbb,known,bbb,0.6628787878787878,9.783679654181863e-306,normal,0.6628787878787878,0
989,bbb,bbb,known,bbb,0.6628787878787878,6.485393710158432e-306,normal,0.6628787878787878,0
990,bbb,bbb,known,bbb,0.6628787878787878,4.299029921506536e-306,normal,0.6628787878787878,0
991,bbb,bbb,known,bbb,0.6628787878787878,2.8497357434228934e-306,normal,0.6628787878787878,0
992,bbb,bbb,known,bbb,0.6628787878787878,1.889029375375024e-306,normal,0.6628787878787878,0
993,bbb,bbb,known,bbb,0.6628787878787878,1.2521975026160196e-306,normal,0.6628787878787878,0
994,bbb,bbb,known,bbb,0.6628787878787878,8.300551627189524e-307,normal,0.6628787878787878,0
995,bbb,bbb,known,bbb,0.6628787878787878,5.502259601356692e-307,normal,0.6628787878787878,0
996,bbb,bbb,known,bbb,0.6628787878787878,3.647331175141746e-307,normal,0.6628787878787878,0
997,bbb,bbb,known,bbb,0.6628787878787878,2.4177384683704754e-307,normal,0.6628787878787878,0
998,bbb,bbb,known,bbb,0.6628787878787878,1.6026675453213377e-307,normal,0.6628787878787878,0
999,bbb,bbb,known,bbb,0.6628787878787878,1.0623743198152806e-307,normal,0.6628787878787878,0
1000,bbb,bbb,known,bbb,0.6628787878787878,7.042254013927049e-308,normal,0.6628787878787878,0
1001,bbb,bbb,known,bbb,0.6628787878787878,4.66816080468649e-308,normal,0.6628787878787878,0
1002,bbb,bbb,known,bbb,0.6628787878787878,3.0944247758338476e-308,normal,0.6628787878787878,0
1003,bbb,bbb,known,bbb,0.6628787878787878,2.0512285445868307e-308,normal,0.6628787878787878,0
1004,bbb,bbb,known,bbb,0.6628787878787878,1.3597158912980883e-308,normal,0.6628787878787878,0
1005,bbb,bbb,known,bbb,0.6628787878787878,9.013268218832025e-309,normal,0.6628787878787878,0
1006,bbb,bbb,known,bbb,0.6628787878787878,5.974704311725774e-309,normal,0.6628787878787878,0
1007,bbb,bba,known,bba,0.2916666666666667,1.74262209092002e-309,normal,0.2916666666666667,0
1008,bba,baa,known,baa,0.5652173913043478,9.8496031225914e-310,normal,0.5652173913043478,0
1009,baa,aaa,known,aaa,0.7941176470588235,7.82174365617553e-310,normal,0.7941176470588235,0
1010,aaa,aaa,known,aaa,0.9410488245931284,7.36064267391276e-310,normal,0.9410488245931284,0
1011,aaa,aab,known,aab,0.05786618444846293,4.2593230662786e-311,anomaly,0.05786618444846293,0
1012,aab,abb,known,abb,0.42574257425742573,1.8133751668314e-311,normal,0.42574257425742573,0
1013,abb,bbb,known,bbb,0.5579710144927537,1.011810781493e-311,normal,0.5579710144927537,0
1014,bbb,bbb,known,bbb,0.6628787878787878,6.707079043986e-312,normal,0.6628787878787878,0
1015,bbb,bbb,known,bbb,0.6628787878787878,4.445980426886e-312,normal,0.6628787878787878,0
1016,bbb,bbb,known,bbb,0.6628787878787878,2.947146116305e-312,normal,0.6628787878787878,0
1017,bbb,bbb,known,bbb,0.6628787878787878,1.95360064528e-312,normal,0.6628787878787878,0
1018,bbb,bbb,known,bbb,0.6628787878787878,1.29500042774e-312,normal,0.6628787878787878,0
1019,bbb,bbc,known,bbc,0.045454545454545456,5.8863655806e-314,anomaly,0.045454545454545456,0
1020,bbc,bcb,known,bcb,0.6666666666666666,3.92424372e-314,normal,0.6666666666666666,0
1021,bcb,cbb,known,cbb,0.6111111111111112,2.3981489404e-314,normal,0.6111111111111112,0
1022,cbb,bbb,known,bbb,0.75,1.7986117054e-314,normal,0.75,0
1023,bbb,bbb,known,bbb,0.6628787878787878,1.1922615473e-314,normal,0.6628787878787878,0
1024,bbb,bbb,known,bbb,0.6628787878787878,7.90324889e-315,normal,0.6628787878787878,0
1025,bbb,bbb,known,bbb,0.6628787878787878,5.238896043e-315,normal,0.6628787878787878,0
1026,bbb,bbb,known,bbb,0.6628787878787878,3.472753057e-315,normal,0.6628787878787878,0
1027,bbb,bbb,known,bbb,0.6628787878787878,2.302014337e-315,normal,0.6628787878787878,0
1028,bbb,bbb,known,bbb,0.6628787878787878,1.525956475e-315,normal,0.6628787878787878,0
1029,bbb,bbb,known,bbb,0.6628787878787878,1.01152418e-315,normal,0.6628787878787878,0
1030,bbb,bbb,known,bbb,0.6628787878787878,6.7051792e-316,normal,0.6628787878787878,0
1031,bbb,bbb,known,bbb,0.6628787878787878,4.44472107e-316,normal,0.6628787878787878,0
1032,bbb,bbb,known,bbb,0.6628787878787878,2.9463113e-316,normal,0.6628787878787878,0
1033,bbb,bba,known,bba,0.2916666666666667,8.593408e-317,normal,0.2916666666666667,0
1034,bba,bab,known,bab,0.427536231884058,3.673993e-317,normal,0.427536231884058,0
1035,bab,abb,known,abb,0.3722627737226277,1.367691e-317,normal,0.3722627737226277,0
1036,abb,bbb,known,bbb,0.5579710144927537,7.63132e-318,normal,0.5579710144927537,0
1037,bbb,bbb,known,bbb,0.6628787878787878,5.05864e-318,normal,0.6628787878787878,0
1038,bbb,bbb,known,bbb,0.6628787878787878,3.353263e-318,normal,0.6628787878787878,0
1039,bbb,bbc,known,bbc,0.045454545454545456,1.5242e-319,anomaly,0.045454545454545456,0
1040,bbc,bcb,known,bcb,0.6666666666666666,1.01614e-319,normal,0.6666666666666666,0
1041,bcb,cbb,known,cbb,0.6111111111111112,6.21e-320,normal,0.6111111111111112,0
1042,cbb,bbb,known,bbb,0.75,4.6576e-320,normal,0.75,0
1043,bbb,bbb,known,bbb,0.6628787878787878,3.0874e-320,normal,0.6628787878787878,0
1044,bbb,bbb,known,bbb,0.6628787878787878,2.0464e-320,normal,0.6628787878787878,0
1045,bbb,bbb,known,bbb,0.6628787878787878,1.3567e-320,normal,0.6628787878787878,0
1046,bbb,bbb,known,bbb,0.6628787878787878,8.99e-321,normal,0.6628787878787878,0
1047,bbb,bbb,known,bbb,0.6628787878787878,5.96e-321,normal,0.6628787878787878,0
1048,bbb,bbb,known,bbb,0.6628787878787878,3.95e-321,normal,0.6628787878787878,0
1049,bbb,bbb,known,bbb,0.6628787878787878,2.62e-321,normal,0.6628787878787878,0
1050,bbb,bbb,known,bbb,0.6628787878787878,1.734e-321,normal,0.6628787878787878,0
1051,bbb,bbb,known,bbb,0.6628787878787878,1.15e-321,normal,0.6628787878787878,0
1052,bbb,bbb,known,bbb,0.6628787878787878,7.6e-322,normal,0.6628787878787878,0
1053,bbb,bbb,known,bbb,0.6628787878787878,5.04e-322,normal,0.6628787878787878,0
1054,bbb,bbb,known,bbb,0.6628787878787878,3.36e-322,normal,0.6628787878787878,0
1055,bbb,bbb,known,bbb,0.6628787878787878,2.2e-322,normal,0.6628787878787878,0
1056,bbb,bbb,known,bbb,0.6628787878787878,1.5e-322,normal,0.6628787878787878,0
1057,bbb,bbb,known,bbb,0.6628787878787878,1e-322,normal,0.6628787878787878,0
1058,bbb,bbb,known,bbb,0.6628787878787878,6.4e-323,normal,0.6628787878787878,0
1059,bbb,bbb,known,bbb,0.6628787878787878,4.4e-323,normal,0.6628787878787878,0
1060,bbb,bbb,known,bbb,0.6628787878787878,3e-323,normal,0.6628787878787878,0
1061,bbb,bbb,known,bbb,0.6628787878787878,2e-323,normal,0.6628787878787878,0
1062,bbb,bbb,known,bbb,0.6628787878787878,1.5e-323,normal,0.6628787878787878,0
1063,bbb,bbb,known,bbb,0.6628787878787878,1e-323,normal,0.6628787878787878,0
1064,bbb,bbb,known,bbb,0.6628787878787878,5e-324,normal,0.6628787878787878,0
1065,bbb,bbb,known,bbb,0.6628787878787878,5e-324,normal,0.6628787878787878,0
1066,bbb,bbb,known,bbb,0.6628787878787878,5e-324,normal,0.6628787878787878,0
1067,bbb,bbb,known,bbb,0.6628787878787878,5e-324,normal,0.6628787878787878,0
1068,bbb,bbb,known,bbb,0.6628787878787878,5e-324,normal,0.6628787878787878,0
1069,bbb,bbb,known,bbb,0.6628787878787878,5e-324,normal,0.6628787878787878,0
1070,bbb,bbb,known,bbb,0.6628787878787878,5e-324,normal,0.6628787878787878,0
1071,bbb,bbb,known,bbb,0.6628787878787878,5e-324,normal,0.6628787878787878,0
1072,bbb,bbb,known,bbb,0.6628787878787878,5e-324,normal,0.6628787878787878,0
1073,bbb,bbb,known,bbb,0.6628787878787878,5e-324,normal,0.6628787878787878,0
1074,bbb,bba,known,bba,0.2916666666666667,0.0,normal,0.2916666666666667,0
1075,bba,bab,known,bab,0.427536231884058,0.0,normal,0.427536231884058,0
1076,bab,abb,known,abb,0.3722627737226277,0.0,normal,0.3722627737226277,0
1077,abb,bbb,known,bbb,0.5579710144927537,0.0,normal,0.5579710144927537,0
1078,bbb,bbb,known,bbb,0.6628787878787878,0.0,normal,0.6628787878787878,0
1079,bbb,bbc,known,bbc,0.045454545454545456,0.0,anomaly,0.045454545454545456,0
1080,bbc,bcb,known,bcb,0.6666666666666666,0.0,normal,0.6666666666666666,0
1081,bcb,cbb,known,cbb,0.6111111111111112,0.0,normal,0.6111111111111112,0
1082,cbb,bbb,known,bbb,0.75,0.0,normal,0.75,0
1083,bbb,bbb,known,bbb,0.6628787878787878,0.0,normal,0.6628787878787878,0
1084,bbb,bba,known,bba,0.2916666666666667,0.0,normal,0.2916666666666667,0
1085,bba,bab,known,bab,0.427536231884058,0.0,normal,0.427536231884058,0
1086,bab,aba,known,aba,0.5985401459854015,0.0,normal,0.5985401459854015,0
1087,aba,bab,known,bab,0.36683417085427134,0.0,normal,0.36683417085427134,0
1088,bab,abb,known,abb,0.3722627737226277,0.0,normal,0.3722627737226277,0
1089,abb,bbb,known,bbb,0.5579710144927537,0.0,normal,0.5579710144927537,0
1090,bbb,bbb,known,bbb,0.6628787878787878,0.0,normal,0.6628787878787878,0
1091,bbb,bbb,known,bbb,0.6628787878787878,0.0,normal,0.6628787878787878,0
1092,bbb,bbb,known,bbb,0.6628787878787878,0.0,normal,0.6628787878787878,0
1093,bbb,bbb,known,bbb,0.6628787878787878,0.0,normal,0.6628787878787878,0
1094,bbb,bbb,known,bbb,0.6628787878787878,0.0,normal,0.6628787878787878,0
1095,bbb,bba,known,bba,0.2916666666666667,0.0,normal,0.2916666666666667,0
1096,bba,bab,known,bab,0.427536231884058,0.0,normal,0.427536231884058,0
1097,bab,abb,known,abb,0.3722627737226277,0.0,normal,0.3722627737226277,0
1098,abb,bbb,known,bbb,0.5579710144927537,0.0,normal,0.5579710144927537,0
1099,bbb,bbb,known,bbb,0.6628787878787878,0.0,normal,0.6628787878787878,0
1100,bbb,bbb,known,bbb,0.6628787878787878,0.0,normal,0.6628787878787878,0
1101,bbb,bbb,known,bbb,0.6628787878787878,0.0,normal,0.6628787878787878,0
1102,bbb,bbb,known,bbb,0.6628787878787878,0.0,normal,0.6628787878787878,0
1103,bbb,bba,known,bba,0.2916666666666667,0.0,normal,0.2916666666666667,0
1104,bba,bab,known,bab,0.427536231884058,0.0,normal,0.427536231884058,0
1105,bab,abb,known,abb,0.3722627737226277,0.0,normal,0.3722627737226277,0
1106,abb,bbb,known,bbb,0.5579710144927537,0.0,normal,0.5579710144927537,0
1107,bbb,bbb,known,bbb,0.6628787878787878,0.0,normal,0.6628787878787878,0
1108,bbb,bbb,known,bbb,0.6628787878787878,0.0,normal,0.6628787878787878,0
1109,bbb,bbb,known,bbb,0.6628787878787878,0.0,normal,0.6628787878787878,0
1110,bbb,bbb,known,bbb,0.6628787878787878,0.0,normal,0.6628787878787878,0
1111,bbb,bbb,known,bbb,0.6628787878787878,0.0,normal,0.6628787878787878,0
1112,bbb,bba,known,bba,0.2916666666666667,0.0,normal,0.2916666666666667,0
1113,bba,bab,known,bab,0.427536231884058,0.0,normal,0.427536231884058,0
1114,bab,abb,known,abb,0.3722627737226277,0.0,normal,0.3722627737226277,0
1115,abb,bbb,known,bbb,0.5579710144927537,0.0,normal,0.5579710144927537,0
1116,bbb,bbb,known,bbb,0.6628787878787878,0.0,normal,0.6628787878787878,0
1117,bbb,bbb,known,bbb,0.6628787878787878,0.0,normal,0.6628787878787878,0
1118,bbb,bbb,known,bbb,0.6628787878787878,0.0,normal,0.6628787878787878,0
1119,bbb,bbb,known,bbb,0.6628787878787878,0.0,normal,0.6628787878787878,0
1120,bbb,bbb,known,bbb,0.6628787878787878,0.0,normal,0.6628787878787878,0
1121,bbb,bbc,known,bbc,0.045454545454545456,0.0,anomaly,0.045454545454545456,0
1122,bbc,bcb,known,bcb,0.6666666666666666,0.0,normal,0.6666666666666666,0
1123,bcb,cbb,known,cbb,0.6111111111111112,0.0,normal,0.6111111111111112,0
1124,cbb,bbb,known,bbb,0.75,0.0,normal,0.75,0
1125,bbb,bbb,known,bbb,0.6628787878787878,0.0,normal,0.6628787878787878,0
1126,bbb,bbb,known,bbb,0.6628787878787878,0.0,normal,0.6628787878787878,0
1127,bbb,bbb,known,bbb,0.6628787878787878,0.0,normal,0.6628787878787878,0
1128,bbb,bbb,known,bbb,0.6628787878787878,0.0,normal,0.6628787878787878,0
1129,bbb,bbb,known,bbb,0.6628787878787878,0.0,normal,0.6628787878787878,0
1130,bbb,bbb,known,bbb,0.6628787878787878,0.0,normal,0.6628787878787878,0
1131,bbb,bbb,known,bbb,0.6628787878787878,0.0,normal,0.6628787878787878,0
1132,bbb,bbb,known,bbb,0.6628787878787878,0.0,normal,0.6628787878787878,0
1133,bbb,bbb,known,bbb,0.6628787878787878,0.0,normal,0.6628787878787878,0
1134,bbb,bbb,known,bbb,0.6628787878787878,0.0,normal,0.6628787878787878,0
1135,bbb,bbb,known,bbb,0.6628787878787878,0.0,normal,0.6628787878787878,0
1136,bbb,bbb,known,bbb,0.6628787878787878,0.0,normal,0.6628787878787878,0
1137,bbb,bbb,known,bbb,0.6628787878787878,0.0,normal,0.6628787878787878,0
1138,bbb,bbb,known,bbb,0.6628787878787878,0.0,normal,0.6628787878787878,0
1139,bbb,bbb,known,bbb,0.6628787878787878,0.0,normal,0.6628787878787878,0
1140,bbb,bba,known,bba,0.2916666666666667,0.0,normal,0.2916666666666667,0
1141,bba,baa,known,baa,0.5652173913043478,0.0,normal,0.5652173913043478,0
1142,baa,aab,known,aab,0.20588235294117646,0.0,normal,0.20588235294117646,0
1143,aab,abb,known,abb,0.42574257425742573,0.0,normal,0.42574257425742573,0
1144,abb,bbb,known,bbb,0.5579710144927537,0.0,normal,0.5579710144927537,0
1145,bbb,bbb,known,bbb,0.6628787878787878,0.0,normal,0.6628787878787878,0
1146,bbb,bbb,known,bbb,0.6628787878787878,0.0,normal,0.6628787878787878,0
1147,bbb,bbb,known,bbb,0.6628787878787878,0.0,normal,0.6628787878787878,0
1148,bbb,bbb,known,bbb,0.6628787878787878,0.0,normal,0.6628787878787878,0
1149,bbb,bbb,known,bbb,0.6628787878787878,0.0,normal,0.6628787878787878,0
1150,bbb,bbb,known,bbb,0.6628787878787878,0.0,normal,0.6628787878787878,0
1151,bbb,bbb,known,bbb,0.6628787878787878,0.0,normal,0.6628787878787878,0
1152,bbb,bbb,known,bbb,0.6628787878787878,0.0,normal,0.6628787878787878,0
1153,bbb,bbb,known,bbb,0.6628787878787878,0.0,normal,0.6628787878787878,0
1154,bbb,bba,known,bba,0.2916666666666667,0.0,normal,0.2916666666666667,0
1155,bba,bab,known,bab,0.427536231884058,0.0,normal,0.427536231884058,0
1156,bab,abb,known,abb,0.3722627737226277,0.0,normal,0.3722627737226277,0
1157,abb,bbb,known,bbb,0.5579710144927537,0.0,normal,0.5579710144927537,0
1158,bbb,bba,known,bba,0.2916666666666667,0.0,normal,0.2916666666666667,0
1159,bba,bab,known,bab,0.427536231884058,0.0,normal,0.427536231884058,0
1160,bab,abb,known,abb,0.3722627737226277,0.0,normal,0.3722627737226277,0
1161,abb,bbb,known,bbb,0.5579710144927537,0.0,normal,0.5579710144927537,0
1162,bbb,bbb,known,bbb,0.6628787878787878,0.0,normal,0.6628787878787878,0
1163,bbb,bbb,known,bbb,0.6628787878787878,0.0,normal,0.6628787878787878,0
1164,bbb,bba,known,bba,0.2916666666666667,0.0,normal,0.2916666666666667,0
1165,bba,bab,known,bab,0.427536231884058,0.0,normal,0.427536231884058,0
1166,bab,abb,known,abb,0.3722627737226277,0.0,normal,0.3722627737226277,0
1167,abb,bbb,known,bbb,0.5579710144927537,0.0,normal,0.5579710144927537,0
1168,bbb,bbb,known,bbb,0.6628787878787878,0.0,normal,0.6628787878787878,0
1169,bbb,bbb,known,bbb,0.6628787878787878,0.0,normal,0.6628787878787878,0
1170,bbb,bbb,known,bbb,0.6628787878787878,0.0,normal,0.6628787878787878,0
1171,bbb,bbb,known,bbb,0.6628787878787878,0.0,normal,0.6628787878787878,0
1172,bbb,bbb,known,bbb,0.6628787878787878,0.0,normal,0.6628787878787878,0
1173,bbb,bbb,known,bbb,0.6628787878787878,0.0,normal,0.6628787878787878,0
1174,bbb,bbb,known,bbb,0.6628787878787878,0.0,normal,0.6628787878787878,0
1175,bbb,bbb,known,bbb,0.6628787878787878,0.0,normal,0.6628787878787878,0
1176,bbb,bbb,known,bbb,0.6628787878787878,0.0,normal,0.6628787878787878,0
1177,bbb,bbb,known,bbb,0.6628787878787878,0.0,normal,0.6628787878787878,0
1178,bbb,bbb,known,bbb,0.6628787878787878,0.0,normal,0.6628787878787878,0
1179,bbb,bbb,known,bbb,0.6628787878787878,0.0,normal,0.6628787878787878,0
1180,bbb,bbb,known,bbb,0.6628787878787878,0.0,normal,0.6628787878787878,0
1181,bbb,bbb,known,bbb,0.6628787878787878,0.0,normal,0.6628787878787878,0
1182,bbb,bbb,known,bbb,0.6628787878787878,0.0,normal,0.6628787878787878,0
1183,bbb,bbb,known,bbb,0.6628787878787878,0.0,normal,0.6628787878787878,0
1184,bbb,bbb,known,bbb,0.6628787878787878,0.0,normal,0.6628787878787878,0
1185,bbb,bbb,known,bbb,0.6628787878787878,0.0,normal,0.6628787878787878,0
1186,bbb,bbb,known,bbb,0.6628787878787878,0.0,normal,0.6628787878787878,0
1187,bbb,bbb,known,bbb,0.6628787878787878,0.0,normal,0.6628787878787878,0
1188,bbb,bbb,known,bbb,0.6628787878787878,0.0,normal,0.6628787878787878,0
1189,bbb,bbb,known,bbb,0.6628787878787878,0.0,normal,0.6628787878787878,0
1190,bbb,bbb,known,bbb,0.6628787878787878,0.0,normal,0.6628787878787878,0
1191,bbb,bbb,known,bbb,0.6628787878787878,0.0,normal,0.6628787878787878,0
1192,bbb,bbb,known,bbb,0.6628787878787878,0.0,normal,0.6628787878787878,0
1193,bbb,bbb,known,bbb,0.6628787878787878,0.0,normal,0.6628787878787878,0
1194,bbb,bbb,known,bbb,0.6628787878787878,0.0,normal,0.6628787878787878,0
1195,bbb,bbb,known,bbb,0.6628787878787878,0.0,normal,0.6628787878787878,0
1196,bbb,bbb,known,bbb,0.6628787878787878,0.0,normal,0.6628787878787878,0
1197,bbb,bbb,known,bbb,0.6628787878787878,0.0,normal,0.6628787878787878,0
1198,bbb,bbb,known,bbb,0.6628787878787878,0.0,normal,0.6628787878787878,0
1199,bbb,bbb,known,bbb,0.6628787878787878,0.0,normal,0.6628787878787878,0
1200,bbb,bbb,known,bbb,0.6628787878787878,0.0,normal,0.6628787878787878,0
1201,bbb,bbb,known,bbb,0.6628787878787878,0.0,normal,0.6628787878787878,0
1202,bbb,bbb,known,bbb,0.6628787878787878,0.0,normal,0.6628787878787878,0
1203,bbb,bbb,known,bbb,0.6628787878787878,0.0,normal,0.6628787878787878,0
1204,bbb,bbb,known,bbb,0.6628787878787878,0.0,normal,0.6628787878787878,0
1205,bbb,bbb,known,bbb,0.6628787878787878,0.0,normal,0.6628787878787878,0
1206,bbb,bbb,known,bbb,0.6628787878787878,0.0,normal,0.6628787878787878,0
1207,bbb,bbb,known,bbb,0.6628787878787878,0.0,normal,0.6628787878787878,0
1208,bbb,bbb,known,bbb,0.6628787878787878,0.0,normal,0.6628787878787878,0
1209,bbb,bbb,known,bbb,0.6628787878787878,0.0,normal,0.6628787878787878,0
1210,bbb,bbb,known,bbb,0.6628787878787878,0.0,normal,0.6628787878787878,0
1211,bbb,bbb,known,bbb,0.6628787878787878,0.0,normal,0.6628787878787878,0
1212,bbb,bbb,known,bbb,0.6628787878787878,0.0,normal,0.6628787878787878,0
1213,bbb,bbb,known,bbb,0.6628787878787878,0.0,normal,0.6628787878787878,0
1214,bbb,bbb,known,bbb,0.6628787878787878,0.0,normal,0.6628787878787878,0
1215,bbb,bbb,known,bbb,0.6628787878787878,0.0,normal,0.6628787878787878,0
1216,bbb,bbb,known,bbb,0.6628787878787878,0.0,normal,0.6628787878787878,0
1217,bbb,bbb,known,bbb,0.6628787878787878,0.0,normal,0.6628787878787878,0
1218,bbb,bbb,known,bbb,0.6628787878787878,0.0,normal,0.6628787878787878,0
1219,bbb,bbb,known,bbb,0.6628787878787878,0.0,normal,0.6628787878787878,0
1220,bbb,bbb,known,bbb,0.6628787878787878,0.0,normal,0.6628787878787878,0
1221,bbb,bbb,known,bbb,0.6628787878787878,0.0,normal,0.6628787878787878,0
1222,bbb,bbb,known,bbb,0.6628787878787878,0.0,normal,0.6628787878787878,0
1223,bbb,bbb,known,bbb,0.6628787878787878,0.0,normal,0.6628787878787878,0
1224,bbb,bbc,known,bbc,0.045454545454545456,0.0,anomaly,0.045454545454545456,0
1225,bbc,bcb,known,bcb,0.6666666666666666,0.0,normal,0.6666666666666666,0
1226,bcb,cbb,known,cbb,0.6111111111111112,0.0,normal,0.6111111111111112,0
1227,cbb,bbb,known,bbb,0.75,0.0,normal,0.75,0
1228,bbb,bbb,known,bbb,0.6628787878787878,0.0,normal,0.6628787878787878,0
1229,bbb,bbb,known,bbb,0.6628787878787878,0.0,normal,0.6628787878787878,0
1230,bbb,bbb,known,bbb,0.6628787878787878,0.0,normal,0.6628787878787878,0
1231,bbb,bbc,known,bbc,0.045454545454545456,0.0,anomaly,0.045454545454545456,0
1232,bbc,bcb,known,bcb,0.6666666666666666,0.0,normal,0.6666666666666666,0
1233,bcb,cbb,known,cbb,0.6111111111111112,0.0,normal,0.6111111111111112,0
1234,cbb,bbb,known,bbb,0.75,0.0,normal,0.75,0
1235,bbb,bbb,known,bbb,0.6628787878787878,0.0,normal,0.6628787878787878,0
1236,bbb,bbb,known,bbb,0.6628787878787878,0.0,normal,0.6628787878787878,0
1237,bbb,bba,known,bba,0.2916666666666667,0.0,normal,0.2916666666666667,0
1238,bba,bab,known,bab,0.427536231884058,0.0,normal,0.427536231884058,0
1239,bab,abb,known,abb,0.3722627737226277,0.0,normal,0.3722627737226277,0
1240,abb,bbb,known,bbb,0.5579710144927537,0.0,normal,0.5579710144927537,0
1241,bbb,bbb,known,bbb,0.6628787878787878,0.0,normal,0.6628787878787878,0
1242,bbb,bbb,known,bbb,0.6628787878787878,0.0,normal,0.6628787878787878,0
1243,bbb,bba,known,bba,0.2916666666666667,0.0,normal,0.2916666666666667,0
1244,bba,baa,known,baa,0.5652173913043478,0.0,normal,0.5652173913043478,0
1245,baa,aab,known,aab,0.20588235294117646,0.0,normal,0.20588235294117646,0
1246,aab,abb,known,abb,0.42574257425742573,0.0,normal,0.42574257425742573,0
1247,abb,bbb,known,bbb,0.5579710144927537,0.0,normal,0.5579710144927537,0
1248,bbb,bbb,known,bbb,0.6628787878787878,0.0,normal,0.6628787878787878,0
1249,bbb,bbb,known,bbb,0.6628787878787878,0.0,normal,0.6628787878787878,0
1250,bbb,bbb,known,bbb,0.6628787878787878,0.0,normal,0.6628787878787878,0
1251,bbb,bbb,known,bbb,0.6628787878787878,0.0,normal,0.6628787878787878,0
1252,bbb,bbb,known,bbb,0.6628787878787878,0.0,normal,0.6628787878787878,0
1253,bbb,bbb,known,bbb,0.6628787878787878,0.0,normal,0.6628787878787878,0
1254,bbb,bbb,known,bbb,0.6628787878787878,0.0,normal,0.6628787878787878,0
1255,bbb,bbb,known,bbb,0.6628787878787878,0.0,normal,0.6628787878787878,0
1256,bbb,bbb,known,bbb,0.6628787878787878,0.0,normal,0.6628787878787878,0
1257,bbb,bbb,known,bbb,0.6628787878787878,0.0,normal,0.6628787878787878,0
1258,bbb,bbb,known,bbb,0.6628787878787878,0.0,normal,0.6628787878787878,0
1259,bbb,bbb,known,bbb,0.6628787878787878,0.0,normal,0.6628787878787878,0
1260,bbb,bbb,known,bbb,0.6628787878787878,0.0,normal,0.6628787878787878,0
1261,bbb,bbb,known,bbb,0.6628787878787878,0.0,normal,0.6628787878787878,0
1262,bbb,bbb,known,bbb,0.6628787878787878,0.0,normal,0.6628787878787878,0
1263,bbb,bbb,known,bbb,0.6628787878787878,0.0,normal,0.6628787878787878,0
1264,bbb,bbb,known,bbb,0.6628787878787878,0.0,normal,0.6628787878787878,0
1265,bbb,bbb,known,bbb,0.6628787878787878,0.0,normal,0.6628787878787878,0
1266,bbb,bbc,known,bbc,0.045454545454545456,0.0,anomaly,0.045454545454545456,0
1267,bbc,bcb,known,bcb,0.6666666666666666,0.0,normal,0.6666666666666666,0
1268,bcb,cbb,known,cbb,0.6111111111111112,0.0,normal,0.6111111111111112,0
1269,cbb,bbb,known,bbb,0.75,0.0,normal,0.75,0
1270,bbb,bbb,known,bbb,0.6628787878787878,0.0,normal,0.6628787878787878,0
1271,bbb,bbb,known,bbb,0.6628787878787878,0.0,normal,0.6628787878787878,0
1272,bbb,bbb,known,bbb,0.6628787878787878,0.0,normal,0.6628787878787878,0
1273,bbb,bbb,known,bbb,0.6628787878787878,0.0,normal,0.6628787878787878,0
1274,bbb,bbb,known,bbb,0.6628787878787878,0.0,normal,0.6628787878787878,0
1275,bbb,bbb,known,bbb,0.6628787878787878,0.0,normal,0.6628787878787878,0
1276,bbb,bbb,known,bbb,0.6628787878787878,0.0,normal,0.6628787878787878,0
1277,bbb,bbc,known,bbc,0.045454545454545456,0.0,anomaly,0.045454545454545456,0
1278,bbc,bcc,known,bcc,0.26666666666666666,0.0,normal,0.26666666666666666,0
1279,bcc,ccb,known,ccb,0.0,0.0,anomaly,0.0,0
1280,ccb,cbb,known,cbb,0.25,0.0,normal,0.25,0
1281,cbb,bbc,known,bbc,0.125,0.0,anomaly,0.125,0
1282,bbc,bcc,known,bcc,0.26666666666666666,0.0,normal,0.26666666666666666,0
1283,bcc,ccb,known,ccb,0.0,0.0,anomaly,0.0,0
1284,ccb,cbb,known,cbb,0.25,0.0,normal,0.25,0
1285,cbb,bbb,known,bbb,0.75,0.0,normal,0.75,0
1286,bbb,bbb,known,bbb,0.6628787878787878,0.0,normal,0.6628787878787878,0
1287,bbb,bba,known,bba,0.2916666666666667,0.0,normal,0.2916666666666667,0
1288,bba,baa,known,baa,0.5652173913043478,0.0,normal,0.5652173913043478,0
1289,baa,aab,known,aab,0.20588235294117646,0.0,normal,0.20588235294117646,0
1290,aab,abb,known,abb,0.42574257425742573,0.0,normal,0.42574257425742573,0
1291,abb,bbb,known,bbb,0.5579710144927537,0.0,normal,0.5579710144927537,0
1292,bbb,bbb,known,bbb,0.6628787878787878,0.0,normal,0.6628787878787878,0
1293,bbb,bbb,known,bbb,0.6628787878787878,0.0,normal,0.6628787878787878,0
1294,bbb,bbb,known,bbb,0.6628787878787878,0.0,normal,0.6628787878787878,0
1295,bbb,bbb,known,bbb,0.6628787878787878,0.0,normal,0.6628787878787878,0
1296,bbb,bbb,known,bbb,0.6628787878787878,0.0,normal,0.6628787878787878,0
1297,bbb,bbb,known,bbb,0.6628787878787878,0.0,normal,0.6628787878787878,0
1298,bbb,bbb,known,bbb,0.6628787878787878,0.0,normal,0.6628787878787878,0
1299,bbb,bbb,known,bbb,0.6628787878787878,0.0,normal,0.6628787878787878,0
1300,bbb,bbb,known,bbb,0.6628787878787878,0.0,normal,0.6628787878787878,0
1301,bbb,bbb,known,bbb,0.6628787878787878,0.0,normal,0.6628787878787878,0
1302,bbb,bbb,known,bbb,0.6628787878787878,0.0,normal,0.6628787878787878,0
1303,bbb,bbb,known,bbb,0.6628787878787878,0.0,normal,0.6628787878787878,0
1304,bbb,bbb,known,bbb,0.6628787878787878,0.0,normal,0.6628787878787878,0
1305,bbb,bbc,known,bbc,0.045454545454545456,0.0,anomaly,0.045454545454545456,0
1306,bbc,bcb,known,bcb,0.6666666666666666,0.0,normal,0.6666666666666666,0
1307,bcb,cbc,known,cbc,0.1111111111111111,0.0,anomaly,0.1111111111111111,0
1308,cbc,bcb,known,bcb,0.36363636363636365,0.0,normal,0.36363636363636365,0
1309,bcb,cbb,known,cbb,0.6111111111111112,0.0,normal,0.6111111111111112,0
1310,cbb,bbb,known,bbb,0.75,0.0,normal,0.75,0
1311,bbb,bbc,known,bbc,0.045454545454545456,0.0,anomaly,0.045454545454545456,0
1312,bbc,bcb,known,bcb,0.6666666666666666,0.0,normal,0.6666666666666666,0
1313,bcb,cbb,known,cbb,0.6111111111111112,0.0,normal,0.6111111111111112,0
1314,cbb,bbb,known,bbb,0.75,0.0,normal,0.75,0
1315,bbb,bbb,known,bbb,0.6628787878787878,0.0,normal,0.6628787878787878,0
1316,bbb,bbb,known,bbb,0.6628787878787878,0.0,normal,0.6628787878787878,0
1317,bbb,bbb,known,bbb,0.6628787878787878,0.0,normal,0.6628787878787878,0
1318,bbb,bbb,known,bbb,0.6628787878787878,0.0,normal,0.6628787878787878,0
1319,bbb,bbb,known,bbb,0.6628787878787878,0.0,normal,0.6628787878787878,0
1320,bbb,bbb,known,bbb,0.6628787878787878,0.0,normal,0.6628787878787878,0
1321,bbb,bbb,known,bbb,0.6628787878787878,0.0,normal,0.6628787878787878,0
1322,bbb,bbb,known,bbb,0.6628787878787878,0.0,normal,0.6628787878787878,0
1323,bbb,bbb,known,bbb,0.6628787878787878,0.0,normal,0.6628787878787878,0
1324,bbb,bbb,known,bbb,0.6628787878787878,0.0,normal,0.6628787878787878,0
1325,bbb,bbb,known,bbb,0.6628787878787878,0.0,normal,0.6628787878787878,0
1326,bbb,bbb,known,bbb,0.6628787878787878,0.0,normal,0.6628787878787878,0
1327,bbb,bbb,known,bbb,0.6628787878787878,0.0,normal,0.6628787878787878,0
1328,bbb,bba,known,bba,0.2916666666666667,0.0,normal,0.2916666666666667,0
1329,bba,bab,known,bab,0.427536231884058,0.0,normal,0.427536231884058,0
1330,bab,abb,known,abb,0.3722627737226277,0.0,normal,0.3722627737226277,0
1331,abb,bbb,known,bbb,0.5579710144927537,0.0,normal,0.5579710144927537,0
1332,bbb,bbb,known,bbb,0.6628787878787878,0.0,normal,0.6628787878787878,0
1333,bbb,bbb,known,bbb,0.6628787878787878,0.0,normal,0.6628787878787878,0
1334,bbb,bbb,known,bbb,0.6628787878787878,0.0,normal,0.6628787878787878,0
1335,bbb,bbb,known,bbb,0.6628787878787878,0.0,normal,0.6628787878787878,0
1336,bbb,bbb,known,bbb,0.6628787878787878,0.0,normal,0.6628787878787878,0
1337,bbb,bbb,known,bbb,0.6628787878787878,0.0,normal,0.6628787878787878,0
1338,bbb,bbb,known,bbb,0.6628787878787878,0.0,normal,0.6628787878787878,0
1339,bbb,bbb,known,bbb,0.6628787878787878,0.0,normal,0.6628787878787878,0
1340,bbb,bba,known,bba,0.2916666666666667,0.0,normal,0.2916666666666667,0
1341,bba,bab,known,bab,0.427536231884058,0.0,normal,0.427536231884058,0
1342,bab,aba,known,aba,0.5985401459854015,0.0,normal,0.5985401459854015,0
1343,aba,bab,known,bab,0.36683417085427134,0.0,normal,0.36683417085427134,0
1344,bab,abb,known,abb,0.3722627737226277,0.0,normal,0.3722627737226277,0
1345,abb,bbb,known,bbb,0.5579710144927537,0.0,normal,0.5579710144927537,0
1346,bbb,bba,known,bba,0.2916666666666667,0.0,normal,0.2916666666666667,0
1347,bba,bab,known,bab,0.427536231884058,0.0,normal,0.427536231884058,0
1348,bab,abb,known,abb,0.3722627737226277,0.0,normal,0.3722627737226277,0
1349,abb,bbb,known,bbb,0.5579710144927537,0.0,normal,0.5579710144927537,0
1350,bbb,bbc,known,bbc,0.045454545454545456,0.0,anomaly,0.045454545454545456,0
1351,bbc,bcb,known,bcb,0.6666666666666666,0.0,normal,0.6666666666666666,0
1352,bcb,cbb,known,cbb,0.6111111111111112,0.0,normal,0.6111111111111112,0
1353,cbb,bbb,known,bbb,0.75,0.0,normal,0.75,0
1354,bbb,bbb,known,bbb,0.6628787878787878,0.0,normal,0.6628787878787878,0
1355,bbb,bba,known,bba,0.2916666666666667,0.0,normal,0.2916666666666667,0
1356,bba,baa,known,baa,0.5652173913043478,0.0,normal,0.5652173913043478,0
1357,baa,aaa,known,aaa,0.7941176470588235,0.0,normal,0.7941176470588235,0
1358,aaa,aab,known,aab,0.05786618444846293,0.0,anomaly,0.05786618444846293,0
1359,aab,aba,known,aba,0.5742574257425742,0.0,normal,0.5742574257425742,0
1360,aba,bab,known,bab,0.36683417085427134,0.0,normal,0.36683417085427134,0
1361,bab,abb,known,abb,0.3722627737226277,0.0,normal,0.3722627737226277,0
1362,abb,bba,known,bba,0.43478260869565216,0.0,normal,0.43478260869565216,0
1363,bba,bab,known,bab,0.427536231884058,0.0,normal,0.427536231884058,0
1364,bab,abb,known,abb,0.3722627737226277,0.0,normal,0.3722627737226277,0
1365,abb,bbb,known,bbb,0.5579710144927537,0.0,normal,0.5579710144927537,0
1366,bbb,bbb,known,bbb,0.6628787878787878,0.0,normal,0.6628787878787878,0
1367,bbb,bba,known,bba,0.2916666666666667,0.0,normal,0.2916666666666667,0
1368,bba,bab,known,bab,0.427536231884058,0.0,normal,0.427536231884058,0
1369,bab,abb,known,abb,0.3722627737226277,0.0,normal,0.3722627737226277,0
1370,abb,bba,known,bba,0.43478260869565216,0.0,normal,0.43478260869565216,0
1371,bba,baa,known,baa,0.5652173913043478,0.0,normal,0.5652173913043478,0
1372,baa,aaa,known,aaa,0.7941176470588235,0.0,normal,0.7941176470588235,0
1373,aaa,aaa,known,aaa,0.9410488245931284,0.0,normal,0.9410488245931284,0
1374,aaa,aaa,known,aaa,0.9410488245931284,0.0,normal,0.9410488245931284,0
1375,aaa,aaa,known,aaa,0.9410488245931284,0.0,normal,0.9410488245931284,0
1376,aaa,aaa,known,aaa,0.9410488245931284,0.0,normal,0.9410488245931284,0
1377,aaa,aab,known,aab,0.05786618444846293,0.0,anomaly,0.05786618444846293,0
1378,aab,aba,known,aba,0.5742574257425742,0.0,normal,0.5742574257425742,0
1379,aba,baa,known,baa,0.6331658291457286,0.0,normal,0.6331658291457286,0
1380,baa,aaa,known,aaa,0.7941176470588235,0.0,normal,0.7941176470588235,0
1381,aaa,aab,known,aab,0.05786618444846293,0.0,anomaly,0.05786618444846293,0
1382,aab,abb,known,abb,0.42574257425742573,0.0,normal,0.42574257425742573,0
1383,abb,bbb,known,bbb,0.5579710144927537,0.0,normal,0.5579710144927537,0
1384,bbb,bbb,known,bbb,0.6628787878787878,0.0,normal,0.6628787878787878,0
1385,bbb,bbb,known,bbb,0.6628787878787878,0.0,normal,0.6628787878787878,0
1386,bbb,bbb,known,bbb,0.6628787878787878,0.0,normal,0.6628787878787878,0
1387,bbb,bbb,known,bbb,0.6628787878787878,0.0,normal,0.6628787878787878,0
1388,bbb,bbb,known,bbb,0.6628787878787878,0.0,normal,0.6628787878787878,0
1389,bbb,bbb,known,bbb,0.6628787878787878,0.0,normal,0.6628787878787878,0
1390,bbb,bba,known,bba,0.2916666666666667,0.0,normal,0.2916666666666667,0
1391,bba,baa,known,baa,0.5652173913043478,0.0,normal,0.5652173913043478,0
1392,baa,aaa,known,aaa,0.7941176470588235,0.0,normal,0.7941176470588235,0
1393,aaa,aab,known,aab,0.05786618444846293,0.0,anomaly,0.05786618444846293,0
1394,aab,abb,known,abb,0.42574257425742573,0.0,normal,0.42574257425742573,0
1395,abb,bbb,known,bbb,0.5579710144927537,0.0,normal,0.5579710144927537,0
1396,bbb,bbb,known,bbb,0.6628787878787878,0.0,normal,0.6628787878787878,0
1397,bbb,bbb,known,bbb,0.6628787878787878,0.0,normal,0.6628787878787878,0
1398,bbb,bbb,known,bbb,0.6628787878787878,0.0,normal,0.6628787878787878,0
1399,bbb,bbb,known,bbb,0.6628787878787878,0.0,normal,0.6628787878787878,0
1400,bbb,bbb,known,bbb,0.6628787878787878,0.0,normal,0.6628787878787878,0
1401,bbb,bba,known,bba,0.2916666666666667,0.0,normal,0.2916666666666667,0
1402,bba,baa,known,baa,0.5652173913043478,0.0,normal,0.5652173913043478,0
1403,baa,aab,known,aab,0.20588235294117646,0.0,normal,0.20588235294117646,0
1404,aab,aba,known,aba,0.5742574257425742,0.0,normal,0.5742574257425742,0
1405,aba,baa,known,baa,0.6331658291457286,0.0,normal,0.6331658291457286,0
1406,baa,aaa,known,aaa,0.7941176470588235,0.0,normal,0.7941176470588235,0
1407,aaa,aaa,known,aaa,0.9410488245931284,0.0,normal,0.9410488245931284,0
1408,aaa,aaa,known,aaa,0.9410488245931284,0.0,normal,0.9410488245931284,0
1409,aaa,aaa,known,aaa,0.9410488245931284,0.0,normal,0.9410488245931284,0
1410,aaa,aab,known,aab,0.05786618444846293,0.0,anomaly,0.05786618444846293,0
1411,aab,abb,known,abb,0.42574257425742573,0.0,normal,0.42574257425742573,0
1412,abb,bbb,known,bbb,0.5579710144927537,0.0,normal,0.5579710144927537,0
1413,bbb,bbb,known,bbb,0.6628787878787878,0.0,normal,0.6628787878787878,0
1414,bbb,bbb,known,bbb,0.6628787878787878,0.0,normal,0.6628787878787878,0
1415,bbb,bbb,known,bbb,0.6628787878787878,0.0,normal,0.6628787878787878,0
1416,bbb,bbb,known,bbb,0.6628787878787878,0.0,normal,0.6628787878787878,0
1417,bbb,bbb,known,bbb,0.6628787878787878,0.0,normal,0.6628787878787878,0
1418,bbb,bbb,known,bbb,0.6628787878787878,0.0,normal,0.6628787878787878,0
1419,bbb,bbb,known,bbb,0.6628787878787878,0.0,normal,0.6628787878787878,0
1420,bbb,bbb,known,bbb,0.6628787878787878,0.0,normal,0.6628787878787878,0
1421,bbb,bbb,known,bbb,0.6628787878787878,0.0,normal,0.6628787878787878,0
1422,bbb,bbb,known,bbb,0.6628787878787878,0.0,normal,0.6628787878787878,0
1423,bbb,bbb,known,bbb,0.6628787878787878,0.0,normal,0.6628787878787878,0
1424,bbb,bbb,known,bbb,0.6628787878787878,0.0,normal,0.6628787878787878,0
1425,bbb,bba,known,bba,0.2916666666666667,0.0,normal,0.2916666666666667,0
1426,bba,bab,known,bab,0.427536231884058,0.0,normal,0.427536231884058,0
1427,bab,abb,known,abb,0.3722627737226277,0.0,normal,0.3722627737226277,0
1428,abb,bbb,known,bbb,0.5579710144927537,0.0,normal,0.5579710144927537,0
1429,bbb,bbb,known,bbb,0.6628787878787878,0.0,normal,0.6628787878787878,0
1430,bbb,bbb,known,bbb,0.6628787878787878,0.0,normal,0.6628787878787878,0
1431,bbb,bba,known,bba,0.2916666666666667,0.0,normal,0.2916666666666667,0
1432,bba,baa,known,baa,0.5652173913043478,0.0,normal,0.5652173913043478,0
1433,baa,aaa,known,aaa,0.7941176470588235,0.0,normal,0.7941176470588235,0
1434,aaa,aaa,known,aaa,0.9410488245931284,0.0,normal,0.9410488245931284,0
1435,aaa,aaa,known,aaa,0.9410488245931284,0.0,normal,0.9410488245931284,0
1436,aaa,aab,known,aab,0.05786618444846293,0.0,anomaly,0.05786618444846293,0
1437,aab,abb,known,abb,0.42574257425742573,0.0,normal,0.42574257425742573,0
1438,abb,bbb,known,bbb,0.5579710144927537,0.0,normal,0.5579710144927537,0
1439,bbb,bbb,known,bbb,0.6628787878787878,0.0,normal,0.6628787878787878,0
1440,bbb,bba,known,bba,0.2916666666666667,0.0,normal,0.2916666666666667,0
1441,bba,bab,known,bab,0.427536231884058,0.0,normal,0.427536231884058,0
1442,bab,aba,known,aba,0.5985401459854015,0.0,normal,0.5985401459854015,0
1443,aba,baa,known,baa,0.6331658291457286,0.0,normal,0.6331658291457286,0
1444,baa,aaa,known,aaa,0.7941176470588235,0.0,normal,0.7941176470588235,0
1445,aaa,aab,known,aab,0.05786618444846293,0.0,anomaly,0.05786618444846293,0
1446,aab,abb,known,abb,0.42574257425742573,0.0,normal,0.42574257425742573,0
1447,abb,bbb,known,bbb,0.5579710144927537,0.0,normal,0.5579710144927537,0
1448,bbb,bbb,known,bbb,0.6628787878787878,0.0,normal,0.6628787878787878,0
1449,bbb,bbb,known,bbb,0.6628787878787878,0.0,normal,0.6628787878787878,0
1450,bbb,bbb,known,bbb,0.6628787878787878,0.0,normal,0.6628787878787878,0
1451,bbb,bba,known,bba,0.2916666666666667,0.0,normal,0.2916666666666667,0
1452,bba,baa,known,baa,0.5652173913043478,0.0,normal,0.5652173913043478,0
1453,baa,aab,known,aab,0.20588235294117646,0.0,normal,0.20588235294117646,0
1454,aab,aba,known,aba,0.5742574257425742,0.0,normal,0.5742574257425742,0
1455,aba,baa,known,baa,0.6331658291457286,0.0,normal,0.6331658291457286,0
1456,baa,aab,known,aab,0.20588235294117646,0.0,normal,0.20588235294117646,0
1457,aab,abb,known,abb,0.42574257425742573,0.0,normal,0.42574257425742573,0
1458,abb,bbb,known,bbb,0.5579710144927537,0.0,normal,0.5579710144927537,0
1459,bbb,bbb,known,bbb,0.6628787878787878,0.0,normal,0.6628787878787878,0
1460,bbb,bba,known,bba,0.2916666666666667,0.0,normal,0.2916666666666667,0
1461,bba,bab,known,bab,0.427536231884058,0.0,normal,0.427536231884058,0
1462,bab,abb,known,abb,0.3722627737226277,0.0,normal,0.3722627737226277,0
1463,abb,bbb,known,bbb,0.5579710144927537,0.0,normal,0.5579710144927537,0
1464,bbb,bbb,known,bbb,0.6628787878787878,0.0,normal,0.6628787878787878,0
1465,bbb,bbb,known,bbb,0.6628787878787878,0.0,normal,0.6628787878787878,0
1466,bbb,bbb,known,bbb,0.6628787878787878,0.0,normal,0.6628787878787878,0
1467,bbb,bbb,known,bbb,0.6628787878787878,0.0,normal,0.6628787878787878,0
1468,bbb,bbb,known,bbb,0.6628787878787878,0.0,normal,0.6628787878787878,0
1469,bbb,bbb,known,bbb,0.6628787878787878,0.0,normal,0.6628787878787878,0
1470,bbb,bbb,known,bbb,0.6628787878787878,0.0,normal,0.6628787878787878,0
1471,bbb,bbb,known,bbb,0.6628787878787878,0.0,normal,0.6628787878787878,0
1472,bbb,bbb,known,bbb,0.6628787878787878,0.0,normal,0.6628787878787878,0
1473,bbb,bbb,known,bbb,0.6628787878787878,0.0,normal,0.6628787878787878,0
1474,bbb,bbb,known,bbb,0.6628787878787878,0.0,normal,0.6628787878787878,0
1475,bbb,bbb,known,bbb,0.6628787878787878,0.0,normal,0.6628787878787878,0
1476,bbb,bbb,known,bbb,0.6628787878787878,0.0,normal,0.6628787878787878,0
1477,bbb,bbc,known,bbc,0.045454545454545456,0.0,anomaly,0.045454545454545456,0
1478,bbc,bcc,known,bcc,0.26666666666666666,0.0,normal,0.26666666666666666,0
1479,bcc,ccb,known,ccb,0.0,0.0,anomaly,0.0,0
1480,ccb,cbb,known,cbb,0.25,0.0,normal,0.25,0
1481,cbb,bbb,known,bbb,0.75,0.0,normal,0.75,0
1482,bbb,bbb,known,bbb,0.6628787878787878,0.0,normal,0.6628787878787878,0
1483,bbb,bbb,known,bbb,0.6628787878787878,0.0,normal,0.6628787878787878,0
1484,bbb,bbb,known,bbb,0.6628787878787878,0.0,normal,0.6628787878787878,0
1485,bbb,bbb,known,bbb,0.6628787878787878,0.0,normal,0.6628787878787878,0
1486,bbb,bbb,known,bbb,0.6628787878787878,0.0,normal,0.6628787878787878,0
1487,bbb,bbb,known,bbb,0.6628787878787878,0.0,normal,0.6628787878787878,0
1488,bbb,bbc,known,bbc,0.045454545454545456,0.0,anomaly,0.045454545454545456,0
1489,bbc,bcc,known,bcc,0.26666666666666666,0.0,normal,0.26666666666666666,0
1490,bcc,ccb,known,ccb,0.0,0.0,anomaly,0.0,0
1491,ccb,cbb,known,cbb,0.25,0.0,normal,0.25,0
1492,cbb,bbb,known,bbb,0.75,0.0,normal,0.75,0
1493,bbb,bbb,known,bbb,0.6628787878787878,0.0,normal,0.6628787878787878,0
1494,bbb,bbc,known,bbc,0.045454545454545456,0.0,anomaly,0.045454545454545456,0
1495,bbc,bcb,known,bcb,0.6666666666666666,0.0,normal,0.6666666666666666,0
1496,bcb,cbb,known,cbb,0.6111111111111112,0.0,normal,0.6111111111111112,0
1497,cbb,bbc,known,bbc,0.125,0.0,anomaly,0.125,0
1498,bbc,bcb,known,bcb,0.6666666666666666,0.0,normal,0.6666666666666666,0
1499,bcb,cbb,known,cbb,0.6111111111111112,0.0,normal,0.6111111111111112,0
1500,cbb,bbb,known,bbb,0.75,0.0,normal,0.75,0
1501,bbb,bbb,known,bbb,0.6628787878787878,0.0,normal,0.6628787878787878,0
1502,bbb,bba,known,bba,0.2916666666666667,0.0,normal,0.2916666666666667,0
1503,bba,bab,known,bab,0.427536231884058,0.0,normal,0.427536231884058,0
1504,bab,abb,known,abb,0.3722627737226277,0.0,normal,0.3722627737226277,0
1505,abb,bbb,known,bbb,0.5579710144927537,0.0,normal,0.5579710144927537,0
1506,bbb,bbb,known,bbb,0.6628787878787878,0.0,normal,0.6628787878787878,0
1507,bbb,bbb,known,bbb,0.6628787878787878,0.0,normal,0.6628787878787878,0
1508,bbb,bbb,known,bbb,0.6628787878787878,0.0,normal,0.6628787878787878,0
1509,bbb,bbb,known,bbb,0.6628787878787878,0.0,normal,0.6628787878787878,0
1510,bbb,bbb,known,bbb,0.6628787878787878,0.0,normal,0.6628787878787878,0
1511,bbb,bbb,known,bbb,0.6628787878787878,0.0,normal,0.6628787878787878,0
