time_step,state,pattern,status,mapped_to,probability,path_probability,decision,confidence,distance
1,abb,bba,known,bba,0.3370165745856354,0.3370165745856354,normal,0.3370165745856354,0
2,bba,bab,known,bab,0.40555555555555556,0.1366789441375077,normal,0.40555555555555556,0
3,bab,abb,known,abb,0.46,0.06287231430325355,normal,0.46,0
4,abb,bba,known,bba,0.3370165745856354,0.02118901200275396,normal,0.3370165745856354,0
5,bba,baa,known,baa,0.5555555555555556,0.011771673334863312,normal,0.5555555555555556,0
6,baa,aaa,known,aaa,0.759090909090909,0.008935770213282604,normal,0.759090909090909,0
7,aaa,aaa,known,aaa,0.9177679882525698,0.008200963852131612,normal,0.9177679882525698,0
8,aaa,aaa,known,aaa,0.9177679882525698,0.007526582096302875,normal,0.9177679882525698,0
9,aaa,aaa,known,aaa,0.9177679882525698,0.006907656108941699,normal,0.9177679882525698,0
10,aaa,aaa,known,aaa,0.9177679882525698,0.006339625650643998,normal,0.9177679882525698,0
11,aaa,aaa,known,aaa,0.9177679882525698,0.00581830547966593,normal,0.9177679882525698,0
12,aaa,aaa,known,aaa,0.9177679882525698,0.005339854515111904,normal,0.9177679882525698,0
13,aaa,aaa,known,aaa,0.9177679882525698,0.004900747535895654,normal,0.9177679882525698,0
14,aaa,aaa,known,aaa,0.9177679882525698,0.0044977492069526925,normal,0.9177679882525698,0
15,aaa,aaa,known,aaa,0.9177679882525698,0.0041278902413295635,normal,0.9177679882525698,0
16,aaa,aab,known,aab,0.08125305922662751,0.00033540371025976876,anomaly,0.08125305922662751,0
17,aab,aba,known,aba,0.4954128440366973,0.00016616330600025241,normal,0.4954128440366973,0
18,aba,bab,known,bab,0.39361702127659576,6.540470555329084e-05,normal,0.39361702127659576,0
19,bab,abb,known,abb,0.46,3.0086164554513786e-05,normal,0.46,0
20,abb,bbb,known,bbb,0.6132596685082873,1.8450631301386907e-05,normal,0.6132596685082873,0
21,bbb,bbb,known,bbb,0.7377938517179023,1.361276233447714e-05,normal,0.7377938517179023,0
22,bbb,bbb,known,bbb,0.7377938517179023,1.0043412355274274e-05,normal,0.7377938517179023,0
23,bbb,bba,known,bba,0.19891500904159132,1.997785459457812e-06,anomaly,0.19891500904159132,0
24,bba,baa,known,baa,0.5555555555555556,1.1098808108098956e-06,normal,0.5555555555555556,0
25,baa,aab,known,aab,0.22727272727272727,2.522456388204308e-07,normal,0.22727272727272727,0
26,aab,aba,known,aba,0.4954128440366973,1.2496572932388317e-07,normal,0.4954128440366973,0
27,aba,bab,known,bab,0.39361702127659576,4.918863813812423e-08,normal,0.39361702127659576,0
28,bab,aba,known,aba,0.5,2.4594319069062114e-08,normal,0.5,0
29,aba,baa,known,baa,0.601063829787234,1.4782755610659675e-08,normal,0.601063829787234,0
30,baa,aaa,known,aaa,0.759090909090909,1.1221455395364388e-08,normal,0.759090909090909,0
31,aaa,aaa,known,aaa,0.9177679882525698,1.029869254346952e-08,normal,0.9177679882525698,0
32,aaa,aaa,known,aaa,0.9177679882525698,9.451810337251763e-09,normal,0.9177679882525698,0
33,aaa,aaa,known,aaa,0.9177679882525698,8.674568958564394e-09,normal,0.9177679882525698,0
34,aaa,aab,known,aab,0.08125305922662751,7.048352653556972e-10,anomaly,0.08125305922662751,0
35,aab,aba,known,aba,0.4954128440366973,3.4918444338722614e-10,normal,0.4954128440366973,0
36,aba,bab,known,bab,0.39361702127659576,1.3744494048220602e-10,normal,0.39361702127659576,0
37,bab,abb,known,abb,0.46,6.322467262181477e-11,normal,0.46,0
38,abb,bba,known,bba,0.3370165745856354,2.1307762596302218e-11,normal,0.3370165745856354,0
39,bba,bab,known,bab,0.40555555555555556,8.641481497389233e-12,normal,0.40555555555555556,0
40,bab,aba,known,aba,0.5,4.3207407486946166e-12,normal,0.5,0
41,aba,baa,known,baa,0.601063829787234,2.597040981928147e-12,normal,0.601063829787234,0
42,baa,aaa,known,aaa,0.759090909090909,1.971390199918184e-12,normal,0.759090909090909,0
43,aaa,aaa,known,aaa,0.9177679882525698,1.8092788178397431e-12,normal,0.9177679882525698,0
44,aaa,aaa,known,aaa,0.9177679882525698,1.6604981808367688e-12,normal,0.9177679882525698,0
45,aaa,aaa,known,aaa,0.9177679882525698,1.523952074923613e-12,normal,0.9177679882525698,0
46,aaa,aab,known,aab,0.08125305922662751,1.238257682023102e-13,anomaly,0.08125305922662751,0
47,aab,abb,known,abb,0.47706422018348627,5.907284354605624e-14,normal,0.47706422018348627,0
48,abb,bbb,known,bbb,0.6132596685082873,3.6226992450896365e-14,normal,0.6132596685082873,0
49,bbb,bbb,known,bbb,0.7377938517179023,2.67280522965022e-14,normal,0.7377938517179023,0
50,bbb,bba,known,bba,0.19891500904159132,5.316610764222861e-15,anomaly,0.19891500904159132,0
51,bba,bab,known,bab,0.40555555555555556,2.156181032157049e-15,normal,0.40555555555555556,0
52,bab,aba,known,aba,0.5,1.0780905160785246e-15,normal,0.5,0
53,aba,bab,known,bab,0.39361702127659576,4.243547776053767e-16,normal,0.39361702127659576,0
54,bab,aba,known,aba,0.5,2.1217738880268835e-16,normal,0.5,0
55,aba,bab,known,bab,0.39361702127659576,8.35166317627603e-17,normal,0.39361702127659576,0
56,bab,abb,known,abb,0.46,3.841765061086974e-17,normal,0.46,0
57,abb,bba,known,bba,0.3370165745856354,1.2947385012503062e-17,normal,0.3370165745856354,0
58,bba,bac,known,bac,0.03888888888888889,5.035094171528969e-19,anomaly,0.03888888888888889,0
59,bac,aca,known,aca,0.2727272727272727,1.3732075013260823e-19,normal,0.2727272727272727,0
60,aca,cab,known,cab,0.5714285714285714,7.846900007577613e-20,normal,0.5714285714285714,0
61,cab,aba,known,aba,0.35714285714285715,2.8024642884205764e-20,normal,0.35714285714285715,0
62,aba,bab,known,bab,0.39361702127659576,1.1030976454421419e-20,normal,0.39361702127659576,0
63,bab,aba,known,aba,0.5,5.5154882272107094e-21,normal,0.5,0
64,aba,baa,known,baa,0.601063829787234,3.315160476993671e-21,normal,0.601063829787234,0
65,baa,aaa,known,aaa,0.759090909090909,2.5165081802633775e-21,normal,0.759090909090909,0
66,aaa,aaa,known,aaa,0.9177679882525698,2.309570650021455e-21,normal,0.9177679882525698,0
67,aaa,aaa,known,aaa,0.9177679882525698,2.1196500091973707e-21,normal,0.9177679882525698,0
68,aaa,aaa,known,aaa,0.9177679882525698,1.9453469247406118e-21,normal,0.9177679882525698,0
69,aaa,aab,known,aab,0.08125305922662751,1.5806538889228661e-22,anomaly,0.08125305922662751,0
70,aab,aba,known,aba,0.4954128440366973,7.830762385489429e-23,normal,0.4954128440366973,0
71,aba,baa,known,baa,0.601063829787234,4.706788029576093e-23,normal,0.601063829787234,0
72,baa,aab,known,aab,0.22727272727272727,1.0697245521763846e-23,normal,0.22727272727272727,0
73,aab,aba,known,aba,0.4954128440366973,5.299552827295851e-24,normal,0.4954128440366973,0
74,aba,baa,known,baa,0.601063829787234,3.185369518534208e-24,normal,0.601063829787234,0
75,baa,aab,known,aab,0.22727272727272727,7.239476178486836e-25,normal,0.22727272727272727,0
76,aab,aba,known,aba,0.4954128440366973,3.586529482920084e-25,normal,0.4954128440366973,0
77,aba,bab,known,bab,0.39361702127659576,1.4117190517876927e-25,normal,0.39361702127659576,0
78,bab,aba,known,aba,0.5,7.058595258938464e-26,normal,0.5,0
79,aba,baa,known,baa,0.601063829787234,4.242666299255566e-26,normal,0.601063829787234,0
80,baa,aab,known,aab,0.22727272727272727,9.642423407399013e-27,normal,0.22727272727272727,0
81,aab,aba,known,aba,0.4954128440366973,4.7769804036655665e-27,normal,0.4954128440366973,0
82,aba,baa,known,baa,0.601063829787234,2.8712701362457926e-27,normal,0.601063829787234,0
83,baa,aaa,known,aaa,0.759090909090909,2.179555057968397e-27,normal,0.759090909090909,0
84,aaa,aaa,known,aaa,0.9177679882525698,2.000325860837369e-27,normal,0.9177679882525698,0
85,aaa,aaa,known,aaa,0.9177679882525698,1.835835041150302e-27,normal,0.9177679882525698,0
86,aaa,aaa,known,aaa,0.9177679882525698,1.684870632480086e-27,normal,0.9177679882525698,0
87,aaa,aaa,known,aaa,0.9177679882525698,1.5463203308370836e-27,normal,0.9177679882525698,0
88,aaa,aaa,known,aaa,0.9177679882525698,1.4191632992263983e-27,normal,0.9177679882525698,0
89,aaa,aaa,known,aaa,0.9177679882525698,1.3024626461328912e-27,normal,0.9177679882525698,0
90,aaa,aaa,known,aaa,0.9177679882525698,1.1953585225155023e-27,normal,0.9177679882525698,0
91,aaa,aaa,known,aaa,0.9177679882525698,1.0970617864496166e-27,normal,0.9177679882525698,0
92,aaa,aaa,known,aaa,0.9177679882525698,1.006848188738635e-27,normal,0.9177679882525698,0
93,aaa,aaa,known,aaa,0.9177679882525698,9.240530366544007e-28,normal,0.9177679882525698,0
94,aaa,aaa,known,aaa,0.9177679882525698,8.480662964889875e-28,normal,0.9177679882525698,0
95,aaa,aaa,known,aaa,0.9177679882525698,7.783280988335054e-28,normal,0.9177679882525698,0
96,aaa,aaa,known,aaa,0.9177679882525698,7.143246134668736e-28,normal,0.9177679882525698,0
97,aaa,aaa,known,aaa,0.9177679882525698,6.555842634607871e-28,normal,0.9177679882525698,0
98,aaa,aaa,known,aaa,0.9177679882525698,6.0167425060644925e-28,normal,0.9177679882525698,0
99,aaa,aaa,known,aaa,0.9177679882525698,5.521973665624534e-28,normal,0.9177679882525698,0
100,aaa,aaa,known,aaa,0.9177679882525698,5.067890662283897e-28,normal,0.9177679882525698,0
101,aaa,aaa,known,aaa,0.9177679882525698,4.651147817808276e-28,normal,0.9177679882525698,0
102,aaa,aaa,known,aaa,0.9177679882525698,4.268674575815231e-28,normal,0.9177679882525698,0
103,aaa,aaa,known,aaa,0.9177679882525698,3.9176528779508363e-28,normal,0.9177679882525698,0
104,aaa,aaa,known,aaa,0.9177679882525698,3.595496400468829e-28,normal,0.9177679882525698,0
105,aaa,aaa,known,aaa,0.9177679882525698,3.2998314982276335e-28,normal,0.9177679882525698,0
106,aaa,aaa,known,aaa,0.9177679882525698,3.0284797157008385e-28,normal,0.9177679882525698,0
107,aaa,aab,known,aab,0.08125305922662751,2.4607324170648028e-29,anomaly,0.08125305922662751,0
108,aab,aba,known,aba,0.4954128440366973,1.2190784451513702e-29,normal,0.4954128440366973,0
109,aba,baa,known,baa,0.601063829787234,7.327439590537491e-30,normal,0.601063829787234,0
110,baa,aaa,known,aaa,0.759090909090909,5.562192780089823e-30,normal,0.759090909090909,0
111,aaa,aaa,known,aaa,0.9177679882525698,5.1048024780560046e-30,normal,0.9177679882525698,0
112,aaa,aaa,known,aaa,0.9177679882525698,4.6850243007121926e-30,normal,0.9177679882525698,0
113,aaa,aaa,known,aaa,0.9177679882525698,4.2997653273790315e-30,normal,0.9177679882525698,0
114,aaa,aaa,known,aaa,0.9177679882525698,3.946186974466806e-30,normal,0.9177679882525698,0
115,aaa,aaa,known,aaa,0.9177679882525698,3.621684080824895e-30,normal,0.9177679882525698,0
116,aaa,aab,known,aab,0.08125305922662751,2.9427291111939923e-31,anomaly,0.08125305922662751,0
117,aab,aba,known,aba,0.4954128440366973,1.457865798206198e-31,normal,0.4954128440366973,0
118,aba,bab,known,bab,0.39361702127659576,5.738407929109503e-32,normal,0.39361702127659576,0
119,bab,aba,known,aba,0.5,2.8692039645547515e-32,normal,0.5,0
120,aba,baa,known,baa,0.601063829787234,1.724574723375994e-32,normal,0.601063829787234,0
121,baa,aaa,known,aaa,0.759090909090909,1.3091089945626865e-32,normal,0.759090909090909,0
122,aaa,aaa,known,aaa,0.9177679882525698,1.201458328343141e-32,normal,0.9177679882525698,0
123,aaa,aaa,known,aaa,0.9177679882525698,1.10265999297278e-32,normal,0.9177679882525698,0
124,aaa,aaa,known,aaa,0.9177679882525698,1.011986043477221e-32,normal,0.9177679882525698,0
125,aaa,aaa,known,aaa,0.9177679882525698,9.287683952617667e-33,normal,0.9177679882525698,0
126,aaa,aaa,known,aaa,0.9177679882525698,8.523939016719592e-33,normal,0.9177679882525698,0
127,aaa,aaa,known,aaa,0.9177679882525698,7.822998363362328e-33,normal,0.9177679882525698,0
128,aaa,aaa,known,aaa,0.9177679882525698,7.17969747004619e-33,normal,0.9177679882525698,0
129,aaa,aaa,known,aaa,0.9177679882525698,6.589296503346357e-33,normal,0.9177679882525698,0
130,aaa,aaa,known,aaa,0.9177679882525698,6.0474453958758786e-33,normal,0.9177679882525698,0
131,aaa,aaa,known,aaa,0.9177679882525698,5.55015179504027e-33,normal,0.9177679882525698,0
132,aaa,aaa,known,aaa,0.9177679882525698,5.093751647430498e-33,normal,0.9177679882525698,0
133,aaa,aaa,known,aaa,0.9177679882525698,4.6748822021205015e-33,normal,0.9177679882525698,0
134,aaa,aaa,known,aaa,0.9177679882525698,4.290457233957876e-33,normal,0.9177679882525698,0
135,aaa,aaa,known,aaa,0.9177679882525698,3.9376443042932055e-33,normal,0.9177679882525698,0
136,aaa,aaa,known,aaa,0.9177679882525698,3.613843891605365e-33,normal,0.9177679882525698,0
137,aaa,aaa,known,aaa,0.9177679882525698,3.316670238257494e-33,normal,0.9177679882525698,0
138,aaa,aaa,known,aaa,0.9177679882525698,3.0439337722627514e-33,normal,0.9177679882525698,0
139,aaa,aaa,known,aaa,0.9177679882525698,2.793624974543641e-33,normal,0.9177679882525698,0
140,aaa,aaa,known,aaa,0.9177679882525698,2.563899572819054e-33,normal,0.9177679882525698,0
141,aaa,aaa,known,aaa,0.9177679882525698,2.3530649530277662e-33,normal,0.9177679882525698,0
142,aaa,aaa,known,aaa,0.9177679882525698,2.1595676881679204e-33,normal,0.9177679882525698,0
143,aaa,aaa,known,aaa,0.9177679882525698,1.9819820926651253e-33,normal,0.9177679882525698,0
144,aaa,aaa,known,aaa,0.9177679882525698,1.8189997179378905e-33,normal,0.9177679882525698,0
145,aaa,aaa,known,aaa,0.9177679882525698,1.6694197117638495e-33,normal,0.9177679882525698,0
146,aaa,aaa,known,aaa,0.9177679882525698,1.532139970414693e-33,normal,0.9177679882525698,0
147,aaa,aaa,known,aaa,0.9177679882525698,1.4061490183688446e-33,normal,0.9177679882525698,0
148,aaa,aaa,known,aaa,0.9177679882525698,1.2905185557717002e-33,normal,0.9177679882525698,0
149,aaa,aaa,known,aaa,0.9177679882525698,1.184396618733205e-33,normal,0.9177679882525698,0
150,aaa,aaa,known,aaa,0.9177679882525698,1.0870013020679195e-33,normal,0.9177679882525698,0
151,aaa,aaa,known,aaa,0.9177679882525698,9.976149982267985e-34,normal,0.9177679882525698,0
152,aaa,aaa,known,aaa,0.9177679882525698,9.155791099731997e-34,normal,0.9177679882525698,0
153,aaa,aaa,known,aaa,0.9177679882525698,8.402891978461818e-34,normal,0.9177679882525698,0
154,aaa,aaa,known,aaa,0.9177679882525698,7.71190526657656e-34,normal,0.9177679882525698,0
155,aaa,aaa,known,aaa,0.9177679882525698,7.0777397821003665e-34,normal,0.9177679882525698,0
156,aaa,aab,known,aab,0.08125305922662751,5.750880097056588e-35,anomaly,0.08125305922662751,0
157,aab,abb,known,abb,0.47706422018348627,2.7435391288710326e-35,normal,0.47706422018348627,0
158,abb,bbb,known,bbb,0.6132596685082873,1.6825018967109647e-35,normal,0.6132596685082873,0
159,bbb,bbb,known,bbb,0.7377938517179023,1.241339554897059e-35,normal,0.7377938517179023,0
160,bbb,bba,known,bba,0.19891500904159132,2.4692106878603344e-36,anomaly,0.19891500904159132,0
161,bba,bab,known,bab,0.40555555555555556,1.0014021122989133e-36,normal,0.40555555555555556,0
162,bab,aba,known,aba,0.5,5.007010561494567e-37,normal,0.5,0
163,aba,baa,known,baa,0.601063829787234,3.0095329438770536e-37,normal,0.601063829787234,0
164,baa,aaa,known,aaa,0.759090909090909,2.2845090983066724e-37,normal,0.759090909090909,0
165,aaa,aaa,known,aaa,0.9177679882525698,2.0966493192976067e-37,normal,0.9177679882525698,0
166,aaa,aaa,known,aaa,0.9177679882525698,1.9242376278428846e-37,normal,0.9177679882525698,0
167,aaa,aaa,known,aaa,0.9177679882525698,1.7660036966252611e-37,normal,0.9177679882525698,0
168,aaa,aaa,known,aaa,0.9177679882525698,1.6207816598983675e-37,normal,0.9177679882525698,0
169,aaa,aaa,known,aaa,0.9177679882525698,1.4875015234015854e-37,normal,0.9177679882525698,0
170,aaa,aab,known,aab,0.08125305922662751,1.2086404938064768e-38,anomaly,0.08125305922662751,0
171,aab,aba,known,aba,0.4954128440366973,5.987760244545849e-39,normal,0.4954128440366973,0
172,aba,baa,known,baa,0.601063829787234,3.599026104434473e-39,normal,0.601063829787234,0
173,baa,aaa,known,aaa,0.759090909090909,2.731987997457077e-39,normal,0.759090909090909,0
174,aaa,aaa,known,aaa,0.9177679882525698,2.5073311283563484e-39,normal,0.9177679882525698,0
175,aaa,aaa,known,aaa,0.9177679882525698,2.3011482455546516e-39,normal,0.9177679882525698,0
176,aaa,aaa,known,aaa,0.9177679882525698,2.111920195993623e-39,normal,0.9177679882525698,0
177,aaa,aab,known,aab,0.08125305922662751,1.7159997676698065e-40,anomaly,0.08125305922662751,0
178,aab,abb,known,abb,0.47706422018348627,8.186420909984398e-41,normal,0.47706422018348627,0
179,abb,bbb,known,bbb,0.6132596685082873,5.020401773526344e-41,normal,0.6132596685082873,0
180,bbb,bba,known,bba,0.19891500904159132,9.986332641734137e-42,anomaly,0.19891500904159132,0
181,bba,baa,known,baa,0.5555555555555556,5.5479625787411874e-42,normal,0.5555555555555556,0
182,baa,aaa,known,aaa,0.759090909090909,4.211407957498992e-42,normal,0.759090909090909,0
183,aaa,aaa,known,aaa,0.9177679882525698,3.865095408864714e-42,normal,0.9177679882525698,0
184,aaa,aab,known,aab,0.08125305922662751,3.140508261730507e-43,anomaly,0.08125305922662751,0
185,aab,abb,known,abb,0.47706422018348627,1.4982241248622603e-43,normal,0.47706422018348627,0
186,abb,bbb,known,bbb,0.6132596685082873,9.188004301641484e-44,normal,0.6132596685082873,0
187,bbb,bba,known,bba,0.19891500904159132,1.8276319587351958e-44,anomaly,0.19891500904159132,0
188,bba,bab,known,bab,0.40555555555555556,7.412062943759406e-45,normal,0.40555555555555556,0
189,bab,abb,known,abb,0.46,3.409548954129327e-45,normal,0.46,0
190,abb,bbb,known,bbb,0.6132596685082873,2.0909388613721284e-45,normal,0.6132596685082873,0
191,bbb,bbb,known,bbb,0.7377938517179023,1.5426818362383876e-45,normal,0.7377938517179023,0
192,bbb,bbb,known,bbb,0.7377938517179023,1.1381811739335662e-45,normal,0.7377938517179023,0
193,bbb,bbb,known,bbb,0.7377938517179023,8.397430722692495e-46,normal,0.7377938517179023,0
194,bbb,bbb,known,bbb,0.7377938517179023,6.195572757429544e-46,normal,0.7377938517179023,0
195,bbb,bbb,known,bbb,0.7377938517179023,4.571055488302448e-46,normal,0.7377938517179023,0
196,bbb,bba,known,bba,0.19891500904159132,9.092515437852972e-47,anomaly,0.19891500904159132,0
197,bba,bab,known,bab,0.40555555555555556,3.6875201497959276e-47,normal,0.40555555555555556,0
198,bab,abb,known,abb,0.46,1.6962592689061268e-47,normal,0.46,0
199,abb,bbb,known,bbb,0.6132596685082873,1.0402473969534811e-47,normal,0.6132596685082873,0
200,bbb,bbb,known,bbb,0.7377938517179023,7.674881337378305e-48,normal,0.7377938517179023,0
201,bbb,bbb,known,bbb,0.7377938517179023,5.662480263382186e-48,normal,0.7377938517179023,0
202,bbb,bba,known,bba,0.19891500904159132,1.1263523127884998e-48,anomaly,0.19891500904159132,0
203,bba,bab,known,bab,0.40555555555555556,4.5679843796422495e-49,normal,0.40555555555555556,0
204,bab,abb,known,abb,0.46,2.1012728146354347e-49,normal,0.46,0
205,abb,bbb,known,bbb,0.6132596685082873,1.2886258697488024e-49,normal,0.6132596685082873,0
206,bbb,bba,known,bba,0.19891500904159132,2.563270265323115e-50,anomaly,0.19891500904159132,0
207,bba,baa,known,baa,0.5555555555555556,1.4240390362906194e-50,normal,0.5555555555555556,0
208,baa,aaa,known,aaa,0.759090909090909,1.0809750866387883e-50,normal,0.759090909090909,0
209,aaa,aaa,known,aaa,0.9177679882525698,9.92084330615628e-51,normal,0.9177679882525698,0
210,aaa,aaa,known,aaa,0.9177679882525698,9.105032402860022e-51,normal,0.9177679882525698,0
211,aaa,aaa,known,aaa,0.9177679882525698,8.356307271347304e-51,normal,0.9177679882525698,0
212,aaa,aaa,known,aaa,0.9177679882525698,7.669151313644735e-51,normal,0.9177679882525698,0
213,aaa,aaa,known,aaa,0.9177679882525698,7.038501572728281e-51,normal,0.9177679882525698,0
214,aaa,aaa,known,aaa,0.9177679882525698,6.459711428715384e-51,normal,0.9177679882525698,0
215,aaa,aaa,known,aaa,0.9177679882525698,5.928516362624251e-51,normal,0.9177679882525698,0
216,aaa,aaa,known,aaa,0.9177679882525698,5.441002535448101e-51,normal,0.9177679882525698,0
217,aaa,aaa,known,aaa,0.9177679882525698,4.9935779510353356e-51,normal,0.9177679882525698,0
218,aaa,aaa,known,aaa,0.9177679882525698,4.5829459903040896e-51,normal,0.9177679882525698,0
219,aaa,aaa,known,aaa,0.9177679882525698,4.2060811217915656e-51,normal,0.9177679882525698,0
220,aaa,aaa,known,aaa,0.9177679882525698,3.860206609573757e-51,normal,0.9177679882525698,0
221,aaa,aaa,known,aaa,0.9177679882525698,3.54277405430778e-51,normal,0.9177679882525698,0
222,aaa,aaa,known,aaa,0.9177679882525698,3.251444616655452e-51,normal,0.9177679882525698,0
223,aaa,aaa,known,aaa,0.9177679882525698,2.984071784742522e-51,normal,0.9177679882525698,0
224,aaa,aaa,known,aaa,0.9177679882525698,2.7386855586844004e-51,normal,0.9177679882525698,0
225,aaa,aaa,known,aaa,0.9177679882525698,2.5134779356501472e-51,normal,0.9177679882525698,0
226,aaa,aaa,known,aaa,0.9177679882525698,2.3067895885188575e-51,normal,0.9177679882525698,0
227,aaa,aaa,known,aaa,0.9177679882525698,2.117097639976925e-51,normal,0.9177679882525698,0
228,aaa,aaa,known,aaa,0.9177679882525698,1.9430044419758858e-51,normal,0.9177679882525698,0
229,aaa,aaa,known,aaa,0.9177679882525698,1.7832272778780158e-51,normal,0.9177679882525698,0
230,aaa,aaa,known,aaa,0.9177679882525698,1.6365889114152127e-51,normal,0.9177679882525698,0
231,aaa,aaa,known,aaa,0.9177679882525698,1.502008912826003e-51,normal,0.9177679882525698,0
232,aaa,aaa,known,aaa,0.9177679882525698,1.37849569826175e-51,normal,0.9177679882525698,0
233,aaa,aaa,known,aaa,0.9177679882525698,1.2651392238085077e-51,normal,0.9177679882525698,0
234,aaa,aaa,known,aaa,0.9177679882525698,1.1611042802941518e-51,normal,0.9177679882525698,0
235,aaa,aaa,known,aaa,0.9177679882525698,1.0656243394770116e-51,normal,0.9177679882525698,0
236,aaa,aaa,known,aaa,0.9177679882525698,9.779959062747904e-52,normal,0.9177679882525698,0
237,aaa,aaa,known,aaa,0.9177679882525698,8.975733354210632e-52,normal,0.9177679882525698,0
238,aaa,aaa,known,aaa,0.9177679882525698,8.237640743585382e-52,normal,0.9177679882525698,0
239,aaa,aaa,known,aaa,0.9177679882525698,7.560242973187759e-52,normal,0.9177679882525698,0
240,aaa,aaa,known,aaa,0.9177679882525698,6.938548984203156e-52,normal,0.9177679882525698,0
241,aaa,aaa,known,aaa,0.9177679882525698,6.367978142624042e-52,normal,0.9177679882525698,0
242,aaa,aaa,known,aaa,0.9177679882525698,5.844326489192403e-52,normal,0.9177679882525698,0
243,aaa,aaa,known,aaa,0.9177679882525698,5.3637357646773155e-52,normal,0.9177679882525698,0
244,aaa,aaa,known,aaa,0.9177679882525698,4.9226649822662585e-52,normal,0.9177679882525698,0
245,aaa,aaa,known,aaa,0.9177679882525698,4.5178643376158764e-52,normal,0.9177679882525698,0
246,aaa,aaa,known,aaa,0.9177679882525698,4.146351264331751e-52,normal,0.9177679882525698,0
247,aaa,aaa,known,aaa,0.9177679882525698,3.8053884584542504e-52,normal,0.9177679882525698,0
248,aaa,aaa,known,aaa,0.9177679882525698,3.4924637100351055e-52,normal,0.9177679882525698,0
249,aaa,aaa,known,aaa,0.9177679882525698,3.205271393204025e-52,normal,0.9177679882525698,0
250,aaa,aaa,known,aaa,0.9177679882525698,2.9416954783443694e-52,normal,0.9177679882525698,0
251,aaa,aaa,known,aaa,0.9177679882525698,2.699793941211793e-52,normal,0.9177679882525698,0
252,aaa,aaa,known,aaa,0.9177679882525698,2.477784454122424e-52,normal,0.9177679882525698,0
253,aaa,aaa,known,aaa,0.9177679882525698,2.2740312537834287e-52,normal,0.9177679882525698,0
254,aaa,aaa,known,aaa,0.9177679882525698,2.0870330890082862e-52,normal,0.9177679882525698,0
255,aaa,aaa,known,aaa,0.9177679882525698,1.9154121595156812e-52,normal,0.9177679882525698,0
256,aaa,aaa,known,aaa,0.9177679882525698,1.757903964313217e-52,normal,0.9177679882525698,0
257,aaa,aaa,known,aaa,0.9177679882525698,1.6133479848689584e-52,normal,0.9177679882525698,0
258,aaa,aaa,known,aaa,0.9177679882525698,1.4806791344245212e-52,normal,0.9177679882525698,0
259,aaa,aaa,known,aaa,0.9177679882525698,1.358919910448349e-52,normal,0.9177679882525698,0
260,aaa,aaa,known,aaa,0.9177679882525698,1.2471731924085437e-52,normal,0.9177679882525698,0
261,aaa,aaa,known,aaa,0.9177679882525698,1.1446156317993242e-52,normal,0.9177679882525698,0
262,aaa,aaa,known,aaa,0.9177679882525698,1.0504915857189099e-52,normal,0.9177679882525698,0
263,aaa,aaa,known,aaa,0.9177679882525698,9.641075493014959e-53,normal,0.9177679882525698,0
264,aaa,aaa,known,aaa,0.9177679882525698,8.84827045981549e-53,normal,0.9177679882525698,0
265,aaa,aaa,known,aaa,0.9177679882525698,8.120659379419503e-53,normal,0.9177679882525698,0
266,aaa,aaa,known,aaa,0.9177679882525698,7.452881221934199e-53,normal,0.9177679882525698,0
267,aaa,aaa,known,aaa,0.9177679882525698,6.840015805739904e-53,normal,0.9177679882525698,0
268,aaa,aaa,known,aaa,0.9177679882525698,6.277547545649692e-53,normal,0.9177679882525698,0
269,aaa,aaa,known,aaa,0.9177679882525698,5.761332182130775e-53,normal,0.9177679882525698,0
270,aaa,aaa,known,aaa,0.9177679882525698,5.287566246448949e-53,normal,0.9177679882525698,0
271,aaa,aaa,known,aaa,0.9177679882525698,4.852759036755643e-53,normal,0.9177679882525698,0
272,aaa,aaa,known,aaa,0.9177679882525698,4.453706898637705e-53,normal,0.9177679882525698,0
273,aaa,aaa,known,aaa,0.9177679882525698,4.087469620629318e-53,normal,0.9177679882525698,0
274,aaa,aaa,known,aaa,0.9177679882525698,3.751348770768464e-53,normal,0.9177679882525698,0
275,aaa,aaa,known,aaa,0.9177679882525698,3.4428678145819236e-53,normal,0.9177679882525698,0
276,aaa,aaa,known,aaa,0.9177679882525698,3.1597538680083733e-53,normal,0.9177679882525698,0
277,aaa,aaa,known,aaa,0.9177679882525698,2.899920950815321e-53,normal,0.9177679882525698,0
278,aaa,aaa,known,aaa,0.9177679882525698,2.6614546171212565e-53,normal,0.9177679882525698,0
279,aaa,aaa,known,aaa,0.9177679882525698,2.442597849780889e-53,normal,0.9177679882525698,0
280,aaa,aaa,known,aaa,0.9177679882525698,2.2417381147034593e-53,normal,0.9177679882525698,0
281,aaa,aaa,known,aaa,0.9177679882525698,2.0573954797205024e-53,normal,0.9177679882525698,0
282,aaa,aaa,known,aaa,0.9177679882525698,1.888211710463016e-53,normal,0.9177679882525698,0
283,aaa,aaa,known,aaa,0.9177679882525698,1.732940262906586e-53,normal,0.9177679882525698,0
284,aaa,aaa,known,aaa,0.9177679882525698,1.5904370988496568e-53,normal,0.9177679882525698,0
285,aaa,aaa,known,aaa,0.9177679882525698,1.459652256653503e-53,normal,0.9177679882525698,0
286,aaa,aaa,known,aaa,0.9177679882525698,1.3396221151372092e-53,normal,0.9177679882525698,0
287,aaa,aaa,known,aaa,0.9177679882525698,1.229462293628129e-53,normal,0.9177679882525698,0
288,aaa,aaa,known,aaa,0.9177679882525698,1.128361135855478e-53,normal,0.9177679882525698,0
289,aaa,aaa,known,aaa,0.9177679882525698,1.0355737296764667e-53,normal,0.9177679882525698,0
290,aaa,aaa,known,aaa,0.9177679882525698,9.504164185723813e-54,normal,0.9177679882525698,0
291,aaa,aaa,known,aaa,0.9177679882525698,8.722617644753867e-54,normal,0.9177679882525698,0
292,aaa,aaa,known,aaa,0.9177679882525698,8.005339248122125e-54,normal,0.9177679882525698,0
293,aaa,aaa,known,aaa,0.9177679882525698,7.347044097028381e-54,normal,0.9177679882525698,0
294,aaa,aab,known,aab,0.08125305922662751,5.969698091564911e-55,anomaly,0.08125305922662751,0
295,aab,aba,known,aba,0.4954128440366973,2.9574651095826165e-55,normal,0.4954128440366973,0
296,aba,baa,known,baa,0.601063829787234,1.7776253052278493e-55,normal,0.601063829787234,0
297,baa,aaa,known,aaa,0.759090909090909,1.3493792089684128e-55,normal,0.759090909090909,0
298,aaa,aaa,known,aaa,0.9177679882525698,1.2384170420047841e-55,normal,0.9177679882525698,0
299,aaa,aab,known,aab,0.08125305922662751,1.0062517326127957e-56,anomaly,0.08125305922662751,0
300,aab,aba,known,aba,0.4954128440366973,4.9851003267055937e-57,normal,0.4954128440366973,0
301,aba,baa,known,baa,0.601063829787234,2.996363494243256e-57,normal,0.601063829787234,0
302,baa,aab,known,aab,0.22727272727272727,6.809917032371036e-58,normal,0.22727272727272727,0
303,aab,abb,known,abb,0.47706422018348627,3.2487677585623294e-58,normal,0.47706422018348627,0
304,abb,bbb,known,bbb,0.6132596685082873,1.9923382386763457e-58,normal,0.6132596685082873,0
305,bbb,bbb,known,bbb,0.7377938517179023,1.4699349030378826e-58,normal,0.7377938517179023,0
306,bbb,bbb,known,bbb,0.7377938517179023,1.0845089338869007e-58,normal,0.7377938517179023,0
307,bbb,bba,known,bba,0.19891500904159132,2.157251043897994e-59,anomaly,0.19891500904159132,0
308,bba,baa,known,baa,0.5555555555555556,1.1984728021655525e-59,normal,0.5555555555555556,0
309,baa,aab,known,aab,0.22727272727272727,2.723801823103528e-60,normal,0.22727272727272727,0
310,aab,abb,known,abb,0.47706422018348627,1.2994283926732427e-60,normal,0.47706422018348627,0
311,abb,bba,known,bba,0.3370165745856354,4.379289058180542e-61,normal,0.3370165745856354,0
312,bba,bab,known,bab,0.40555555555555556,1.7760450069287752e-61,normal,0.40555555555555556,0
313,bab,abb,known,abb,0.46,8.169807031872366e-62,normal,0.46,0
314,abb,bba,known,bba,0.3370165745856354,2.7533603809072616e-62,normal,0.3370165745856354,0
315,bba,bab,known,bab,0.40555555555555556,1.1166405989235005e-62,normal,0.40555555555555556,0
316,bab,aba,known,aba,0.5,5.583202994617503e-63,normal,0.5,0
317,aba,bab,known,bab,0.39361702127659576,2.1976437319239107e-63,normal,0.39361702127659576,0
318,bab,abc,known,abc,0.04,8.790574927695643e-65,anomaly,0.04,0
319,abc,bcb,known,bcb,0.9230769230769231,8.11437685633444e-65,normal,0.9230769230769231,0
320,bcb,cbb,known,cbb,0.5471698113207547,4.439942053466015e-65,normal,0.5471698113207547,0
321,cbb,bbb,known,bbb,0.5964912280701754,2.6483864880323595e-65,normal,0.5964912280701754,0
322,bbb,bbb,known,bbb,0.7377938517179023,1.953963267843043e-65,normal,0.7377938517179023,0
323,bbb,bbb,known,bbb,0.7377938517179023,1.441622085497218e-65,normal,0.7377938517179023,0
324,bbb,bbc,known,bbc,0.06329113924050633,9.124190414539354e-67,anomaly,0.06329113924050633,0
325,bbc,bcc,known,bcc,0.3448275862068966,3.146272556737708e-67,normal,0.3448275862068966,0
326,bcc,ccb,known,ccb,0.6363636363636364,2.0021734451967235e-67,normal,0.6363636363636364,0
327,ccb,cba,known,cba,0.06060606060606061,1.2134384516343779e-68,anomaly,0.06060606060606061,0
328,cba,bab,known,bab,0.23076923076923078,2.800242580694718e-69,normal,0.23076923076923078,0
329,bab,abb,known,abb,0.46,1.2881115871195704e-69,normal,0.46,0
330,abb,bbb,known,bbb,0.6132596685082873,7.899468849186316e-70,normal,0.6132596685082873,0
331,bbb,bbc,known,bbc,0.06329113924050633,4.999663828598934e-71,anomaly,0.06329113924050633,0
332,bbc,bcb,known,bcb,0.5344827586206896,2.672234115285637e-71,normal,0.5344827586206896,0
333,bcb,cbb,known,cbb,0.5471698113207547,1.462165836665726e-71,normal,0.5471698113207547,0
334,cbb,bbb,known,bbb,0.5964912280701754,8.721690955549943e-72,normal,0.5964912280701754,0
335,bbb,bbb,known,bbb,0.7377938517179023,6.434809963588385e-72,normal,0.7377938517179023,0
336,bbb,bbb,known,bbb,0.7377938517179023,4.74756322810861e-72,normal,0.7377938517179023,0
337,bbb,bbb,known,bbb,0.7377938517179023,3.5027229603405293e-72,normal,0.7377938517179023,0
338,bbb,bbb,known,bbb,0.7377938517179023,2.5842874644103725e-72,normal,0.7377938517179023,0
339,bbb,bbb,known,bbb,0.7377938517179023,1.9066714023136203e-72,normal,0.7377938517179023,0
340,bbb,bbc,known,bbc,0.06329113924050633,1.206754052097228e-73,anomaly,0.06329113924050633,0
341,bbc,bcb,known,bcb,0.5344827586206896,6.449892347416218e-74,normal,0.5344827586206896,0
342,bcb,cba,known,cba,0.16981132075471697,1.0952647382404899e-74,anomaly,0.16981132075471697,0
343,cba,bab,known,bab,0.23076923076923078,2.5275340113242075e-75,normal,0.23076923076923078,0
344,bab,abb,known,abb,0.46,1.1626656452091355e-75,normal,0.46,0
345,abb,bba,known,bba,0.3370165745856354,3.918375931367805e-76,normal,0.3370165745856354,0
346,bba,bab,known,bab,0.40555555555555556,1.5891191277213876e-76,normal,0.40555555555555556,0
347,bab,abb,known,abb,0.46,7.309947987518383e-77,normal,0.46,0
348,abb,bba,known,bba,0.3370165745856354,2.4635736311526044e-77,normal,0.3370165745856354,0
349,bba,bab,known,bab,0.40555555555555556,9.991159726341117e-78,normal,0.40555555555555556,0
350,bab,aba,known,aba,0.5,4.995579863170559e-78,normal,0.5,0
351,aba,bab,known,bab,0.39361702127659576,1.966345265290539e-78,normal,0.39361702127659576,0
352,bab,abb,known,abb,0.46,9.04518822033648e-79,normal,0.46,0
353,abb,bbb,known,bbb,0.6132596685082873,5.547049129598615e-79,normal,0.6132596685082873,0
354,bbb,bbc,known,bbc,0.06329113924050633,3.510790588353554e-80,anomaly,0.06329113924050633,0
355,bbc,bcb,known,bcb,0.5344827586206896,1.8764570386027616e-80,normal,0.5344827586206896,0
356,bcb,cbb,known,cbb,0.5471698113207547,1.0267406437637752e-80,normal,0.5471698113207547,0
357,cbb,bbc,known,bbc,0.24561403508771928,2.5218191250338335e-81,normal,0.24561403508771928,0
358,bbc,bcb,known,bcb,0.5344827586206896,1.3478688426904972e-81,normal,0.5344827586206896,0
359,bcb,cbc,known,cbc,0.2830188679245283,3.814723139690086e-82,normal,0.2830188679245283,0
360,cbc,bcb,known,bcb,0.4,1.5258892558760346e-82,normal,0.4,0
361,bcb,cbb,known,cbb,0.5471698113207547,8.349205362340566e-83,normal,0.5471698113207547,0
362,cbb,bbb,known,bbb,0.5964912280701754,4.980227759992618e-83,normal,0.5964912280701754,0
363,bbb,bbb,known,bbb,0.7377938517179023,3.6743814214773744e-83,normal,0.7377938517179023,0
364,bbb,bbb,known,bbb,0.7377938517179023,2.710936021632493e-83,normal,0.7377938517179023,0
365,bbb,bbb,known,bbb,0.7377938517179023,2.000111929161044e-83,normal,0.7377938517179023,0
366,bbb,bba,known,bba,0.19891500904159132,3.978522824732637e-84,anomaly,0.19891500904159132,0
367,bba,bab,known,bab,0.40555555555555556,1.6135120344749027e-84,normal,0.40555555555555556,0
368,bab,aba,known,aba,0.5,8.067560172374513e-85,normal,0.5,0
369,aba,bac,known,bac,0.005319148936170213,4.291255410837507e-87,anomaly,0.005319148936170213,0
370,bac,acb,known,acb,0.6363636363636364,2.7307988978056864e-87,normal,0.6363636363636364,0
371,acb,cbb,known,cbb,0.5555555555555556,1.517110498780937e-87,normal,0.5555555555555556,0
372,cbb,bbc,known,bbc,0.24561403508771928,3.7262363127952834e-88,normal,0.24561403508771928,0
373,bbc,bcb,known,bcb,0.5344827586206896,1.99160906373541e-88,normal,0.5344827586206896,0
374,bcb,cbb,known,cbb,0.5471698113207547,1.0897483556288092e-88,normal,0.5471698113207547,0
375,cbb,bbc,known,bbc,0.24561403508771928,2.6765749085619874e-89,normal,0.24561403508771928,0
376,bbc,bcb,known,bcb,0.5344827586206896,1.4305831407831311e-89,normal,0.5344827586206896,0
377,bcb,cbc,known,cbc,0.2830188679245283,4.048820209763578e-90,normal,0.2830188679245283,0
378,cbc,bcd,known,bcd,0.0,4.0488202097635783e-94,anomaly,0.0,0
379,bcd,cdd,known,cdd,0.0,4.048820209763578e-98,anomaly,0.0,0
380,cdd,ddd,known,ddd,0.8260869565217391,3.344677564587304e-98,normal,0.8260869565217391,0
381,ddd,ddd,known,ddd,0.9878048780487805,3.303888813799654e-98,normal,0.9878048780487805,0
382,ddd,ddd,known,ddd,0.9878048780487805,3.263597486802097e-98,normal,0.9878048780487805,0
383,ddd,ddd,known,ddd,0.9878048780487805,3.223797517450852e-98,normal,0.9878048780487805,0
384,ddd,ddd,known,ddd,0.9878048780487805,3.1844829135795e-98,normal,0.9878048780487805,0
385,ddd,ddd,known,ddd,0.9878048780487805,3.145647756096823e-98,normal,0.9878048780487805,0
386,ddd,ddd,known,ddd,0.9878048780487805,3.1072861980956426e-98,normal,0.9878048780487805,0
387,ddd,ddd,known,ddd,0.9878048780487805,3.069392463972525e-98,normal,0.9878048780487805,0
388,ddd,ddd,known,ddd,0.9878048780487805,3.031960848558226e-98,normal,0.9878048780487805,0
389,ddd,ddd,known,ddd,0.9878048780487805,2.9949857162587354e-98,normal,0.9878048780487805,0
390,ddd,ddd,known,ddd,0.9878048780487805,2.9584615002067995e-98,normal,0.9878048780487805,0
391,ddd,ddd,known,ddd,0.9878048780487805,2.92238270142379e-98,normal,0.9878048780487805,0
392,ddd,ddd,known,ddd,0.9878048780487805,2.8867438879917925e-98,normal,0.9878048780487805,0
393,ddd,ddd,known,ddd,0.9878048780487805,2.851539694235795e-98,normal,0.9878048780487805,0
394,ddd,ddd,known,ddd,0.9878048780487805,2.8167648199158463e-98,normal,0.9878048780487805,0
395,ddd,ddd,known,ddd,0.9878048780487805,2.7824140294290678e-98,normal,0.9878048780487805,0
396,ddd,ddd,known,ddd,0.9878048780487805,2.7484821510213962e-98,normal,0.9878048780487805,0
397,ddd,ddd,known,ddd,0.9878048780487805,2.71496407600894e-98,normal,0.9878048780487805,0
398,ddd,ddd,known,ddd,0.9878048780487805,2.681854758008831e-98,normal,0.9878048780487805,0
399,ddd,ddd,known,ddd,0.9878048780487805,2.649149212179455e-98,normal,0.9878048780487805,0
400,ddd,ddc,known,ddc,0.011614401858304297,3.076828353286243e-100,anomaly,0.011614401858304297,0
401,ddc,dcd,known,dcd,0.6086956521739131,1.8728520411307566e-100,normal,0.6086956521739131,0
402,dcd,cdc,known,cdc,0.391304347826087,7.328551465294266e-101,normal,0.391304347826087,0
403,cdc,dcc,known,dcc,0.375,2.7482067994853497e-101,normal,0.375,0
404,dcc,ccd,known,ccd,0.4666666666666667,1.2824965064264965e-101,normal,0.4666666666666667,0
405,ccd,cdc,known,cdc,0.4,5.129986025705987e-102,normal,0.4,0
406,cdc,dcd,known,dcd,0.5625,2.8856171394596177e-102,normal,0.5625,0
407,dcd,cdd,known,cdd,0.6086956521739131,1.7564626066275936e-102,normal,0.6086956521739131,0
408,cdd,ddd,known,ddd,0.8260869565217391,1.4509908489532295e-102,normal,0.8260869565217391,0
409,ddd,ddd,known,ddd,0.9878048780487805,1.4332958386001413e-102,normal,0.9878048780487805,0
410,ddd,ddd,known,ddd,0.9878048780487805,1.415816621056237e-102,normal,0.9878048780487805,0
411,ddd,ddd,known,ddd,0.9878048780487805,1.3985505647018928e-102,normal,0.9878048780487805,0
412,ddd,ddd,known,ddd,0.9878048780487805,1.3814950700104063e-102,normal,0.9878048780487805,0
413,ddd,ddd,known,ddd,0.9878048780487805,1.3646475691566208e-102,normal,0.9878048780487805,0
414,ddd,ddd,known,ddd,0.9878048780487805,1.3480055256303204e-102,normal,0.9878048780487805,0
415,ddd,ddd,known,ddd,0.9878048780487805,1.331566433854341e-102,normal,0.9878048780487805,0
416,ddd,ddd,known,ddd,0.9878048780487805,1.3153278188073368e-102,normal,0.9878048780487805,0
417,ddd,ddd,known,ddd,0.9878048780487805,1.2992872356511498e-102,normal,0.9878048780487805,0
418,ddd,ddd,known,ddd,0.9878048780487805,1.2834422693627212e-102,normal,0.9878048780487805,0
419,ddd,ddd,known,ddd,0.9878048780487805,1.267790534370493e-102,normal,0.9878048780487805,0
420,ddd,ddd,known,ddd,0.9878048780487805,1.252329674195243e-102,normal,0.9878048780487805,0
421,ddd,ddd,known,ddd,0.9878048780487805,1.237057361095301e-102,normal,0.9878048780487805,0
422,ddd,ddd,known,ddd,0.9878048780487805,1.22197129571609e-102,normal,0.9878048780487805,0
423,ddd,ddd,known,ddd,0.9878048780487805,1.2070692067439426e-102,normal,0.9878048780487805,0
424,ddd,ddd,known,ddd,0.9878048780487805,1.1923488505641384e-102,normal,0.9878048780487805,0
425,ddd,ddd,known,ddd,0.9878048780487805,1.1778080109231122e-102,normal,0.9878048780487805,0
426,ddd,ddd,known,ddd,0.9878048780487805,1.1634444985947815e-102,normal,0.9878048780487805,0
427,ddd,ddc,known,ddc,0.011614401858304297,1.3512711946513141e-104,anomaly,0.011614401858304297,0
428,ddc,dcc,known,dcc,0.391304347826087,5.287582935592099e-105,normal,0.391304347826087,0
429,dcc,ccd,known,ccd,0.4666666666666667,2.467538703276313e-105,normal,0.4666666666666667,0
430,ccd,cdc,known,cdc,0.4,9.870154813105254e-106,normal,0.4,0
431,cdc,dcc,known,dcc,0.375,3.70130805491447e-106,normal,0.375,0
432,dcc,ccd,known,ccd,0.4666666666666667,1.7272770922934193e-106,normal,0.4666666666666667,0
433,ccd,cdc,known,cdc,0.4,6.909108369173678e-107,normal,0.4,0
434,cdc,dcc,known,dcc,0.375,2.590915638440129e-107,normal,0.375,0
435,dcc,ccd,known,ccd,0.4666666666666667,1.2090939646053936e-107,normal,0.4666666666666667,0
436,ccd,cdc,known,cdc,0.4,4.836375858421574e-108,normal,0.4,0
437,cdc,dcd,known,dcd,0.5625,2.7204614203621355e-108,normal,0.5625,0
438,dcd,cdd,known,cdd,0.6086956521739131,1.6559330384813e-108,normal,0.6086956521739131,0
439,cdd,ddd,known,ddd,0.8260869565217391,1.367944683962813e-108,normal,0.8260869565217391,0
440,ddd,ddd,known,ddd,0.9878048780487805,1.3512624317193639e-108,normal,0.9878048780487805,0
441,ddd,ddc,known,ddc,0.011614401858304297,1.5694104898018165e-110,anomaly,0.011614401858304297,0
442,ddc,dcd,known,dcd,0.6086956521739131,9.55293341618497e-111,normal,0.6086956521739131,0
443,dcd,cdd,known,cdd,0.6086956521739131,5.814829035938678e-111,normal,0.6086956521739131,0
444,cdd,ddd,known,ddd,0.8260869565217391,4.803554420992821e-111,normal,0.8260869565217391,0
445,ddd,ddd,known,ddd,0.9878048780487805,4.744974489029494e-111,normal,0.9878048780487805,0
446,ddd,ddd,known,ddd,0.9878048780487805,4.687108946480354e-111,normal,0.9878048780487805,0
447,ddd,ddd,known,ddd,0.9878048780487805,4.6299490812793735e-111,normal,0.9878048780487805,0
448,ddd,ddd,known,ddd,0.9878048780487805,4.5734862876052346e-111,normal,0.9878048780487805,0
449,ddd,ddd,known,ddd,0.9878048780487805,4.517712064585658e-111,normal,0.9878048780487805,0
450,ddd,ddd,known,ddd,0.9878048780487805,4.4626180150175404e-111,normal,0.9878048780487805,0
451,ddd,ddd,known,ddd,0.9878048780487805,4.4081958441026926e-111,normal,0.9878048780487805,0
452,ddd,ddd,known,ddd,0.9878048780487805,4.354437358199001e-111,normal,0.9878048780487805,0
453,ddd,ddd,known,ddd,0.9878048780487805,4.301334463586818e-111,normal,0.9878048780487805,0
454,ddd,ddd,known,ddd,0.9878048780487805,4.248879165250393e-111,normal,0.9878048780487805,0
455,ddd,ddd,known,ddd,0.9878048780487805,4.1970635656741686e-111,normal,0.9878048780487805,0
456,ddd,ddc,known,ddc,0.011614401858304297,4.8746382876587324e-113,anomaly,0.011614401858304297,0
457,ddc,dcc,known,dcc,0.391304347826087,1.9074671560403736e-113,normal,0.391304347826087,0
458,dcc,ccc,known,ccc,0.5333333333333333,1.017315816554866e-113,normal,0.5333333333333333,0
459,ccc,ccd,known,ccd,0.16,1.6277053064877857e-114,anomaly,0.16,0
460,ccd,cdd,known,cdd,0.6,9.766231838926714e-115,normal,0.6,0
461,cdd,ddd,known,ddd,0.8260869565217391,8.0677567365046765e-115,normal,0.8260869565217391,0
462,ddd,ddd,known,ddd,0.9878048780487805,7.969369459230229e-115,normal,0.9878048780487805,0
463,ddd,ddd,known,ddd,0.9878048780487805,7.8721820268005915e-115,normal,0.9878048780487805,0
464,ddd,ddd,known,ddd,0.9878048780487805,7.77617980696156e-115,normal,0.9878048780487805,0
465,ddd,ddd,known,ddd,0.9878048780487805,7.681348345901053e-115,normal,0.9878048780487805,0
466,ddd,ddd,known,ddd,0.9878048780487805,7.5876733660729915e-115,normal,0.9878048780487805,0
467,ddd,ddc,known,ddc,0.011614401858304297,8.812628764312418e-117,anomaly,0.011614401858304297,0
468,ddc,dcc,known,dcc,0.391304347826087,3.4484199512526854e-117,normal,0.391304347826087,0
469,dcc,ccc,known,ccc,0.5333333333333333,1.8391573073347653e-117,normal,0.5333333333333333,0
470,ccc,ccd,known,ccd,0.16,2.9426516917356244e-118,anomaly,0.16,0
471,ccd,cdd,known,cdd,0.6,1.7655910150413746e-118,normal,0.6,0
472,cdd,ddd,known,ddd,0.8260869565217391,1.4585317080776573e-118,normal,0.8260869565217391,0
473,ddd,ddd,known,ddd,0.9878048780487805,1.4407447360279298e-118,normal,0.9878048780487805,0
474,ddd,ddd,known,ddd,0.9878048780487805,1.4231746782714917e-118,normal,0.9878048780487805,0
475,ddd,ddd,known,ddd,0.9878048780487805,1.4058188895120832e-118,normal,0.9878048780487805,0
476,ddd,ddd,known,ddd,0.9878048780487805,1.3886747567131553e-118,normal,0.9878048780487805,0
477,ddd,ddd,known,ddd,0.9878048780487805,1.3717396987044583e-118,normal,0.9878048780487805,0
478,ddd,ddc,known,ddc,0.011614401858304297,1.5931936105742837e-120,anomaly,0.011614401858304297,0
479,ddc,dcd,known,dcd,0.6086956521739131,9.697700238278248e-121,normal,0.6086956521739131,0
480,dcd,cdc,known,cdc,0.391304347826087,3.7947522671523584e-121,normal,0.391304347826087,0
481,cdc,dcd,known,dcd,0.5625,2.1345481502732016e-121,normal,0.5625,0
482,dcd,cdd,known,cdd,0.6086956521739131,1.2992901784271662e-121,normal,0.6086956521739131,0
483,cdd,ddc,known,ddc,0.13043478260869565,1.694726319687608e-122,anomaly,0.13043478260869565,0
484,ddc,dcd,known,dcd,0.6086956521739131,1.0315725424185441e-122,normal,0.6086956521739131,0
485,dcd,cdd,known,cdd,0.6086956521739131,6.279137214721574e-123,normal,0.6086956521739131,0
486,cdd,ddc,known,ddc,0.13043478260869565,8.190178975723791e-124,anomaly,0.13043478260869565,0
487,ddc,dcd,known,dcd,0.6086956521739131,4.985326333049265e-124,normal,0.6086956521739131,0
488,dcd,cdc,known,cdc,0.391304347826087,1.95077986945406e-124,normal,0.391304347826087,0
489,cdc,dcd,known,dcd,0.5625,1.0973136765679088e-124,normal,0.5625,0
490,dcd,cdd,known,cdd,0.6086956521739131,6.679300639978576e-125,normal,0.6086956521739131,0
491,cdd,ddd,known,ddd,0.8260869565217391,5.517683137373606e-125,normal,0.8260869565217391,0
492,ddd,ddd,known,ddd,0.9878048780487805,5.450394318625147e-125,normal,0.9878048780487805,0
493,ddd,ddd,known,ddd,0.9878048780487805,5.383926095227279e-125,normal,0.9878048780487805,0
494,ddd,ddc,known,ddc,0.011614401858304297,6.253108124538071e-127,anomaly,0.011614401858304297,0
495,ddc,dcc,known,dcc,0.391304347826087,2.446868396558376e-127,normal,0.391304347826087,0
496,dcc,ccc,known,ccc,0.5333333333333333,1.304996478164467e-127,normal,0.5333333333333333,0
497,ccc,ccd,known,ccd,0.16,2.0879943650631473e-128,anomaly,0.16,0
498,ccd,cdc,known,cdc,0.4,8.35197746025259e-129,normal,0.4,0
499,cdc,dcc,known,dcc,0.375,3.131991547594721e-129,normal,0.375,0
500,dcc,ccc,known,ccc,0.5333333333333333,1.670395492050518e-129,normal,0.5333333333333333,0
501,ccc,ccc,known,ccc,0.62,1.035645205071321e-129,normal,0.62,0
502,ccc,ccc,known,ccc,0.62,6.42100027144219e-130,normal,0.62,0
503,ccc,ccc,known,ccc,0.62,3.981020168294158e-130,normal,0.62,0
504,ccc,ccc,known,ccc,0.62,2.4682325043423778e-130,normal,0.62,0
505,ccc,ccc,known,ccc,0.62,1.5303041526922743e-130,normal,0.62,0
506,ccc,ccc,known,ccc,0.62,9.4878857466921e-131,normal,0.62,0
507,ccc,ccd,known,ccd,0.16,1.5180617194707363e-131,anomaly,0.16,0
508,ccd,cdc,known,cdc,0.4,6.072246877882945e-132,normal,0.4,0
509,cdc,dcc,known,dcc,0.375,2.2770925792061047e-132,normal,0.375,0
510,dcc,ccd,known,ccd,0.4666666666666667,1.0626432036295156e-132,normal,0.4666666666666667,0
511,ccd,cdd,known,cdd,0.6,6.3758592217770934e-133,normal,0.6,0
512,cdd,ddc,known,ddc,0.13043478260869565,8.316338115361426e-134,anomaly,0.13043478260869565,0
513,ddc,dcd,known,dcd,0.6086956521739131,5.062118852828694e-134,normal,0.6086956521739131,0
514,dcd,cdd,known,cdd,0.6086956521739131,3.0812897365044228e-134,normal,0.6086956521739131,0
515,cdd,ddc,known,ddc,0.13043478260869565,4.0190735693535947e-135,anomaly,0.13043478260869565,0
516,ddc,dcc,known,dcc,0.391304347826087,1.5726809619209718e-135,normal,0.391304347826087,0
517,dcc,ccc,known,ccc,0.5333333333333333,8.38763179691185e-136,normal,0.5333333333333333,0
518,ccc,ccc,known,ccc,0.62,5.200331714085347e-136,normal,0.62,0
519,ccc,ccc,known,ccc,0.62,3.224205662732915e-136,normal,0.62,0
520,ccc,ccc,known,ccc,0.62,1.9990075108944073e-136,normal,0.62,0
521,ccc,ccd,known,ccd,0.16,3.198412017431052e-137,anomaly,0.16,0
522,ccd,cdd,known,cdd,0.6,1.919047210458631e-137,normal,0.6,0
523,cdd,ddc,known,ddc,0.13043478260869565,2.5031050571199534e-138,anomaly,0.13043478260869565,0
524,ddc,dcc,known,dcc,0.391304347826087,9.794758919165035e-139,normal,0.391304347826087,0
525,dcc,ccc,known,ccc,0.5333333333333333,5.223871423554685e-139,normal,0.5333333333333333,0
526,ccc,ccc,known,ccc,0.62,3.238800282603905e-139,normal,0.62,0
527,ccc,ccc,known,ccc,0.62,2.008056175214421e-139,normal,0.62,0
528,ccc,ccc,known,ccc,0.62,1.244994828632941e-139,normal,0.62,0
529,ccc,ccd,known,ccd,0.16,1.9919917258127054e-140,anomaly,0.16,0
530,ccd,cdd,known,cdd,0.6,1.1951950354876232e-140,normal,0.6,0
531,cdd,ddc,known,ddc,0.13043478260869565,1.5589500462882042e-141,anomaly,0.13043478260869565,0
532,ddc,dcc,known,dcc,0.391304347826087,6.1002393115625384e-142,normal,0.391304347826087,0
533,dcc,ccc,known,ccc,0.5333333333333333,3.2534609661666873e-142,normal,0.5333333333333333,0
534,ccc,ccc,known,ccc,0.62,2.017145799023346e-142,normal,0.62,0
535,ccc,ccd,known,ccd,0.16,3.227433278437354e-143,anomaly,0.16,0
536,ccd,cdd,known,cdd,0.6,1.9364599670624123e-143,normal,0.6,0
537,cdd,ddc,known,ddc,0.13043478260869565,2.5258173483422768e-144,anomaly,0.13043478260869565,0
538,ddc,dcc,known,dcc,0.391304347826087,9.88363310220891e-145,normal,0.391304347826087,0
539,dcc,ccc,known,ccc,0.5333333333333333,5.271270987844752e-145,normal,0.5333333333333333,0
540,ccc,ccc,known,ccc,0.62,3.268188012463746e-145,normal,0.62,0
541,ccc,ccc,known,ccc,0.62,2.0262765677275224e-145,normal,0.62,0
542,ccc,ccd,known,ccd,0.16,3.242042508364036e-146,anomaly,0.16,0
543,ccd,cdd,known,cdd,0.6,1.9452255050184215e-146,normal,0.6,0
544,cdd,ddd,known,ddd,0.8260869565217391,1.6069254171891307e-146,normal,0.8260869565217391,0
545,ddd,ddd,known,ddd,0.9878048780487805,1.5873287657599949e-146,normal,0.9878048780487805,0
546,ddd,ddc,known,ddc,0.011614401858304297,1.843587416678275e-148,anomaly,0.011614401858304297,0
547,ddc,dcd,known,dcd,0.6086956521739131,1.1221836449346022e-148,normal,0.6086956521739131,0
548,dcd,cdd,known,cdd,0.6086956521739131,6.830683056123666e-149,normal,0.6086956521739131,0
549,cdd,ddd,known,ddd,0.8260869565217391,5.6427381767978105e-149,normal,0.8260869565217391,0
550,ddd,ddd,known,ddd,0.9878048780487805,5.573924296592959e-149,normal,0.9878048780487805,0
551,ddd,ddd,known,ddd,0.9878048780487805,5.5059496100491425e-149,normal,0.9878048780487805,0
552,ddd,ddd,known,ddd,0.9878048780487805,5.438803883097324e-149,normal,0.9878048780487805,0
553,ddd,ddd,known,ddd,0.9878048780487805,5.372477006474186e-149,normal,0.9878048780487805,0
554,ddd,ddd,known,ddd,0.9878048780487805,5.30695899420011e-149,normal,0.9878048780487805,0
555,ddd,ddd,known,ddd,0.9878048780487805,5.242239982075718e-149,normal,0.9878048780487805,0
556,ddd,ddd,known,ddd,0.9878048780487805,5.178310226196746e-149,normal,0.9878048780487805,0
557,ddd,ddd,known,ddd,0.9878048780487805,5.115160101487029e-149,normal,0.9878048780487805,0
558,ddd,ddd,known,ddd,0.9878048780487805,5.052780100249382e-149,normal,0.9878048780487805,0
559,ddd,ddc,known,ddc,0.011614401858304297,5.86850185859394e-151,anomaly,0.011614401858304297,0
560,ddc,dcc,known,dcc,0.391304347826087,2.296370292493281e-151,normal,0.391304347826087,0
561,dcc,ccc,known,ccc,0.5333333333333333,1.2247308226630832e-151,normal,0.5333333333333333,0
562,ccc,ccc,known,ccc,0.62,7.593331100511116e-152,normal,0.62,0
563,ccc,ccd,known,ccd,0.16,1.2149329760817786e-152,anomaly,0.16,0
564,ccd,cdc,known,cdc,0.4,4.859731904327115e-153,normal,0.4,0
565,cdc,dcd,known,dcd,0.5625,2.733599196184002e-153,normal,0.5625,0
566,dcd,cdd,known,cdd,0.6086956521739131,1.6639299455033055e-153,normal,0.6086956521739131,0
567,cdd,ddd,known,ddd,0.8260869565217391,1.374550824546209e-153,normal,0.8260869565217391,0
568,ddd,ddd,known,ddd,0.9878048780487805,1.3577880096127187e-153,normal,0.9878048780487805,0
569,ddd,ddc,known,ddc,0.011614401858304297,1.5769895582029253e-155,anomaly,0.011614401858304297,0
570,ddc,dcd,known,dcd,0.6086956521739131,9.599066876017806e-156,normal,0.6086956521739131,0
571,dcd,cdc,known,cdc,0.391304347826087,3.7561566036591414e-156,normal,0.391304347826087,0
572,cdc,dcd,known,dcd,0.5625,2.1128380895582672e-156,normal,0.5625,0
573,dcd,cdd,known,cdd,0.6086956521739131,1.286075358861554e-156,normal,0.6086956521739131,0
574,cdd,ddc,known,ddc,0.13043478260869565,1.6774895985150706e-157,anomaly,0.13043478260869565,0
575,ddc,dcd,known,dcd,0.6086956521739131,1.0210806251830865e-157,normal,0.6086956521739131,0
576,dcd,cdc,known,cdc,0.391304347826087,3.995532881151208e-158,normal,0.391304347826087,0
577,cdc,dcd,known,dcd,0.5625,2.2474872456475546e-158,normal,0.5625,0
578,dcd,cdc,known,cdc,0.391304347826087,8.794515309055649e-159,normal,0.391304347826087,0
579,cdc,dcc,known,dcc,0.375,3.2979432408958684e-159,normal,0.375,0
580,dcc,ccc,known,ccc,0.5333333333333333,1.7589030618111297e-159,normal,0.5333333333333333,0
581,ccc,ccd,known,ccd,0.16,2.8142448988978077e-160,anomaly,0.16,0
582,ccd,cdc,known,cdc,0.4,1.125697959559123e-160,normal,0.4,0
583,cdc,dcc,known,dcc,0.375,4.2213673483467115e-161,normal,0.375,0
584,dcc,ccd,known,ccd,0.4666666666666667,1.9699714292284654e-161,normal,0.4666666666666667,0
585,ccd,cdc,known,cdc,0.4,7.879885716913862e-162,normal,0.4,0
586,cdc,dcc,known,dcc,0.375,2.9549571438426982e-162,normal,0.375,0
587,dcc,ccc,known,ccc,0.5333333333333333,1.5759771433827725e-162,normal,0.5333333333333333,0
588,ccc,ccc,known,ccc,0.62,9.77105828897319e-163,normal,0.62,0
589,ccc,ccc,known,ccc,0.62,6.058056139163378e-163,normal,0.62,0
590,ccc,ccc,known,ccc,0.62,3.755994806281294e-163,normal,0.62,0
591,ccc,ccc,known,ccc,0.62,2.328716779894402e-163,normal,0.62,0
592,ccc,ccd,known,ccd,0.16,3.725946847831043e-164,anomaly,0.16,0
593,ccd,cdc,known,cdc,0.4,1.4903787391324175e-164,normal,0.4,0
594,cdc,dcc,known,dcc,0.375,5.588920271746566e-165,normal,0.375,0
595,dcc,ccb,known,ccb,0.0,5.588920271746565e-169,anomaly,0.0,0
596,ccb,cbb,known,cbb,0.696969696969697,3.895308068187e-169,normal,0.696969696969697,0
597,cbb,bbb,known,bbb,0.5964912280701754,2.3235170933045265e-169,normal,0.5964912280701754,0
598,bbb,bbc,known,bbc,0.06329113924050633,1.4705804388003334e-170,anomaly,0.06329113924050633,0
599,bbc,bcc,known,bcc,0.3448275862068966,5.070967030345977e-171,normal,0.3448275862068966,0
600,bcc,ccd,known,ccd,0.0,5.070967030345977e-175,anomaly,0.0,0
601,ccd,cdd,known,cdd,0.6,3.042580218207586e-175,normal,0.6,0
602,cdd,ddc,known,ddc,0.13043478260869565,3.968582893314243e-176,anomaly,0.13043478260869565,0
603,ddc,dcc,known,dcc,0.391304347826087,1.5529237408620951e-176,normal,0.391304347826087,0
604,dcc,ccc,known,ccc,0.5333333333333333,8.282259951264507e-177,normal,0.5333333333333333,0
605,ccc,ccb,known,ccb,0.22,1.8220971892781915e-177,normal,0.22,0
606,ccb,cbc,known,cbc,0.24242424242424243,4.4172053073410705e-178,normal,0.24242424242424243,0
607,cbc,bcc,known,bcc,0.48,2.1202585475237138e-178,normal,0.48,0
608,bcc,ccc,known,ccc,0.3333333333333333,7.067528491745712e-179,normal,0.3333333333333333,0
609,ccc,ccc,known,ccc,0.62,4.381867664882341e-179,normal,0.62,0
610,ccc,ccc,known,ccc,0.62,2.7167579522270517e-179,normal,0.62,0
611,ccc,ccc,known,ccc,0.62,1.684389930380772e-179,normal,0.62,0
612,ccc,ccc,known,ccc,0.62,1.0443217568360786e-179,normal,0.62,0
613,ccc,ccb,known,ccb,0.22,2.297507865039373e-180,normal,0.22,0
614,ccb,cbb,known,cbb,0.696969696969697,1.6012933604819873e-180,normal,0.696969696969697,0
615,cbb,bbc,known,bbc,0.24561403508771928,3.933001236271548e-181,normal,0.24561403508771928,0
616,bbc,bcc,known,bcc,0.3448275862068966,1.356207322852258e-181,normal,0.3448275862068966,0
617,bcc,ccc,known,ccc,0.3333333333333333,4.520691076174193e-182,normal,0.3333333333333333,0
618,ccc,ccc,known,ccc,0.62,2.8028284672279998e-182,normal,0.62,0
619,ccc,ccc,known,ccc,0.62,1.73775364968136e-182,normal,0.62,0
620,ccc,ccc,known,ccc,0.62,1.0774072628024431e-182,normal,0.62,0
621,ccc,ccc,known,ccc,0.62,6.679925029375147e-183,normal,0.62,0
622,ccc,ccc,known,ccc,0.62,4.141553518212591e-183,normal,0.62,0
623,ccc,ccc,known,ccc,0.62,2.567763181291806e-183,normal,0.62,0
624,ccc,ccc,known,ccc,0.62,1.5920131724009199e-183,normal,0.62,0
625,ccc,ccd,known,ccd,0.16,2.547221075841472e-184,anomaly,0.16,0
626,ccd,cdd,known,cdd,0.6,1.528332645504883e-184,normal,0.6,0
627,cdd,ddc,known,ddc,0.13043478260869565,1.9934773637020212e-185,anomaly,0.13043478260869565,0
628,ddc,dcd,known,dcd,0.6086956521739131,1.2134210039925347e-185,normal,0.6086956521739131,0
629,dcd,cdc,known,cdc,0.391304347826087,4.748169146057745e-186,normal,0.391304347826087,0
630,cdc,dcc,known,dcc,0.375,1.7805634297716542e-186,normal,0.375,0
631,dcc,ccc,known,ccc,0.5333333333333333,9.49633829211549e-187,normal,0.5333333333333333,0
632,ccc,ccd,known,ccd,0.16,1.5194141267384783e-187,anomaly,0.16,0
633,ccd,cdd,known,cdd,0.6,9.11648476043087e-188,normal,0.6,0
634,cdd,ddc,known,ddc,0.13043478260869565,1.1891067078822873e-188,anomaly,0.13043478260869565,0
635,ddc,dcd,known,dcd,0.6086956521739131,7.238040830587836e-189,normal,0.6086956521739131,0
636,dcd,cdc,known,cdc,0.391304347826087,2.832276846751762e-189,normal,0.391304347826087,0
637,cdc,dcc,known,dcc,0.375,1.0621038175319108e-189,normal,0.375,0
638,dcc,ccc,known,ccc,0.5333333333333333,5.664553693503524e-190,normal,0.5333333333333333,0
639,ccc,ccc,known,ccc,0.62,3.512023289972185e-190,normal,0.62,0
640,ccc,ccc,known,ccc,0.62,2.1774544397827545e-190,normal,0.62,0
641,ccc,ccc,known,ccc,0.62,1.350021752665308e-190,normal,0.62,0
642,ccc,ccc,known,ccc,0.62,8.37013486652491e-191,normal,0.62,0
643,ccc,ccc,known,ccc,0.62,5.1894836172454436e-191,normal,0.62,0
644,ccc,ccc,known,ccc,0.62,3.217479842692175e-191,normal,0.62,0
645,ccc,ccc,known,ccc,0.62,1.9948375024691486e-191,normal,0.62,0
646,ccc,ccc,known,ccc,0.62,1.2367992515308721e-191,normal,0.62,0
647,ccc,ccc,known,ccc,0.62,7.668155359491407e-192,normal,0.62,0
648,ccc,ccc,known,ccc,0.62,4.754256322884672e-192,normal,0.62,0
649,ccc,ccc,known,ccc,0.62,2.9476389201884965e-192,normal,0.62,0
650,ccc,ccc,known,ccc,0.62,1.8275361305168677e-192,normal,0.62,0
651,ccc,ccc,known,ccc,0.62,1.133072400920458e-192,normal,0.62,0
652,ccc,ccd,known,ccd,0.16,1.812915841472733e-193,anomaly,0.16,0
653,ccd,cdc,known,cdc,0.4,7.251663365890933e-194,normal,0.4,0
654,cdc,dcc,known,dcc,0.375,2.7193737622090998e-194,normal,0.375,0
655,dcc,ccc,known,ccc,0.5333333333333333,1.4503326731781866e-194,normal,0.5333333333333333,0
656,ccc,ccb,known,ccb,0.22,3.1907318809920107e-195,normal,0.22,0
657,ccb,cbc,known,cbc,0.24242424242424243,7.7351075902836625e-196,normal,0.24242424242424243,0
658,cbc,bcc,known,bcc,0.48,3.7128516433361577e-196,normal,0.48,0
659,bcc,ccc,known,ccc,0.3333333333333333,1.2376172144453858e-196,normal,0.3333333333333333,0
660,ccc,ccc,known,ccc,0.62,7.673226729561391e-197,normal,0.62,0
661,ccc,ccc,known,ccc,0.62,4.7574005723280626e-197,normal,0.62,0
662,ccc,ccc,known,ccc,0.62,2.949588354843399e-197,normal,0.62,0
663,ccc,ccd,known,ccd,0.16,4.7193413677494385e-198,anomaly,0.16,0
664,ccd,cdc,known,cdc,0.4,1.8877365470997753e-198,normal,0.4,0
665,cdc,dcc,known,dcc,0.375,7.079012051624157e-199,normal,0.375,0
666,dcc,ccd,known,ccd,0.4666666666666667,3.3035389574246065e-199,normal,0.4666666666666667,0
667,ccd,cdc,known,cdc,0.4,1.3214155829698427e-199,normal,0.4,0
668,cdc,dcb,unseen,dcc,0.375,4.95530843613691e-200,normal,0.375,1
669,dcc,cbc,known,cbc,0.0,4.95530843613691e-204,anomaly,0.0,0
670,cbc,bcc,known,bcc,0.48,2.3785480493457167e-204,normal,0.48,0
671,bcc,ccc,known,ccc,0.3333333333333333,7.928493497819055e-205,normal,0.3333333333333333,0
672,ccc,ccd,known,ccd,0.16,1.2685589596510488e-205,anomaly,0.16,0
673,ccd,cdc,known,cdc,0.4,5.074235838604196e-206,normal,0.4,0
674,cdc,dcb,unseen,dcc,0.375,1.9028384394765733e-206,normal,0.375,1
675,dcc,cbb,known,cbb,0.0,1.9028384394765732e-210,anomaly,0.0,0
676,cbb,bbc,known,bbc,0.24561403508771928,4.673638272398601e-211,normal,0.24561403508771928,0
677,bbc,bcc,known,bcc,0.3448275862068966,1.6115994042753797e-211,normal,0.3448275862068966,0
678,bcc,ccc,known,ccc,0.3333333333333333,5.371998014251266e-212,normal,0.3333333333333333,0
679,ccc,ccc,known,ccc,0.62,3.330638768835785e-212,normal,0.62,0
680,ccc,ccc,known,ccc,0.62,2.0649960366781867e-212,normal,0.62,0
681,ccc,ccb,known,ccb,0.22,4.542991280692011e-213,normal,0.22,0
682,ccb,cbc,known,cbc,0.24242424242424243,1.1013312195616997e-213,normal,0.24242424242424243,0
683,cbc,bcc,known,bcc,0.48,5.2863898538961585e-214,normal,0.48,0
684,bcc,ccc,known,ccc,0.3333333333333333,1.7621299512987195e-214,normal,0.3333333333333333,0
685,ccc,ccb,known,ccb,0.22,3.876685892857183e-215,normal,0.22,0
686,ccb,cbc,known,cbc,0.24242424242424243,9.398026406926504e-216,normal,0.24242424242424243,0
687,cbc,bcc,known,bcc,0.48,4.5110526753247215e-216,normal,0.48,0
688,bcc,ccc,known,ccc,0.3333333333333333,1.5036842251082403e-216,normal,0.3333333333333333,0
689,ccc,ccc,known,ccc,0.62,9.32284219567109e-217,normal,0.62,0
690,ccc,ccd,known,ccd,0.16,1.4916547513073743e-217,anomaly,0.16,0
691,ccd,cdc,known,cdc,0.4,5.966619005229497e-218,normal,0.4,0
692,cdc,dcd,known,dcd,0.5625,3.356223190441592e-218,normal,0.5625,0
693,dcd,cdc,known,cdc,0.391304347826087,1.313304726694536e-218,normal,0.391304347826087,0
694,cdc,dcc,known,dcc,0.375,4.9248927251045106e-219,normal,0.375,0
695,dcc,ccc,known,ccc,0.5333333333333333,2.6266094533890723e-219,normal,0.5333333333333333,0
696,ccc,ccc,known,ccc,0.62,1.6284978611012247e-219,normal,0.62,0
697,ccc,ccc,known,ccc,0.62,1.0096686738827593e-219,normal,0.62,0
698,ccc,ccc,known,ccc,0.62,6.259945778073107e-220,normal,0.62,0
699,ccc,ccc,known,ccc,0.62,3.881166382405326e-220,normal,0.62,0
700,ccc,ccc,known,ccc,0.62,2.406323157091302e-220,normal,0.62,0
701,ccc,ccd,known,ccd,0.16,3.8501170513460833e-221,anomaly,0.16,0
702,ccd,cdc,known,cdc,0.4,1.5400468205384334e-221,normal,0.4,0
703,cdc,dcc,known,dcc,0.375,5.775175577019125e-222,normal,0.375,0
704,dcc,ccd,known,ccd,0.4666666666666667,2.6950819359422584e-222,normal,0.4666666666666667,0
705,ccd,cdc,known,cdc,0.4,1.0780327743769034e-222,normal,0.4,0
706,cdc,dcc,known,dcc,0.375,4.0426229039133876e-223,normal,0.375,0
707,dcc,ccd,known,ccd,0.4666666666666667,1.8865573551595808e-223,normal,0.4666666666666667,0
708,ccd,cdc,known,cdc,0.4,7.546229420638324e-224,normal,0.4,0
709,cdc,dcc,known,dcc,0.375,2.8298360327393715e-224,normal,0.375,0
710,dcc,ccc,known,ccc,0.5333333333333333,1.509245884127665e-224,normal,0.5333333333333333,0
711,ccc,ccc,known,ccc,0.62,9.357324481591522e-225,normal,0.62,0
712,ccc,ccc,known,ccc,0.62,5.801541178586744e-225,normal,0.62,0
713,ccc,ccc,known,ccc,0.62,3.596955530723781e-225,normal,0.62,0
714,ccc,ccc,known,ccc,0.62,2.2301124290487442e-225,normal,0.62,0
715,ccc,ccc,known,ccc,0.62,1.3826697060102215e-225,normal,0.62,0
716,ccc,ccc,known,ccc,0.62,8.572552177263373e-226,normal,0.62,0
717,ccc,ccc,known,ccc,0.62,5.314982349903291e-226,normal,0.62,0
718,ccc,ccc,known,ccc,0.62,3.2952890569400407e-226,normal,0.62,0
719,ccc,ccc,known,ccc,0.62,2.043079215302825e-226,normal,0.62,0
720,ccc,ccc,known,ccc,0.62,1.2667091134877515e-226,normal,0.62,0
721,ccc,ccc,known,ccc,0.62,7.853596503624059e-227,normal,0.62,0
722,ccc,ccc,known,ccc,0.62,4.869229832246917e-227,normal,0.62,0
723,ccc,ccc,known,ccc,0.62,3.0189224959930884e-227,normal,0.62,0
724,ccc,ccc,known,ccc,0.62,1.8717319475157149e-227,normal,0.62,0
725,ccc,ccc,known,ccc,0.62,1.1604738074597432e-227,normal,0.62,0
726,ccc,ccc,known,ccc,0.62,7.194937606250408e-228,normal,0.62,0
727,ccc,ccc,known,ccc,0.62,4.460861315875253e-228,normal,0.62,0
728,ccc,ccc,known,ccc,0.62,2.7657340158426566e-228,normal,0.62,0
729,ccc,ccd,known,ccd,0.16,4.4251744253482504e-229,anomaly,0.16,0
730,ccd,cdd,known,cdd,0.6,2.65510465520895e-229,normal,0.6,0
731,cdd,ddc,known,ddc,0.13043478260869565,3.463179985055152e-230,anomaly,0.13043478260869565,0
732,ddc,dcd,known,dcd,0.6086956521739131,2.1080225995987883e-230,normal,0.6086956521739131,0
733,dcd,cdd,known,cdd,0.6086956521739131,1.283144191060132e-230,normal,0.6086956521739131,0
734,cdd,ddd,known,ddd,0.8260869565217391,1.0599886795714133e-230,normal,0.8260869565217391,0
735,ddd,ddd,known,ddd,0.9878048780487805,1.0470619883571279e-230,normal,0.9878048780487805,0
736,ddd,ddd,known,ddd,0.9878048780487805,1.0342929397186262e-230,normal,0.9878048780487805,0
737,ddd,ddc,known,ddc,0.011614401858304297,1.2012693841099027e-232,anomaly,0.011614401858304297,0
738,ddc,dcd,known,dcd,0.6086956521739131,7.312074511973321e-233,normal,0.6086956521739131,0
739,dcd,cdc,known,cdc,0.391304347826087,2.861246548163474e-233,normal,0.391304347826087,0
740,cdc,dcc,known,dcc,0.375,1.0729674555613027e-233,normal,0.375,0
741,dcc,ccc,known,ccc,0.5333333333333333,5.722493096326948e-234,normal,0.5333333333333333,0
742,ccc,ccd,known,ccd,0.16,9.155988954123117e-235,anomaly,0.16,0
743,ccd,cdd,known,cdd,0.6,5.49359337247387e-235,normal,0.6,0
744,cdd,ddd,known,ddd,0.8260869565217391,4.538185829434936e-235,normal,0.8260869565217391,0
745,ddd,ddc,known,ddc,0.011614401858304297,5.270831393071935e-237,anomaly,0.011614401858304297,0
746,ddc,dcc,known,dcc,0.391304347826087,2.0624992407672792e-237,normal,0.391304347826087,0
747,dcc,ccc,known,ccc,0.5333333333333333,1.0999995950758822e-237,normal,0.5333333333333333,0
748,ccc,ccd,known,ccd,0.16,1.7599993521214117e-238,anomaly,0.16,0
749,ccd,cdd,known,cdd,0.6,1.055999611272847e-238,normal,0.6,0
750,cdd,ddd,known,ddd,0.8260869565217391,8.723475049645259e-239,normal,0.8260869565217391,0
751,ddd,ddc,known,ddc,0.011614401858304297,1.0131794482747106e-240,anomaly,0.011614401858304297,0
752,ddc,dcc,known,dcc,0.391304347826087,3.9646152323793024e-241,normal,0.391304347826087,0
753,dcc,ccd,known,ccd,0.4666666666666667,1.850153775110341e-241,normal,0.4666666666666667,0
754,ccd,cdd,known,cdd,0.6,1.1100922650662046e-241,normal,0.6,0
755,cdd,ddd,known,ddd,0.8260869565217391,9.170327407068647e-242,normal,0.8260869565217391,0
756,ddd,ddd,known,ddd,0.9878048780487805,9.058494146006833e-242,normal,0.9878048780487805,0
757,ddd,ddc,known,ddc,0.011614401858304297,1.0520899124282037e-243,anomaly,0.011614401858304297,0
758,ddc,dcc,known,dcc,0.391304347826087,4.116873570371232e-244,normal,0.391304347826087,0
759,dcc,ccc,known,ccc,0.5333333333333333,2.1956659041979904e-244,normal,0.5333333333333333,0
760,ccc,ccc,known,ccc,0.62,1.361312860602754e-244,normal,0.62,0
761,ccc,ccc,known,ccc,0.62,8.440139735737074e-245,normal,0.62,0
762,ccc,ccd,known,ccd,0.16,1.3504223577179319e-245,anomaly,0.16,0
763,ccd,cdd,known,cdd,0.6,8.102534146307591e-246,normal,0.6,0
764,cdd,ddd,known,ddd,0.8260869565217391,6.693397773036706e-246,normal,0.8260869565217391,0
765,ddd,ddd,known,ddd,0.9878048780487805,6.611770970926502e-246,normal,0.9878048780487805,0
766,ddd,ddd,known,ddd,0.9878048780487805,6.53113961762252e-246,normal,0.9878048780487805,0
767,ddd,ddc,known,ddc,0.011614401858304297,7.585528011175982e-248,anomaly,0.011614401858304297,0
768,ddc,dcc,known,dcc,0.391304347826087,2.9682500913297323e-248,normal,0.391304347826087,0
769,dcc,ccc,known,ccc,0.5333333333333333,1.5830667153758572e-248,normal,0.5333333333333333,0
770,ccc,ccc,known,ccc,0.62,9.815013635330315e-249,normal,0.62,0
771,ccc,ccc,known,ccc,0.62,6.085308453904795e-249,normal,0.62,0
772,ccc,ccd,known,ccd,0.16,9.736493526247673e-250,anomaly,0.16,0
773,ccd,cdd,known,cdd,0.6,5.841896115748603e-250,normal,0.6,0
774,cdd,ddd,known,ddd,0.8260869565217391,4.825914182574933e-250,normal,0.8260869565217391,0
775,ddd,ddc,known,ddc,0.011614401858304297,5.605010665011537e-252,anomaly,0.011614401858304297,0
776,ddc,dcd,known,dcd,0.6086956521739131,3.411745622180936e-252,normal,0.6086956521739131,0
777,dcd,cdc,known,cdc,0.391304347826087,1.3350308956360184e-252,normal,0.391304347826087,0
778,cdc,dcc,known,dcc,0.375,5.006365858635069e-253,normal,0.375,0
779,dcc,ccc,known,ccc,0.5333333333333333,2.670061791272037e-253,normal,0.5333333333333333,0
780,ccc,ccd,known,ccd,0.16,4.272098866035259e-254,anomaly,0.16,0
781,ccd,cdc,known,cdc,0.4,1.7088395464141037e-254,normal,0.4,0
782,cdc,dcd,known,dcd,0.5625,9.612222448579333e-255,normal,0.5625,0
783,dcd,cdc,known,cdc,0.391304347826087,3.761304436400609e-255,normal,0.391304347826087,0
784,cdc,dcc,known,dcc,0.375,1.4104891636502284e-255,normal,0.375,0
785,dcc,ccd,known,ccd,0.4666666666666667,6.582282763701066e-256,normal,0.4666666666666667,0
786,ccd,cdc,known,cdc,0.4,2.6329131054804266e-256,normal,0.4,0
787,cdc,dcc,known,dcc,0.375,9.8734241455516e-257,normal,0.375,0
788,dcc,ccc,known,ccc,0.5333333333333333,5.265826210960854e-257,normal,0.5333333333333333,0
789,ccc,ccc,known,ccc,0.62,3.2648122507957295e-257,normal,0.62,0
790,ccc,ccc,known,ccc,0.62,2.0241835954933523e-257,normal,0.62,0
791,ccc,ccc,known,ccc,0.62,1.2549938292058784e-257,normal,0.62,0
792,ccc,ccd,known,ccd,0.16,2.0079901267294054e-258,anomaly,0.16,0
793,ccd,cdd,known,cdd,0.6,1.2047940760376432e-258,normal,0.6,0
794,cdd,ddc,known,ddc,0.13043478260869565,1.5714705339621432e-259,anomaly,0.13043478260869565,0
795,ddc,dcc,known,dcc,0.391304347826087,6.149232524199691e-260,normal,0.391304347826087,0
796,dcc,ccc,known,ccc,0.5333333333333333,3.279590679573169e-260,normal,0.5333333333333333,0
797,ccc,ccc,known,ccc,0.62,2.0333462213353647e-260,normal,0.62,0
798,ccc,ccc,known,ccc,0.62,1.2606746572279262e-260,normal,0.62,0
799,ccc,ccd,known,ccd,0.16,2.017079451564682e-261,anomaly,0.16,0
800,ccd,cdc,known,cdc,0.4,8.068317806258728e-262,normal,0.4,0
801,cdc,dcc,known,dcc,0.375,3.025619177347023e-262,normal,0.375,0
802,dcc,ccd,known,ccd,0.4666666666666667,1.4119556160952775e-262,normal,0.4666666666666667,0
803,ccd,cdd,known,cdd,0.6,8.471733696571665e-263,normal,0.6,0
804,cdd,ddd,known,ddd,0.8260869565217391,6.99838870586355e-263,normal,0.8260869565217391,0
805,ddd,ddd,known,ddd,0.9878048780487805,6.913042502133506e-263,normal,0.9878048780487805,0
806,ddd,ddc,known,ddc,0.011614401858304297,8.029085368331598e-265,anomaly,0.011614401858304297,0
807,ddc,dcd,known,dcd,0.6086956521739131,4.8872693546366256e-265,normal,0.6086956521739131,0
808,dcd,cdc,known,cdc,0.391304347826087,1.9124097474665056e-265,normal,0.391304347826087,0
809,cdc,dcd,known,dcd,0.5625,1.0757304829499094e-265,normal,0.5625,0
810,dcd,cdd,known,cdd,0.6086956521739131,6.547924678825536e-266,normal,0.6086956521739131,0
811,cdd,ddd,known,ddd,0.8260869565217391,5.4091551694645734e-266,normal,0.8260869565217391,0
812,ddd,ddd,known,ddd,0.9878048780487805,5.3431898625198837e-266,normal,0.9878048780487805,0
813,ddd,ddd,known,ddd,0.9878048780487805,5.2780290105379336e-266,normal,0.9878048780487805,0
814,ddd,ddd,known,ddd,0.9878048780487805,5.213662803092349e-266,normal,0.9878048780487805,0
815,ddd,ddc,known,ddc,0.011614401858304297,6.055357494880777e-268,anomaly,0.011614401858304297,0
816,ddc,dcc,known,dcc,0.391304347826087,2.3694877153881301e-268,normal,0.391304347826087,0
817,dcc,ccc,known,ccc,0.5333333333333333,1.263726781540336e-268,normal,0.5333333333333333,0
818,ccc,ccc,known,ccc,0.62,7.835106045550083e-269,normal,0.62,0
819,ccc,ccc,known,ccc,0.62,4.8577657482410515e-269,normal,0.62,0
820,ccc,ccd,known,ccd,0.16,7.772425197185683e-270,anomaly,0.16,0
821,ccd,cdd,known,cdd,0.6,4.6634551183114095e-270,normal,0.6,0
822,cdd,ddd,known,ddd,0.8260869565217391,3.852419445561599e-270,normal,0.8260869565217391,0
823,ddd,ddd,known,ddd,0.9878048780487805,3.8054387206157256e-270,normal,0.9878048780487805,0
824,ddd,ddd,known,ddd,0.9878048780487805,3.759030931339924e-270,normal,0.9878048780487805,0
825,ddd,ddd,known,ddd,0.9878048780487805,3.7131890907138276e-270,normal,0.9878048780487805,0
826,ddd,ddd,known,ddd,0.9878048780487805,3.6679062969246343e-270,normal,0.9878048780487805,0
827,ddd,ddd,known,ddd,0.9878048780487805,3.6231757323279923e-270,normal,0.9878048780487805,0
828,ddd,ddc,known,ddc,0.011614401858304297,4.208101895851327e-272,anomaly,0.011614401858304297,0
829,ddc,dcc,known,dcc,0.391304347826087,1.6466485679418236e-272,normal,0.391304347826087,0
830,dcc,ccc,known,ccc,0.5333333333333333,8.782125695689726e-273,normal,0.5333333333333333,0
831,ccc,ccc,known,ccc,0.62,5.4449179313276306e-273,normal,0.62,0
832,ccc,ccc,known,ccc,0.62,3.375849117423131e-273,normal,0.62,0
833,ccc,ccc,known,ccc,0.62,2.0930264528023413e-273,normal,0.62,0
834,ccc,ccc,known,ccc,0.62,1.2976764007374517e-273,normal,0.62,0
835,ccc,ccc,known,ccc,0.62,8.0455936845722e-274,normal,0.62,0
836,ccc,ccc,known,ccc,0.62,4.988268084434764e-274,normal,0.62,0
837,ccc,ccc,known,ccc,0.62,3.092726212349554e-274,normal,0.62,0
838,ccc,ccc,known,ccc,0.62,1.9174902516567232e-274,normal,0.62,0
839,ccc,ccc,known,ccc,0.62,1.1888439560271683e-274,normal,0.62,0
840,ccc,ccc,known,ccc,0.62,7.370832527368444e-275,normal,0.62,0
841,ccc,ccd,known,ccd,0.16,1.179333204378951e-275,anomaly,0.16,0
842,ccd,cdc,known,cdc,0.4,4.7173328175158045e-276,normal,0.4,0
843,cdc,dcd,known,dcd,0.5625,2.65349970985264e-276,normal,0.5625,0
844,dcd,cdc,known,cdc,0.391304347826087,1.0383259734205984e-276,normal,0.391304347826087,0
845,cdc,dcd,known,dcd,0.5625,5.840583600490866e-277,normal,0.5625,0
846,dcd,cdc,known,cdc,0.391304347826087,2.2854457567138173e-277,normal,0.391304347826087,0
847,cdc,dcc,known,dcc,0.375,8.570421587676815e-278,normal,0.375,0
848,dcc,ccc,known,ccc,0.5333333333333333,4.570891513427635e-278,normal,0.5333333333333333,0
849,ccc,ccc,known,ccc,0.62,2.8339527383251335e-278,normal,0.62,0
850,ccc,ccb,known,ccb,0.22,6.234696024315294e-279,normal,0.22,0
851,ccb,cbb,known,cbb,0.696969696969697,4.3453941987652055e-279,normal,0.696969696969697,0
852,cbb,bbb,known,bbb,0.5964912280701754,2.591989522070473e-279,normal,0.5964912280701754,0
853,bbb,bbc,known,bbc,0.06329113924050633,1.6404996975129578e-280,anomaly,0.06329113924050633,0
854,bbc,bcc,known,bcc,0.3448275862068966,5.656895508665373e-281,normal,0.3448275862068966,0
855,bcc,ccc,known,ccc,0.3333333333333333,1.8856318362217908e-281,normal,0.3333333333333333,0
856,ccc,ccc,known,ccc,0.62,1.1690917384575103e-281,normal,0.62,0
857,ccc,ccc,known,ccc,0.62,7.248368778436563e-282,normal,0.62,0
858,ccc,ccc,known,ccc,0.62,4.49398864263067e-282,normal,0.62,0
859,ccc,ccb,known,ccb,0.22,9.886775013787474e-283,normal,0.22,0
860,ccb,cbc,known,cbc,0.24242424242424243,2.3967939427363576e-283,normal,0.24242424242424243,0
861,cbc,bcb,known,bcb,0.4,9.587175770945431e-284,normal,0.4,0
862,bcb,cbb,known,cbb,0.5471698113207547,5.245813157687122e-284,normal,0.5471698113207547,0
863,cbb,bbb,known,bbb,0.5964912280701754,3.129081532655476e-284,normal,0.5964912280701754,0
864,bbb,bbb,known,bbb,0.7377938517179023,2.308617116317241e-284,normal,0.7377938517179023,0
865,bbb,bbb,known,bbb,0.7377938517179023,1.7032835143895738e-284,normal,0.7377938517179023,0
866,bbb,bbb,known,bbb,0.7377938517179023,1.2566721046490888e-284,normal,0.7377938517179023,0
867,bbb,bbb,known,bbb,0.7377938517179023,9.271649524354941e-285,normal,0.7377938517179023,0
868,bbb,bbb,known,bbb,0.7377938517179023,6.84056601435229e-285,normal,0.7377938517179023,0
869,bbb,bbc,known,bbc,0.06329113924050633,4.329472160982462e-286,anomaly,0.06329113924050633,0
870,bbc,bcc,known,bcc,0.3448275862068966,1.4929214348215387e-286,normal,0.3448275862068966,0
871,bcc,ccb,known,ccb,0.6363636363636364,9.500409130682519e-287,normal,0.6363636363636364,0
872,ccb,cbb,known,cbb,0.696969696969697,6.621497272899938e-287,normal,0.696969696969697,0
873,cbb,bbb,known,bbb,0.5964912280701754,3.949665039975401e-287,normal,0.5964912280701754,0
874,bbb,bbb,known,bbb,0.7377938517179023,2.914038582838994e-287,normal,0.7377938517179023,0
875,bbb,bbb,known,bbb,0.7377938517179023,2.149959750087359e-287,normal,0.7377938517179023,0
876,bbb,bbc,known,bbc,0.06329113924050633,1.3607340190426324e-288,anomaly,0.06329113924050633,0
877,bbc,bcb,known,bcb,0.5344827586206896,7.272888722469241e-289,normal,0.5344827586206896,0
878,bcb,cbb,known,cbb,0.5471698113207547,3.9795051500303396e-289,normal,0.5471698113207547,0
879,cbb,bbb,known,bbb,0.5964912280701754,2.373739914053185e-289,normal,0.5964912280701754,0
880,bbb,bbb,known,bbb,0.7377938517179023,1.7513307141658218e-289,normal,0.7377938517179023,0
881,bbb,bbb,known,bbb,0.7377938517179023,1.2921210332362665e-289,normal,0.7377938517179023,0
882,bbb,bbb,known,bbb,0.7377938517179023,9.533189539971007e-290,normal,0.7377938517179023,0
883,bbb,bbb,known,bbb,0.7377938517179023,7.033528629852027e-290,normal,0.7377938517179023,0
884,bbb,bbc,known,bbc,0.06329113924050633,4.4516003986405235e-291,anomaly,0.06329113924050633,0
885,bbc,bcc,known,bcc,0.3448275862068966,1.5350346202208703e-291,normal,0.3448275862068966,0
886,bcc,ccc,known,ccc,0.3333333333333333,5.116782067402901e-292,normal,0.3333333333333333,0
887,ccc,ccb,known,ccb,0.22,1.1256920548286383e-292,normal,0.22,0
888,ccb,cbb,known,cbb,0.696969696969697,7.845732503351116e-293,normal,0.696969696969697,0
889,cbb,bbb,known,bbb,0.5964912280701754,4.679910616033999e-293,normal,0.5964912280701754,0
890,bbb,bbc,known,bbc,0.06329113924050633,2.961968744325316e-294,anomaly,0.06329113924050633,0
891,bbc,bcc,known,bcc,0.3448275862068966,1.0213685325259711e-294,normal,0.3448275862068966,0
892,bcc,ccb,known,ccb,0.6363636363636364,6.49961793425618e-295,normal,0.6363636363636364,0
893,ccb,cbc,known,cbc,0.24242424242424243,1.5756649537590739e-295,normal,0.24242424242424243,0
894,cbc,bcc,known,bcc,0.48,7.563191778043554e-296,normal,0.48,0
895,bcc,ccc,known,ccc,0.3333333333333333,2.5210639260145177e-296,normal,0.3333333333333333,0
896,ccc,ccb,known,ccb,0.22,5.546340637231939e-297,normal,0.22,0
897,ccb,cbb,known,cbb,0.696969696969697,3.8656313532222604e-297,normal,0.696969696969697,0
898,cbb,bbc,known,bbc,0.24561403508771928,9.4945331482652e-298,normal,0.24561403508771928,0
899,bbc,bcc,known,bcc,0.3448275862068966,3.273976947677656e-298,normal,0.3448275862068966,0
900,bcc,ccc,known,ccc,0.3333333333333333,1.0913256492258851e-298,normal,0.3333333333333333,0
901,ccc,ccc,known,ccc,0.62,6.766219025200487e-299,normal,0.62,0
902,ccc,ccb,known,ccb,0.22,1.488568185544107e-299,normal,0.22,0
903,ccb,cbb,known,cbb,0.696969696969697,1.0374869171974081e-299,normal,0.696969696969697,0
904,cbb,bbc,known,bbc,0.24561403508771928,2.548213480835739e-300,normal,0.24561403508771928,0
905,bbc,bcb,known,bcb,0.5344827586206896,1.3619761707915157e-300,normal,0.5344827586206896,0
906,bcb,cbc,known,cbc,0.2830188679245283,3.854649539975988e-301,normal,0.2830188679245283,0
907,cbc,bcc,known,bcc,0.48,1.850231779188474e-301,normal,0.48,0
908,bcc,ccc,known,ccc,0.3333333333333333,6.16743926396158e-302,normal,0.3333333333333333,0
909,ccc,ccc,known,ccc,0.62,3.8238123436561797e-302,normal,0.62,0
910,ccc,ccc,known,ccc,0.62,2.370763653066831e-302,normal,0.62,0
911,ccc,ccb,known,ccb,0.22,5.215680036747029e-303,normal,0.22,0
912,ccb,cbb,known,cbb,0.696969696969697,3.6351709347024746e-303,normal,0.696969696969697,0
913,cbb,bbb,known,bbb,0.5964912280701754,2.1683475750856866e-303,normal,0.5964912280701754,0
914,bbb,bbb,known,bbb,0.7377938517179023,1.599793509285642e-303,normal,0.7377938517179023,0
915,bbb,bbb,known,bbb,0.7377938517179023,1.1803178151691537e-303,normal,0.7377938517179023,0
916,bbb,bbc,known,bbc,0.06329113924050633,7.470365918792112e-305,anomaly,0.06329113924050633,0
917,bbc,bcb,known,bcb,0.5344827586206896,3.992781784181991e-305,normal,0.5344827586206896,0
918,bcb,cbc,known,cbc,0.2830188679245283,1.1300325804288654e-305,normal,0.2830188679245283,0
919,cbc,bcc,known,bcc,0.48,5.424156386058554e-306,normal,0.48,0
920,bcc,ccc,known,ccc,0.3333333333333333,1.8080521286861844e-306,normal,0.3333333333333333,0
921,ccc,ccc,known,ccc,0.62,1.1209923197854343e-306,normal,0.62,0
922,ccc,ccc,known,ccc,0.62,6.950152382669692e-307,normal,0.62,0
923,ccc,ccc,known,ccc,0.62,4.309094477255209e-307,normal,0.62,0
924,ccc,ccc,known,ccc,0.62,2.6716385758982296e-307,normal,0.62,0
925,ccc,ccc,known,ccc,0.62,1.6564159170569023e-307,normal,0.62,0
926,ccc,ccc,known,ccc,0.62,1.0269778685752795e-307,normal,0.62,0
927,ccc,ccc,known,ccc,0.62,6.367262785166733e-308,normal,0.62,0
928,ccc,ccb,known,ccb,0.22,1.400797812736681e-308,normal,0.22,0
929,ccb,cbc,known,cbc,0.24242424242424243,3.39587348542226e-309,normal,0.24242424242424243,0
930,cbc,bcc,known,bcc,0.48,1.630019273002686e-309,normal,0.48,0
931,bcc,ccc,known,ccc,0.3333333333333333,5.43339757667564e-310,normal,0.3333333333333333,0
932,ccc,ccc,known,ccc,0.62,3.3687064975389e-310,normal,0.62,0
933,ccc,ccc,known,ccc,0.62,2.08859802847413e-310,normal,0.62,0
934,ccc,ccc,known,ccc,0.62,1.29493077765396e-310,normal,0.62,0
935,ccc,ccc,known,ccc,0.62,8.0285708214544e-311,normal,0.62,0
936,ccc,ccb,known,ccb,0.22,1.76628558072e-311,normal,0.22,0
937,ccb,cbb,known,cbb,0.696969696969697,1.231047525956e-311,normal,0.696969696969697,0
938,cbb,bbb,known,bbb,0.5964912280701754,7.343090505704e-312,normal,0.5964912280701754,0
939,bbb,bbb,known,bbb,0.7377938517179023,5.41768702772e-312,normal,0.7377938517179023,0
940,bbb,bbb,known,bbb,0.7377938517179023,3.997136179584e-312,normal,0.7377938517179023,0
941,bbb,bbc,known,bbc,0.06329113924050633,2.52983302504e-313,anomaly,0.06329113924050633,0
942,bbc,bcc,known,bcc,0.3448275862068966,8.7235621553e-314,normal,0.3448275862068966,0
943,bcc,ccc,known,ccc,0.3333333333333333,2.907854052e-314,normal,0.3333333333333333,0
944,ccc,ccc,known,ccc,0.62,1.8028695123e-314,normal,0.62,0
945,ccc,ccc,known,ccc,0.62,1.117779098e-314,normal,0.62,0
946,ccc,ccb,known,ccb,0.22,2.459114016e-315,normal,0.22,0
947,ccb,cbc,known,cbc,0.24242424242424243,5.9614885e-316,normal,0.24242424242424243,0
948,cbc,bcc,known,bcc,0.48,2.8615145e-316,normal,0.48,0
949,bcc,ccc,known,ccc,0.3333333333333333,9.5383815e-317,normal,0.3333333333333333,0
950,ccc,ccc,known,ccc,0.62,5.9137963e-317,normal,0.62,0
951,ccc,ccb,known,ccb,0.22,1.3010354e-317,normal,0.22,0
952,ccb,cbc,known,cbc,0.24242424242424243,3.154026e-318,normal,0.24242424242424243,0
953,cbc,bcb,known,bcb,0.4,1.26161e-318,normal,0.4,0
954,bcb,cbb,known,cbb,0.5471698113207547,6.90313e-319,normal,0.5471698113207547,0
955,cbb,bbb,known,bbb,0.5964912280701754,4.11764e-319,normal,0.5964912280701754,0
956,bbb,bbc,known,bbc,0.06329113924050633,2.606e-320,anomaly,0.06329113924050633,0
957,bbc,bcc,known,bcc,0.3448275862068966,8.987e-321,normal,0.3448275862068966,0
958,bcc,ccb,known,ccb,0.6363636363636364,5.72e-321,normal,0.6363636363636364,0
959,ccb,cbb,known,cbb,0.696969696969697,3.987e-321,normal,0.696969696969697,0
960,cbb,bbb,known,bbb,0.5964912280701754,2.376e-321,normal,0.5964912280701754,0
961,bbb,bbc,known,bbc,0.06329113924050633,1.5e-322,anomaly,0.06329113924050633,0
962,bbc,bcc,known,bcc,0.3448275862068966,5e-323,normal,0.3448275862068966,0
963,bcc,ccb,known,ccb,0.6363636363636364,3e-323,normal,0.6363636363636364,0
964,ccb,cbb,known,cbb,0.696969696969697,2e-323,normal,0.696969696969697,0
965,cbb,bbb,known,bbb,0.5964912280701754,1e-323,normal,0.5964912280701754,0
966,bbb,bbb,known,bbb,0.7377938517179023,5e-324,normal,0.7377938517179023,0
967,bbb,bbc,known,bbc,0.06329113924050633,0.0,anomaly,0.06329113924050633,0
968,bbc,bcc,known,bcc,0.3448275862068966,0.0,normal,0.3448275862068966,0
969,bcc,ccc,known,ccc,0.3333333333333333,0.0,normal,0.3333333333333333,0
970,ccc,ccb,known,ccb,0.22,0.0,normal,0.22,0
971,ccb,cbb,known,cbb,0.696969696969697,0.0,normal,0.696969696969697,0
972,cbb,bbb,known,bbb,0.5964912280701754,0.0,normal,0.5964912280701754,0
973,bbb,bbb,known,bbb,0.7377938517179023,0.0,normal,0.7377938517179023,0
974,bbb,bbb,known,bbb,0.7377938517179023,0.0,normal,0.7377938517179023,0
975,bbb,bbc,known,bbc,0.06329113924050633,0.0,anomaly,0.06329113924050633,0
976,bbc,bcc,known,bcc,0.3448275862068966,0.0,normal,0.3448275862068966,0
977,bcc,ccc,known,ccc,0.3333333333333333,0.0,normal,0.3333333333333333,0
978,ccc,ccb,known,ccb,0.22,0.0,normal,0.22,0
979,ccb,cbb,known,cbb,0.696969696969697,0.0,normal,0.696969696969697,0
980,cbb,bbb,known,bbb,0.5964912280701754,0.0,normal,0.5964912280701754,0
981,bbb,bbb,known,bbb,0.7377938517179023,0.0,normal,0.7377938517179023,0
982,bbb,bbb,known,bbb,0.7377938517179023,0.0,normal,0.7377938517179023,0
983,bbb,bbb,known,bbb,0.7377938517179023,0.0,normal,0.7377938517179023,0
984,bbb,bbc,known,bbc,0.06329113924050633,0.0,anomaly,0.06329113924050633,0
985,bbc,bcb,known,bcb,0.5344827586206896,0.0,normal,0.5344827586206896,0
986,bcb,cbb,known,cbb,0.5471698113207547,0.0,normal,0.5471698113207547,0
987,cbb,bbc,known,bbc,0.24561403508771928,0.0,normal,0.24561403508771928,0
988,bbc,bcc,known,bcc,0.3448275862068966,0.0,normal,0.3448275862068966,0
989,bcc,ccc,known,ccc,0.3333333333333333,0.0,normal,0.3333333333333333,0
990,ccc,ccb,known,ccb,0.22,0.0,normal,0.22,0
991,ccb,cbb,known,cbb,0.696969696969697,0.0,normal,0.696969696969697,0
992,cbb,bbb,known,bbb,0.5964912280701754,0.0,normal,0.5964912280701754,0
993,bbb,bbc,known,bbc,0.06329113924050633,0.0,anomaly,0.06329113924050633,0
994,bbc,bcb,known,bcb,0.5344827586206896,0.0,normal,0.5344827586206896,0
995,bcb,cbb,known,cbb,0.5471698113207547,0.0,normal,0.5471698113207547,0
996,cbb,bbb,known,bbb,0.5964912280701754,0.0,normal,0.5964912280701754,0
997,bbb,bbb,known,bbb,0.7377938517179023,0.0,normal,0.7377938517179023,0
998,bbb,bbc,known,bbc,0.06329113924050633,0.0,anomaly,0.06329113924050633,0
999,bbc,bcb,known,bcb,0.5344827586206896,0.0,normal,0.5344827586206896,0
1000,bcb,cbb,known,cbb,0.5471698113207547,0.0,normal,0.5471698113207547,0
1001,cbb,bbb,known,bbb,0.5964912280701754,0.0,normal,0.5964912280701754,0
1002,bbb,bbc,known,bbc,0.06329113924050633,0.0,anomaly,0.06329113924050633,0
1003,bbc,bcb,known,bcb,0.5344827586206896,0.0,normal,0.5344827586206896,0
1004,bcb,cbb,known,cbb,0.5471698113207547,0.0,normal,0.5471698113207547,0
1005,cbb,bbb,known,bbb,0.5964912280701754,0.0,normal,0.5964912280701754,0
1006,bbb,bbb,known,bbb,0.7377938517179023,0.0,normal,0.7377938517179023,0
1007,bbb,bbb,known,bbb,0.7377938517179023,0.0,normal,0.7377938517179023,0
1008,bbb,bbb,known,bbb,0.7377938517179023,0.0,normal,0.7377938517179023,0
1009,bbb,bbb,known,bbb,0.7377938517179023,0.0,normal,0.7377938517179023,0
1010,bbb,bbb,known,bbb,0.7377938517179023,0.0,normal,0.7377938517179023,0
1011,bbb,bbb,known,bbb,0.7377938517179023,0.0,normal,0.7377938517179023,0
1012,bbb,bbb,known,bbb,0.7377938517179023,0.0,normal,0.7377938517179023,0
1013,bbb,bbb,known,bbb,0.7377938517179023,0.0,normal,0.7377938517179023,0
1014,bbb,bbb,known,bbb,0.7377938517179023,0.0,normal,0.7377938517179023,0
1015,bbb,bbb,known,bbb,0.7377938517179023,0.0,normal,0.7377938517179023,0
1016,bbb,bbb,known,bbb,0.7377938517179023,0.0,normal,0.7377938517179023,0
1017,bbb,bbb,known,bbb,0.7377938517179023,0.0,normal,0.7377938517179023,0
1018,bbb,bbc,known,bbc,0.06329113924050633,0.0,anomaly,0.06329113924050633,0
1019,bbc,bcc,known,bcc,0.3448275862068966,0.0,normal,0.3448275862068966,0
1020,bcc,ccc,known,ccc,0.3333333333333333,0.0,normal,0.3333333333333333,0
1021,ccc,ccc,known,ccc,0.62,0.0,normal,0.62,0
1022,ccc,ccc,known,ccc,0.62,0.0,normal,0.62,0
1023,ccc,ccb,known,ccb,0.22,0.0,normal,0.22,0
1024,ccb,cbc,known,cbc,0.24242424242424243,0.0,normal,0.24242424242424243,0
1025,cbc,bcc,known,bcc,0.48,0.0,normal,0.48,0
1026,bcc,ccc,known,ccc,0.3333333333333333,0.0,normal,0.3333333333333333,0
1027,ccc,ccc,known,ccc,0.62,0.0,normal,0.62,0
1028,ccc,ccc,known,ccc,0.62,0.0,normal,0.62,0
1029,ccc,ccc,known,ccc,0.62,0.0,normal,0.62,0
1030,ccc,ccc,known,ccc,0.62,0.0,normal,0.62,0
1031,ccc,ccb,known,ccb,0.22,0.0,normal,0.22,0
1032,ccb,cbb,known,cbb,0.696969696969697,0.0,normal,0.696969696969697,0
1033,cbb,bbb,known,bbb,0.5964912280701754,0.0,normal,0.5964912280701754,0
1034,bbb,bbb,known,bbb,0.7377938517179023,0.0,normal,0.7377938517179023,0
1035,bbb,bbb,known,bbb,0.7377938517179023,0.0,normal,0.7377938517179023,0
1036,bbb,bbc,known,bbc,0.06329113924050633,0.0,anomaly,0.06329113924050633,0
1037,bbc,bcc,known,bcc,0.3448275862068966,0.0,normal,0.3448275862068966,0
1038,bcc,ccc,known,ccc,0.3333333333333333,0.0,normal,0.3333333333333333,0
1039,ccc,ccc,known,ccc,0.62,0.0,normal,0.62,0
1040,ccc,ccc,known,ccc,0.62,0.0,normal,0.62,0
1041,ccc,ccc,known,ccc,0.62,0.0,normal,0.62,0
1042,ccc,ccc,known,ccc,0.62,0.0,normal,0.62,0
1043,ccc,ccc,known,ccc,0.62,0.0,normal,0.62,0
1044,ccc,ccb,known,ccb,0.22,0.0,normal,0.22,0
1045,ccb,cbb,known,cbb,0.696969696969697,0.0,normal,0.696969696969697,0
1046,cbb,bbb,known,bbb,0.5964912280701754,0.0,normal,0.5964912280701754,0
1047,bbb,bbb,known,bbb,0.7377938517179023,0.0,normal,0.7377938517179023,0
1048,bbb,bbb,known,bbb,0.7377938517179023,0.0,normal,0.7377938517179023,0
1049,bbb,bbb,known,bbb,0.7377938517179023,0.0,normal,0.7377938517179023,0
1050,bbb,bbb,known,bbb,0.7377938517179023,0.0,normal,0.7377938517179023,0
1051,bbb,bbb,known,bbb,0.7377938517179023,0.0,normal,0.7377938517179023,0
1052,bbb,bbb,known,bbb,0.7377938517179023,0.0,normal,0.7377938517179023,0
1053,bbb,bbb,known,bbb,0.7377938517179023,0.0,normal,0.7377938517179023,0
1054,bbb,bbb,known,bbb,0.7377938517179023,0.0,normal,0.7377938517179023,0
1055,bbb,bbb,known,bbb,0.7377938517179023,0.0,normal,0.7377938517179023,0
1056,bbb,bbc,known,bbc,0.06329113924050633,0.0,anomaly,0.06329113924050633,0
1057,bbc,bcb,known,bcb,0.5344827586206896,0.0,normal,0.5344827586206896,0
1058,bcb,cbb,known,cbb,0.5471698113207547,0.0,normal,0.5471698113207547,0
1059,cbb,bbc,known,bbc,0.24561403508771928,0.0,normal,0.24561403508771928,0
1060,bbc,bcc,known,bcc,0.3448275862068966,0.0,normal,0.3448275862068966,0
1061,bcc,ccc,known,ccc,0.3333333333333333,0.0,normal,0.3333333333333333,0
1062,ccc,ccc,known,ccc,0.62,0.0,normal,0.62,0
1063,ccc,ccb,known,ccb,0.22,0.0,normal,0.22,0
1064,ccb,cbb,known,cbb,0.696969696969697,0.0,normal,0.696969696969697,0
1065,cbb,bbb,known,bbb,0.5964912280701754,0.0,normal,0.5964912280701754,0
1066,bbb,bbb,known,bbb,0.7377938517179023,0.0,normal,0.7377938517179023,0
1067,bbb,bbb,known,bbb,0.7377938517179023,0.0,normal,0.7377938517179023,0
1068,bbb,bbb,known,bbb,0.7377938517179023,0.0,normal,0.7377938517179023,0
1069,bbb,bbc,known,bbc,0.06329113924050633,0.0,anomaly,0.06329113924050633,0
1070,bbc,bcb,known,bcb,0.5344827586206896,0.0,normal,0.5344827586206896,0
1071,bcb,cbb,known,cbb,0.5471698113207547,0.0,normal,0.5471698113207547,0
1072,cbb,bbb,known,bbb,0.5964912280701754,0.0,normal,0.5964912280701754,0
1073,bbb,bbb,known,bbb,0.7377938517179023,0.0,normal,0.7377938517179023,0
1074,bbb,bbb,known,bbb,0.7377938517179023,0.0,normal,0.7377938517179023,0
1075,bbb,bbb,known,bbb,0.7377938517179023,0.0,normal,0.7377938517179023,0
1076,bbb,bbb,known,bbb,0.7377938517179023,0.0,normal,0.7377938517179023,0
1077,bbb,bbc,known,bbc,0.06329113924050633,0.0,anomaly,0.06329113924050633,0
1078,bbc,bcc,known,bcc,0.3448275862068966,0.0,normal,0.3448275862068966,0
1079,bcc,ccc,known,ccc,0.3333333333333333,0.0,normal,0.3333333333333333,0
1080,ccc,ccc,known,ccc,0.62,0.0,normal,0.62,0
1081,ccc,ccc,known,ccc,0.62,0.0,normal,0.62,0
1082,ccc,ccb,known,ccb,0.22,0.0,normal,0.22,0
1083,ccb,cbb,known,cbb,0.696969696969697,0.0,normal,0.696969696969697,0
1084,cbb,bbb,known,bbb,0.5964912280701754,0.0,normal,0.5964912280701754,0
1085,bbb,bbb,known,bbb,0.7377938517179023,0.0,normal,0.7377938517179023,0
1086,bbb,bbb,known,bbb,0.7377938517179023,0.0,normal,0.7377938517179023,0
1087,bbb,bbb,known,bbb,0.7377938517179023,0.0,normal,0.7377938517179023,0
1088,bbb,bbc,known,bbc,0.06329113924050633,0.0,anomaly,0.06329113924050633,0
1089,bbc,bcc,known,bcc,0.3448275862068966,0.0,normal,0.3448275862068966,0
1090,bcc,ccc,known,ccc,0.3333333333333333,0.0,normal,0.3333333333333333,0
1091,ccc,ccb,known,ccb,0.22,0.0,normal,0.22,0
1092,ccb,cbb,known,cbb,0.696969696969697,0.0,normal,0.696969696969697,0
1093,cbb,bbb,known,bbb,0.5964912280701754,0.0,normal,0.5964912280701754,0
1094,bbb,bbc,known,bbc,0.06329113924050633,0.0,anomaly,0.06329113924050633,0
1095,bbc,bca,known,bca,0.10344827586206896,0.0,anomaly,0.10344827586206896,0
1096,bca,cab,known,cab,0.8888888888888888,0.0,normal,0.8888888888888888,0
1097,cab,abb,known,abb,0.5714285714285714,0.0,normal,0.5714285714285714,0
1098,abb,bbc,known,bbc,0.049723756906077346,0.0,anomaly,0.049723756906077346,0
1099,bbc,bcb,known,bcb,0.5344827586206896,0.0,normal,0.5344827586206896,0
1100,bcb,cbc,known,cbc,0.2830188679245283,0.0,normal,0.2830188679245283,0
1101,cbc,bcb,known,bcb,0.4,0.0,normal,0.4,0
1102,bcb,cbb,known,cbb,0.5471698113207547,0.0,normal,0.5471698113207547,0
1103,cbb,bbb,known,bbb,0.5964912280701754,0.0,normal,0.5964912280701754,0
1104,bbb,bbb,known,bbb,0.7377938517179023,0.0,normal,0.7377938517179023,0
1105,bbb,bbc,known,bbc,0.06329113924050633,0.0,anomaly,0.06329113924050633,0
1106,bbc,bcc,known,bcc,0.3448275862068966,0.0,normal,0.3448275862068966,0
1107,bcc,ccc,known,ccc,0.3333333333333333,0.0,normal,0.3333333333333333,0
1108,ccc,ccc,known,ccc,0.62,0.0,normal,0.62,0
1109,ccc,ccb,known,ccb,0.22,0.0,normal,0.22,0
1110,ccb,cbb,known,cbb,0.696969696969697,0.0,normal,0.696969696969697,0
1111,cbb,bbb,known,bbb,0.5964912280701754,0.0,normal,0.5964912280701754,0
1112,bbb,bbb,known,bbb,0.7377938517179023,0.0,normal,0.7377938517179023,0
1113,bbb,bbb,known,bbb,0.7377938517179023,0.0,normal,0.7377938517179023,0
1114,bbb,bbc,known,bbc,0.06329113924050633,0.0,anomaly,0.06329113924050633,0
1115,bbc,bcc,known,bcc,0.3448275862068966,0.0,normal,0.3448275862068966,0
1116,bcc,ccc,known,ccc,0.3333333333333333,0.0,normal,0.3333333333333333,0
1117,ccc,ccc,known,ccc,0.62,0.0,normal,0.62,0
1118,ccc,ccc,known,ccc,0.62,0.0,normal,0.62,0
1119,ccc,ccc,known,ccc,0.62,0.0,normal,0.62,0
1120,ccc,ccc,known,ccc,0.62,0.0,normal,0.62,0
1121,ccc,ccc,known,ccc,0.62,0.0,normal,0.62,0
1122,ccc,ccc,known,ccc,0.62,0.0,normal,0.62,0
1123,ccc,ccc,known,ccc,0.62,0.0,normal,0.62,0
1124,ccc,ccb,known,ccb,0.22,0.0,normal,0.22,0
1125,ccb,cbc,known,cbc,0.24242424242424243,0.0,normal,0.24242424242424243,0
1126,cbc,bcc,known,bcc,0.48,0.0,normal,0.48,0
1127,bcc,ccc,known,ccc,0.3333333333333333,0.0,normal,0.3333333333333333,0
1128,ccc,ccb,known,ccb,0.22,0.0,normal,0.22,0
1129,ccb,cbb,known,cbb,0.696969696969697,0.0,normal,0.696969696969697,0
1130,cbb,bbc,known,bbc,0.24561403508771928,0.0,normal,0.24561403508771928,0
1131,bbc,bcb,known,bcb,0.5344827586206896,0.0,normal,0.5344827586206896,0
1132,bcb,cbb,known,cbb,0.5471698113207547,0.0,normal,0.5471698113207547,0
1133,cbb,bbb,known,bbb,0.5964912280701754,0.0,normal,0.5964912280701754,0
1134,bbb,bbb,known,bbb,0.7377938517179023,0.0,normal,0.7377938517179023,0
1135,bbb,bbb,known,bbb,0.7377938517179023,0.0,normal,0.7377938517179023,0
1136,bbb,bbb,known,bbb,0.7377938517179023,0.0,normal,0.7377938517179023,0
1137,bbb,bbc,known,bbc,0.06329113924050633,0.0,anomaly,0.06329113924050633,0
1138,bbc,bcc,known,bcc,0.3448275862068966,0.0,normal,0.3448275862068966,0
1139,bcc,ccb,known,ccb,0.6363636363636364,0.0,normal,0.6363636363636364,0
1140,ccb,cbb,known,cbb,0.696969696969697,0.0,normal,0.696969696969697,0
1141,cbb,bbb,known,bbb,0.5964912280701754,0.0,normal,0.5964912280701754,0
1142,bbb,bbb,known,bbb,0.7377938517179023,0.0,normal,0.7377938517179023,0
1143,bbb,bbc,known,bbc,0.06329113924050633,0.0,anomaly,0.06329113924050633,0
1144,bbc,bcc,known,bcc,0.3448275862068966,0.0,normal,0.3448275862068966,0
1145,bcc,ccc,known,ccc,0.3333333333333333,0.0,normal,0.3333333333333333,0
1146,ccc,ccc,known,ccc,0.62,0.0,normal,0.62,0
1147,ccc,ccc,known,ccc,0.62,0.0,normal,0.62,0
1148,ccc,ccc,known,ccc,0.62,0.0,normal,0.62,0
1149,ccc,ccb,known,ccb,0.22,0.0,normal,0.22,0
1150,ccb,cbb,known,cbb,0.696969696969697,0.0,normal,0.696969696969697,0
1151,cbb,bbb,known,bbb,0.5964912280701754,0.0,normal,0.5964912280701754,0
1152,bbb,bbb,known,bbb,0.7377938517179023,0.0,normal,0.7377938517179023,0
1153,bbb,bbb,known,bbb,0.7377938517179023,0.0,normal,0.7377938517179023,0
1154,bbb,bbb,known,bbb,0.7377938517179023,0.0,normal,0.7377938517179023,0
1155,bbb,bbb,known,bbb,0.7377938517179023,0.0,normal,0.7377938517179023,0
1156,bbb,bbb,known,bbb,0.7377938517179023,0.0,normal,0.7377938517179023,0
1157,bbb,bbb,known,bbb,0.7377938517179023,0.0,normal,0.7377938517179023,0
1158,bbb,bbb,known,bbb,0.7377938517179023,0.0,normal,0.7377938517179023,0
1159,bbb,bbb,known,bbb,0.7377938517179023,0.0,normal,0.7377938517179023,0
1160,bbb,bbb,known,bbb,0.7377938517179023,0.0,normal,0.7377938517179023,0
1161,bbb,bbb,known,bbb,0.7377938517179023,0.0,normal,0.7377938517179023,0
1162,bbb,bbb,known,bbb,0.7377938517179023,0.0,normal,0.7377938517179023,0
1163,bbb,bbb,known,bbb,0.7377938517179023,0.0,normal,0.7377938517179023,0
1164,bbb,bbb,known,bbb,0.7377938517179023,0.0,normal,0.7377938517179023,0
1165,bbb,bbc,known,bbc,0.06329113924050633,0.0,anomaly,0.06329113924050633,0
1166,bbc,bcb,known,bcb,0.5344827586206896,0.0,normal,0.5344827586206896,0
1167,bcb,cbc,known,cbc,0.2830188679245283,0.0,normal,0.2830188679245283,0
1168,cbc,bcb,known,bcb,0.4,0.0,normal,0.4,0
1169,bcb,cbc,known,cbc,0.2830188679245283,0.0,normal,0.2830188679245283,0
1170,cbc,bcc,known,bcc,0.48,0.0,normal,0.48,0
1171,bcc,ccb,known,ccb,0.6363636363636364,0.0,normal,0.6363636363636364,0
1172,ccb,cbc,known,cbc,0.24242424242424243,0.0,normal,0.24242424242424243,0
1173,cbc,bcb,known,bcb,0.4,0.0,normal,0.4,0
1174,bcb,cbb,known,cbb,0.5471698113207547,0.0,normal,0.5471698113207547,0
1175,cbb,bbb,known,bbb,0.5964912280701754,0.0,normal,0.5964912280701754,0
1176,bbb,bbb,known,bbb,0.7377938517179023,0.0,normal,0.7377938517179023,0
1177,bbb,bbb,known,bbb,0.7377938517179023,0.0,normal,0.7377938517179023,0
1178,bbb,bbb,known,bbb,0.7377938517179023,0.0,normal,0.7377938517179023,0
1179,bbb,bbb,known,bbb,0.7377938517179023,0.0,normal,0.7377938517179023,0
1180,bbb,bbc,known,bbc,0.06329113924050633,0.0,anomaly,0.06329113924050633,0
1181,bbc,bcc,known,bcc,0.3448275862068966,0.0,normal,0.3448275862068966,0
1182,bcc,ccc,known,ccc,0.3333333333333333,0.0,normal,0.3333333333333333,0
1183,ccc,ccc,known,ccc,0.62,0.0,normal,0.62,0
1184,ccc,ccb,known,ccb,0.22,0.0,normal,0.22,0
1185,ccb,cbb,known,cbb,0.696969696969697,0.0,normal,0.696969696969697,0
1186,cbb,bbb,known,bbb,0.5964912280701754,0.0,normal,0.5964912280701754,0
1187,bbb,bbb,known,bbb,0.7377938517179023,0.0,normal,0.7377938517179023,0
1188,bbb,bbb,known,bbb,0.7377938517179023,0.0,normal,0.7377938517179023,0
1189,bbb,bbb,known,bbb,0.7377938517179023,0.0,normal,0.7377938517179023,0
1190,bbb,bbc,known,bbc,0.06329113924050633,0.0,anomaly,0.06329113924050633,0
1191,bbc,bcb,known,bcb,0.5344827586206896,0.0,normal,0.5344827586206896,0
1192,bcb,cbb,known,cbb,0.5471698113207547,0.0,normal,0.5471698113207547,0
1193,cbb,bbb,known,bbb,0.5964912280701754,0.0,normal,0.5964912280701754,0
1194,bbb,bbb,known,bbb,0.7377938517179023,0.0,normal,0.7377938517179023,0
1195,bbb,bbc,known,bbc,0.06329113924050633,0.0,anomaly,0.06329113924050633,0
1196,bbc,bcc,known,bcc,0.3448275862068966,0.0,normal,0.3448275862068966,0
1197,bcc,ccc,known,ccc,0.3333333333333333,0.0,normal,0.3333333333333333,0
1198,ccc,ccc,known,ccc,0.62,0.0,normal,0.62,0
1199,ccc,ccb,known,ccb,0.22,0.0,normal,0.22,0
1200,ccb,cbb,known,cbb,0.696969696969697,0.0,normal,0.696969696969697,0
1201,cbb,bbb,known,bbb,0.5964912280701754,0.0,normal,0.5964912280701754,0
1202,bbb,bbb,known,bbb,0.7377938517179023,0.0,normal,0.7377938517179023,0
1203,bbb,bbc,known,bbc,0.06329113924050633,0.0,anomaly,0.06329113924050633,0
1204,bbc,bcc,known,bcc,0.3448275862068966,0.0,normal,0.3448275862068966,0
1205,bcc,ccc,known,ccc,0.3333333333333333,0.0,normal,0.3333333333333333,0
1206,ccc,ccc,known,ccc,0.62,0.0,normal,0.62,0
1207,ccc,ccb,known,ccb,0.22,0.0,normal,0.22,0
1208,ccb,cbb,known,cbb,0.696969696969697,0.0,normal,0.696969696969697,0
1209,cbb,bbb,known,bbb,0.5964912280701754,0.0,normal,0.5964912280701754,0
1210,bbb,bbb,known,bbb,0.7377938517179023,0.0,normal,0.7377938517179023,0
1211,bbb,bbb,known,bbb,0.7377938517179023,0.0,normal,0.7377938517179023,0
1212,bbb,bbb,known,bbb,0.7377938517179023,0.0,normal,0.7377938517179023,0
1213,bbb,bbc,known,bbc,0.06329113924050633,0.0,anomaly,0.06329113924050633,0
1214,bbc,bcc,known,bcc,0.3448275862068966,0.0,normal,0.3448275862068966,0
1215,bcc,ccc,known,ccc,0.3333333333333333,0.0,normal,0.3333333333333333,0
1216,ccc,ccc,known,ccc,0.62,0.0,normal,0.62,0
1217,ccc,ccc,known,ccc,0.62,0.0,normal,0.62,0
1218,ccc,ccb,known,ccb,0.22,0.0,normal,0.22,0
1219,ccb,cbc,known,cbc,0.24242424242424243,0.0,normal,0.24242424242424243,0
1220,cbc,bcb,known,bcb,0.4,0.0,normal,0.4,0
1221,bcb,cbc,known,cbc,0.2830188679245283,0.0,normal,0.2830188679245283,0
1222,cbc,bcc,known,bcc,0.48,0.0,normal,0.48,0
1223,bcc,ccc,known,ccc,0.3333333333333333,0.0,normal,0.3333333333333333,0
1224,ccc,ccc,known,ccc,0.62,0.0,normal,0.62,0
1225,ccc,ccc,known,ccc,0.62,0.0,normal,0.62,0
1226,ccc,ccb,known,ccb,0.22,0.0,normal,0.22,0
1227,ccb,cbc,known,cbc,0.24242424242424243,0.0,normal,0.24242424242424243,0
1228,cbc,bcc,known,bcc,0.48,0.0,normal,0.48,0
1229,bcc,ccc,known,ccc,0.3333333333333333,0.0,normal,0.3333333333333333,0
1230,ccc,ccc,known,ccc,0.62,0.0,normal,0.62,0
1231,ccc,ccc,known,ccc,0.62,0.0,normal,0.62,0
1232,ccc,ccc,known,ccc,0.62,0.0,normal,0.62,0
1233,ccc,ccc,known,ccc,0.62,0.0,normal,0.62,0
1234,ccc,ccc,known,ccc,0.62,0.0,normal,0.62,0
1235,ccc,ccb,known,ccb,0.22,0.0,normal,0.22,0
1236,ccb,cbb,known,cbb,0.696969696969697,0.0,normal,0.696969696969697,0
1237,cbb,bbb,known,bbb,0.5964912280701754,0.0,normal,0.5964912280701754,0
1238,bbb,bbb,known,bbb,0.7377938517179023,0.0,normal,0.7377938517179023,0
1239,bbb,bbc,known,bbc,0.06329113924050633,0.0,anomaly,0.06329113924050633,0
1240,bbc,bcc,known,bcc,0.3448275862068966,0.0,normal,0.3448275862068966,0
1241,bcc,ccc,known,ccc,0.3333333333333333,0.0,normal,0.3333333333333333,0
1242,ccc,ccb,known,ccb,0.22,0.0,normal,0.22,0
1243,ccb,cbb,known,cbb,0.696969696969697,0.0,normal,0.696969696969697,0
1244,cbb,bbb,known,bbb,0.5964912280701754,0.0,normal,0.5964912280701754,0
1245,bbb,bbb,known,bbb,0.7377938517179023,0.0,normal,0.7377938517179023,0
1246,bbb,bbb,known,bbb,0.7377938517179023,0.0,normal,0.7377938517179023,0
1247,bbb,bbb,known,bbb,0.7377938517179023,0.0,normal,0.7377938517179023,0
1248,bbb,bbb,known,bbb,0.7377938517179023,0.0,normal,0.7377938517179023,0
1249,bbb,bbc,known,bbc,0.06329113924050633,0.0,anomaly,0.06329113924050633,0
1250,bbc,bcc,known,bcc,0.3448275862068966,0.0,normal,0.3448275862068966,0
1251,bcc,ccc,known,ccc,0.3333333333333333,0.0,normal,0.3333333333333333,0
1252,ccc,ccc,known,ccc,0.62,0.0,normal,0.62,0
1253,ccc,ccc,known,ccc,0.62,0.0,normal,0.62,0
1254,ccc,ccb,known,ccb,0.22,0.0,normal,0.22,0
1255,ccb,cbc,known,cbc,0.24242424242424243,0.0,normal,0.24242424242424243,0
1256,cbc,bcb,known,bcb,0.4,0.0,normal,0.4,0
1257,bcb,cbb,known,cbb,0.5471698113207547,0.0,normal,0.5471698113207547,0
1258,cbb,bbb,known,bbb,0.5964912280701754,0.0,normal,0.5964912280701754,0
1259,bbb,bbb,known,bbb,0.7377938517179023,0.0,normal,0.7377938517179023,0
1260,bbb,bbb,known,bbb,0.7377938517179023,0.0,normal,0.7377938517179023,0
1261,bbb,bbc,known,bbc,0.06329113924050633,0.0,anomaly,0.06329113924050633,0
1262,bbc,bcc,known,bcc,0.3448275862068966,0.0,normal,0.3448275862068966,0
1263,bcc,ccc,known,ccc,0.3333333333333333,0.0,normal,0.3333333333333333,0
1264,ccc,ccc,known,ccc,0.62,0.0,normal,0.62,0
1265,ccc,ccc,known,ccc,0.62,0.0,normal,0.62,0
1266,ccc,ccc,known,ccc,0.62,0.0,normal,0.62,0
1267,ccc,ccc,known,ccc,0.62,0.0,normal,0.62,0
1268,ccc,ccb,known,ccb,0.22,0.0,normal,0.22,0
1269,ccb,cbb,known,cbb,0.696969696969697,0.0,normal,0.696969696969697,0
1270,cbb,bbb,known,bbb,0.5964912280701754,0.0,normal,0.5964912280701754,0
1271,bbb,bbb,known,bbb,0.7377938517179023,0.0,normal,0.7377938517179023,0
1272,bbb,bbb,known,bbb,0.7377938517179023,0.0,normal,0.7377938517179023,0
1273,bbb,bbb,known,bbb,0.7377938517179023,0.0,normal,0.7377938517179023,0
1274,bbb,bbc,known,bbc,0.06329113924050633,0.0,anomaly,0.06329113924050633,0
1275,bbc,bcc,known,bcc,0.3448275862068966,0.0,normal,0.3448275862068966,0
1276,bcc,ccc,known,ccc,0.3333333333333333,0.0,normal,0.3333333333333333,0
1277,ccc,ccc,known,ccc,0.62,0.0,normal,0.62,0
1278,ccc,ccd,known,ccd,0.16,0.0,anomaly,0.16,0
1279,ccd,cdc,known,cdc,0.4,0.0,normal,0.4,0
1280,cdc,dcc,known,dcc,0.375,0.0,normal,0.375,0
1281,dcc,ccc,known,ccc,0.5333333333333333,0.0,normal,0.5333333333333333,0
1282,ccc,ccc,known,ccc,0.62,0.0,normal,0.62,0
1283,ccc,ccc,known,ccc,0.62,0.0,normal,0.62,0
1284,ccc,ccc,known,ccc,0.62,0.0,normal,0.62,0
1285,ccc,ccc,known,ccc,0.62,0.0,normal,0.62,0
1286,ccc,ccb,known,ccb,0.22,0.0,normal,0.22,0
1287,ccb,cbb,known,cbb,0.696969696969697,0.0,normal,0.696969696969697,0
1288,cbb,bbb,known,bbb,0.5964912280701754,0.0,normal,0.5964912280701754,0
1289,bbb,bbb,known,bbb,0.7377938517179023,0.0,normal,0.7377938517179023,0
1290,bbb,bbb,known,bbb,0.7377938517179023,0.0,normal,0.7377938517179023,0
1291,bbb,bbb,known,bbb,0.7377938517179023,0.0,normal,0.7377938517179023,0
1292,bbb,bbc,known,bbc,0.06329113924050633,0.0,anomaly,0.06329113924050633,0
1293,bbc,bcc,known,bcc,0.3448275862068966,0.0,normal,0.3448275862068966,0
1294,bcc,ccc,known,ccc,0.3333333333333333,0.0,normal,0.3333333333333333,0
1295,ccc,ccc,known,ccc,0.62,0.0,normal,0.62,0
1296,ccc,ccb,known,ccb,0.22,0.0,normal,0.22,0
1297,ccb,cbb,known,cbb,0.696969696969697,0.0,normal,0.696969696969697,0
1298,cbb,bbc,known,bbc,0.24561403508771928,0.0,normal,0.24561403508771928,0
1299,bbc,bcb,known,bcb,0.5344827586206896,0.0,normal,0.5344827586206896,0
1300,bcb,cbc,known,cbc,0.2830188679245283,0.0,normal,0.2830188679245283,0
1301,cbc,bcc,known,bcc,0.48,0.0,normal,0.48,0
1302,bcc,ccc,known,ccc,0.3333333333333333,0.0,normal,0.3333333333333333,0
1303,ccc,ccc,known,ccc,0.62,0.0,normal,0.62,0
1304,ccc,ccc,known,ccc,0.62,0.0,normal,0.62,0
1305,ccc,ccc,known,ccc,0.62,0.0,normal,0.62,0
1306,ccc,ccc,known,ccc,0.62,0.0,normal,0.62,0
1307,ccc,ccc,known,ccc,0.62,0.0,normal,0.62,0
1308,ccc,ccc,known,ccc,0.62,0.0,normal,0.62,0
1309,ccc,ccc,known,ccc,0.62,0.0,normal,0.62,0
1310,ccc,ccc,known,ccc,0.62,0.0,normal,0.62,0
1311,ccc,ccc,known,ccc,0.62,0.0,normal,0.62,0
1312,ccc,ccc,known,ccc,0.62,0.0,normal,0.62,0
1313,ccc,ccc,known,ccc,0.62,0.0,normal,0.62,0
1314,ccc,ccc,known,ccc,0.62,0.0,normal,0.62,0
1315,ccc,ccc,known,ccc,0.62,0.0,normal,0.62,0
1316,ccc,ccc,known,ccc,0.62,0.0,normal,0.62,0
1317,ccc,ccc,known,ccc,0.62,0.0,normal,0.62,0
1318,ccc,ccb,known,ccb,0.22,0.0,normal,0.22,0
1319,ccb,cbb,known,cbb,0.696969696969697,0.0,normal,0.696969696969697,0
1320,cbb,bbc,known,bbc,0.24561403508771928,0.0,normal,0.24561403508771928,0
1321,bbc,bcc,known,bcc,0.3448275862068966,0.0,normal,0.3448275862068966,0
1322,bcc,ccb,known,ccb,0.6363636363636364,0.0,normal,0.6363636363636364,0
1323,ccb,cbb,known,cbb,0.696969696969697,0.0,normal,0.696969696969697,0
1324,cbb,bbc,known,bbc,0.24561403508771928,0.0,normal,0.24561403508771928,0
1325,bbc,bcb,known,bcb,0.5344827586206896,0.0,normal,0.5344827586206896,0
1326,bcb,cbb,known,cbb,0.5471698113207547,0.0,normal,0.5471698113207547,0
1327,cbb,bbb,known,bbb,0.5964912280701754,0.0,normal,0.5964912280701754,0
1328,bbb,bbb,known,bbb,0.7377938517179023,0.0,normal,0.7377938517179023,0
1329,bbb,bbb,known,bbb,0.7377938517179023,0.0,normal,0.7377938517179023,0
1330,bbb,bbb,known,bbb,0.7377938517179023,0.0,normal,0.7377938517179023,0
1331,bbb,bbb,known,bbb,0.7377938517179023,0.0,normal,0.7377938517179023,0
1332,bbb,bbc,known,bbc,0.06329113924050633,0.0,anomaly,0.06329113924050633,0
1333,bbc,bcb,known,bcb,0.5344827586206896,0.0,normal,0.5344827586206896,0
1334,bcb,cbb,known,cbb,0.5471698113207547,0.0,normal,0.5471698113207547,0
1335,cbb,bbb,known,bbb,0.5964912280701754,0.0,normal,0.5964912280701754,0
1336,bbb,bbb,known,bbb,0.7377938517179023,0.0,normal,0.7377938517179023,0
1337,bbb,bbb,known,bbb,0.7377938517179023,0.0,normal,0.7377938517179023,0
1338,bbb,bbc,known,bbc,0.06329113924050633,0.0,anomaly,0.06329113924050633,0
1339,bbc,bcb,known,bcb,0.5344827586206896,0.0,normal,0.5344827586206896,0
1340,bcb,cbb,known,cbb,0.5471698113207547,0.0,normal,0.5471698113207547,0
1341,cbb,bbb,known,bbb,0.5964912280701754,0.0,normal,0.5964912280701754,0
1342,bbb,bbb,known,bbb,0.7377938517179023,0.0,normal,0.7377938517179023,0
1343,bbb,bbb,known,bbb,0.7377938517179023,0.0,normal,0.7377938517179023,0
1344,bbb,bbb,known,bbb,0.7377938517179023,0.0,normal,0.7377938517179023,0
1345,bbb,bbb,known,bbb,0.7377938517179023,0.0,normal,0.7377938517179023,0
1346,bbb,bbb,known,bbb,0.7377938517179023,0.0,normal,0.7377938517179023,0
1347,bbb,bbb,known,bbb,0.7377938517179023,0.0,normal,0.7377938517179023,0
1348,bbb,bbb,known,bbb,0.7377938517179023,0.0,normal,0.7377938517179023,0
1349,bbb,bbc,known,bbc,0.06329113924050633,0.0,anomaly,0.06329113924050633,0
1350,bbc,bcc,known,bcc,0.3448275862068966,0.0,normal,0.3448275862068966,0
1351,bcc,ccc,known,ccc,0.3333333333333333,0.0,normal,0.3333333333333333,0
1352,ccc,ccb,known,ccb,0.22,0.0,normal,0.22,0
1353,ccb,cbc,known,cbc,0.24242424242424243,0.0,normal,0.24242424242424243,0
1354,cbc,bcb,known,bcb,0.4,0.0,normal,0.4,0
1355,bcb,cbb,known,cbb,0.5471698113207547,0.0,normal,0.5471698113207547,0
1356,cbb,bbb,known,bbb,0.5964912280701754,0.0,normal,0.5964912280701754,0
1357,bbb,bbb,known,bbb,0.7377938517179023,0.0,normal,0.7377938517179023,0
1358,bbb,bbb,known,bbb,0.7377938517179023,0.0,normal,0.7377938517179023,0
1359,bbb,bbb,known,bbb,0.7377938517179023,0.0,normal,0.7377938517179023,0
1360,bbb,bbb,known,bbb,0.7377938517179023,0.0,normal,0.7377938517179023,0
1361,bbb,bbb,known,bbb,0.7377938517179023,0.0,normal,0.7377938517179023,0
1362,bbb,bbb,known,bbb,0.7377938517179023,0.0,normal,0.7377938517179023,0
1363,bbb,bbb,known,bbb,0.7377938517179023,0.0,normal,0.7377938517179023,0
1364,bbb,bbb,known,bbb,0.7377938517179023,0.0,normal,0.7377938517179023,0
1365,bbb,bbb,known,bbb,0.7377938517179023,0.0,normal,0.7377938517179023,0
1366,bbb,bbb,known,bbb,0.7377938517179023,0.0,normal,0.7377938517179023,0
1367,bbb,bbb,known,bbb,0.7377938517179023,0.0,normal,0.7377938517179023,0
1368,bbb,bbb,known,bbb,0.7377938517179023,0.0,normal,0.7377938517179023,0
1369,bbb,bbb,known,bbb,0.7377938517179023,0.0,normal,0.7377938517179023,0
1370,bbb,bbb,known,bbb,0.7377938517179023,0.0,normal,0.7377938517179023,0
1371,bbb,bbb,known,bbb,0.7377938517179023,0.0,normal,0.7377938517179023,0
1372,bbb,bbb,known,bbb,0.7377938517179023,0.0,normal,0.7377938517179023,0
1373,bbb,bbb,known,bbb,0.7377938517179023,0.0,normal,0.7377938517179023,0
1374,bbb,bbb,known,bbb,0.7377938517179023,0.0,normal,0.7377938517179023,0
1375,bbb,bba,known,bba,0.19891500904159132,0.0,anomaly,0.19891500904159132,0
1376,bba,bab,known,bab,0.40555555555555556,0.0,normal,0.40555555555555556,0
1377,bab,abb,known,abb,0.46,0.0,normal,0.46,0
1378,abb,bba,known,bba,0.3370165745856354,0.0,normal,0.3370165745856354,0
1379,bba,bab,known,bab,0.40555555555555556,0.0,normal,0.40555555555555556,0
1380,bab,abb,known,abb,0.46,0.0,normal,0.46,0
1381,abb,bbb,known,bbb,0.6132596685082873,0.0,normal,0.6132596685082873,0
1382,bbb,bbb,known,bbb,0.7377938517179023,0.0,normal,0.7377938517179023,0
1383,bbb,bbc,known,bbc,0.06329113924050633,0.0,anomaly,0.06329113924050633,0
1384,bbc,bcb,known,bcb,0.5344827586206896,0.0,normal,0.5344827586206896,0
1385,bcb,cbc,known,cbc,0.2830188679245283,0.0,normal,0.2830188679245283,0
1386,cbc,bcc,known,bcc,0.48,0.0,normal,0.48,0
1387,bcc,ccb,known,ccb,0.6363636363636364,0.0,normal,0.6363636363636364,0
1388,ccb,cbb,known,cbb,0.696969696969697,0.0,normal,0.696969696969697,0
1389,cbb,bbc,known,bbc,0.24561403508771928,0.0,normal,0.24561403508771928,0
1390,bbc,bcb,known,bcb,0.5344827586206896,0.0,normal,0.5344827586206896,0
1391,bcb,cbb,known,cbb,0.5471698113207547,0.0,normal,0.5471698113207547,0
1392,cbb,bbb,known,bbb,0.5964912280701754,0.0,normal,0.5964912280701754,0
1393,bbb,bbb,known,bbb,0.7377938517179023,0.0,normal,0.7377938517179023,0
1394,bbb,bbb,known,bbb,0.7377938517179023,0.0,normal,0.7377938517179023,0
1395,bbb,bbc,known,bbc,0.06329113924050633,0.0,anomaly,0.06329113924050633,0
1396,bbc,bcb,known,bcb,0.5344827586206896,0.0,normal,0.5344827586206896,0
1397,bcb,cbb,known,cbb,0.5471698113207547,0.0,normal,0.5471698113207547,0
1398,cbb,bbb,known,bbb,0.5964912280701754,0.0,normal,0.5964912280701754,0
1399,bbb,bbb,known,bbb,0.7377938517179023,0.0,normal,0.7377938517179023,0
1400,bbb,bbb,known,bbb,0.7377938517179023,0.0,normal,0.7377938517179023,0
1401,bbb,bbb,known,bbb,0.7377938517179023,0.0,normal,0.7377938517179023,0
1402,bbb,bbb,known,bbb,0.7377938517179023,0.0,normal,0.7377938517179023,0
1403,bbb,bbb,known,bbb,0.7377938517179023,0.0,normal,0.7377938517179023,0
1404,bbb,bba,known,bba,0.19891500904159132,0.0,anomaly,0.19891500904159132,0
1405,bba,bab,known,bab,0.40555555555555556,0.0,normal,0.40555555555555556,0
1406,bab,abb,known,abb,0.46,0.0,normal,0.46,0
1407,abb,bba,known,bba,0.3370165745856354,0.0,normal,0.3370165745856354,0
1408,bba,baa,known,baa,0.5555555555555556,0.0,normal,0.5555555555555556,0
1409,baa,aab,known,aab,0.22727272727272727,0.0,normal,0.22727272727272727,0
1410,aab,abb,known,abb,0.47706422018348627,0.0,normal,0.47706422018348627,0
1411,abb,bbb,known,bbb,0.6132596685082873,0.0,normal,0.6132596685082873,0
1412,bbb,bbb,known,bbb,0.7377938517179023,0.0,normal,0.7377938517179023,0
1413,bbb,bbb,known,bbb,0.7377938517179023,0.0,normal,0.7377938517179023,0
1414,bbb,bbb,known,bbb,0.7377938517179023,0.0,normal,0.7377938517179023,0
1415,bbb,bbc,known,bbc,0.06329113924050633,0.0,anomaly,0.06329113924050633,0
1416,bbc,bcc,known,bcc,0.3448275862068966,0.0,normal,0.3448275862068966,0
1417,bcc,ccc,known,ccc,0.3333333333333333,0.0,normal,0.3333333333333333,0
1418,ccc,ccc,known,ccc,0.62,0.0,normal,0.62,0
1419,ccc,ccb,known,ccb,0.22,0.0,normal,0.22,0
1420,ccb,cbb,known,cbb,0.696969696969697,0.0,normal,0.696969696969697,0
1421,cbb,bbb,known,bbb,0.5964912280701754,0.0,normal,0.5964912280701754,0
1422,bbb,bbb,known,bbb,0.7377938517179023,0.0,normal,0.7377938517179023,0
1423,bbb,bbb,known,bbb,0.7377938517179023,0.0,normal,0.7377938517179023,0
1424,bbb,bbb,known,bbb,0.7377938517179023,0.0,normal,0.7377938517179023,0
1425,bbb,bbb,known,bbb,0.7377938517179023,0.0,normal,0.7377938517179023,0
1426,bbb,bbc,known,bbc,0.06329113924050633,0.0,anomaly,0.06329113924050633,0
1427,bbc,bcc,known,bcc,0.3448275862068966,0.0,normal,0.3448275862068966,0
1428,bcc,ccb,known,ccb,0.6363636363636364,0.0,normal,0.6363636363636364,0
1429,ccb,cbb,known,cbb,0.696969696969697,0.0,normal,0.696969696969697,0
1430,cbb,bbb,known,bbb,0.5964912280701754,0.0,normal,0.5964912280701754,0
1431,bbb,bbb,known,bbb,0.7377938517179023,0.0,normal,0.7377938517179023,0
1432,bbb,bbb,known,bbb,0.7377938517179023,0.0,normal,0.7377938517179023,0
1433,bbb,bbb,known,bbb,0.7377938517179023,0.0,normal,0.7377938517179023,0
1434,bbb,bba,known,bba,0.19891500904159132,0.0,anomaly,0.19891500904159132,0
1435,bba,baa,known,baa,0.5555555555555556,0.0,normal,0.5555555555555556,0
1436,baa,aab,known,aab,0.22727272727272727,0.0,normal,0.22727272727272727,0
1437,aab,abc,known,abc,0.027522935779816515,0.0,anomaly,0.027522935779816515,0
1438,abc,bcb,known,bcb,0.9230769230769231,0.0,normal,0.9230769230769231,0
1439,bcb,cbb,known,cbb,0.5471698113207547,0.0,normal,0.5471698113207547,0
1440,cbb,bbb,known,bbb,0.5964912280701754,0.0,normal,0.5964912280701754,0
1441,bbb,bbb,known,bbb,0.7377938517179023,0.0,normal,0.7377938517179023,0
1442,bbb,bbb,known,bbb,0.7377938517179023,0.0,normal,0.7377938517179023,0
1443,bbb,bbb,known,bbb,0.7377938517179023,0.0,normal,0.7377938517179023,0
1444,bbb,bbb,known,bbb,0.7377938517179023,0.0,normal,0.7377938517179023,0
1445,bbb,bbb,known,bbb,0.7377938517179023,0.0,normal,0.7377938517179023,0
1446,bbb,bbb,known,bbb,0.7377938517179023,0.0,normal,0.7377938517179023,0
1447,bbb,bbb,known,bbb,0.7377938517179023,0.0,normal,0.7377938517179023,0
1448,bbb,bbb,known,bbb,0.7377938517179023,0.0,normal,0.7377938517179023,0
1449,bbb,bbb,known,bbb,0.7377938517179023,0.0,normal,0.7377938517179023,0
1450,bbb,bbb,known,bbb,0.7377938517179023,0.0,normal,0.7377938517179023,0
1451,bbb,bbb,known,bbb,0.7377938517179023,0.0,normal,0.7377938517179023,0
1452,bbb,bbb,known,bbb,0.7377938517179023,0.0,normal,0.7377938517179023,0
1453,bbb,bbb,known,bbb,0.7377938517179023,0.0,normal,0.7377938517179023,0
1454,bbb,bbb,known,bbb,0.7377938517179023,0.0,normal,0.7377938517179023,0
1455,bbb,bbb,known,bbb,0.7377938517179023,0.0,normal,0.7377938517179023,0
1456,bbb,bbb,known,bbb,0.7377938517179023,0.0,normal,0.7377938517179023,0
1457,bbb,bbc,known,bbc,0.06329113924050633,0.0,anomaly,0.06329113924050633,0
1458,bbc,bcc,known,bcc,0.3448275862068966,0.0,normal,0.3448275862068966,0
1459,bcc,ccc,known,ccc,0.3333333333333333,0.0,normal,0.3333333333333333,0
1460,ccc,ccb,known,ccb,0.22,0.0,normal,0.22,0
1461,ccb,cbb,known,cbb,0.696969696969697,0.0,normal,0.696969696969697,0
1462,cbb,bbb,known,bbb,0.5964912280701754,0.0,normal,0.5964912280701754,0
1463,bbb,bbb,known,bbb,0.7377938517179023,0.0,normal,0.7377938517179023,0
1464,bbb,bbb,known,bbb,0.7377938517179023,0.0,normal,0.7377938517179023,0
1465,bbb,bbb,known,bbb,0.7377938517179023,0.0,normal,0.7377938517179023,0
1466,bbb,bbb,known,bbb,0.7377938517179023,0.0,normal,0.7377938517179023,0
1467,bbb,bbc,known,bbc,0.06329113924050633,0.0,anomaly,0.06329113924050633,0
1468,bbc,bcc,known,bcc,0.3448275862068966,0.0,normal,0.3448275862068966,0
1469,bcc,ccb,known,ccb,0.6363636363636364,0.0,normal,0.6363636363636364,0
1470,ccb,cbb,known,cbb,0.696969696969697,0.0,normal,0.696969696969697,0
1471,cbb,bbb,known,bbb,0.5964912280701754,0.0,normal,0.5964912280701754,0
1472,bbb,bbc,known,bbc,0.06329113924050633,0.0,anomaly,0.06329113924050633,0
1473,bbc,bcc,known,bcc,0.3448275862068966,0.0,normal,0.3448275862068966,0
1474,bcc,ccc,known,ccc,0.3333333333333333,0.0,normal,0.3333333333333333,0
1475,ccc,ccc,known,ccc,0.62,0.0,normal,0.62,0
1476,ccc,ccb,known,ccb,0.22,0.0,normal,0.22,0
1477,ccb,cbc,known,cbc,0.24242424242424243,0.0,normal,0.24242424242424243,0
1478,cbc,bcc,known,bcc,0.48,0.0,normal,0.48,0
1479,bcc,ccc,known,ccc,0.3333333333333333,0.0,normal,0.3333333333333333,0
1480,ccc,ccb,known,ccb,0.22,0.0,normal,0.22,0
1481,ccb,cbc,known,cbc,0.24242424242424243,0.0,normal,0.24242424242424243,0
1482,cbc,bcb,known,bcb,0.4,0.0,normal,0.4,0
1483,bcb,cbb,known,cbb,0.5471698113207547,0.0,normal,0.5471698113207547,0
1484,cbb,bbc,known,bbc,0.24561403508771928,0.0,normal,0.24561403508771928,0
1485,bbc,bcc,known,bcc,0.3448275862068966,0.0,normal,0.3448275862068966,0
1486,bcc,ccc,known,ccc,0.3333333333333333,0.0,normal,0.3333333333333333,0
1487,ccc,ccc,known,ccc,0.62,0.0,normal,0.62,0
1488,ccc,ccc,known,ccc,0.62,0.0,normal,0.62,0
1489,ccc,ccc,known,ccc,0.62,0.0,normal,0.62,0
1490,ccc,ccc,known,ccc,0.62,0.0,normal,0.62,0
1491,ccc,ccc,known,ccc,0.62,0.0,normal,0.62,0
1492,ccc,ccc,known,ccc,0.62,0.0,normal,0.62,0
1493,ccc,ccc,known,ccc,0.62,0.0,normal,0.62,0
1494,ccc,ccc,known,ccc,0.62,0.0,normal,0.62,0
1495,ccc,ccc,known,ccc,0.62,0.0,normal,0.62,0
1496,ccc,ccc,known,ccc,0.62,0.0,normal,0.62,0
1497,ccc,ccc,known,ccc,0.62,0.0,normal,0.62,0
1498,ccc,ccc,known,ccc,0.62,0.0,normal,0.62,0
1499,ccc,ccc,known,ccc,0.62,0.0,normal,0.62,0
1500,ccc,ccc,known,ccc,0.62,0.0,normal,0.62,0
1501,ccc,ccb,known,ccb,0.22,0.0,normal,0.22,0
1502,ccb,cbb,known,cbb,0.696969696969697,0.0,normal,0.696969696969697,0
1503,cbb,bbb,known,bbb,0.5964912280701754,0.0,normal,0.5964912280701754,0
1504,bbb,bbb,known,bbb,0.7377938517179023,0.0,normal,0.7377938517179023,0
1505,bbb,bbc,known,bbc,0.06329113924050633,0.0,anomaly,0.06329113924050633,0
1506,bbc,bcc,known,bcc,0.3448275862068966,0.0,normal,0.3448275862068966,0
1507,bcc,ccc,known,ccc,0.3333333333333333,0.0,normal,0.3333333333333333,0
1508,ccc,ccc,known,ccc,0.62,0.0,normal,0.62,0
1509,ccc,ccb,known,ccb,0.22,0.0,normal,0.22,0
1510,ccb,cbb,known,cbb,0.696969696969697,0.0,normal,0.696969696969697,0
1511,cbb,bbc,known,bbc,0.24561403508771928,0.0,normal,0.24561403508771928,0
