time_step,state,pattern,status,mapped_to,probability,path_probability,decision,confidence,distance
1,abb,bba,known,bba,0.3370165745856354,0.3370165745856354,normal,0.3370165745856354,0
2,bba,bab,known,bab,0.40555555555555556,0.1366789441375077,normal,0.40555555555555556,0
3,bab,abb,known,abb,0.46,0.06287231430325355,normal,0.46,0
4,abb,bba,known,bba,0.3370165745856354,0.02118901200275396,normal,0.3370165745856354,0
5,bba,baa,known,baa,0.5555555555555556,0.011771673334863312,normal,0.5555555555555556,0
6,baa,aaa,known,aaa,0.759090909090909,0.008935770213282604,normal,0.759090909090909,0
7,aaa,aaa,known,aaa,0.9177679882525698,0.008200963852131612,normal,0.9177679882525698,0
8,aaa,aaa,known,aaa,0.9177679882525698,0.007526582096302875,normal,0.9177679882525698,0
9,aaa,aaa,known,aaa,0.9177679882525698,0.006907656108941699,normal,0.9177679882525698,0
10,aaa,aaa,known,aaa,0.9177679882525698,0.006339625650643998,normal,0.9177679882525698,0
11,aaa,aab,known,aab,0.08125305922662751,0.0005151139784664238,anomaly,0.08125305922662751,0
12,aab,aba,known,aba,0.4954128440366973,0.000255194081075109,normal,0.4954128440366973,0
13,aba,baa,known,baa,0.601063829787234,0.00015338793171003893,normal,0.601063829787234,0
14,baa,aaa,known,aaa,0.759090909090909,0.00011643538452534773,normal,0.759090909090909,0
15,aaa,aaa,known,aaa,0.9177679882525698,0.00010686066861724278,normal,0.9177679882525698,0
16,aaa,aab,known,aab,0.08125305922662751,8.682756236153843e-06,anomaly,0.08125305922662751,0
17,aab,aba,known,aba,0.4954128440366973,4.301548961030344e-06,normal,0.4954128440366973,0
18,aba,bab,known,bab,0.39361702127659576,1.6931628889161995e-06,normal,0.39361702127659576,0
19,bab,abb,known,abb,0.46,7.788549289014518e-07,normal,0.46,0
20,abb,bbb,known,bbb,0.6132596685082873,4.7764031551415e-07,normal,0.6132596685082873,0
21,bbb,bbb,known,bbb,0.7377938517179023,3.5240008811893884e-07,normal,0.7377938517179023,0
22,bbb,bbb,known,bbb,0.7377938517179023,2.599986183590001e-07,normal,0.7377938517179023,0
23,bbb,bba,known,bba,0.19891500904159132,5.171762752168176e-08,anomaly,0.19891500904159132,0
24,bba,baa,known,baa,0.5555555555555556,2.8732015289823202e-08,normal,0.5555555555555556,0
25,baa,aaa,known,aaa,0.759090909090909,2.1810211606365793e-08,normal,0.759090909090909,0
26,aaa,aab,known,aab,0.08125305922662751,1.7721464153973184e-09,anomaly,0.08125305922662751,0
27,aab,abb,known,abb,0.47706422018348627,8.454276477124822e-10,normal,0.47706422018348627,0
28,abb,bba,known,bba,0.3370165745856354,2.84923129892052e-10,normal,0.3370165745856354,0
29,bba,baa,known,baa,0.5555555555555556,1.582906277178067e-10,normal,0.5555555555555556,0
30,baa,aab,known,aab,0.22727272727272727,3.5975142663137884e-11,normal,0.22727272727272727,0
31,aab,aba,known,aba,0.4954128440366973,1.7822547741371064e-11,normal,0.4954128440366973,0
32,aba,baa,known,baa,0.601063829787234,1.071248880199431e-11,normal,0.601063829787234,0
33,baa,aaa,known,aaa,0.759090909090909,8.131752863332044e-12,normal,0.759090909090909,0
34,aaa,aab,known,aab,0.08125305922662751,6.607297970206164e-13,anomaly,0.08125305922662751,0
35,aab,aba,known,aba,0.4954128440366973,3.273340278817733e-13,normal,0.4954128440366973,0
36,aba,bab,known,bab,0.39361702127659576,1.2884424501729375e-13,normal,0.39361702127659576,0
37,bab,abb,known,abb,0.46,5.926835270795513e-14,normal,0.46,0
38,abb,bba,known,bba,0.3370165745856354,1.9974417210968305e-14,normal,0.3370165745856354,0
39,bba,baa,known,baa,0.5555555555555556,1.1096898450537948e-14,normal,0.5555555555555556,0
40,baa,aaa,known,aaa,0.759090909090909,8.423554732908351e-15,normal,0.759090909090909,0
41,aaa,aaa,known,aaa,0.9177679882525698,7.73086888115671e-15,normal,0.9177679882525698,0
42,aaa,aaa,known,aaa,0.9177679882525698,7.095143980503589e-15,normal,0.9177679882525698,0
43,aaa,aaa,known,aaa,0.9177679882525698,6.511696017349109e-15,normal,0.9177679882525698,0
44,aaa,aaa,known,aaa,0.9177679882525698,5.976226153954763e-15,normal,0.9177679882525698,0
45,aaa,aaa,known,aaa,0.9177679882525698,5.484789054657455e-15,normal,0.9177679882525698,0
46,aaa,aab,known,aab,0.08125305922662751,4.456558899036405e-16,anomaly,0.08125305922662751,0
47,aab,abb,known,abb,0.47706422018348627,2.1260647958705788e-16,normal,0.47706422018348627,0
48,abb,bbb,known,bbb,0.6132596685082873,1.3038297919427307e-16,normal,0.6132596685082873,0
49,bbb,bbb,known,bbb,0.7377938517179023,9.619576041819785e-17,normal,0.7377938517179023,0
50,bbb,bba,known,bba,0.19891500904159132,1.9134780553348576e-17,anomaly,0.19891500904159132,0
51,bba,bab,known,bab,0.40555555555555556,7.760216557746922e-18,normal,0.40555555555555556,0
52,bab,aba,known,aba,0.5,3.880108278873461e-18,normal,0.5,0
53,aba,bab,known,bab,0.39361702127659576,1.5272766629608303e-18,normal,0.39361702127659576,0
54,bab,aba,known,aba,0.5,7.636383314804152e-19,normal,0.5,0
55,aba,bab,known,bab,0.39361702127659576,3.0058104536995065e-19,normal,0.39361702127659576,0
56,bab,abb,known,abb,0.46,1.382672808701773e-19,normal,0.46,0
57,abb,bba,known,bba,0.3370165745856354,4.6598365376137107e-20,normal,0.3370165745856354,0
58,bba,bab,known,bab,0.40555555555555556,1.889822595810005e-20,normal,0.40555555555555556,0
59,bab,aba,known,aba,0.5,9.449112979050025e-21,normal,0.5,0
60,aba,bab,known,bab,0.39361702127659576,3.7193317045196904e-21,normal,0.39361702127659576,0
61,bab,aba,known,aba,0.5,1.8596658522598452e-21,normal,0.5,0
62,aba,bab,known,bab,0.39361702127659576,7.31996133336322e-22,normal,0.39361702127659576,0
63,bab,aba,known,aba,0.5,3.65998066668161e-22,normal,0.5,0
64,aba,baa,known,baa,0.601063829787234,2.1998819964628826e-22,normal,0.601063829787234,0
65,baa,aaa,known,aaa,0.759090909090909,1.6699104245877335e-22,normal,0.759090909090909,0
66,aaa,aaa,known,aaa,0.9177679882525698,1.5325903309358788e-22,normal,0.9177679882525698,0
67,aaa,aaa,known,aaa,0.9177679882525698,1.4065623448383617e-22,normal,0.9177679882525698,0
68,aaa,aaa,known,aaa,0.9177679882525698,1.2908978935741205e-22,normal,0.9177679882525698,0
69,aaa,aab,known,aab,0.08125305922662751,1.0488940300210671e-23,anomaly,0.08125305922662751,0
70,aab,aba,known,aba,0.4954128440366973,5.1963557450584976e-24,normal,0.4954128440366973,0
71,aba,baa,known,baa,0.601063829787234,3.1233414850617566e-24,normal,0.601063829787234,0
72,baa,aab,known,aab,0.22727272727272727,7.098503375140356e-25,normal,0.22727272727272727,0
73,aab,aba,known,aba,0.4954128440366973,3.5166897454823785e-25,normal,0.4954128440366973,0
74,aba,baa,known,baa,0.601063829787234,2.1137550065931315e-25,normal,0.601063829787234,0
75,baa,aab,known,aab,0.22727272727272727,4.803988651348026e-26,normal,0.22727272727272727,0
76,aab,aba,known,aba,0.4954128440366973,2.3799576804843435e-26,normal,0.4954128440366973,0
77,aba,bab,known,bab,0.39361702127659576,9.367918529566033e-27,normal,0.39361702127659576,0
78,bab,aba,known,aba,0.5,4.6839592647830164e-27,normal,0.5,0
79,aba,baa,known,baa,0.601063829787234,2.815358494257877e-27,normal,0.601063829787234,0
80,baa,aaa,known,aaa,0.759090909090909,2.1371130388230245e-27,normal,0.759090909090909,0
81,aaa,aaa,known,aaa,0.9177679882525698,1.961373934308943e-27,normal,0.9177679882525698,0
82,aaa,aaa,known,aaa,0.9177679882525698,1.8000862099017465e-27,normal,0.9177679882525698,0
83,aaa,aaa,known,aaa,0.9177679882525698,1.652061499542719e-27,normal,0.9177679882525698,0
84,aaa,aaa,known,aaa,0.9177679882525698,1.516209158904845e-27,normal,0.9177679882525698,0
85,aaa,aaa,known,aaa,0.9177679882525698,1.3915282295382204e-27,normal,0.9177679882525698,0
86,aaa,aaa,known,aaa,0.9177679882525698,1.2771000638199528e-27,normal,0.9177679882525698,0
87,aaa,aaa,known,aaa,0.9177679882525698,1.1720815563692665e-27,normal,0.9177679882525698,0
88,aaa,aaa,known,aaa,0.9177679882525698,1.0756989320569626e-27,normal,0.9177679882525698,0
89,aaa,aaa,known,aaa,0.9177679882525698,9.872420448393562e-28,normal,0.9177679882525698,0
90,aaa,aaa,known,aaa,0.9177679882525698,9.060591454105693e-28,normal,0.9177679882525698,0
91,aaa,aaa,known,aaa,0.9177679882525698,8.315520791213007e-28,normal,0.9177679882525698,0
92,aaa,aaa,known,aaa,0.9177679882525698,7.631718787823979e-28,normal,0.9177679882525698,0
93,aaa,aaa,known,aaa,0.9177679882525698,7.004147198810553e-28,normal,0.9177679882525698,0
94,aaa,aaa,known,aaa,0.9177679882525698,6.4281820840772335e-28,normal,0.9177679882525698,0
95,aaa,aaa,known,aaa,0.9177679882525698,5.899579739424774e-28,normal,0.9177679882525698,0
96,aaa,aaa,known,aaa,0.9177679882525698,5.414445428987495e-28,normal,0.9177679882525698,0
97,aaa,aaa,known,aaa,0.9177679882525698,4.969204688865175e-28,normal,0.9177679882525698,0
98,aaa,aaa,known,aaa,0.9177679882525698,4.560576990515029e-28,normal,0.9177679882525698,0
99,aaa,aaa,known,aaa,0.9177679882525698,4.185551569855937e-28,normal,0.9177679882525698,0
100,aaa,aaa,known,aaa,0.9177679882525698,3.8413652439940686e-28,normal,0.9177679882525698,0
101,aaa,aaa,known,aaa,0.9177679882525698,3.525482052123778e-28,normal,0.9177679882525698,0
102,aaa,aaa,known,aaa,0.9177679882525698,3.235574570598181e-28,normal,0.9177679882525698,0
103,aaa,aaa,known,aaa,0.9177679882525698,2.969506764499065e-28,normal,0.9177679882525698,0
104,aaa,aaa,known,aaa,0.9177679882525698,2.7253182493567044e-28,normal,0.9177679882525698,0
105,aaa,aaa,known,aaa,0.9177679882525698,2.501209847060118e-28,normal,0.9177679882525698,0
106,aaa,aaa,known,aaa,0.9177679882525698,2.295530329533882e-28,normal,0.9177679882525698,0
107,aaa,aab,known,aab,0.08125305922662751,1.8651886182213628e-29,anomaly,0.08125305922662751,0
108,aab,aba,known,aba,0.4954128440366973,9.24038398017923e-30,normal,0.4954128440366973,0
109,aba,baa,known,baa,0.601063829787234,5.554060583831133e-30,normal,0.601063829787234,0
110,baa,aaa,known,aaa,0.759090909090909,4.21603689772636e-30,normal,0.759090909090909,0
111,aaa,aaa,known,aaa,0.9177679882525698,3.869343702024927e-30,normal,0.9177679882525698,0
112,aaa,aaa,known,aaa,0.9177679882525698,3.551159785265168e-30,normal,0.9177679882525698,0
113,aaa,aaa,known,aaa,0.9177679882525698,3.259140772086241e-30,normal,0.9177679882525698,0
114,aaa,aaa,known,aaa,0.9177679882525698,2.9911350698295164e-30,normal,0.9177679882525698,0
115,aaa,aaa,known,aaa,0.9177679882525698,2.7451680156291453e-30,normal,0.9177679882525698,0
116,aaa,aab,known,aab,0.08125305922662751,2.2305329936095844e-31,anomaly,0.08125305922662751,0
117,aab,aba,known,aba,0.4954128440366973,1.1050346940818125e-31,normal,0.4954128440366973,0
118,aba,bab,known,bab,0.39361702127659576,4.349604646917773e-32,normal,0.39361702127659576,0
119,bab,aba,known,aba,0.5,2.1748023234588864e-32,normal,0.5,0
120,aba,baa,known,baa,0.601063829787234,1.3071950135683731e-32,normal,0.601063829787234,0
121,baa,aaa,known,aaa,0.759090909090909,9.922798512087196e-33,normal,0.759090909090909,0
122,aaa,aaa,known,aaa,0.9177679882525698,9.106826828273859e-33,normal,0.9177679882525698,0
123,aaa,aaa,known,aaa,0.9177679882525698,8.35795413754943e-33,normal,0.9177679882525698,0
124,aaa,aaa,known,aaa,0.9177679882525698,7.670662754725981e-33,normal,0.9177679882525698,0
125,aaa,aaa,known,aaa,0.9177679882525698,7.03988872496878e-33,normal,0.9177679882525698,0
126,aaa,aaa,known,aaa,0.9177679882525698,6.460984512636545e-33,normal,0.9177679882525698,0
127,aaa,aaa,known,aaa,0.9177679882525698,5.929684758293452e-33,normal,0.9177679882525698,0
128,aaa,aaa,known,aaa,0.9177679882525698,5.442074851590907e-33,normal,0.9177679882525698,0
129,aaa,aaa,known,aaa,0.9177679882525698,4.994562088464489e-33,normal,0.9177679882525698,0
130,aaa,aaa,known,aaa,0.9177679882525698,4.583849200132608e-33,normal,0.9177679882525698,0
131,aaa,aaa,known,aaa,0.9177679882525698,4.2069100588588545e-33,normal,0.9177679882525698,0
132,aaa,aaa,known,aaa,0.9177679882525698,3.860967381478391e-33,normal,0.9177679882525698,0
133,aaa,aaa,known,aaa,0.9177679882525698,3.5434722664082146e-33,normal,0.9177679882525698,0
134,aaa,aaa,known,aaa,0.9177679882525698,3.2520854133702414e-33,normal,0.9177679882525698,0
135,aaa,aaa,known,aaa,0.9177679882525698,2.9846598874543333e-33,normal,0.9177679882525698,0
136,aaa,aaa,known,aaa,0.9177679882525698,2.7392253005271046e-33,normal,0.9177679882525698,0
137,aaa,aaa,known,aaa,0.9177679882525698,2.5139732934353018e-33,normal,0.9177679882525698,0
138,aaa,aaa,known,aaa,0.9177679882525698,2.3072442120368043e-33,normal,0.9177679882525698,0
139,aaa,aaa,known,aaa,0.9177679882525698,2.1175148788884036e-33,normal,0.9177679882525698,0
140,aaa,aaa,known,aaa,0.9177679882525698,1.9433873704922942e-33,normal,0.9177679882525698,0
141,aaa,aaa,known,aaa,0.9177679882525698,1.7835787174121643e-33,normal,0.9177679882525698,0
142,aaa,aaa,known,aaa,0.9177679882525698,1.6369114513694607e-33,normal,0.9177679882525698,0
143,aaa,aaa,known,aaa,0.9177679882525698,1.5023049296709441e-33,normal,0.9177679882525698,0
144,aaa,aaa,known,aaa,0.9177679882525698,1.3787673730460206e-33,normal,0.9177679882525698,0
145,aaa,aaa,known,aaa,0.9177679882525698,1.2653885582287268e-33,normal,0.9177679882525698,0
146,aaa,aaa,known,aaa,0.9177679882525698,1.1613331114433983e-33,normal,0.9177679882525698,0
147,aaa,aaa,known,aaa,0.9177679882525698,1.065834353380505e-33,normal,0.9177679882525698,0
148,aaa,aaa,known,aaa,0.9177679882525698,9.781886503125046e-34,normal,0.9177679882525698,0
149,aaa,aaa,known,aaa,0.9177679882525698,8.977502297288038e-34,normal,0.9177679882525698,0
150,aaa,aaa,known,aaa,0.9177679882525698,8.239264222914867e-34,normal,0.9177679882525698,0
151,aaa,aaa,known,aaa,0.9177679882525698,7.56173295054595e-34,normal,0.9177679882525698,0
152,aaa,aaa,known,aaa,0.9177679882525698,6.939916437725725e-34,normal,0.9177679882525698,0
153,aaa,aaa,known,aaa,0.9177679882525698,6.369233147692479e-34,normal,0.9177679882525698,0
154,aaa,aaa,known,aaa,0.9177679882525698,5.845478292669309e-34,normal,0.9177679882525698,0
155,aaa,aaa,known,aaa,0.9177679882525698,5.3647928530371786e-34,normal,0.9177679882525698,0
156,aaa,aab,known,aab,0.08125305922662751,4.359058314264179e-35,anomaly,0.08125305922662751,0
157,aab,abb,known,abb,0.47706422018348627,2.0795507554287827e-35,normal,0.47706422018348627,0
158,abb,bbb,known,bbb,0.6132596685082873,1.2753046069204137e-35,normal,0.6132596685082873,0
159,bbb,bbb,known,bbb,0.7377938517179023,9.409118980533974e-36,normal,0.7377938517179023,0
160,bbb,bba,known,bba,0.19891500904159132,1.871614987086324e-36,anomaly,0.19891500904159132,0
161,bba,bab,known,bab,0.40555555555555556,7.59043855873898e-37,normal,0.40555555555555556,0
162,bab,aba,known,aba,0.5,3.79521927936949e-37,normal,0.5,0
163,aba,baa,known,baa,0.601063829787234,2.2811690349401723e-37,normal,0.601063829787234,0
164,baa,aaa,known,aaa,0.759090909090909,1.731614676522767e-37,normal,0.759090909090909,0
165,aaa,aaa,known,aaa,0.9177679882525698,1.5892205181009243e-37,normal,0.9177679882525698,0
166,aaa,aaa,known,aaa,0.9177679882525698,1.458535717787192e-37,normal,0.9177679882525698,0
167,aaa,aaa,known,aaa,0.9177679882525698,1.338597391508069e-37,normal,0.9177679882525698,0
168,aaa,aaa,known,aaa,0.9177679882525698,1.228521835084498e-37,normal,0.9177679882525698,0
169,aaa,aaa,known,aaa,0.9177679882525698,1.1274980131098552e-37,normal,0.9177679882525698,0
170,aaa,aab,known,aab,0.08125305922662751,9.16126628371199e-39,anomaly,0.08125305922662751,0
171,aab,aba,known,aba,0.4954128440366973,4.5386089845912615e-39,normal,0.4954128440366973,0
172,aba,baa,known,baa,0.601063829787234,2.7279936981851733e-39,normal,0.601063829787234,0
173,baa,aaa,known,aaa,0.759090909090909,2.070795216349654e-39,normal,0.759090909090909,0
174,aaa,aaa,known,aaa,0.9177679882525698,1.900509559792267e-39,normal,0.9177679882525698,0
175,aaa,aaa,known,aaa,0.9177679882525698,1.744226835345326e-39,normal,0.9177679882525698,0
176,aaa,aaa,known,aaa,0.9177679882525698,1.6007955537310262e-39,normal,0.9177679882525698,0
177,aaa,aab,known,aab,0.08125305922662751,1.3006953593702905e-40,anomaly,0.08125305922662751,0
178,aab,abb,known,abb,0.47706422018348627,6.20515217314267e-41,normal,0.47706422018348627,0
179,abb,bbb,known,bbb,0.6132596685082873,3.8053695647449523e-41,normal,0.6132596685082873,0
180,bbb,bba,known,bba,0.19891500904159132,7.569451213778387e-42,anomaly,0.19891500904159132,0
181,bba,baa,known,baa,0.5555555555555556,4.205250674321326e-42,normal,0.5555555555555556,0
182,baa,aaa,known,aaa,0.759090909090909,3.1921675573257336e-42,normal,0.759090909090909,0
183,aaa,aaa,known,aaa,0.9177679882525698,2.9296691972519584e-42,normal,0.9177679882525698,0
184,aaa,aab,known,aab,0.08125305922662751,2.3804458479873964e-43,anomaly,0.08125305922662751,0
185,aab,abb,known,abb,0.47706422018348627,1.135625542159125e-43,normal,0.47706422018348627,0
186,abb,bbb,known,bbb,0.6132596685082873,6.96433343534049e-44,normal,0.6132596685082873,0
187,bbb,bba,known,bba,0.19891500904159132,1.3853104482594103e-44,anomaly,0.19891500904159132,0
188,bba,bab,known,bab,0.40555555555555556,5.618203484607608e-45,normal,0.40555555555555556,0
189,bab,abb,known,abb,0.46,2.5843736029195e-45,normal,0.46,0
190,abb,bbb,known,bbb,0.6132596685082873,1.5848920990279805e-45,normal,0.6132596685082873,0
191,bbb,bbb,known,bbb,0.7377938517179023,1.1693236462991249e-45,normal,0.7377938517179023,0
192,bbb,bbb,known,bbb,0.7377938517179023,8.627197969078534e-46,normal,0.7377938517179023,0
193,bbb,bbb,known,bbb,0.7377938517179023,6.365093619139316e-46,normal,0.7377938517179023,0
194,bbb,bbb,known,bbb,0.7377938517179023,4.696126937809839e-46,normal,0.7377938517179023,0
195,bbb,bbb,known,bbb,0.7377938517179023,3.464773581602919e-46,normal,0.7377938517179023,0
196,bbb,bba,known,bba,0.19891500904159132,6.891954683116114e-47,anomaly,0.19891500904159132,0
197,bba,bab,known,bab,0.40555555555555556,2.7950705103748684e-47,normal,0.40555555555555556,0
198,bab,abb,known,abb,0.46,1.2857324347724396e-47,normal,0.46,0
199,abb,bbb,known,bbb,0.6132596685082873,7.884878467388994e-48,normal,0.6132596685082873,0
200,bbb,bbb,known,bbb,0.7377938517179023,5.817414854782477e-48,normal,0.7377938517179023,0
201,bbb,bbb,known,bbb,0.7377938517179023,4.292052912750905e-48,normal,0.7377938517179023,0
202,bbb,bba,known,bba,0.19891500904159132,8.537537439468347e-49,anomaly,0.19891500904159132,0
203,bba,bab,known,bab,0.40555555555555556,3.462445739339941e-49,normal,0.40555555555555556,0
204,bab,abb,known,abb,0.46,1.5927250400963727e-49,normal,0.46,0
205,abb,bbb,known,bbb,0.6132596685082873,9.7675403011435e-50,normal,0.6132596685082873,0
206,bbb,bba,known,bba,0.19891500904159132,1.942910367316067e-50,anomaly,0.19891500904159132,0
207,bba,baa,known,baa,0.5555555555555556,1.0793946485089262e-50,normal,0.5555555555555556,0
208,baa,aaa,known,aaa,0.759090909090909,8.19358665004503e-51,normal,0.759090909090909,0
209,aaa,aaa,known,aaa,0.9177679882525698,7.51981153638494e-51,normal,0.9177679882525698,0
210,aaa,aaa,known,aaa,0.9177679882525698,6.901442305786472e-51,normal,0.9177679882525698,0
211,aaa,aaa,known,aaa,0.9177679882525698,6.333922821022827e-51,normal,0.9177679882525698,0
212,aaa,aaa,known,aaa,0.9177679882525698,5.813071605197161e-51,normal,0.9177679882525698,0
213,aaa,aaa,known,aaa,0.9177679882525698,5.335051032669935e-51,normal,0.9177679882525698,0
214,aaa,aaa,known,aaa,0.9177679882525698,4.8963390534782814e-51,normal,0.9177679882525698,0
215,aaa,aaa,known,aaa,0.9177679882525698,4.493703242913254e-51,normal,0.9177679882525698,0
216,aaa,aaa,known,aaa,0.9177679882525698,4.1241769850525456e-51,normal,0.9177679882525698,0
217,aaa,aaa,known,aaa,0.9177679882525698,3.785037614769223e-51,normal,0.9177679882525698,0
218,aaa,aaa,known,aaa,0.9177679882525698,3.473786357167055e-51,normal,0.9177679882525698,0
219,aaa,aaa,known,aaa,0.9177679882525698,3.188129916636431e-51,normal,0.9177679882525698,0
220,aaa,aaa,known,aaa,0.9177679882525698,2.925963579879251e-51,normal,0.9177679882525698,0
221,aaa,aaa,known,aaa,0.9177679882525698,2.685355708406067e-51,normal,0.9177679882525698,0
222,aaa,aaa,known,aaa,0.9177679882525698,2.4645335062463908e-51,normal,0.9177679882525698,0
223,aaa,aaa,known,aaa,0.9177679882525698,2.2618699580088023e-51,normal,0.9177679882525698,0
224,aaa,aaa,known,aaa,0.9177679882525698,2.075871841050663e-51,normal,0.9177679882525698,0
225,aaa,aaa,known,aaa,0.9177679882525698,1.9051687234312254e-51,normal,0.9177679882525698,0
226,aaa,aaa,known,aaa,0.9177679882525698,1.7485028665851922e-51,normal,0.9177679882525698,0
227,aaa,aaa,known,aaa,0.9177679882525698,1.604719958319743e-51,normal,0.9177679882525698,0
228,aaa,aaa,known,aaa,0.9177679882525698,1.4727606078558583e-51,normal,0.9177679882525698,0
229,aaa,aaa,known,aaa,0.9177679882525698,1.3516525402495028e-51,normal,0.9177679882525698,0
230,aaa,aaa,known,aaa,0.9177679882525698,1.2405034326812618e-51,normal,0.9177679882525698,0
231,aaa,aaa,known,aaa,0.9177679882525698,1.1384943398322887e-51,normal,0.9177679882525698,0
232,aaa,aaa,known,aaa,0.9177679882525698,1.044873659904817e-51,normal,0.9177679882525698,0
233,aaa,aaa,known,aaa,0.9177679882525698,9.589515968289437e-52,normal,0.9177679882525698,0
234,aaa,aaa,known,aaa,0.9177679882525698,8.80095077853289e-52,normal,0.9177679882525698,0
235,aaa,aaa,known,aaa,0.9177679882525698,8.077230890724017e-52,normal,0.9177679882525698,0
236,aaa,aaa,known,aaa,0.9177679882525698,7.413023945231293e-52,normal,0.9177679882525698,0
237,aaa,aaa,known,aaa,0.9177679882525698,6.803436073083051e-52,normal,0.9177679882525698,0
238,aaa,aaa,known,aaa,0.9177679882525698,6.243975837998395e-52,normal,0.9177679882525698,0
239,aaa,aaa,known,aaa,0.9177679882525698,5.730521143537441e-52,normal,0.9177679882525698,0
240,aaa,aaa,known,aaa,0.9177679882525698,5.259288861543173e-52,normal,0.9177679882525698,0
241,aaa,aaa,known,aaa,0.9177679882525698,4.826806958097626e-52,normal,0.9177679882525698,0
242,aaa,aaa,known,aaa,0.9177679882525698,4.4298889116167636e-52,normal,0.9177679882525698,0
243,aaa,aaa,known,aaa,0.9177679882525698,4.065610234596883e-52,normal,0.9177679882525698,0
244,aaa,aaa,known,aaa,0.9177679882525698,3.7312869260250395e-52,normal,0.9177679882525698,0
245,aaa,aaa,known,aaa,0.9177679882525698,3.424455695691116e-52,normal,0.9177679882525698,0
246,aaa,aaa,known,aaa,0.9177679882525698,3.1428558146944895e-52,normal,0.9177679882525698,0
247,aaa,aaa,known,aaa,0.9177679882525698,2.884412458420053e-52,normal,0.9177679882525698,0
248,aaa,aaa,known,aaa,0.9177679882525698,2.647221419254821e-52,normal,0.9177679882525698,0
249,aaa,aaa,known,aaa,0.9177679882525698,2.4295350764086096e-52,normal,0.9177679882525698,0
250,aaa,aaa,known,aaa,0.9177679882525698,2.229749519464583e-52,normal,0.9177679882525698,0
251,aaa,aaa,known,aaa,0.9177679882525698,2.0463927307861448e-52,normal,0.9177679882525698,0
252,aaa,aaa,known,aaa,0.9177679882525698,1.8781137397082827e-52,normal,0.9177679882525698,0
253,aaa,aaa,known,aaa,0.9177679882525698,1.723672668601581e-52,normal,0.9177679882525698,0
254,aaa,aaa,known,aaa,0.9177679882525698,1.5819315974684112e-52,normal,0.9177679882525698,0
255,aaa,aaa,known,aaa,0.9177679882525698,1.4518461797617578e-52,normal,0.9177679882525698,0
256,aaa,aaa,known,aaa,0.9177679882525698,1.3324579476521273e-52,normal,0.9177679882525698,0
257,aaa,aaa,known,aaa,0.9177679882525698,1.2228872500478407e-52,normal,0.9177679882525698,0
258,aaa,aaa,known,aaa,0.9177679882525698,1.122326771336124e-52,normal,0.9177679882525698,0
259,aaa,aaa,known,aaa,0.9177679882525698,1.0300355830911565e-52,normal,0.9177679882525698,0
260,aaa,aaa,known,aaa,0.9177679882525698,9.453336849221333e-53,normal,0.9177679882525698,0
261,aaa,aaa,known,aaa,0.9177679882525698,8.67596994238375e-53,normal,0.9177679882525698,0
262,aaa,aaa,known,aaa,0.9177679882525698,7.962527480161297e-53,normal,0.9177679882525698,0
263,aaa,aaa,known,aaa,0.9177679882525698,7.307752826873438e-53,normal,0.9177679882525698,0
264,aaa,aaa,known,aaa,0.9177679882525698,6.706821610566664e-53,normal,0.9177679882525698,0
265,aaa,aaa,known,aaa,0.9177679882525698,6.155306177098627e-53,normal,0.9177679882525698,0
266,aaa,aaa,known,aaa,0.9177679882525698,5.649142967234423e-53,normal,0.9177679882525698,0
267,aaa,aaa,known,aaa,0.9177679882525698,5.184602576389889e-53,normal,0.9177679882525698,0
268,aaa,aaa,known,aaa,0.9177679882525698,4.758262276422438e-53,normal,0.9177679882525698,0
269,aaa,aaa,known,aaa,0.9177679882525698,4.366980797010314e-53,normal,0.9177679882525698,0
270,aaa,aaa,known,aaa,0.9177679882525698,4.0078751808097593e-53,normal,0.9177679882525698,0
271,aaa,aaa,known,aaa,0.9177679882525698,3.678299541859177e-53,normal,0.9177679882525698,0
272,aaa,aaa,known,aaa,0.9177679882525698,3.375825570722446e-53,normal,0.9177679882525698,0
273,aaa,aaa,known,aaa,0.9177679882525698,3.0982246427335225e-53,normal,0.9177679882525698,0
274,aaa,aaa,known,aaa,0.9177679882525698,2.8434513975160816e-53,normal,0.9177679882525698,0
275,aaa,aaa,known,aaa,0.9177679882525698,2.6096286687922924e-53,normal,0.9177679882525698,0
276,aaa,aaa,known,aaa,0.9177679882525698,2.395033653443734e-53,normal,0.9177679882525698,0
277,aaa,aaa,known,aaa,0.9177679882525698,2.198085217918258e-53,normal,0.9177679882525698,0
278,aaa,aaa,known,aaa,0.9177679882525698,2.017332248456551e-53,normal,0.9177679882525698,0
279,aaa,aaa,known,aaa,0.9177679882525698,1.851442959303002e-53,normal,0.9177679882525698,0
280,aaa,aaa,known,aaa,0.9177679882525698,1.6991950801239006e-53,normal,0.9177679882525698,0
281,aaa,aaa,known,aaa,0.9177679882525698,1.5594668503339764e-53,normal,0.9177679882525698,0
282,aaa,aaa,known,aaa,0.9177679882525698,1.4312287539775848e-53,normal,0.9177679882525698,0
283,aaa,aaa,known,aaa,0.9177679882525698,1.31353593426724e-53,normal,0.9177679882525698,0
284,aaa,aaa,known,aaa,0.9177679882525698,1.2055212318899047e-53,normal,0.9177679882525698,0
285,aaa,aaa,known,aaa,0.9177679882525698,1.1063887957873574e-53,normal,0.9177679882525698,0
286,aaa,aaa,known,aaa,0.9177679882525698,1.0154082193349463e-53,normal,0.9177679882525698,0
287,aaa,aaa,known,aaa,0.9177679882525698,9.319091587141577e-54,normal,0.9177679882525698,0
288,aaa,aaa,known,aaa,0.9177679882525698,8.552763938272373e-54,normal,0.9177679882525698,0
289,aaa,aaa,known,aaa,0.9177679882525698,7.849452953627361e-54,normal,0.9177679882525698,0
290,aaa,aaa,known,aaa,0.9177679882525698,7.203976646133775e-54,normal,0.9177679882525698,0
291,aaa,aaa,known,aaa,0.9177679882525698,6.61157915394069e-54,normal,0.9177679882525698,0
292,aaa,aaa,known,aaa,0.9177679882525698,6.067895699284774e-54,normal,0.9177679882525698,0
293,aaa,aaa,known,aaa,0.9177679882525698,5.568920428859007e-54,normal,0.9177679882525698,0
294,aaa,aab,known,aab,0.08125305922662751,4.5249182143445675e-55,anomaly,0.08125305922662751,0
295,aab,aba,known,aba,0.4954128440366973,2.241702601601896e-55,normal,0.4954128440366973,0
296,aba,baa,known,baa,0.601063829787234,1.3474063509628416e-55,normal,0.601063829787234,0
297,baa,aaa,known,aaa,0.759090909090909,1.022803911867248e-55,normal,0.759090909090909,0
298,aaa,aab,known,aab,0.08125305922662751,8.31059468281758e-57,anomaly,0.08125305922662751,0
299,aab,abb,known,abb,0.47706422018348627,3.9646873716193964e-57,normal,0.47706422018348627,0
300,abb,bba,known,bba,0.3370165745856354,1.336165357286095e-57,normal,0.3370165745856354,0
301,bba,baa,known,baa,0.5555555555555556,7.423140873811639e-58,normal,0.5555555555555556,0
302,baa,aab,known,aab,0.22727272727272727,1.687077471320827e-58,normal,0.22727272727272727,0
303,aab,abb,known,abb,0.47706422018348627,8.048442982447982e-59,normal,0.47706422018348627,0
304,abb,bbb,known,bbb,0.6132596685082873,4.935785475423901e-59,normal,0.6132596685082873,0
305,bbb,bba,known,bba,0.19891500904159132,9.818018124713004e-60,anomaly,0.19891500904159132,0
306,bba,bab,known,bab,0.40555555555555556,3.981751795022496e-60,normal,0.40555555555555556,0
307,bab,abb,known,abb,0.46,1.8316058257103483e-60,normal,0.46,0
308,abb,bba,known,bba,0.3370165745856354,6.1728152137199585e-61,normal,0.3370165745856354,0
309,bba,bab,known,bab,0.40555555555555556,2.5034195033419833e-61,normal,0.40555555555555556,0
310,bab,abb,known,abb,0.46,1.1515729715373124e-61,normal,0.46,0
311,abb,bba,known,bba,0.3370165745856354,3.880991782529064e-62,normal,0.3370165745856354,0
312,bba,bab,known,bab,0.40555555555555556,1.5739577784701205e-62,normal,0.40555555555555556,0
313,bab,abb,known,abb,0.46,7.240205780962555e-63,normal,0.46,0
314,abb,bba,known,bba,0.3370165745856354,2.4400693515951154e-63,normal,0.3370165745856354,0
315,bba,bab,known,bab,0.40555555555555556,9.895836814802413e-64,normal,0.40555555555555556,0
316,bab,aba,known,aba,0.5,4.9479184074012064e-64,normal,0.5,0
317,aba,bab,known,bab,0.39361702127659576,1.9475849050409005e-64,normal,0.39361702127659576,0
318,bab,abc,known,abc,0.04,7.790339620163602e-66,anomaly,0.04,0
319,abc,bcb,known,bcb,0.9230769230769231,7.191082726304864e-66,normal,0.9230769230769231,0
320,bcb,cbb,known,cbb,0.5471698113207547,3.9347433785441706e-66,normal,0.5471698113207547,0
321,cbb,bbb,known,bbb,0.5964912280701754,2.3470399100088033e-66,normal,0.5964912280701754,0
322,bbb,bbb,known,bbb,0.7377938517179023,1.731631615341034e-66,normal,0.7377938517179023,0
323,bbb,bbb,known,bbb,0.7377938517179023,1.2775871592389546e-66,normal,0.7377938517179023,0
324,bbb,bbc,known,bbc,0.06329113924050633,8.085994678727562e-68,anomaly,0.06329113924050633,0
325,bbc,bcc,known,bcc,0.3448275862068966,2.7882740271474354e-68,normal,0.3448275862068966,0
326,bcc,ccb,known,ccb,0.6363636363636364,1.7743561990938224e-68,normal,0.6363636363636364,0
327,ccb,cba,known,cba,0.06060606060606061,1.0753673933901954e-69,anomaly,0.06060606060606061,0
328,cba,bab,known,bab,0.23076923076923078,2.481617061669682e-70,normal,0.23076923076923078,0
329,bab,abb,known,abb,0.46,1.1415438483680538e-70,normal,0.46,0
330,abb,bbb,known,bbb,0.6132596685082873,7.0006280203786725e-71,normal,0.6132596685082873,0
331,bbb,bbc,known,bbc,0.06329113924050633,4.4307772280877676e-72,anomaly,0.06329113924050633,0
332,bbc,bcb,known,bcb,0.5344827586206896,2.3681740357020824e-72,normal,0.5344827586206896,0
333,bcb,cbb,known,cbb,0.5471698113207547,1.2957933402898187e-72,normal,0.5471698113207547,0
334,cbb,bbb,known,bbb,0.5964912280701754,7.729293608746287e-73,normal,0.5964912280701754,0
335,bbb,bbb,known,bbb,0.7377938517179023,5.702625302655488e-73,normal,0.7377938517179023,0
336,bbb,bbb,known,bbb,0.7377938517179023,4.207361886950161e-73,normal,0.7377938517179023,0
337,bbb,bbb,known,bbb,0.7377938517179023,3.104165732144061e-73,normal,0.7377938517179023,0
338,bbb,bbb,known,bbb,0.7377938517179023,2.2902343918892892e-73,normal,0.7377938517179023,0
339,bbb,bbb,known,bbb,0.7377938517179023,1.6897208533288065e-73,normal,0.7377938517179023,0
340,bbb,bbc,known,bbc,0.06329113924050633,1.0694435780562067e-74,anomaly,0.06329113924050633,0
341,bbc,bcb,known,bcb,0.5344827586206896,5.715991537886621e-75,normal,0.5344827586206896,0
342,bcb,cba,known,cba,0.16981132075471697,9.706400724713129e-76,anomaly,0.16981132075471697,0
343,cba,bab,known,bab,0.23076923076923078,2.2399386287799532e-76,normal,0.23076923076923078,0
344,bab,abb,known,abb,0.46,1.0303717692387785e-76,normal,0.46,0
345,abb,bba,known,bba,0.3370165745856354,3.4725236421859385e-77,normal,0.3370165745856354,0
346,bba,bab,known,bab,0.40555555555555556,1.4083012548865196e-77,normal,0.40555555555555556,0
347,bab,abb,known,abb,0.46,6.478185772477991e-78,normal,0.46,0
348,abb,bba,known,bba,0.3370165745856354,2.1832559785699308e-78,normal,0.3370165745856354,0
349,bba,bab,known,bab,0.40555555555555556,8.854315913089164e-79,normal,0.40555555555555556,0
350,bab,abb,known,abb,0.46,4.072985320021016e-79,normal,0.46,0
351,abb,bbb,known,bbb,0.6132596685082873,2.4977976271952086e-79,normal,0.6132596685082873,0
352,bbb,bbb,known,bbb,0.7377938517179023,1.84285973218019e-79,normal,0.7377938517179023,0
353,bbb,bbb,known,bbb,0.7377938517179023,1.3596505799810444e-79,normal,0.7377938517179023,0
354,bbb,bbc,known,bbc,0.06329113924050633,8.605383417601547e-81,anomaly,0.06329113924050633,0
355,bbc,bcb,known,bcb,0.5344827586206896,4.599429068028413e-81,normal,0.5344827586206896,0
356,bcb,cbb,known,cbb,0.5471698113207547,2.5166687353363015e-81,normal,0.5471698113207547,0
357,cbb,bbc,known,bbc,0.24561403508771928,6.181291630650564e-82,normal,0.24561403508771928,0
358,bbc,bcb,known,bcb,0.5344827586206896,3.3037938025890946e-82,normal,0.5344827586206896,0
359,bcb,cbc,known,cbc,0.2830188679245283,9.350359818648381e-83,normal,0.2830188679245283,0
360,cbc,bcb,known,bcb,0.4,3.7401439274593525e-83,normal,0.4,0
361,bcb,cbb,known,cbb,0.5471698113207547,2.0464938471004002e-83,normal,0.5471698113207547,0
362,cbb,bbb,known,bbb,0.5964912280701754,1.2207156280949755e-83,normal,0.5964912280701754,0
363,bbb,bbb,known,bbb,0.7377938517179023,9.006364851044303e-84,normal,0.7377938517179023,0
364,bbb,bbb,known,bbb,0.7377938517179023,6.644840613428708e-84,normal,0.7377938517179023,0
365,bbb,bbb,known,bbb,0.7377938517179023,4.902522550233116e-84,normal,0.7377938517179023,0
366,bbb,bbb,known,bbb,0.7377938517179023,3.617050995470364e-84,normal,0.7377938517179023,0
367,bbb,bbb,known,bbb,0.7377938517179023,2.6686379858081527e-84,normal,0.7377938517179023,0
368,bbb,bba,known,bba,0.19891500904159132,5.308321490757627e-85,anomaly,0.19891500904159132,0
369,bba,bac,known,bac,0.03888888888888889,2.064347246405744e-86,anomaly,0.03888888888888889,0
370,bac,acb,known,acb,0.6363636363636364,1.3136755204400189e-86,normal,0.6363636363636364,0
371,acb,cba,known,cba,0.2222222222222222,2.919278934311153e-87,normal,0.2222222222222222,0
372,cba,bac,known,bac,0.23076923076923078,6.736797540718046e-88,normal,0.23076923076923078,0
373,bac,acb,known,acb,0.6363636363636364,4.2870529804569384e-88,normal,0.6363636363636364,0
374,acb,cbb,known,cbb,0.5555555555555556,2.3816961002538549e-88,normal,0.5555555555555556,0
375,cbb,bbc,known,bbc,0.24561403508771928,5.849779895360345e-89,normal,0.24561403508771928,0
376,bbc,bcb,known,bcb,0.5344827586206896,3.126606495796046e-89,normal,0.5344827586206896,0
377,bcb,cbc,known,cbc,0.2830188679245283,8.848886308856734e-90,normal,0.2830188679245283,0
378,cbc,bcd,known,bcd,0.0,8.848886308856735e-94,anomaly,0.0,0
379,bcd,cdd,known,cdd,0.0,8.848886308856735e-98,anomaly,0.0,0
380,cdd,ddd,known,ddd,0.8260869565217391,7.309949559490347e-98,normal,0.8260869565217391,0
381,ddd,ddd,known,ddd,0.9878048780487805,7.220803833155099e-98,normal,0.9878048780487805,0
382,ddd,ddd,known,ddd,0.9878048780487805,7.132745249823939e-98,normal,0.9878048780487805,0
383,ddd,ddd,known,ddd,0.9878048780487805,7.045760551655354e-98,normal,0.9878048780487805,0
384,ddd,ddd,known,ddd,0.9878048780487805,6.959836642488825e-98,normal,0.9878048780487805,0
385,ddd,ddd,known,ddd,0.9878048780487805,6.874960585873108e-98,normal,0.9878048780487805,0
386,ddd,ddd,known,ddd,0.9878048780487805,6.791119603118558e-98,normal,0.9878048780487805,0
387,ddd,ddd,known,ddd,0.9878048780487805,6.70830107137321e-98,normal,0.9878048780487805,0
388,ddd,ddd,known,ddd,0.9878048780487805,6.626492521722318e-98,normal,0.9878048780487805,0
389,ddd,ddd,known,ddd,0.9878048780487805,6.545681637311069e-98,normal,0.9878048780487805,0
390,ddd,ddd,known,ddd,0.9878048780487805,6.465856251490203e-98,normal,0.9878048780487805,0
391,ddd,ddd,known,ddd,0.9878048780487805,6.387004345984225e-98,normal,0.9878048780487805,0
392,ddd,ddd,known,ddd,0.9878048780487805,6.309114049081978e-98,normal,0.9878048780487805,0
393,ddd,ddd,known,ddd,0.9878048780487805,6.232173633849272e-98,normal,0.9878048780487805,0
394,ddd,ddd,known,ddd,0.9878048780487805,6.156171516363304e-98,normal,0.9878048780487805,0
395,ddd,ddd,known,ddd,0.9878048780487805,6.08109625396863e-98,normal,0.9878048780487805,0
396,ddd,ddd,known,ddd,0.9878048780487805,6.006936543554379e-98,normal,0.9878048780487805,0
397,ddd,ddd,known,ddd,0.9878048780487805,5.933681219852496e-98,normal,0.9878048780487805,0
398,ddd,ddd,known,ddd,0.9878048780487805,5.861319253756734e-98,normal,0.9878048780487805,0
399,ddd,ddd,known,ddd,0.9878048780487805,5.78983975066214e-98,normal,0.9878048780487805,0
400,ddd,ddc,known,ddc,0.011614401858304297,6.724552555937444e-100,anomaly,0.011614401858304297,0
401,ddc,dcd,known,dcd,0.6086956521739131,4.0932059036140967e-100,normal,0.6086956521739131,0
402,dcd,cdc,known,cdc,0.391304347826087,1.601689266631603e-100,normal,0.391304347826087,0
403,cdc,dcc,known,dcc,0.375,6.006334749868511e-101,normal,0.375,0
404,dcc,ccd,known,ccd,0.4666666666666667,2.8029562166053052e-101,normal,0.4666666666666667,0
405,ccd,cdc,known,cdc,0.4,1.1211824866421222e-101,normal,0.4,0
406,cdc,dcd,known,dcd,0.5625,6.306651487361937e-102,normal,0.5625,0
407,dcd,cdd,known,cdd,0.6086956521739131,3.8388313401333535e-102,normal,0.6086956521739131,0
408,cdd,ddd,known,ddd,0.8260869565217391,3.1712084983710312e-102,normal,0.8260869565217391,0
409,ddd,ddd,known,ddd,0.9878048780487805,3.1325352240006527e-102,normal,0.9878048780487805,0
410,ddd,ddd,known,ddd,0.9878048780487805,3.094333574927474e-102,normal,0.9878048780487805,0
411,ddd,ddd,known,ddd,0.9878048780487805,3.0565977996234805e-102,normal,0.9878048780487805,0
412,ddd,ddd,known,ddd,0.9878048780487805,3.019322216701243e-102,normal,0.9878048780487805,0
413,ddd,ddd,known,ddd,0.9878048780487805,2.982501214058545e-102,normal,0.9878048780487805,0
414,ddd,ddd,known,ddd,0.9878048780487805,2.9461292480334408e-102,normal,0.9878048780487805,0
415,ddd,ddd,known,ddd,0.9878048780487805,2.9102008425696182e-102,normal,0.9878048780487805,0
416,ddd,ddd,known,ddd,0.9878048780487805,2.8747105883919398e-102,normal,0.9878048780487805,0
417,ddd,ddd,known,ddd,0.9878048780487805,2.839653142192038e-102,normal,0.9878048780487805,0
418,ddd,ddd,known,ddd,0.9878048780487805,2.8050232258238424e-102,normal,0.9878048780487805,0
419,ddd,ddd,known,ddd,0.9878048780487805,2.7708156255089176e-102,normal,0.9878048780487805,0
420,ddd,ddd,known,ddd,0.9878048780487805,2.7370251910514916e-102,normal,0.9878048780487805,0
421,ddd,ddd,known,ddd,0.9878048780487805,2.703646835063059e-102,normal,0.9878048780487805,0
422,ddd,ddd,known,ddd,0.9878048780487805,2.6706755321964364e-102,normal,0.9878048780487805,0
423,ddd,ddd,known,ddd,0.9878048780487805,2.6381063183891628e-102,normal,0.9878048780487805,0
424,ddd,ddd,known,ddd,0.9878048780487805,2.6059342901161242e-102,normal,0.9878048780487805,0
425,ddd,ddd,known,ddd,0.9878048780487805,2.5741546036512935e-102,normal,0.9878048780487805,0
426,ddd,ddd,known,ddd,0.9878048780487805,2.5427624743384727e-102,normal,0.9878048780487805,0
427,ddd,ddc,known,ddc,0.011614401858304297,2.9532665207183193e-104,anomaly,0.011614401858304297,0
428,ddc,dcc,known,dcc,0.391304347826087,1.155626029846299e-104,normal,0.391304347826087,0
429,dcc,ccd,known,ccd,0.4666666666666667,5.392921472616062e-105,normal,0.4666666666666667,0
430,ccd,cdc,known,cdc,0.4,2.157168589046425e-105,normal,0.4,0
431,cdc,dcc,known,dcc,0.375,8.089382208924094e-106,normal,0.375,0
432,dcc,ccd,known,ccd,0.4666666666666667,3.775045030831244e-106,normal,0.4666666666666667,0
433,ccd,cdc,known,cdc,0.4,1.5100180123324977e-106,normal,0.4,0
434,cdc,dcc,known,dcc,0.375,5.662567546246867e-107,normal,0.375,0
435,dcc,ccd,known,ccd,0.4666666666666667,2.6425315215818712e-107,normal,0.4666666666666667,0
436,ccd,cdc,known,cdc,0.4,1.0570126086327486e-107,normal,0.4,0
437,cdc,dcd,known,dcd,0.5625,5.945695923559211e-108,normal,0.5625,0
438,dcd,cdd,known,cdd,0.6086956521739131,3.6191192578186505e-108,normal,0.6086956521739131,0
439,cdd,ddd,known,ddd,0.8260869565217391,2.9897072129806244e-108,normal,0.8260869565217391,0
440,ddd,ddd,known,ddd,0.9878048780487805,2.953247368919885e-108,normal,0.9878048780487805,0
441,ddd,ddc,known,ddc,0.011614401858304297,3.4300201729615386e-110,anomaly,0.011614401858304297,0
442,ddc,dcd,known,dcd,0.6086956521739131,2.0878383661505018e-110,normal,0.6086956521739131,0
443,dcd,cdd,known,cdd,0.6086956521739131,1.2708581359176968e-110,normal,0.6086956521739131,0
444,cdd,ddd,known,ddd,0.8260869565217391,1.0498393296711409e-110,normal,0.8260869565217391,0
445,ddd,ddd,known,ddd,0.9878048780487805,1.0370364110166147e-110,normal,0.9878048780487805,0
446,ddd,ddd,known,ddd,0.9878048780487805,1.024389625516412e-110,normal,0.9878048780487805,0
447,ddd,ddd,known,ddd,0.9878048780487805,1.0118970691076753e-110,normal,0.9878048780487805,0
448,ddd,ddd,known,ddd,0.9878048780487805,9.995568609478255e-111,normal,0.9878048780487805,0
449,ddd,ddd,known,ddd,0.9878048780487805,9.873671431313886e-111,normal,0.9878048780487805,0
450,ddd,ddd,known,ddd,0.9878048780487805,9.753260804102741e-111,normal,0.9878048780487805,0
451,ddd,ddd,known,ddd,0.9878048780487805,9.63431859917466e-111,normal,0.9878048780487805,0
452,ddd,ddd,known,ddd,0.9878048780487805,9.516826908940823e-111,normal,0.9878048780487805,0
453,ddd,ddd,known,ddd,0.9878048780487805,9.400768044197641e-111,normal,0.9878048780487805,0
454,ddd,ddd,known,ddd,0.9878048780487805,9.286124531463523e-111,normal,0.9878048780487805,0
455,ddd,ddc,known,ddc,0.011614401858304297,1.0785278201467506e-112,anomaly,0.011614401858304297,0
456,ddc,dcc,known,dcc,0.391304347826087,4.220326252748155e-113,normal,0.391304347826087,0
457,dcc,ccc,known,ccc,0.5333333333333333,2.2508406681323495e-113,normal,0.5333333333333333,0
458,ccc,ccd,known,ccd,0.16,3.6013450690117595e-114,anomaly,0.16,0
459,ccd,cdd,known,cdd,0.6,2.1608070414070557e-114,normal,0.6,0
460,cdd,ddd,known,ddd,0.8260869565217391,1.7850145124666984e-114,normal,0.8260869565217391,0
461,ddd,ddd,known,ddd,0.9878048780487805,1.7632460428024705e-114,normal,0.9878048780487805,0
462,ddd,ddd,known,ddd,0.9878048780487805,1.741743042280489e-114,normal,0.9878048780487805,0
463,ddd,ddd,known,ddd,0.9878048780487805,1.7205022734721905e-114,normal,0.9878048780487805,0
464,ddd,ddd,known,ddd,0.9878048780487805,1.699520538429847e-114,normal,0.9878048780487805,0
465,ddd,ddd,known,ddd,0.9878048780487805,1.6787946782050926e-114,normal,0.9878048780487805,0
466,ddd,ddd,known,ddd,0.9878048780487805,1.6583215723733233e-114,normal,0.9878048780487805,0
467,ddd,ddc,known,ddc,0.011614401858304297,1.926041315183883e-116,anomaly,0.011614401858304297,0
468,ddc,dcc,known,dcc,0.391304347826087,7.536683407241282e-117,normal,0.391304347826087,0
469,dcc,ccc,known,ccc,0.5333333333333333,4.019564483862017e-117,normal,0.5333333333333333,0
470,ccc,ccd,known,ccd,0.16,6.431303174179227e-118,anomaly,0.16,0
471,ccd,cdd,known,cdd,0.6,3.8587819045075363e-118,normal,0.6,0
472,cdd,ddd,known,ddd,0.8260869565217391,3.187689399375791e-118,normal,0.8260869565217391,0
473,ddd,ddd,known,ddd,0.9878048780487805,3.1488151384077933e-118,normal,0.9878048780487805,0
474,ddd,ddd,known,ddd,0.9878048780487805,3.1104149537930643e-118,normal,0.9878048780487805,0
475,ddd,ddd,known,ddd,0.9878048780487805,3.072483064112661e-118,normal,0.9878048780487805,0
476,ddd,ddd,known,ddd,0.9878048780487805,3.0350137584527507e-118,normal,0.9878048780487805,0
477,ddd,ddd,known,ddd,0.9878048780487805,2.9980013955447904e-118,normal,0.9878048780487805,0
478,ddd,ddc,known,ddc,0.011614401858304297,3.481999297961429e-120,anomaly,0.011614401858304297,0
479,ddc,dcd,known,dcd,0.6086956521739131,2.1194778335417397e-120,normal,0.6086956521739131,0
480,dcd,cdc,known,cdc,0.391304347826087,8.293608913858982e-121,normal,0.391304347826087,0
481,cdc,dcd,known,dcd,0.5625,4.665155014045678e-121,normal,0.5625,0
482,dcd,cdd,known,cdd,0.6086956521739131,2.8396595737669343e-121,normal,0.6086956521739131,0
483,cdd,ddc,known,ddc,0.13043478260869565,3.703903791869914e-122,anomaly,0.13043478260869565,0
484,ddc,dcd,known,dcd,0.6086956521739131,2.254550134181687e-122,normal,0.6086956521739131,0
485,dcd,cdc,known,cdc,0.391304347826087,8.822152698971818e-123,normal,0.391304347826087,0
486,cdc,dcc,known,dcc,0.375,3.308307262114432e-123,normal,0.375,0
487,dcc,ccd,known,ccd,0.4666666666666667,1.5438767223200682e-123,normal,0.4666666666666667,0
488,ccd,cdc,known,cdc,0.4,6.175506889280273e-124,normal,0.4,0
489,cdc,dcd,known,dcd,0.5625,3.4737226252201536e-124,normal,0.5625,0
490,dcd,cdd,known,cdd,0.6086956521739131,2.1144398588296587e-124,normal,0.6086956521739131,0
491,cdd,ddd,known,ddd,0.8260869565217391,1.7467111877288485e-124,normal,0.8260869565217391,0
492,ddd,ddd,known,ddd,0.9878048780487805,1.7254098317809358e-124,normal,0.9878048780487805,0
493,ddd,ddd,known,ddd,0.9878048780487805,1.704368248466534e-124,normal,0.9878048780487805,0
494,ddd,ddc,known,ddc,0.011614401858304297,1.9795217752224552e-126,anomaly,0.011614401858304297,0
495,ddc,dcc,known,dcc,0.391304347826087,7.745954772609607e-127,normal,0.391304347826087,0
496,dcc,ccc,known,ccc,0.5333333333333333,4.131175878725124e-127,normal,0.5333333333333333,0
497,ccc,ccd,known,ccd,0.16,6.609881405960199e-128,anomaly,0.16,0
498,ccd,cdc,known,cdc,0.4,2.6439525623840796e-128,normal,0.4,0
499,cdc,dcc,known,dcc,0.375,9.914822108940299e-129,normal,0.375,0
500,dcc,ccc,known,ccc,0.5333333333333333,5.2879051247681595e-129,normal,0.5333333333333333,0
501,ccc,ccc,known,ccc,0.62,3.2785011773562586e-129,normal,0.62,0
502,ccc,ccc,known,ccc,0.62,2.0326707299608804e-129,normal,0.62,0
503,ccc,ccc,known,ccc,0.62,1.2602558525757459e-129,normal,0.62,0
504,ccc,ccc,known,ccc,0.62,7.813586285969625e-130,normal,0.62,0
505,ccc,ccc,known,ccc,0.62,4.844423497301168e-130,normal,0.62,0
506,ccc,ccd,known,ccd,0.16,7.751077595681869e-131,anomaly,0.16,0
507,ccd,cdd,known,cdd,0.6,4.650646557409121e-131,normal,0.6,0
508,cdd,ddc,known,ddc,0.13043478260869565,6.066060727055375e-132,anomaly,0.13043478260869565,0
509,ddc,dcc,known,dcc,0.391304347826087,2.3736759366738424e-132,normal,0.391304347826087,0
510,dcc,ccc,known,ccc,0.5333333333333333,1.2659604995593826e-132,normal,0.5333333333333333,0
511,ccc,ccc,known,ccc,0.62,7.848955097268173e-133,normal,0.62,0
512,ccc,ccc,known,ccc,0.62,4.866352160306267e-133,normal,0.62,0
513,ccc,ccd,known,ccd,0.16,7.786163456490027e-134,anomaly,0.16,0
514,ccd,cdd,known,cdd,0.6,4.671698073894016e-134,normal,0.6,0
515,cdd,ddc,known,ddc,0.13043478260869565,6.093519226818282e-135,anomaly,0.13043478260869565,0
516,ddc,dcc,known,dcc,0.391304347826087,2.3844205670158495e-135,normal,0.391304347826087,0
517,dcc,ccc,known,ccc,0.5333333333333333,1.2716909690751198e-135,normal,0.5333333333333333,0
518,ccc,ccc,known,ccc,0.62,7.884484008265743e-136,normal,0.62,0
519,ccc,ccc,known,ccc,0.62,4.888380085124761e-136,normal,0.62,0
520,ccc,ccc,known,ccc,0.62,3.030795652777352e-136,normal,0.62,0
521,ccc,ccc,known,ccc,0.62,1.8790933047219583e-136,normal,0.62,0
522,ccc,ccd,known,ccd,0.16,3.0065492875551336e-137,anomaly,0.16,0
523,ccd,cdc,known,cdc,0.4,1.2026197150220534e-137,normal,0.4,0
524,cdc,dcc,known,dcc,0.375,4.5098239313327e-138,normal,0.375,0
525,dcc,ccc,known,ccc,0.5333333333333333,2.4052394300441065e-138,normal,0.5333333333333333,0
526,ccc,ccc,known,ccc,0.62,1.491248446627346e-138,normal,0.62,0
527,ccc,ccc,known,ccc,0.62,9.245740369089544e-139,normal,0.62,0
528,ccc,ccc,known,ccc,0.62,5.732359028835517e-139,normal,0.62,0
529,ccc,ccd,known,ccd,0.16,9.171774446136827e-140,anomaly,0.16,0
530,ccd,cdc,known,cdc,0.4,3.668709778454731e-140,normal,0.4,0
531,cdc,dcc,known,dcc,0.375,1.3757661669205241e-140,normal,0.375,0
532,dcc,ccc,known,ccc,0.5333333333333333,7.337419556909462e-141,normal,0.5333333333333333,0
533,ccc,ccc,known,ccc,0.62,4.549200125283866e-141,normal,0.62,0
534,ccc,ccc,known,ccc,0.62,2.820504077675997e-141,normal,0.62,0
535,ccc,ccd,known,ccd,0.16,4.512806524281595e-142,anomaly,0.16,0
536,ccd,cdd,known,cdd,0.6,2.7076839145689573e-142,normal,0.6,0
537,cdd,ddc,known,ddc,0.13043478260869565,3.53176162769864e-143,anomaly,0.13043478260869565,0
538,ddc,dcc,known,dcc,0.391304347826087,1.3819936804038156e-143,normal,0.391304347826087,0
539,dcc,ccc,known,ccc,0.5333333333333333,7.370632962153683e-144,normal,0.5333333333333333,0
540,ccc,ccc,known,ccc,0.62,4.5697924365352836e-144,normal,0.62,0
541,ccc,ccc,known,ccc,0.62,2.833271310651876e-144,normal,0.62,0
542,ccc,ccd,known,ccd,0.16,4.533234097043001e-145,anomaly,0.16,0
543,ccd,cdd,known,cdd,0.6,2.7199404582258006e-145,normal,0.6,0
544,cdd,ddd,known,ddd,0.8260869565217391,2.2469073350560963e-145,normal,0.8260869565217391,0
545,ddd,ddd,known,ddd,0.9878048780487805,2.2195060260919973e-145,normal,0.9878048780487805,0
546,ddd,ddc,known,ddc,0.011614401858304297,2.577823491396048e-147,anomaly,0.011614401858304297,0
547,ddc,dcd,known,dcd,0.6086956521739131,1.5691099512845511e-147,normal,0.6086956521739131,0
548,dcd,cdd,known,cdd,0.6086956521739131,9.551104051297268e-148,normal,0.6086956521739131,0
549,cdd,ddd,known,ddd,0.8260869565217391,7.890042477158613e-148,normal,0.8260869565217391,0
550,ddd,ddd,known,ddd,0.9878048780487805,7.793822446949362e-148,normal,0.9878048780487805,0
551,ddd,ddd,known,ddd,0.9878048780487805,7.698775831742662e-148,normal,0.9878048780487805,0
552,ddd,ddd,known,ddd,0.9878048780487805,7.604888321599459e-148,normal,0.9878048780487805,0
553,ddd,ddd,known,ddd,0.9878048780487805,7.512145781092149e-148,normal,0.9878048780487805,0
554,ddd,ddd,known,ddd,0.9878048780487805,7.420534247176392e-148,normal,0.9878048780487805,0
555,ddd,ddd,known,ddd,0.9878048780487805,7.330039927088875e-148,normal,0.9878048780487805,0
556,ddd,ddd,known,ddd,0.9878048780487805,7.240649196270717e-148,normal,0.9878048780487805,0
557,ddd,ddd,known,ddd,0.9878048780487805,7.152348596316196e-148,normal,0.9878048780487805,0
558,ddd,ddd,known,ddd,0.9878048780487805,7.065124832946486e-148,normal,0.9878048780487805,0
559,ddd,ddc,known,ddc,0.011614401858304297,8.205719898892552e-150,anomaly,0.011614401858304297,0
560,ddc,dcc,known,dcc,0.391304347826087,3.2109338734796945e-150,normal,0.391304347826087,0
561,dcc,ccc,known,ccc,0.5333333333333333,1.712498065855837e-150,normal,0.5333333333333333,0
562,ccc,ccc,known,ccc,0.62,1.0617488008306189e-150,normal,0.62,0
563,ccc,ccd,known,ccd,0.16,1.6987980813289903e-151,anomaly,0.16,0
564,ccd,cdc,known,cdc,0.4,6.795192325315961e-152,normal,0.4,0
565,cdc,dcd,known,dcd,0.5625,3.822295682990228e-152,normal,0.5625,0
566,dcd,cdd,known,cdd,0.6086956521739131,2.3266147635592694e-152,normal,0.6086956521739131,0
567,cdd,ddd,known,ddd,0.8260869565217391,1.9219861090272225e-152,normal,0.8260869565217391,0
568,ddd,ddd,known,ddd,0.9878048780487805,1.8985472540390856e-152,normal,0.9878048780487805,0
569,ddd,ddc,known,ddc,0.011614401858304297,2.2050490755390076e-154,anomaly,0.011614401858304297,0
570,ddc,dcd,known,dcd,0.6086956521739131,1.3422037851107004e-154,normal,0.6086956521739131,0
571,dcd,cdc,known,cdc,0.391304347826087,5.25210176782448e-155,normal,0.391304347826087,0
572,cdc,dcc,known,dcc,0.375,1.96953816293418e-155,normal,0.375,0
573,dcc,ccd,known,ccd,0.4666666666666667,9.19117809369284e-156,normal,0.4666666666666667,0
574,ccd,cdd,known,cdd,0.6,5.514706856215704e-156,normal,0.6,0
575,cdd,ddd,known,ddd,0.8260869565217391,4.555627402960799e-156,normal,0.8260869565217391,0
576,ddd,ddc,known,ddc,0.011614401858304297,5.291088737468989e-158,anomaly,0.011614401858304297,0
577,ddc,dcd,known,dcd,0.6086956521739131,3.2206627097637325e-158,normal,0.6086956521739131,0
578,dcd,cdc,known,cdc,0.391304347826087,1.2602593212118954e-158,normal,0.391304347826087,0
579,cdc,dcc,known,dcc,0.375,4.725972454544607e-159,normal,0.375,0
580,dcc,ccc,known,ccc,0.5333333333333333,2.5205186424237904e-159,normal,0.5333333333333333,0
581,ccc,ccc,known,ccc,0.62,1.56272155830275e-159,normal,0.62,0
582,ccc,ccc,known,ccc,0.62,9.68887366147705e-160,normal,0.62,0
583,ccc,ccc,known,ccc,0.62,6.007101670115771e-160,normal,0.62,0
584,ccc,ccc,known,ccc,0.62,3.724403035471778e-160,normal,0.62,0
585,ccc,ccc,known,ccc,0.62,2.3091298819925024e-160,normal,0.62,0
586,ccc,ccc,known,ccc,0.62,1.4316605268353515e-160,normal,0.62,0
587,ccc,ccc,known,ccc,0.62,8.876295266379179e-161,normal,0.62,0
588,ccc,ccc,known,ccc,0.62,5.503303065155091e-161,normal,0.62,0
589,ccc,ccc,known,ccc,0.62,3.4120479003961563e-161,normal,0.62,0
590,ccc,ccc,known,ccc,0.62,2.1154696982456167e-161,normal,0.62,0
591,ccc,ccd,known,ccd,0.16,3.384751517192987e-162,anomaly,0.16,0
592,ccd,cdd,known,cdd,0.6,2.0308509103157921e-162,normal,0.6,0
593,cdd,ddc,known,ddc,0.13043478260869565,2.64893596997712e-163,anomaly,0.13043478260869565,0
594,ddc,dcc,known,dcc,0.391304347826087,1.03654016216496e-163,normal,0.391304347826087,0
595,dcc,ccb,known,ccb,0.0,1.0365401621649601e-167,anomaly,0.0,0
596,ccb,cbc,known,cbc,0.24242424242424243,2.5128246355514186e-168,normal,0.24242424242424243,0
597,cbc,bcb,known,bcb,0.4,1.0051298542205675e-168,normal,0.4,0
598,bcb,cbc,known,cbc,0.2830188679245283,2.844707134586512e-169,normal,0.2830188679245283,0
599,cbc,bcc,known,bcc,0.48,1.3654594246015256e-169,normal,0.48,0
600,bcc,ccc,known,ccc,0.3333333333333333,4.551531415338418e-170,normal,0.3333333333333333,0
601,ccc,ccd,known,ccd,0.16,7.28245026454147e-171,anomaly,0.16,0
602,ccd,cdc,known,cdc,0.4,2.912980105816588e-171,normal,0.4,0
603,cdc,dcc,known,dcc,0.375,1.0923675396812205e-171,normal,0.375,0
604,dcc,ccc,known,ccc,0.5333333333333333,5.825960211633175e-172,normal,0.5333333333333333,0
605,ccc,ccb,known,ccb,0.22,1.2817112465592985e-172,normal,0.22,0
606,ccb,cbc,known,cbc,0.24242424242424243,3.1071787795376936e-173,normal,0.24242424242424243,0
607,cbc,bcc,known,bcc,0.48,1.4914458141780929e-173,normal,0.48,0
608,bcc,ccc,known,ccc,0.3333333333333333,4.971486047260309e-174,normal,0.3333333333333333,0
609,ccc,ccc,known,ccc,0.62,3.082321349301392e-174,normal,0.62,0
610,ccc,ccc,known,ccc,0.62,1.911039236566863e-174,normal,0.62,0
611,ccc,ccc,known,ccc,0.62,1.184844326671455e-174,normal,0.62,0
612,ccc,ccc,known,ccc,0.62,7.346034825363022e-175,normal,0.62,0
613,ccc,ccb,known,ccb,0.22,1.6161276615798647e-175,normal,0.22,0
614,ccb,cbb,known,cbb,0.696969696969697,1.1263920065556633e-175,normal,0.696969696969697,0
615,cbb,bbc,known,bbc,0.24561403508771928,2.766576858206892e-176,normal,0.24561403508771928,0
616,bbc,bcc,known,bcc,0.3448275862068966,9.539920200713422e-177,normal,0.3448275862068966,0
617,bcc,ccc,known,ccc,0.3333333333333333,3.179973400237807e-177,normal,0.3333333333333333,0
618,ccc,ccc,known,ccc,0.62,1.9715835081474403e-177,normal,0.62,0
619,ccc,ccc,known,ccc,0.62,1.222381775051413e-177,normal,0.62,0
620,ccc,ccc,known,ccc,0.62,7.57876700531876e-178,normal,0.62,0
621,ccc,ccc,known,ccc,0.62,4.698835543297631e-178,normal,0.62,0
622,ccc,ccc,known,ccc,0.62,2.9132780368445313e-178,normal,0.62,0
623,ccc,ccc,known,ccc,0.62,1.8062323828436093e-178,normal,0.62,0
624,ccc,ccc,known,ccc,0.62,1.1198640773630378e-178,normal,0.62,0
625,ccc,ccc,known,ccc,0.62,6.943157279650834e-179,normal,0.62,0
626,ccc,ccc,known,ccc,0.62,4.3047575133835176e-179,normal,0.62,0
627,ccc,ccc,known,ccc,0.62,2.668949658297781e-179,normal,0.62,0
628,ccc,ccd,known,ccd,0.16,4.27031945327645e-180,anomaly,0.16,0
629,ccd,cdc,known,cdc,0.4,1.70812778131058e-180,normal,0.4,0
630,cdc,dcc,known,dcc,0.375,6.405479179914675e-181,normal,0.375,0
631,dcc,ccc,known,ccc,0.5333333333333333,3.41625556262116e-181,normal,0.5333333333333333,0
632,ccc,ccd,known,ccd,0.16,5.466008900193856e-182,anomaly,0.16,0
633,ccd,cdc,known,cdc,0.4,2.1864035600775425e-182,normal,0.4,0
634,cdc,dcc,known,dcc,0.375,8.199013350290785e-183,normal,0.375,0
635,dcc,ccc,known,ccc,0.5333333333333333,4.372807120155085e-183,normal,0.5333333333333333,0
636,ccc,ccc,known,ccc,0.62,2.7111404144961525e-183,normal,0.62,0
637,ccc,ccc,known,ccc,0.62,1.6809070569876145e-183,normal,0.62,0
638,ccc,ccc,known,ccc,0.62,1.042162375332321e-183,normal,0.62,0
639,ccc,ccc,known,ccc,0.62,6.46140672706039e-184,normal,0.62,0
640,ccc,ccc,known,ccc,0.62,4.006072170777442e-184,normal,0.62,0
641,ccc,ccc,known,ccc,0.62,2.483764745882014e-184,normal,0.62,0
642,ccc,ccc,known,ccc,0.62,1.5399341424468486e-184,normal,0.62,0
643,ccc,ccc,known,ccc,0.62,9.547591683170461e-185,normal,0.62,0
644,ccc,ccc,known,ccc,0.62,5.919506843565686e-185,normal,0.62,0
645,ccc,ccc,known,ccc,0.62,3.6700942430107253e-185,normal,0.62,0
646,ccc,ccc,known,ccc,0.62,2.2754584306666498e-185,normal,0.62,0
647,ccc,ccc,known,ccc,0.62,1.410784227013323e-185,normal,0.62,0
648,ccc,ccc,known,ccc,0.62,8.746862207482602e-186,normal,0.62,0
649,ccc,ccc,known,ccc,0.62,5.4230545686392134e-186,normal,0.62,0
650,ccc,ccc,known,ccc,0.62,3.3622938325563124e-186,normal,0.62,0
651,ccc,ccc,known,ccc,0.62,2.0846221761849137e-186,normal,0.62,0
652,ccc,ccd,known,ccd,0.16,3.335395481895862e-187,anomaly,0.16,0
653,ccd,cdc,known,cdc,0.4,1.334158192758345e-187,normal,0.4,0
654,cdc,dcc,known,dcc,0.375,5.0030932228437934e-188,normal,0.375,0
655,dcc,ccc,known,ccc,0.5333333333333333,2.6683163855166897e-188,normal,0.5333333333333333,0
656,ccc,ccb,known,ccb,0.22,5.870296048136717e-189,normal,0.22,0
657,ccb,cbc,known,cbc,0.24242424242424243,1.4231020722755678e-189,normal,0.24242424242424243,0
658,cbc,bcc,known,bcc,0.48,6.830889946922725e-190,normal,0.48,0
659,bcc,ccc,known,ccc,0.3333333333333333,2.276963315640908e-190,normal,0.3333333333333333,0
660,ccc,ccc,known,ccc,0.62,1.411717255697363e-190,normal,0.62,0
661,ccc,ccc,known,ccc,0.62,8.75264698532365e-191,normal,0.62,0
662,ccc,ccc,known,ccc,0.62,5.426641130900663e-191,normal,0.62,0
663,ccc,ccd,known,ccd,0.16,8.682625809441061e-192,anomaly,0.16,0
664,ccd,cdc,known,cdc,0.4,3.4730503237764244e-192,normal,0.4,0
665,cdc,dcc,known,dcc,0.375,1.3023938714161592e-192,normal,0.375,0
666,dcc,ccd,known,ccd,0.4666666666666667,6.077838066608743e-193,normal,0.4666666666666667,0
667,ccd,cdc,known,cdc,0.4,2.431135226643497e-193,normal,0.4,0
668,cdc,dcb,unseen,acb,0.0,2.4311352266434972e-197,anomaly,0.0,1
669,acb,cbc,known,cbc,0.2222222222222222,5.402522725874438e-198,normal,0.2222222222222222,0
670,cbc,bcc,known,bcc,0.48,2.5932109084197302e-198,normal,0.48,0
671,bcc,ccc,known,ccc,0.3333333333333333,8.6440363613991e-199,normal,0.3333333333333333,0
672,ccc,ccd,known,ccd,0.16,1.383045817823856e-199,anomaly,0.16,0
673,ccd,cdc,known,cdc,0.4,5.532183271295425e-200,normal,0.4,0
674,cdc,dcb,unseen,acb,0.0,5.532183271295425e-204,anomaly,0.0,1
675,acb,cbc,known,cbc,0.2222222222222222,1.2293740602878721e-204,normal,0.2222222222222222,0
676,cbc,bcc,known,bcc,0.48,5.900995489381786e-205,normal,0.48,0
677,bcc,ccc,known,ccc,0.3333333333333333,1.9669984964605953e-205,normal,0.3333333333333333,0
678,ccc,ccc,known,ccc,0.62,1.219539067805569e-205,normal,0.62,0
679,ccc,ccd,known,ccd,0.16,1.9512625084889106e-206,anomaly,0.16,0
680,ccd,cdc,known,cdc,0.4,7.805050033955642e-207,normal,0.4,0
681,cdc,dcb,unseen,acb,0.0,7.805050033955643e-211,anomaly,0.0,1
682,acb,cbc,known,cbc,0.2222222222222222,1.734455563101254e-211,normal,0.2222222222222222,0
683,cbc,bcc,known,bcc,0.48,8.325386702886019e-212,normal,0.48,0
684,bcc,ccc,known,ccc,0.3333333333333333,2.775128900962006e-212,normal,0.3333333333333333,0
685,ccc,ccb,known,ccb,0.22,6.105283582116413e-213,normal,0.22,0
686,ccb,cbc,known,cbc,0.24242424242424243,1.4800687471797366e-213,normal,0.24242424242424243,0
687,cbc,bcc,known,bcc,0.48,7.104329986462735e-214,normal,0.48,0
688,bcc,ccc,known,ccc,0.3333333333333333,2.3681099954875784e-214,normal,0.3333333333333333,0
689,ccc,ccd,known,ccd,0.16,3.788975992780126e-215,anomaly,0.16,0
690,ccd,cdd,known,cdd,0.6,2.2733855956680754e-215,normal,0.6,0
691,cdd,ddc,known,ddc,0.13043478260869565,2.965285559567055e-216,anomaly,0.13043478260869565,0
692,ddc,dcd,known,dcd,0.6086956521739131,1.8049564275625552e-216,normal,0.6086956521739131,0
693,dcd,cdc,known,cdc,0.391304347826087,7.062872977418695e-217,normal,0.391304347826087,0
694,cdc,dcc,known,dcc,0.375,2.6485773665320105e-217,normal,0.375,0
695,dcc,ccc,known,ccc,0.5333333333333333,1.412574595483739e-217,normal,0.5333333333333333,0
696,ccc,ccc,known,ccc,0.62,8.757962491999181e-218,normal,0.62,0
697,ccc,ccc,known,ccc,0.62,5.429936745039492e-218,normal,0.62,0
698,ccc,ccc,known,ccc,0.62,3.366560781924485e-218,normal,0.62,0
699,ccc,ccc,known,ccc,0.62,2.0872676847931806e-218,normal,0.62,0
700,ccc,ccc,known,ccc,0.62,1.294105964571772e-218,normal,0.62,0
701,ccc,ccd,known,ccd,0.16,2.0705695433148353e-219,anomaly,0.16,0
702,ccd,cdc,known,cdc,0.4,8.282278173259341e-220,normal,0.4,0
703,cdc,dcc,known,dcc,0.375,3.105854314972253e-220,normal,0.375,0
704,dcc,ccd,known,ccd,0.4666666666666667,1.4493986803203847e-220,normal,0.4666666666666667,0
705,ccd,cdc,known,cdc,0.4,5.797594721281539e-221,normal,0.4,0
706,cdc,dcc,known,dcc,0.375,2.174098020480577e-221,normal,0.375,0
707,dcc,ccd,known,ccd,0.4666666666666667,1.0145790762242693e-221,normal,0.4666666666666667,0
708,ccd,cdc,known,cdc,0.4,4.0583163048970774e-222,normal,0.4,0
709,cdc,dcc,known,dcc,0.375,1.521868614336404e-222,normal,0.375,0
710,dcc,ccc,known,ccc,0.5333333333333333,8.116632609794155e-223,normal,0.5333333333333333,0
711,ccc,ccc,known,ccc,0.62,5.032312218072376e-223,normal,0.62,0
712,ccc,ccc,known,ccc,0.62,3.120033575204873e-223,normal,0.62,0
713,ccc,ccc,known,ccc,0.62,1.934420816627021e-223,normal,0.62,0
714,ccc,ccc,known,ccc,0.62,1.1993409063087532e-223,normal,0.62,0
715,ccc,ccc,known,ccc,0.62,7.43591361911427e-224,normal,0.62,0
716,ccc,ccc,known,ccc,0.62,4.610266443850847e-224,normal,0.62,0
717,ccc,ccc,known,ccc,0.62,2.858365195187525e-224,normal,0.62,0
718,ccc,ccc,known,ccc,0.62,1.7721864210162655e-224,normal,0.62,0
719,ccc,ccc,known,ccc,0.62,1.0987555810300846e-224,normal,0.62,0
720,ccc,ccc,known,ccc,0.62,6.812284602386524e-225,normal,0.62,0
721,ccc,ccc,known,ccc,0.62,4.223616453479645e-225,normal,0.62,0
722,ccc,ccc,known,ccc,0.62,2.61864220115738e-225,normal,0.62,0
723,ccc,ccc,known,ccc,0.62,1.6235581647175756e-225,normal,0.62,0
724,ccc,ccc,known,ccc,0.62,1.006606062124897e-225,normal,0.62,0
725,ccc,ccc,known,ccc,0.62,6.240957585174361e-226,normal,0.62,0
726,ccc,ccc,known,ccc,0.62,3.8693937028081034e-226,normal,0.62,0
727,ccc,ccc,known,ccc,0.62,2.399024095741024e-226,normal,0.62,0
728,ccc,ccc,known,ccc,0.62,1.4873949393594349e-226,normal,0.62,0
729,ccc,ccd,known,ccd,0.16,2.379831902975096e-227,anomaly,0.16,0
730,ccd,cdd,known,cdd,0.6,1.4278991417850574e-227,normal,0.6,0
731,cdd,ddc,known,ddc,0.13043478260869565,1.8624771414587706e-228,anomaly,0.13043478260869565,0
732,ddc,dcd,known,dcd,0.6086956521739131,1.1336817382792517e-228,normal,0.6086956521739131,0
733,dcd,cdd,known,cdd,0.6086956521739131,6.900671450395446e-229,normal,0.6086956521739131,0
734,cdd,ddd,known,ddd,0.8260869565217391,5.700554676413629e-229,normal,0.8260869565217391,0
735,ddd,ddd,known,ddd,0.9878048780487805,5.63103571694517e-229,normal,0.9878048780487805,0
736,ddd,ddd,known,ddd,0.9878048780487805,5.562364549665351e-229,normal,0.9878048780487805,0
737,ddd,ddc,known,ddc,0.011614401858304297,6.46035371621992e-231,anomaly,0.011614401858304297,0
738,ddc,dcd,known,dcd,0.6086956521739131,3.932389218568647e-231,normal,0.6086956521739131,0
739,dcd,cdc,known,cdc,0.391304347826087,1.5387609985703404e-231,normal,0.391304347826087,0
740,cdc,dcc,known,dcc,0.375,5.7703537446387764e-232,normal,0.375,0
741,dcc,ccc,known,ccc,0.5333333333333333,3.0775219971406806e-232,normal,0.5333333333333333,0
742,ccc,ccd,known,ccd,0.16,4.9240351954250895e-233,anomaly,0.16,0
743,ccd,cdd,known,cdd,0.6,2.9544211172550536e-233,normal,0.6,0
744,cdd,ddd,known,ddd,0.8260869565217391,2.4406087490367835e-233,normal,0.8260869565217391,0
745,ddd,ddc,known,ddc,0.011614401858304297,2.8346210790206543e-235,anomaly,0.011614401858304297,0
746,ddc,dcc,known,dcc,0.391304347826087,1.109199552660256e-235,normal,0.391304347826087,0
747,dcc,ccc,known,ccc,0.5333333333333333,5.915730947521365e-236,normal,0.5333333333333333,0
748,ccc,ccd,known,ccd,0.16,9.465169516034184e-237,anomaly,0.16,0
749,ccd,cdd,known,cdd,0.6,5.67910170962051e-237,normal,0.6,0
750,cdd,ddd,known,ddd,0.8260869565217391,4.691431847077813e-237,normal,0.8260869565217391,0
751,ddd,ddc,known,ddc,0.011614401858304297,5.4488174762808515e-239,anomaly,0.011614401858304297,0
752,ddc,dcc,known,dcc,0.391304347826087,2.1321459689794636e-239,normal,0.391304347826087,0
753,dcc,ccd,known,ccd,0.4666666666666667,9.950014521904163e-240,normal,0.4666666666666667,0
754,ccd,cdd,known,cdd,0.6,5.970008713142497e-240,normal,0.6,0
755,cdd,ddd,known,ddd,0.8260869565217391,4.93174632824815e-240,normal,0.8260869565217391,0
756,ddd,ddd,known,ddd,0.9878048780487805,4.871603080342684e-240,normal,0.9878048780487805,0
757,ddd,ddc,known,ddc,0.011614401858304297,5.658075586925301e-242,anomaly,0.011614401858304297,0
758,ddc,dcc,known,dcc,0.391304347826087,2.2140295774925095e-242,normal,0.391304347826087,0
759,dcc,ccc,known,ccc,0.5333333333333333,1.1808157746626718e-242,normal,0.5333333333333333,0
760,ccc,ccc,known,ccc,0.62,7.321057802908565e-243,normal,0.62,0
761,ccc,ccc,known,ccc,0.62,4.5390558378033104e-243,normal,0.62,0
762,ccc,ccd,known,ccd,0.16,7.262489340485297e-244,anomaly,0.16,0
763,ccd,cdd,known,cdd,0.6,4.357493604291178e-244,normal,0.6,0
764,cdd,ddd,known,ddd,0.8260869565217391,3.5996686296318425e-244,normal,0.8260869565217391,0
765,ddd,ddd,known,ddd,0.9878048780487805,3.555770231709503e-244,normal,0.9878048780487805,0
766,ddd,ddd,known,ddd,0.9878048780487805,3.5124071801032895e-244,normal,0.9878048780487805,0
767,ddd,ddc,known,ddc,0.011614401858304297,4.0794508479713e-246,anomaly,0.011614401858304297,0
768,ddc,dcc,known,dcc,0.391304347826087,1.596306853553987e-246,normal,0.391304347826087,0
769,dcc,ccc,known,ccc,0.5333333333333333,8.513636552287931e-247,normal,0.5333333333333333,0
770,ccc,ccc,known,ccc,0.62,5.2784546624185177e-247,normal,0.62,0
771,ccc,ccc,known,ccc,0.62,3.272641890699481e-247,normal,0.62,0
772,ccc,ccd,known,ccd,0.16,5.23622702511917e-248,anomaly,0.16,0
773,ccd,cdd,known,cdd,0.6,3.141736215071502e-248,normal,0.6,0
774,cdd,ddd,known,ddd,0.8260869565217391,2.595347308102545e-248,normal,0.8260869565217391,0
775,ddd,ddc,known,ddc,0.011614401858304297,3.0143406598171255e-250,anomaly,0.011614401858304297,0
776,ddc,dcd,known,dcd,0.6086956521739131,1.8348160538017286e-250,normal,0.6086956521739131,0
777,dcd,cdc,known,cdc,0.391304347826087,7.179714993137199e-251,normal,0.391304347826087,0
778,cdc,dcc,known,dcc,0.375,2.6923931224264493e-251,normal,0.375,0
779,dcc,ccc,known,ccc,0.5333333333333333,1.4359429986274397e-251,normal,0.5333333333333333,0
780,ccc,ccd,known,ccd,0.16,2.2975087978039036e-252,anomaly,0.16,0
781,ccd,cdc,known,cdc,0.4,9.190035191215615e-253,normal,0.4,0
782,cdc,dcd,known,dcd,0.5625,5.1693947950587834e-253,normal,0.5625,0
783,dcd,cdc,known,cdc,0.391304347826087,2.0228066589360458e-253,normal,0.391304347826087,0
784,cdc,dcd,known,dcd,0.5625,1.1378287456515257e-253,normal,0.5625,0
785,dcd,cdd,known,cdd,0.6086956521739131,6.925914103965809e-254,normal,0.6086956521739131,0
786,cdd,ddc,known,ddc,0.13043478260869565,9.033801005172793e-255,anomaly,0.13043478260869565,0
787,ddc,dcc,known,dcc,0.391304347826087,3.5349656107197886e-255,normal,0.391304347826087,0
788,dcc,ccc,known,ccc,0.5333333333333333,1.8853149923838872e-255,normal,0.5333333333333333,0
789,ccc,ccc,known,ccc,0.62,1.1688952952780102e-255,normal,0.62,0
790,ccc,ccc,known,ccc,0.62,7.247150830723663e-256,normal,0.62,0
791,ccc,ccc,known,ccc,0.62,4.493233515048671e-256,normal,0.62,0
792,ccc,ccd,known,ccd,0.16,7.189173624077874e-257,anomaly,0.16,0
793,ccd,cdd,known,cdd,0.6,4.313504174446724e-257,normal,0.6,0
794,cdd,ddc,known,ddc,0.13043478260869565,5.626309792756597e-258,anomaly,0.13043478260869565,0
795,ddc,dcc,known,dcc,0.391304347826087,2.201599484122147e-258,normal,0.391304347826087,0
796,dcc,ccc,known,ccc,0.5333333333333333,1.1741863915318117e-258,normal,0.5333333333333333,0
797,ccc,ccc,known,ccc,0.62,7.279955627497233e-259,normal,0.62,0
798,ccc,ccc,known,ccc,0.62,4.5135724890482846e-259,normal,0.62,0
799,ccc,ccd,known,ccd,0.16,7.221715982477256e-260,anomaly,0.16,0
800,ccd,cdc,known,cdc,0.4,2.8886863929909025e-260,normal,0.4,0
801,cdc,dcc,known,dcc,0.375,1.0832573973715885e-260,normal,0.375,0
802,dcc,ccd,known,ccd,0.4666666666666667,5.05520118773408e-261,normal,0.4666666666666667,0
803,ccd,cdd,known,cdd,0.6,3.033120712640448e-261,normal,0.6,0
804,cdd,ddd,known,ddd,0.8260869565217391,2.505621458268196e-261,normal,0.8260869565217391,0
805,ddd,ddd,known,ddd,0.9878048780487805,2.475065099021023e-261,normal,0.9878048780487805,0
806,ddd,ddc,known,ddc,0.011614401858304297,2.8746400685493878e-263,anomaly,0.011614401858304297,0
807,ddc,dcd,known,dcd,0.6086956521739131,1.749780911290932e-263,normal,0.6086956521739131,0
808,dcd,cdc,known,cdc,0.391304347826087,6.846968783312342e-264,normal,0.391304347826087,0
809,cdc,dcd,known,dcd,0.5625,3.8514199406131924e-264,normal,0.5625,0
810,dcd,cdd,known,cdd,0.6086956521739131,2.3443425725471606e-264,normal,0.6086956521739131,0
811,cdd,ddd,known,ddd,0.8260869565217391,1.9366308207998284e-264,normal,0.8260869565217391,0
812,ddd,ddd,known,ddd,0.9878048780487805,1.913013371765684e-264,normal,0.9878048780487805,0
813,ddd,ddd,known,ddd,0.9878048780487805,1.8896839404026878e-264,normal,0.9878048780487805,0
814,ddd,ddd,known,ddd,0.9878048780487805,1.866639014300216e-264,normal,0.9878048780487805,0
815,ddd,ddc,known,ddc,0.011614401858304297,2.167989563647173e-266,anomaly,0.011614401858304297,0
816,ddc,dcc,known,dcc,0.391304347826087,8.483437422967198e-267,normal,0.391304347826087,0
817,dcc,ccc,known,ccc,0.5333333333333333,4.524499958915839e-267,normal,0.5333333333333333,0
818,ccc,ccc,known,ccc,0.62,2.80518997452782e-267,normal,0.62,0
819,ccc,ccc,known,ccc,0.62,1.7392177842072484e-267,normal,0.62,0
820,ccc,ccd,known,ccd,0.16,2.7827484547315974e-268,anomaly,0.16,0
821,ccd,cdd,known,cdd,0.6,1.6696490728389584e-268,normal,0.6,0
822,cdd,ddd,known,ddd,0.8260869565217391,1.3792753210408787e-268,normal,0.8260869565217391,0
823,ddd,ddd,known,ddd,0.9878048780487805,1.362454890296478e-268,normal,0.9878048780487805,0
824,ddd,ddd,known,ddd,0.9878048780487805,1.345839586756277e-268,normal,0.9878048780487805,0
825,ddd,ddd,known,ddd,0.9878048780487805,1.3294269088690052e-268,normal,0.9878048780487805,0
826,ddd,ddd,known,ddd,0.9878048780487805,1.313214385590115e-268,normal,0.9878048780487805,0
827,ddd,ddd,known,ddd,0.9878048780487805,1.2971995760097477e-268,normal,0.9878048780487805,0
828,ddd,ddc,known,ddc,0.011614401858304297,1.5066197166199161e-270,anomaly,0.011614401858304297,0
829,ddc,dcc,known,dcc,0.391304347826087,5.895468456338802e-271,normal,0.391304347826087,0
830,dcc,ccc,known,ccc,0.5333333333333333,3.1442498433806946e-271,normal,0.5333333333333333,0
831,ccc,ccc,known,ccc,0.62,1.9494349028960306e-271,normal,0.62,0
832,ccc,ccc,known,ccc,0.62,1.208649639795539e-271,normal,0.62,0
833,ccc,ccc,known,ccc,0.62,7.493627766732341e-272,normal,0.62,0
834,ccc,ccc,known,ccc,0.62,4.646049215374051e-272,normal,0.62,0
835,ccc,ccc,known,ccc,0.62,2.880550513531912e-272,normal,0.62,0
836,ccc,ccc,known,ccc,0.62,1.7859413183897855e-272,normal,0.62,0
837,ccc,ccc,known,ccc,0.62,1.107283617401667e-272,normal,0.62,0
838,ccc,ccc,known,ccc,0.62,6.865158427890335e-273,normal,0.62,0
839,ccc,ccc,known,ccc,0.62,4.256398225292008e-273,normal,0.62,0
840,ccc,ccc,known,ccc,0.62,2.638966899681045e-273,normal,0.62,0
841,ccc,ccd,known,ccd,0.16,4.222347039489672e-274,anomaly,0.16,0
842,ccd,cdc,known,cdc,0.4,1.6889388157958688e-274,normal,0.4,0
843,cdc,dcd,known,dcd,0.5625,9.500280838851762e-275,normal,0.5625,0
844,dcd,cdc,known,cdc,0.391304347826087,3.7175011978115593e-275,normal,0.391304347826087,0
845,cdc,dcd,known,dcd,0.5625,2.091094423769002e-275,normal,0.5625,0
846,dcd,cdc,known,cdc,0.391304347826087,8.182543397356964e-276,normal,0.391304347826087,0
847,cdc,dcc,known,dcc,0.375,3.0684537740088616e-276,normal,0.375,0
848,dcc,ccc,known,ccc,0.5333333333333333,1.636508679471393e-276,normal,0.5333333333333333,0
849,ccc,ccc,known,ccc,0.62,1.0146353812722637e-276,normal,0.62,0
850,ccc,ccb,known,ccb,0.22,2.23219783879898e-277,normal,0.22,0
851,ccb,cbb,known,cbb,0.696969696969697,1.5557742512841378e-277,normal,0.696969696969697,0
852,cbb,bbb,known,bbb,0.5964912280701754,9.28005693748433e-278,normal,0.5964912280701754,0
853,bbb,bbc,known,bbc,0.06329113924050633,5.873453757901475e-279,anomaly,0.06329113924050633,0
854,bbc,bcc,known,bcc,0.3448275862068966,2.0253288820349917e-279,normal,0.3448275862068966,0
855,bcc,ccc,known,ccc,0.3333333333333333,6.751096273449972e-280,normal,0.3333333333333333,0
856,ccc,ccc,known,ccc,0.62,4.1856796895389825e-280,normal,0.62,0
857,ccc,ccc,known,ccc,0.62,2.595121407514169e-280,normal,0.62,0
858,ccc,ccc,known,ccc,0.62,1.6089752726587847e-280,normal,0.62,0
859,ccc,ccb,known,ccb,0.22,3.539745599849326e-281,normal,0.22,0
860,ccb,cbc,known,cbc,0.24242424242424243,8.581201454180185e-282,normal,0.24242424242424243,0
861,cbc,bcb,known,bcb,0.4,3.432480581672074e-282,normal,0.4,0
862,bcb,cbb,known,cbb,0.5471698113207547,1.878149752235663e-282,normal,0.5471698113207547,0
863,cbb,bbb,known,bbb,0.5964912280701754,1.1202998522107463e-282,normal,0.5964912280701754,0
864,bbb,bbb,known,bbb,0.7377938517179023,8.265503430415633e-283,normal,0.7377938517179023,0
865,bbb,bbb,known,bbb,0.7377938517179023,6.098237612313884e-283,normal,0.7377938517179023,0
866,bbb,bbb,known,bbb,0.7377938517179023,4.499242216680045e-283,normal,0.7377938517179023,0
867,bbb,bbb,known,bbb,0.7377938517179023,3.3195132448561633e-283,normal,0.7377938517179023,0
868,bbb,bbb,known,bbb,0.7377938517179023,2.449116462751021e-283,normal,0.7377938517179023,0
869,bbb,bbc,known,bbc,0.06329113924050633,1.550073710601912e-284,anomaly,0.06329113924050633,0
870,bbc,bcc,known,bcc,0.3448275862068966,5.345081760696249e-285,normal,0.3448275862068966,0
871,bcc,ccb,known,ccb,0.6363636363636364,3.401415665897613e-285,normal,0.6363636363636364,0
872,ccb,cbb,known,cbb,0.696969696969697,2.3706836459286397e-285,normal,0.696969696969697,0
873,cbb,bbb,known,bbb,0.5964912280701754,1.4140919993258552e-285,normal,0.5964912280701754,0
874,bbb,bbb,known,bbb,0.7377938517179023,1.043308382866092e-285,normal,0.7377938517179023,0
875,bbb,bbb,known,bbb,0.7377938517179023,7.6974651032435e-286,normal,0.7377938517179023,0
876,bbb,bbc,known,bbc,0.06329113924050633,4.8718133564832284e-287,anomaly,0.06329113924050633,0
877,bbc,bcb,known,bcb,0.5344827586206896,2.6039002422582772e-287,normal,0.5344827586206896,0
878,bcb,cbb,known,cbb,0.5471698113207547,1.424775604254529e-287,normal,0.5471698113207547,0
879,cbb,bbb,known,bbb,0.5964912280701754,8.498661499062102e-288,normal,0.5964912280701754,0
880,bbb,bbb,known,bbb,0.7377938517179023,6.27026020183967e-288,normal,0.7377938517179023,0
881,bbb,bbb,known,bbb,0.7377938517179023,4.626159425588762e-288,normal,0.7377938517179023,0
882,bbb,bbb,known,bbb,0.7377938517179023,3.4131519812662115e-288,normal,0.7377938517179023,0
883,bbb,bbb,known,bbb,0.7377938517179023,2.518202546756988e-288,normal,0.7377938517179023,0
884,bbb,bbb,known,bbb,0.7377938517179023,1.8579143563776692e-288,normal,0.7377938517179023,0
885,bbb,bbc,known,bbc,0.06329113924050633,1.1758951622643476e-289,anomaly,0.06329113924050633,0
886,bbc,bcc,known,bcc,0.3448275862068966,4.0548109043598195e-290,normal,0.3448275862068966,0
887,bcc,ccb,known,ccb,0.6363636363636364,2.58033421186534e-290,normal,0.6363636363636364,0
888,ccb,cbb,known,cbb,0.696969696969697,1.798414753724328e-290,normal,0.696969696969697,0
889,cbb,bbb,known,bbb,0.5964912280701754,1.0727386250285464e-290,normal,0.5964912280701754,0
890,bbb,bbc,known,bbc,0.06329113924050633,6.789484968535105e-292,anomaly,0.06329113924050633,0
891,bbc,bcc,known,bcc,0.3448275862068966,2.3412017132879675e-292,normal,0.3448275862068966,0
892,bcc,ccb,known,ccb,0.6363636363636364,1.4898556357287066e-292,normal,0.6363636363636364,0
893,ccb,cbc,known,cbc,0.24242424242424243,3.611771238130198e-293,normal,0.24242424242424243,0
894,cbc,bcc,known,bcc,0.48,1.733650194302495e-293,normal,0.48,0
895,bcc,ccc,known,ccc,0.3333333333333333,5.7788339810083165e-294,normal,0.3333333333333333,0
896,ccc,ccb,known,ccb,0.22,1.2713434758218296e-294,normal,0.22,0
897,ccb,cbb,known,cbb,0.696969696969697,8.86087877087942e-295,normal,0.696969696969697,0
898,cbb,bbc,known,bbc,0.24561403508771928,2.1763561893388047e-295,normal,0.24561403508771928,0
899,bbc,bcc,known,bcc,0.3448275862068966,7.504676514961395e-296,normal,0.3448275862068966,0
900,bcc,ccc,known,ccc,0.3333333333333333,2.501558838320465e-296,normal,0.3333333333333333,0
901,ccc,ccc,known,ccc,0.62,1.550966479758688e-296,normal,0.62,0
902,ccc,ccb,known,ccb,0.22,3.412126255469114e-297,normal,0.22,0
903,ccb,cbb,known,cbb,0.696969696969697,2.3781486022966555e-297,normal,0.696969696969697,0
904,cbb,bbc,known,bbc,0.24561403508771928,5.841066742483013e-298,normal,0.24561403508771928,0
905,bbc,bcb,known,bcb,0.5344827586206896,3.121949465809886e-298,normal,0.5344827586206896,0
906,bcb,cbc,known,cbc,0.2830188679245283,8.835706035310997e-299,normal,0.2830188679245283,0
907,cbc,bcc,known,bcc,0.48,4.2411388969492784e-299,normal,0.48,0
908,bcc,ccc,known,ccc,0.3333333333333333,1.4137129656497595e-299,normal,0.3333333333333333,0
909,ccc,ccc,known,ccc,0.62,8.765020387028508e-300,normal,0.62,0
910,ccc,ccc,known,ccc,0.62,5.434312639957675e-300,normal,0.62,0
911,ccc,ccb,known,ccb,0.22,1.1955487807906885e-300,normal,0.22,0
912,ccb,cbb,known,cbb,0.696969696969697,8.332612714601769e-301,normal,0.696969696969697,0
913,cbb,bbb,known,bbb,0.5964912280701754,4.970330391165967e-301,normal,0.5964912280701754,0
914,bbb,bbb,known,bbb,0.7377938517179023,3.667079203608887e-301,normal,0.7377938517179023,0
915,bbb,bbc,known,bbc,0.06329113924050633,2.3209362048157513e-302,anomaly,0.06329113924050633,0
916,bbc,bcc,known,bcc,0.3448275862068966,8.003228292468108e-303,normal,0.3448275862068966,0
917,bcc,ccb,known,ccb,0.6363636363636364,5.092963458843342e-303,normal,0.6363636363636364,0
918,ccb,cbc,known,cbc,0.24242424242424243,1.2346578082044465e-303,normal,0.24242424242424243,0
919,cbc,bcc,known,bcc,0.48,5.926357479381343e-304,normal,0.48,0
920,bcc,ccc,known,ccc,0.3333333333333333,1.9754524931271144e-304,normal,0.3333333333333333,0
921,ccc,ccc,known,ccc,0.62,1.2247805457388109e-304,normal,0.62,0
922,ccc,ccc,known,ccc,0.62,7.593639383580627e-305,normal,0.62,0
923,ccc,ccc,known,ccc,0.62,4.708056417819989e-305,normal,0.62,0
924,ccc,ccc,known,ccc,0.62,2.918994979048393e-305,normal,0.62,0
925,ccc,ccc,known,ccc,0.62,1.8097768870100038e-305,normal,0.62,0
926,ccc,ccc,known,ccc,0.62,1.1220616699462024e-305,normal,0.62,0
927,ccc,ccc,known,ccc,0.62,6.956782353666455e-306,normal,0.62,0
928,ccc,ccb,known,ccb,0.22,1.53049211780662e-306,normal,0.22,0
929,ccb,cbc,known,cbc,0.24242424242424243,3.7102839219554424e-307,normal,0.24242424242424243,0
930,cbc,bcc,known,bcc,0.48,1.7809362825386123e-307,normal,0.48,0
931,bcc,ccc,known,ccc,0.3333333333333333,5.936454275128707e-308,normal,0.3333333333333333,0
932,ccc,ccc,known,ccc,0.62,3.6806016505797983e-308,normal,0.62,0
933,ccc,ccc,known,ccc,0.62,2.281973023359475e-308,normal,0.62,0
934,ccc,ccc,known,ccc,0.62,1.4148232744828744e-308,normal,0.62,0
935,ccc,ccc,known,ccc,0.62,8.771904301793823e-309,normal,0.62,0
936,ccc,ccc,known,ccc,0.62,5.43858066711217e-309,normal,0.62,0
937,ccc,ccb,known,ccb,0.22,1.19648774676468e-309,normal,0.22,0
938,ccb,cbb,known,cbb,0.696969696969697,8.33915702290537e-310,normal,0.696969696969697,0
939,cbb,bbb,known,bbb,0.5964912280701754,4.97423401366286e-310,normal,0.5964912280701754,0
940,bbb,bbb,known,bbb,0.7377938517179023,3.6699592722865e-310,normal,0.7377938517179023,0
941,bbb,bbb,known,bbb,0.7377938517179023,2.7076733871481e-310,normal,0.7377938517179023,0
942,bbb,bbc,known,bbc,0.06329113924050633,1.713717333638e-311,anomaly,0.06329113924050633,0
943,bbc,bcc,known,bcc,0.3448275862068966,5.909370115994e-312,normal,0.3448275862068966,0
944,bcc,ccc,known,ccc,0.3333333333333333,1.969790038665e-312,normal,0.3333333333333333,0
945,ccc,ccc,known,ccc,0.62,1.22126982397e-312,normal,0.62,0
946,ccc,ccb,known,ccb,0.22,2.68679361274e-313,normal,0.22,0
947,ccb,cbc,known,cbc,0.24242424242424243,6.5134390614e-314,normal,0.24242424242424243,0
948,cbc,bcc,known,bcc,0.48,3.126450749e-314,normal,0.48,0
949,bcc,ccc,known,ccc,0.3333333333333333,1.0421502496e-314,normal,0.3333333333333333,0
950,ccc,ccc,known,ccc,0.62,6.46133155e-315,normal,0.62,0
951,ccc,ccb,known,ccb,0.22,1.42149294e-315,normal,0.22,0
952,ccb,cbc,known,cbc,0.24242424242424243,3.4460435e-316,normal,0.24242424242424243,0
953,cbc,bcb,known,bcb,0.4,1.3784174e-316,normal,0.4,0
954,bcb,cbb,known,cbb,0.5471698113207547,7.542284e-317,normal,0.5471698113207547,0
955,cbb,bbb,known,bbb,0.5964912280701754,4.4989064e-317,normal,0.5964912280701754,0
956,bbb,bbc,known,bbc,0.06329113924050633,2.84741e-318,anomaly,0.06329113924050633,0
957,bbc,bcc,known,bcc,0.3448275862068966,9.81867e-319,normal,0.3448275862068966,0
958,bcc,ccb,known,ccb,0.6363636363636364,6.24825e-319,normal,0.6363636363636364,0
959,ccb,cbb,known,cbb,0.696969696969697,4.35484e-319,normal,0.696969696969697,0
960,cbb,bbb,known,bbb,0.5964912280701754,2.59765e-319,normal,0.5964912280701754,0
961,bbb,bbc,known,bbc,0.06329113924050633,1.6443e-320,anomaly,0.06329113924050633,0
962,bbc,bcc,known,bcc,0.3448275862068966,5.67e-321,normal,0.3448275862068966,0
963,bcc,ccb,known,ccb,0.6363636363636364,3.61e-321,normal,0.6363636363636364,0
964,ccb,cbb,known,cbb,0.696969696969697,2.515e-321,normal,0.696969696969697,0
965,cbb,bbb,known,bbb,0.5964912280701754,1.5e-321,normal,0.5964912280701754,0
966,bbb,bbb,known,bbb,0.7377938517179023,1.107e-321,normal,0.7377938517179023,0
967,bbb,bbc,known,bbc,0.06329113924050633,7e-323,anomaly,0.06329113924050633,0
968,bbc,bcc,known,bcc,0.3448275862068966,2.5e-323,normal,0.3448275862068966,0
969,bcc,ccc,known,ccc,0.3333333333333333,1e-323,normal,0.3333333333333333,0
970,ccc,ccc,known,ccc,0.62,5e-324,normal,0.62,0
971,ccc,ccb,known,ccb,0.22,0.0,normal,0.22,0
972,ccb,cbb,known,cbb,0.696969696969697,0.0,normal,0.696969696969697,0
973,cbb,bbb,known,bbb,0.5964912280701754,0.0,normal,0.5964912280701754,0
974,bbb,bbb,known,bbb,0.7377938517179023,0.0,normal,0.7377938517179023,0
975,bbb,bbc,known,bbc,0.06329113924050633,0.0,anomaly,0.06329113924050633,0
976,bbc,bcc,known,bcc,0.3448275862068966,0.0,normal,0.3448275862068966,0
977,bcc,ccb,known,ccb,0.6363636363636364,0.0,normal,0.6363636363636364,0
978,ccb,cbb,known,cbb,0.696969696969697,0.0,normal,0.696969696969697,0
979,cbb,bbb,known,bbb,0.5964912280701754,0.0,normal,0.5964912280701754,0
980,bbb,bbb,known,bbb,0.7377938517179023,0.0,normal,0.7377938517179023,0
981,bbb,bbb,known,bbb,0.7377938517179023,0.0,normal,0.7377938517179023,0
982,bbb,bbb,known,bbb,0.7377938517179023,0.0,normal,0.7377938517179023,0
983,bbb,bbb,known,bbb,0.7377938517179023,0.0,normal,0.7377938517179023,0
984,bbb,bbc,known,bbc,0.06329113924050633,0.0,anomaly,0.06329113924050633,0
985,bbc,bcb,known,bcb,0.5344827586206896,0.0,normal,0.5344827586206896,0
986,bcb,cbc,known,cbc,0.2830188679245283,0.0,normal,0.2830188679245283,0
987,cbc,bcc,known,bcc,0.48,0.0,normal,0.48,0
988,bcc,ccc,known,ccc,0.3333333333333333,0.0,normal,0.3333333333333333,0
989,ccc,ccc,known,ccc,0.62,0.0,normal,0.62,0
990,ccc,ccb,known,ccb,0.22,0.0,normal,0.22,0
991,ccb,cbb,known,cbb,0.696969696969697,0.0,normal,0.696969696969697,0
992,cbb,bbb,known,bbb,0.5964912280701754,0.0,normal,0.5964912280701754,0
993,bbb,bbc,known,bbc,0.06329113924050633,0.0,anomaly,0.06329113924050633,0
994,bbc,bcb,known,bcb,0.5344827586206896,0.0,normal,0.5344827586206896,0
995,bcb,cbb,known,cbb,0.5471698113207547,0.0,normal,0.5471698113207547,0
996,cbb,bbb,known,bbb,0.5964912280701754,0.0,normal,0.5964912280701754,0
997,bbb,bbb,known,bbb,0.7377938517179023,0.0,normal,0.7377938517179023,0
998,bbb,bbc,known,bbc,0.06329113924050633,0.0,anomaly,0.06329113924050633,0
999,bbc,bcb,known,bcb,0.5344827586206896,0.0,normal,0.5344827586206896,0
1000,bcb,cbb,known,cbb,0.5471698113207547,0.0,normal,0.5471698113207547,0
1001,cbb,bbb,known,bbb,0.5964912280701754,0.0,normal,0.5964912280701754,0
1002,bbb,bbc,known,bbc,0.06329113924050633,0.0,anomaly,0.06329113924050633,0
1003,bbc,bcb,known,bcb,0.5344827586206896,0.0,normal,0.5344827586206896,0
1004,bcb,cbb,known,cbb,0.5471698113207547,0.0,normal,0.5471698113207547,0
1005,cbb,bbb,known,bbb,0.5964912280701754,0.0,normal,0.5964912280701754,0
1006,bbb,bbb,known,bbb,0.7377938517179023,0.0,normal,0.7377938517179023,0
1007,bbb,bbb,known,bbb,0.7377938517179023,0.0,normal,0.7377938517179023,0
1008,bbb,bbb,known,bbb,0.7377938517179023,0.0,normal,0.7377938517179023,0
1009,bbb,bbb,known,bbb,0.7377938517179023,0.0,normal,0.7377938517179023,0
1010,bbb,bbb,known,bbb,0.7377938517179023,0.0,normal,0.7377938517179023,0
1011,bbb,bbb,known,bbb,0.7377938517179023,0.0,normal,0.7377938517179023,0
1012,bbb,bbb,known,bbb,0.7377938517179023,0.0,normal,0.7377938517179023,0
1013,bbb,bbb,known,bbb,0.7377938517179023,0.0,normal,0.7377938517179023,0
1014,bbb,bbb,known,bbb,0.7377938517179023,0.0,normal,0.7377938517179023,0
1015,bbb,bbb,known,bbb,0.7377938517179023,0.0,normal,0.7377938517179023,0
1016,bbb,bbb,known,bbb,0.7377938517179023,0.0,normal,0.7377938517179023,0
1017,bbb,bbb,known,bbb,0.7377938517179023,0.0,normal,0.7377938517179023,0
1018,bbb,bbc,known,bbc,0.06329113924050633,0.0,anomaly,0.06329113924050633,0
1019,bbc,bcc,known,bcc,0.3448275862068966,0.0,normal,0.3448275862068966,0
1020,bcc,ccc,known,ccc,0.3333333333333333,0.0,normal,0.3333333333333333,0
1021,ccc,ccc,known,ccc,0.62,0.0,normal,0.62,0
1022,ccc,ccc,known,ccc,0.62,0.0,normal,0.62,0
1023,ccc,ccb,known,ccb,0.22,0.0,normal,0.22,0
1024,ccb,cbc,known,cbc,0.24242424242424243,0.0,normal,0.24242424242424243,0
1025,cbc,bcc,known,bcc,0.48,0.0,normal,0.48,0
1026,bcc,ccc,known,ccc,0.3333333333333333,0.0,normal,0.3333333333333333,0
1027,ccc,ccc,known,ccc,0.62,0.0,normal,0.62,0
1028,ccc,ccc,known,ccc,0.62,0.0,normal,0.62,0
1029,ccc,ccc,known,ccc,0.62,0.0,normal,0.62,0
1030,ccc,ccc,known,ccc,0.62,0.0,normal,0.62,0
1031,ccc,ccb,known,ccb,0.22,0.0,normal,0.22,0
1032,ccb,cbb,known,cbb,0.696969696969697,0.0,normal,0.696969696969697,0
1033,cbb,bbb,known,bbb,0.5964912280701754,0.0,normal,0.5964912280701754,0
1034,bbb,bbb,known,bbb,0.7377938517179023,0.0,normal,0.7377938517179023,0
1035,bbb,bbb,known,bbb,0.7377938517179023,0.0,normal,0.7377938517179023,0
1036,bbb,bbc,known,bbc,0.06329113924050633,0.0,anomaly,0.06329113924050633,0
1037,bbc,bcc,known,bcc,0.3448275862068966,0.0,normal,0.3448275862068966,0
1038,bcc,ccc,known,ccc,0.3333333333333333,0.0,normal,0.3333333333333333,0
1039,ccc,ccc,known,ccc,0.62,0.0,normal,0.62,0
1040,ccc,ccc,known,ccc,0.62,0.0,normal,0.62,0
1041,ccc,ccc,known,ccc,0.62,0.0,normal,0.62,0
1042,ccc,ccc,known,ccc,0.62,0.0,normal,0.62,0
1043,ccc,ccc,known,ccc,0.62,0.0,normal,0.62,0
1044,ccc,ccb,known,ccb,0.22,0.0,normal,0.22,0
1045,ccb,cbb,known,cbb,0.696969696969697,0.0,normal,0.696969696969697,0
1046,cbb,bbb,known,bbb,0.5964912280701754,0.0,normal,0.5964912280701754,0
1047,bbb,bbb,known,bbb,0.7377938517179023,0.0,normal,0.7377938517179023,0
1048,bbb,bbb,known,bbb,0.7377938517179023,0.0,normal,0.7377938517179023,0
1049,bbb,bbb,known,bbb,0.7377938517179023,0.0,normal,0.7377938517179023,0
1050,bbb,bbb,known,bbb,0.7377938517179023,0.0,normal,0.7377938517179023,0
1051,bbb,bbb,known,bbb,0.7377938517179023,0.0,normal,0.7377938517179023,0
1052,bbb,bbb,known,bbb,0.7377938517179023,0.0,normal,0.7377938517179023,0
1053,bbb,bbb,known,bbb,0.7377938517179023,0.0,normal,0.7377938517179023,0
1054,bbb,bbb,known,bbb,0.7377938517179023,0.0,normal,0.7377938517179023,0
1055,bbb,bbb,known,bbb,0.7377938517179023,0.0,normal,0.7377938517179023,0
1056,bbb,bbc,known,bbc,0.06329113924050633,0.0,anomaly,0.06329113924050633,0
1057,bbc,bcb,known,bcb,0.5344827586206896,0.0,normal,0.5344827586206896,0
1058,bcb,cbb,known,cbb,0.5471698113207547,0.0,normal,0.5471698113207547,0
1059,cbb,bbc,known,bbc,0.24561403508771928,0.0,normal,0.24561403508771928,0
1060,bbc,bcc,known,bcc,0.3448275862068966,0.0,normal,0.3448275862068966,0
1061,bcc,ccc,known,ccc,0.3333333333333333,0.0,normal,0.3333333333333333,0
1062,ccc,ccc,known,ccc,0.62,0.0,normal,0.62,0
1063,ccc,ccb,known,ccb,0.22,0.0,normal,0.22,0
1064,ccb,cbb,known,cbb,0.696969696969697,0.0,normal,0.696969696969697,0
1065,cbb,bbb,known,bbb,0.5964912280701754,0.0,normal,0.5964912280701754,0
1066,bbb,bbb,known,bbb,0.7377938517179023,0.0,normal,0.7377938517179023,0
1067,bbb,bbb,known,bbb,0.7377938517179023,0.0,normal,0.7377938517179023,0
1068,bbb,bbb,known,bbb,0.7377938517179023,0.0,normal,0.7377938517179023,0
1069,bbb,bbc,known,bbc,0.06329113924050633,0.0,anomaly,0.06329113924050633,0
1070,bbc,bcb,known,bcb,0.5344827586206896,0.0,normal,0.5344827586206896,0
1071,bcb,cbb,known,cbb,0.5471698113207547,0.0,normal,0.5471698113207547,0
1072,cbb,bbb,known,bbb,0.5964912280701754,0.0,normal,0.5964912280701754,0
1073,bbb,bbb,known,bbb,0.7377938517179023,0.0,normal,0.7377938517179023,0
1074,bbb,bbb,known,bbb,0.7377938517179023,0.0,normal,0.7377938517179023,0
1075,bbb,bbb,known,bbb,0.7377938517179023,0.0,normal,0.7377938517179023,0
1076,bbb,bbb,known,bbb,0.7377938517179023,0.0,normal,0.7377938517179023,0
1077,bbb,bbc,known,bbc,0.06329113924050633,0.0,anomaly,0.06329113924050633,0
1078,bbc,bcc,known,bcc,0.3448275862068966,0.0,normal,0.3448275862068966,0
1079,bcc,ccc,known,ccc,0.3333333333333333,0.0,normal,0.3333333333333333,0
1080,ccc,ccc,known,ccc,0.62,0.0,normal,0.62,0
1081,ccc,ccc,known,ccc,0.62,0.0,normal,0.62,0
1082,ccc,ccb,known,ccb,0.22,0.0,normal,0.22,0
1083,ccb,cbb,known,cbb,0.696969696969697,0.0,normal,0.696969696969697,0
1084,cbb,bbb,known,bbb,0.5964912280701754,0.0,normal,0.5964912280701754,0
1085,bbb,bbb,known,bbb,0.7377938517179023,0.0,normal,0.7377938517179023,0
1086,bbb,bbb,known,bbb,0.7377938517179023,0.0,normal,0.7377938517179023,0
1087,bbb,bbb,known,bbb,0.7377938517179023,0.0,normal,0.7377938517179023,0
1088,bbb,bbc,known,bbc,0.06329113924050633,0.0,anomaly,0.06329113924050633,0
1089,bbc,bcc,known,bcc,0.3448275862068966,0.0,normal,0.3448275862068966,0
1090,bcc,ccc,known,ccc,0.3333333333333333,0.0,normal,0.3333333333333333,0
1091,ccc,ccb,known,ccb,0.22,0.0,normal,0.22,0
1092,ccb,cbb,known,cbb,0.696969696969697,0.0,normal,0.696969696969697,0
1093,cbb,bbb,known,bbb,0.5964912280701754,0.0,normal,0.5964912280701754,0
1094,bbb,bbc,known,bbc,0.06329113924050633,0.0,anomaly,0.06329113924050633,0
1095,bbc,bca,known,bca,0.10344827586206896,0.0,anomaly,0.10344827586206896,0
1096,bca,cab,known,cab,0.8888888888888888,0.0,normal,0.8888888888888888,0
1097,cab,abb,known,abb,0.5714285714285714,0.0,normal,0.5714285714285714,0
1098,abb,bbc,known,bbc,0.049723756906077346,0.0,anomaly,0.049723756906077346,0
1099,bbc,bcc,known,bcc,0.3448275862068966,0.0,normal,0.3448275862068966,0
1100,bcc,ccc,known,ccc,0.3333333333333333,0.0,normal,0.3333333333333333,0
1101,ccc,ccb,known,ccb,0.22,0.0,normal,0.22,0
1102,ccb,cbb,known,cbb,0.696969696969697,0.0,normal,0.696969696969697,0
1103,cbb,bbb,known,bbb,0.5964912280701754,0.0,normal,0.5964912280701754,0
1104,bbb,bbc,known,bbc,0.06329113924050633,0.0,anomaly,0.06329113924050633,0
1105,bbc,bcc,known,bcc,0.3448275862068966,0.0,normal,0.3448275862068966,0
1106,bcc,ccc,known,ccc,0.3333333333333333,0.0,normal,0.3333333333333333,0
1107,ccc,ccc,known,ccc,0.62,0.0,normal,0.62,0
1108,ccc,ccc,known,ccc,0.62,0.0,normal,0.62,0
1109,ccc,ccb,known,ccb,0.22,0.0,normal,0.22,0
1110,ccb,cbb,known,cbb,0.696969696969697,0.0,normal,0.696969696969697,0
1111,cbb,bbb,known,bbb,0.5964912280701754,0.0,normal,0.5964912280701754,0
1112,bbb,bbb,known,bbb,0.7377938517179023,0.0,normal,0.7377938517179023,0
1113,bbb,bbb,known,bbb,0.7377938517179023,0.0,normal,0.7377938517179023,0
1114,bbb,bbc,known,bbc,0.06329113924050633,0.0,anomaly,0.06329113924050633,0
1115,bbc,bcc,known,bcc,0.3448275862068966,0.0,normal,0.3448275862068966,0
1116,bcc,ccc,known,ccc,0.3333333333333333,0.0,normal,0.3333333333333333,0
1117,ccc,ccc,known,ccc,0.62,0.0,normal,0.62,0
1118,ccc,ccc,known,ccc,0.62,0.0,normal,0.62,0
1119,ccc,ccc,known,ccc,0.62,0.0,normal,0.62,0
1120,ccc,ccc,known,ccc,0.62,0.0,normal,0.62,0
1121,ccc,ccc,known,ccc,0.62,0.0,normal,0.62,0
1122,ccc,ccc,known,ccc,0.62,0.0,normal,0.62,0
1123,ccc,ccc,known,ccc,0.62,0.0,normal,0.62,0
1124,ccc,ccc,known,ccc,0.62,0.0,normal,0.62,0
1125,ccc,ccc,known,ccc,0.62,0.0,normal,0.62,0
1126,ccc,ccb,known,ccb,0.22,0.0,normal,0.22,0
1127,ccb,cbc,known,cbc,0.24242424242424243,0.0,normal,0.24242424242424243,0
1128,cbc,bcb,known,bcb,0.4,0.0,normal,0.4,0
1129,bcb,cbb,known,cbb,0.5471698113207547,0.0,normal,0.5471698113207547,0
1130,cbb,bbc,known,bbc,0.24561403508771928,0.0,normal,0.24561403508771928,0
1131,bbc,bcb,known,bcb,0.5344827586206896,0.0,normal,0.5344827586206896,0
1132,bcb,cbb,known,cbb,0.5471698113207547,0.0,normal,0.5471698113207547,0
1133,cbb,bbb,known,bbb,0.5964912280701754,0.0,normal,0.5964912280701754,0
1134,bbb,bbb,known,bbb,0.7377938517179023,0.0,normal,0.7377938517179023,0
1135,bbb,bbb,known,bbb,0.7377938517179023,0.0,normal,0.7377938517179023,0
1136,bbb,bbb,known,bbb,0.7377938517179023,0.0,normal,0.7377938517179023,0
1137,bbb,bbc,known,bbc,0.06329113924050633,0.0,anomaly,0.06329113924050633,0
1138,bbc,bcc,known,bcc,0.3448275862068966,0.0,normal,0.3448275862068966,0
1139,bcc,ccb,known,ccb,0.6363636363636364,0.0,normal,0.6363636363636364,0
1140,ccb,cbb,known,cbb,0.696969696969697,0.0,normal,0.696969696969697,0
1141,cbb,bbb,known,bbb,0.5964912280701754,0.0,normal,0.5964912280701754,0
1142,bbb,bbb,known,bbb,0.7377938517179023,0.0,normal,0.7377938517179023,0
1143,bbb,bbc,known,bbc,0.06329113924050633,0.0,anomaly,0.06329113924050633,0
1144,bbc,bcc,known,bcc,0.3448275862068966,0.0,normal,0.3448275862068966,0
1145,bcc,ccc,known,ccc,0.3333333333333333,0.0,normal,0.3333333333333333,0
1146,ccc,ccc,known,ccc,0.62,0.0,normal,0.62,0
1147,ccc,ccc,known,ccc,0.62,0.0,normal,0.62,0
1148,ccc,ccc,known,ccc,0.62,0.0,normal,0.62,0
1149,ccc,ccb,known,ccb,0.22,0.0,normal,0.22,0
1150,ccb,cbb,known,cbb,0.696969696969697,0.0,normal,0.696969696969697,0
1151,cbb,bbb,known,bbb,0.5964912280701754,0.0,normal,0.5964912280701754,0
1152,bbb,bbb,known,bbb,0.7377938517179023,0.0,normal,0.7377938517179023,0
1153,bbb,bbb,known,bbb,0.7377938517179023,0.0,normal,0.7377938517179023,0
1154,bbb,bbb,known,bbb,0.7377938517179023,0.0,normal,0.7377938517179023,0
1155,bbb,bbb,known,bbb,0.7377938517179023,0.0,normal,0.7377938517179023,0
1156,bbb,bbb,known,bbb,0.7377938517179023,0.0,normal,0.7377938517179023,0
1157,bbb,bbb,known,bbb,0.7377938517179023,0.0,normal,0.7377938517179023,0
1158,bbb,bbb,known,bbb,0.7377938517179023,0.0,normal,0.7377938517179023,0
1159,bbb,bbb,known,bbb,0.7377938517179023,0.0,normal,0.7377938517179023,0
1160,bbb,bbb,known,bbb,0.7377938517179023,0.0,normal,0.7377938517179023,0
1161,bbb,bbb,known,bbb,0.7377938517179023,0.0,normal,0.7377938517179023,0
1162,bbb,bbb,known,bbb,0.7377938517179023,0.0,normal,0.7377938517179023,0
1163,bbb,bbb,known,bbb,0.7377938517179023,0.0,normal,0.7377938517179023,0
1164,bbb,bbb,known,bbb,0.7377938517179023,0.0,normal,0.7377938517179023,0
1165,bbb,bbc,known,bbc,0.06329113924050633,0.0,anomaly,0.06329113924050633,0
1166,bbc,bcb,known,bcb,0.5344827586206896,0.0,normal,0.5344827586206896,0
1167,bcb,cbc,known,cbc,0.2830188679245283,0.0,normal,0.2830188679245283,0
1168,cbc,bcb,known,bcb,0.4,0.0,normal,0.4,0
1169,bcb,cbb,known,cbb,0.5471698113207547,0.0,normal,0.5471698113207547,0
1170,cbb,bbc,known,bbc,0.24561403508771928,0.0,normal,0.24561403508771928,0
1171,bbc,bcb,known,bcb,0.5344827586206896,0.0,normal,0.5344827586206896,0
1172,bcb,cbb,known,cbb,0.5471698113207547,0.0,normal,0.5471698113207547,0
1173,cbb,bbc,known,bbc,0.24561403508771928,0.0,normal,0.24561403508771928,0
1174,bbc,bcb,known,bcb,0.5344827586206896,0.0,normal,0.5344827586206896,0
1175,bcb,cbb,known,cbb,0.5471698113207547,0.0,normal,0.5471698113207547,0
1176,cbb,bbb,known,bbb,0.5964912280701754,0.0,normal,0.5964912280701754,0
1177,bbb,bbb,known,bbb,0.7377938517179023,0.0,normal,0.7377938517179023,0
1178,bbb,bbb,known,bbb,0.7377938517179023,0.0,normal,0.7377938517179023,0
1179,bbb,bbb,known,bbb,0.7377938517179023,0.0,normal,0.7377938517179023,0
1180,bbb,bbc,known,bbc,0.06329113924050633,0.0,anomaly,0.06329113924050633,0
1181,bbc,bcc,known,bcc,0.3448275862068966,0.0,normal,0.3448275862068966,0
1182,bcc,ccc,known,ccc,0.3333333333333333,0.0,normal,0.3333333333333333,0
1183,ccc,ccc,known,ccc,0.62,0.0,normal,0.62,0
1184,ccc,ccb,known,ccb,0.22,0.0,normal,0.22,0
1185,ccb,cbb,known,cbb,0.696969696969697,0.0,normal,0.696969696969697,0
1186,cbb,bbb,known,bbb,0.5964912280701754,0.0,normal,0.5964912280701754,0
1187,bbb,bbb,known,bbb,0.7377938517179023,0.0,normal,0.7377938517179023,0
1188,bbb,bbb,known,bbb,0.7377938517179023,0.0,normal,0.7377938517179023,0
1189,bbb,bbb,known,bbb,0.7377938517179023,0.0,normal,0.7377938517179023,0
1190,bbb,bbc,known,bbc,0.06329113924050633,0.0,anomaly,0.06329113924050633,0
1191,bbc,bcb,known,bcb,0.5344827586206896,0.0,normal,0.5344827586206896,0
1192,bcb,cbb,known,cbb,0.5471698113207547,0.0,normal,0.5471698113207547,0
1193,cbb,bbb,known,bbb,0.5964912280701754,0.0,normal,0.5964912280701754,0
1194,bbb,bbb,known,bbb,0.7377938517179023,0.0,normal,0.7377938517179023,0
1195,bbb,bbc,known,bbc,0.06329113924050633,0.0,anomaly,0.06329113924050633,0
1196,bbc,bcc,known,bcc,0.3448275862068966,0.0,normal,0.3448275862068966,0
1197,bcc,ccc,known,ccc,0.3333333333333333,0.0,normal,0.3333333333333333,0
1198,ccc,ccc,known,ccc,0.62,0.0,normal,0.62,0
1199,ccc,ccb,known,ccb,0.22,0.0,normal,0.22,0
1200,ccb,cbb,known,cbb,0.696969696969697,0.0,normal,0.696969696969697,0
1201,cbb,bbb,known,bbb,0.5964912280701754,0.0,normal,0.5964912280701754,0
1202,bbb,bbb,known,bbb,0.7377938517179023,0.0,normal,0.7377938517179023,0
1203,bbb,bbc,known,bbc,0.06329113924050633,0.0,anomaly,0.06329113924050633,0
1204,bbc,bcc,known,bcc,0.3448275862068966,0.0,normal,0.3448275862068966,0
1205,bcc,ccc,known,ccc,0.3333333333333333,0.0,normal,0.3333333333333333,0
1206,ccc,ccc,known,ccc,0.62,0.0,normal,0.62,0
1207,ccc,ccb,known,ccb,0.22,0.0,normal,0.22,0
1208,ccb,cbb,known,cbb,0.696969696969697,0.0,normal,0.696969696969697,0
1209,cbb,bbb,known,bbb,0.5964912280701754,0.0,normal,0.5964912280701754,0
1210,bbb,bbb,known,bbb,0.7377938517179023,0.0,normal,0.7377938517179023,0
1211,bbb,bbb,known,bbb,0.7377938517179023,0.0,normal,0.7377938517179023,0
1212,bbb,bbb,known,bbb,0.7377938517179023,0.0,normal,0.7377938517179023,0
1213,bbb,bbc,known,bbc,0.06329113924050633,0.0,anomaly,0.06329113924050633,0
1214,bbc,bcc,known,bcc,0.3448275862068966,0.0,normal,0.3448275862068966,0
1215,bcc,ccc,known,ccc,0.3333333333333333,0.0,normal,0.3333333333333333,0
1216,ccc,ccc,known,ccc,0.62,0.0,normal,0.62,0
1217,ccc,ccc,known,ccc,0.62,0.0,normal,0.62,0
1218,ccc,ccb,known,ccb,0.22,0.0,normal,0.22,0
1219,ccb,cbc,known,cbc,0.24242424242424243,0.0,normal,0.24242424242424243,0
1220,cbc,bcb,known,bcb,0.4,0.0,normal,0.4,0
1221,bcb,cbc,known,cbc,0.2830188679245283,0.0,normal,0.2830188679245283,0
1222,cbc,bcc,known,bcc,0.48,0.0,normal,0.48,0
1223,bcc,ccc,known,ccc,0.3333333333333333,0.0,normal,0.3333333333333333,0
1224,ccc,ccc,known,ccc,0.62,0.0,normal,0.62,0
1225,ccc,ccc,known,ccc,0.62,0.0,normal,0.62,0
1226,ccc,ccb,known,ccb,0.22,0.0,normal,0.22,0
1227,ccb,cbc,known,cbc,0.24242424242424243,0.0,normal,0.24242424242424243,0
1228,cbc,bcc,known,bcc,0.48,0.0,normal,0.48,0
1229,bcc,ccc,known,ccc,0.3333333333333333,0.0,normal,0.3333333333333333,0
1230,ccc,ccc,known,ccc,0.62,0.0,normal,0.62,0
1231,ccc,ccc,known,ccc,0.62,0.0,normal,0.62,0
1232,ccc,ccc,known,ccc,0.62,0.0,normal,0.62,0
1233,ccc,ccc,known,ccc,0.62,0.0,normal,0.62,0
1234,ccc,ccc,known,ccc,0.62,0.0,normal,0.62,0
1235,ccc,ccb,known,ccb,0.22,0.0,normal,0.22,0
1236,ccb,cbb,known,cbb,0.696969696969697,0.0,normal,0.696969696969697,0
1237,cbb,bbb,known,bbb,0.5964912280701754,0.0,normal,0.5964912280701754,0
1238,bbb,bbb,known,bbb,0.7377938517179023,0.0,normal,0.7377938517179023,0
1239,bbb,bbc,known,bbc,0.06329113924050633,0.0,anomaly,0.06329113924050633,0
1240,bbc,bcc,known,bcc,0.3448275862068966,0.0,normal,0.3448275862068966,0
1241,bcc,ccc,known,ccc,0.3333333333333333,0.0,normal,0.3333333333333333,0
1242,ccc,ccb,known,ccb,0.22,0.0,normal,0.22,0
1243,ccb,cbb,known,cbb,0.696969696969697,0.0,normal,0.696969696969697,0
1244,cbb,bbb,known,bbb,0.5964912280701754,0.0,normal,0.5964912280701754,0
1245,bbb,bbb,known,bbb,0.7377938517179023,0.0,normal,0.7377938517179023,0
1246,bbb,bbb,known,bbb,0.7377938517179023,0.0,normal,0.7377938517179023,0
1247,bbb,bbb,known,bbb,0.7377938517179023,0.0,normal,0.7377938517179023,0
1248,bbb,bbb,known,bbb,0.7377938517179023,0.0,normal,0.7377938517179023,0
1249,bbb,bbc,known,bbc,0.06329113924050633,0.0,anomaly,0.06329113924050633,0
1250,bbc,bcc,known,bcc,0.3448275862068966,0.0,normal,0.3448275862068966,0
1251,bcc,ccc,known,ccc,0.3333333333333333,0.0,normal,0.3333333333333333,0
1252,ccc,ccc,known,ccc,0.62,0.0,normal,0.62,0
1253,ccc,ccc,known,ccc,0.62,0.0,normal,0.62,0
1254,ccc,ccb,known,ccb,0.22,0.0,normal,0.22,0
1255,ccb,cbc,known,cbc,0.24242424242424243,0.0,normal,0.24242424242424243,0
1256,cbc,bcb,known,bcb,0.4,0.0,normal,0.4,0
1257,bcb,cbb,known,cbb,0.5471698113207547,0.0,normal,0.5471698113207547,0
1258,cbb,bbb,known,bbb,0.5964912280701754,0.0,normal,0.5964912280701754,0
1259,bbb,bbb,known,bbb,0.7377938517179023,0.0,normal,0.7377938517179023,0
1260,bbb,bbb,known,bbb,0.7377938517179023,0.0,normal,0.7377938517179023,0
1261,bbb,bbc,known,bbc,0.06329113924050633,0.0,anomaly,0.06329113924050633,0
1262,bbc,bcb,known,bcb,0.5344827586206896,0.0,normal,0.5344827586206896,0
1263,bcb,cbb,known,cbb,0.5471698113207547,0.0,normal,0.5471698113207547,0
1264,cbb,bbc,known,bbc,0.24561403508771928,0.0,normal,0.24561403508771928,0
1265,bbc,bcc,known,bcc,0.3448275862068966,0.0,normal,0.3448275862068966,0
1266,bcc,ccc,known,ccc,0.3333333333333333,0.0,normal,0.3333333333333333,0
1267,ccc,ccb,known,ccb,0.22,0.0,normal,0.22,0
1268,ccb,cbb,known,cbb,0.696969696969697,0.0,normal,0.696969696969697,0
1269,cbb,bbb,known,bbb,0.5964912280701754,0.0,normal,0.5964912280701754,0
1270,bbb,bbb,known,bbb,0.7377938517179023,0.0,normal,0.7377938517179023,0
1271,bbb,bbb,known,bbb,0.7377938517179023,0.0,normal,0.7377938517179023,0
1272,bbb,bbb,known,bbb,0.7377938517179023,0.0,normal,0.7377938517179023,0
1273,bbb,bbb,known,bbb,0.7377938517179023,0.0,normal,0.7377938517179023,0
1274,bbb,bbc,known,bbc,0.06329113924050633,0.0,anomaly,0.06329113924050633,0
1275,bbc,bcc,known,bcc,0.3448275862068966,0.0,normal,0.3448275862068966,0
1276,bcc,ccc,known,ccc,0.3333333333333333,0.0,normal,0.3333333333333333,0
1277,ccc,ccc,known,ccc,0.62,0.0,normal,0.62,0
1278,ccc,ccd,known,ccd,0.16,0.0,anomaly,0.16,0
1279,ccd,cdc,known,cdc,0.4,0.0,normal,0.4,0
1280,cdc,dcc,known,dcc,0.375,0.0,normal,0.375,0
1281,dcc,ccc,known,ccc,0.5333333333333333,0.0,normal,0.5333333333333333,0
1282,ccc,ccc,known,ccc,0.62,0.0,normal,0.62,0
1283,ccc,ccc,known,ccc,0.62,0.0,normal,0.62,0
1284,ccc,ccc,known,ccc,0.62,0.0,normal,0.62,0
1285,ccc,ccc,known,ccc,0.62,0.0,normal,0.62,0
1286,ccc,ccb,known,ccb,0.22,0.0,normal,0.22,0
1287,ccb,cbb,known,cbb,0.696969696969697,0.0,normal,0.696969696969697,0
1288,cbb,bbb,known,bbb,0.5964912280701754,0.0,normal,0.5964912280701754,0
1289,bbb,bbb,known,bbb,0.7377938517179023,0.0,normal,0.7377938517179023,0
1290,bbb,bbb,known,bbb,0.7377938517179023,0.0,normal,0.7377938517179023,0
1291,bbb,bbb,known,bbb,0.7377938517179023,0.0,normal,0.7377938517179023,0
1292,bbb,bbc,known,bbc,0.06329113924050633,0.0,anomaly,0.06329113924050633,0
1293,bbc,bcc,known,bcc,0.3448275862068966,0.0,normal,0.3448275862068966,0
1294,bcc,ccc,known,ccc,0.3333333333333333,0.0,normal,0.3333333333333333,0
1295,ccc,ccc,known,ccc,0.62,0.0,normal,0.62,0
1296,ccc,ccb,known,ccb,0.22,0.0,normal,0.22,0
1297,ccb,cbb,known,cbb,0.696969696969697,0.0,normal,0.696969696969697,0
1298,cbb,bbb,known,bbb,0.5964912280701754,0.0,normal,0.5964912280701754,0
1299,bbb,bbb,known,bbb,0.7377938517179023,0.0,normal,0.7377938517179023,0
1300,bbb,bbc,known,bbc,0.06329113924050633,0.0,anomaly,0.06329113924050633,0
1301,bbc,bcc,known,bcc,0.3448275862068966,0.0,normal,0.3448275862068966,0
1302,bcc,ccc,known,ccc,0.3333333333333333,0.0,normal,0.3333333333333333,0
1303,ccc,ccc,known,ccc,0.62,0.0,normal,0.62,0
1304,ccc,ccc,known,ccc,0.62,0.0,normal,0.62,0
1305,ccc,ccc,known,ccc,0.62,0.0,normal,0.62,0
1306,ccc,ccc,known,ccc,0.62,0.0,normal,0.62,0
1307,ccc,ccc,known,ccc,0.62,0.0,normal,0.62,0
1308,ccc,ccc,known,ccc,0.62,0.0,normal,0.62,0
1309,ccc,ccb,known,ccb,0.22,0.0,normal,0.22,0
1310,ccb,cbb,known,cbb,0.696969696969697,0.0,normal,0.696969696969697,0
1311,cbb,bbc,known,bbc,0.24561403508771928,0.0,normal,0.24561403508771928,0
1312,bbc,bcc,known,bcc,0.3448275862068966,0.0,normal,0.3448275862068966,0
1313,bcc,ccc,known,ccc,0.3333333333333333,0.0,normal,0.3333333333333333,0
1314,ccc,ccc,known,ccc,0.62,0.0,normal,0.62,0
1315,ccc,ccc,known,ccc,0.62,0.0,normal,0.62,0
1316,ccc,ccc,known,ccc,0.62,0.0,normal,0.62,0
1317,ccc,ccc,known,ccc,0.62,0.0,normal,0.62,0
1318,ccc,ccb,known,ccb,0.22,0.0,normal,0.22,0
1319,ccb,cbb,known,cbb,0.696969696969697,0.0,normal,0.696969696969697,0
1320,cbb,bbc,known,bbc,0.24561403508771928,0.0,normal,0.24561403508771928,0
1321,bbc,bcc,known,bcc,0.3448275862068966,0.0,normal,0.3448275862068966,0
1322,bcc,ccb,known,ccb,0.6363636363636364,0.0,normal,0.6363636363636364,0
1323,ccb,cbb,known,cbb,0.696969696969697,0.0,normal,0.696969696969697,0
1324,cbb,bbb,known,bbb,0.5964912280701754,0.0,normal,0.5964912280701754,0
1325,bbb,bbb,known,bbb,0.7377938517179023,0.0,normal,0.7377938517179023,0
1326,bbb,bbb,known,bbb,0.7377938517179023,0.0,normal,0.7377938517179023,0
1327,bbb,bbb,known,bbb,0.7377938517179023,0.0,normal,0.7377938517179023,0
1328,bbb,bbb,known,bbb,0.7377938517179023,0.0,normal,0.7377938517179023,0
1329,bbb,bbb,known,bbb,0.7377938517179023,0.0,normal,0.7377938517179023,0
1330,bbb,bbb,known,bbb,0.7377938517179023,0.0,normal,0.7377938517179023,0
1331,bbb,bbb,known,bbb,0.7377938517179023,0.0,normal,0.7377938517179023,0
1332,bbb,bbc,known,bbc,0.06329113924050633,0.0,anomaly,0.06329113924050633,0
1333,bbc,bcb,known,bcb,0.5344827586206896,0.0,normal,0.5344827586206896,0
1334,bcb,cbb,known,cbb,0.5471698113207547,0.0,normal,0.5471698113207547,0
1335,cbb,bbb,known,bbb,0.5964912280701754,0.0,normal,0.5964912280701754,0
1336,bbb,bbb,known,bbb,0.7377938517179023,0.0,normal,0.7377938517179023,0
1337,bbb,bbb,known,bbb,0.7377938517179023,0.0,normal,0.7377938517179023,0
1338,bbb,bbc,known,bbc,0.06329113924050633,0.0,anomaly,0.06329113924050633,0
1339,bbc,bcb,known,bcb,0.5344827586206896,0.0,normal,0.5344827586206896,0
1340,bcb,cbb,known,cbb,0.5471698113207547,0.0,normal,0.5471698113207547,0
1341,cbb,bbb,known,bbb,0.5964912280701754,0.0,normal,0.5964912280701754,0
1342,bbb,bbb,known,bbb,0.7377938517179023,0.0,normal,0.7377938517179023,0
1343,bbb,bbb,known,bbb,0.7377938517179023,0.0,normal,0.7377938517179023,0
1344,bbb,bbb,known,bbb,0.7377938517179023,0.0,normal,0.7377938517179023,0
1345,bbb,bbb,known,bbb,0.7377938517179023,0.0,normal,0.7377938517179023,0
1346,bbb,bbb,known,bbb,0.7377938517179023,0.0,normal,0.7377938517179023,0
1347,bbb,bbb,known,bbb,0.7377938517179023,0.0,normal,0.7377938517179023,0
1348,bbb,bbb,known,bbb,0.7377938517179023,0.0,normal,0.7377938517179023,0
1349,bbb,bbc,known,bbc,0.06329113924050633,0.0,anomaly,0.06329113924050633,0
1350,bbc,bcc,known,bcc,0.3448275862068966,0.0,normal,0.3448275862068966,0
1351,bcc,ccc,known,ccc,0.3333333333333333,0.0,normal,0.3333333333333333,0
1352,ccc,ccb,known,ccb,0.22,0.0,normal,0.22,0
1353,ccb,cbc,known,cbc,0.24242424242424243,0.0,normal,0.24242424242424243,0
1354,cbc,bcb,known,bcb,0.4,0.0,normal,0.4,0
1355,bcb,cbb,known,cbb,0.5471698113207547,0.0,normal,0.5471698113207547,0
1356,cbb,bbb,known,bbb,0.5964912280701754,0.0,normal,0.5964912280701754,0
1357,bbb,bbb,known,bbb,0.7377938517179023,0.0,normal,0.7377938517179023,0
1358,bbb,bbb,known,bbb,0.7377938517179023,0.0,normal,0.7377938517179023,0
1359,bbb,bbb,known,bbb,0.7377938517179023,0.0,normal,0.7377938517179023,0
1360,bbb,bbb,known,bbb,0.7377938517179023,0.0,normal,0.7377938517179023,0
1361,bbb,bbb,known,bbb,0.7377938517179023,0.0,normal,0.7377938517179023,0
1362,bbb,bbb,known,bbb,0.7377938517179023,0.0,normal,0.7377938517179023,0
1363,bbb,bbb,known,bbb,0.7377938517179023,0.0,normal,0.7377938517179023,0
1364,bbb,bbb,known,bbb,0.7377938517179023,0.0,normal,0.7377938517179023,0
1365,bbb,bbb,known,bbb,0.7377938517179023,0.0,normal,0.7377938517179023,0
1366,bbb,bbb,known,bbb,0.7377938517179023,0.0,normal,0.7377938517179023,0
1367,bbb,bbb,known,bbb,0.7377938517179023,0.0,normal,0.7377938517179023,0
1368,bbb,bbb,known,bbb,0.7377938517179023,0.0,normal,0.7377938517179023,0
1369,bbb,bbb,known,bbb,0.7377938517179023,0.0,normal,0.7377938517179023,0
1370,bbb,bbb,known,bbb,0.7377938517179023,0.0,normal,0.7377938517179023,0
1371,bbb,bbb,known,bbb,0.7377938517179023,0.0,normal,0.7377938517179023,0
1372,bbb,bbb,known,bbb,0.7377938517179023,0.0,normal,0.7377938517179023,0
1373,bbb,bbb,known,bbb,0.7377938517179023,0.0,normal,0.7377938517179023,0
1374,bbb,bbb,known,bbb,0.7377938517179023,0.0,normal,0.7377938517179023,0
1375,bbb,bba,known,bba,0.19891500904159132,0.0,anomaly,0.19891500904159132,0
1376,bba,bab,known,bab,0.40555555555555556,0.0,normal,0.40555555555555556,0
1377,bab,abb,known,abb,0.46,0.0,normal,0.46,0
1378,abb,bba,known,bba,0.3370165745856354,0.0,normal,0.3370165745856354,0
1379,bba,bab,known,bab,0.40555555555555556,0.0,normal,0.40555555555555556,0
1380,bab,abb,known,abb,0.46,0.0,normal,0.46,0
1381,abb,bbb,known,bbb,0.6132596685082873,0.0,normal,0.6132596685082873,0
1382,bbb,bbb,known,bbb,0.7377938517179023,0.0,normal,0.7377938517179023,0
1383,bbb,bbc,known,bbc,0.06329113924050633,0.0,anomaly,0.06329113924050633,0
1384,bbc,bcb,known,bcb,0.5344827586206896,0.0,normal,0.5344827586206896,0
1385,bcb,cbc,known,cbc,0.2830188679245283,0.0,normal,0.2830188679245283,0
1386,cbc,bcc,known,bcc,0.48,0.0,normal,0.48,0
1387,bcc,ccb,known,ccb,0.6363636363636364,0.0,normal,0.6363636363636364,0
1388,ccb,cbb,known,cbb,0.696969696969697,0.0,normal,0.696969696969697,0
1389,cbb,bbc,known,bbc,0.24561403508771928,0.0,normal,0.24561403508771928,0
1390,bbc,bcb,known,bcb,0.5344827586206896,0.0,normal,0.5344827586206896,0
1391,bcb,cbb,known,cbb,0.5471698113207547,0.0,normal,0.5471698113207547,0
1392,cbb,bbb,known,bbb,0.5964912280701754,0.0,normal,0.5964912280701754,0
1393,bbb,bbb,known,bbb,0.7377938517179023,0.0,normal,0.7377938517179023,0
1394,bbb,bbb,known,bbb,0.7377938517179023,0.0,normal,0.7377938517179023,0
1395,bbb,bbc,known,bbc,0.06329113924050633,0.0,anomaly,0.06329113924050633,0
1396,bbc,bcb,known,bcb,0.5344827586206896,0.0,normal,0.5344827586206896,0
1397,bcb,cbb,known,cbb,0.5471698113207547,0.0,normal,0.5471698113207547,0
1398,cbb,bbb,known,bbb,0.5964912280701754,0.0,normal,0.5964912280701754,0
1399,bbb,bbb,known,bbb,0.7377938517179023,0.0,normal,0.7377938517179023,0
1400,bbb,bbb,known,bbb,0.7377938517179023,0.0,normal,0.7377938517179023,0
1401,bbb,bbb,known,bbb,0.7377938517179023,0.0,normal,0.7377938517179023,0
1402,bbb,bba,known,bba,0.19891500904159132,0.0,anomaly,0.19891500904159132,0
1403,bba,bab,known,bab,0.40555555555555556,0.0,normal,0.40555555555555556,0
1404,bab,aba,known,aba,0.5,0.0,normal,0.5,0
1405,aba,bab,known,bab,0.39361702127659576,0.0,normal,0.39361702127659576,0
1406,bab,abb,known,abb,0.46,0.0,normal,0.46,0
1407,abb,bba,known,bba,0.3370165745856354,0.0,normal,0.3370165745856354,0
1408,bba,baa,known,baa,0.5555555555555556,0.0,normal,0.5555555555555556,0
1409,baa,aab,known,aab,0.22727272727272727,0.0,normal,0.22727272727272727,0
1410,aab,abb,known,abb,0.47706422018348627,0.0,normal,0.47706422018348627,0
1411,abb,bbb,known,bbb,0.6132596685082873,0.0,normal,0.6132596685082873,0
1412,bbb,bbb,known,bbb,0.7377938517179023,0.0,normal,0.7377938517179023,0
1413,bbb,bbb,known,bbb,0.7377938517179023,0.0,normal,0.7377938517179023,0
1414,bbb,bbb,known,bbb,0.7377938517179023,0.0,normal,0.7377938517179023,0
1415,bbb,bbc,known,bbc,0.06329113924050633,0.0,anomaly,0.06329113924050633,0
1416,bbc,bcb,known,bcb,0.5344827586206896,0.0,normal,0.5344827586206896,0
1417,bcb,cbc,known,cbc,0.2830188679245283,0.0,normal,0.2830188679245283,0
1418,cbc,bcc,known,bcc,0.48,0.0,normal,0.48,0
1419,bcc,ccb,known,ccb,0.6363636363636364,0.0,normal,0.6363636363636364,0
1420,ccb,cbb,known,cbb,0.696969696969697,0.0,normal,0.696969696969697,0
1421,cbb,bbb,known,bbb,0.5964912280701754,0.0,normal,0.5964912280701754,0
1422,bbb,bbb,known,bbb,0.7377938517179023,0.0,normal,0.7377938517179023,0
1423,bbb,bbb,known,bbb,0.7377938517179023,0.0,normal,0.7377938517179023,0
1424,bbb,bbb,known,bbb,0.7377938517179023,0.0,normal,0.7377938517179023,0
1425,bbb,bbb,known,bbb,0.7377938517179023,0.0,normal,0.7377938517179023,0
1426,bbb,bbb,known,bbb,0.7377938517179023,0.0,normal,0.7377938517179023,0
1427,bbb,bbb,known,bbb,0.7377938517179023,0.0,normal,0.7377938517179023,0
1428,bbb,bbb,known,bbb,0.7377938517179023,0.0,normal,0.7377938517179023,0
1429,bbb,bbb,known,bbb,0.7377938517179023,0.0,normal,0.7377938517179023,0
1430,bbb,bbb,known,bbb,0.7377938517179023,0.0,normal,0.7377938517179023,0
1431,bbb,bbb,known,bbb,0.7377938517179023,0.0,normal,0.7377938517179023,0
1432,bbb,bbb,known,bbb,0.7377938517179023,0.0,normal,0.7377938517179023,0
1433,bbb,bbb,known,bbb,0.7377938517179023,0.0,normal,0.7377938517179023,0
1434,bbb,bbb,known,bbb,0.7377938517179023,0.0,normal,0.7377938517179023,0
1435,bbb,bba,known,bba,0.19891500904159132,0.0,anomaly,0.19891500904159132,0
1436,bba,bab,known,bab,0.40555555555555556,0.0,normal,0.40555555555555556,0
1437,bab,abb,known,abb,0.46,0.0,normal,0.46,0
1438,abb,bbb,known,bbb,0.6132596685082873,0.0,normal,0.6132596685082873,0
1439,bbb,bbb,known,bbb,0.7377938517179023,0.0,normal,0.7377938517179023,0
1440,bbb,bbb,known,bbb,0.7377938517179023,0.0,normal,0.7377938517179023,0
1441,bbb,bbb,known,bbb,0.7377938517179023,0.0,normal,0.7377938517179023,0
1442,bbb,bbb,known,bbb,0.7377938517179023,0.0,normal,0.7377938517179023,0
1443,bbb,bbb,known,bbb,0.7377938517179023,0.0,normal,0.7377938517179023,0
1444,bbb,bbb,known,bbb,0.7377938517179023,0.0,normal,0.7377938517179023,0
1445,bbb,bbb,known,bbb,0.7377938517179023,0.0,normal,0.7377938517179023,0
1446,bbb,bbb,known,bbb,0.7377938517179023,0.0,normal,0.7377938517179023,0
1447,bbb,bbb,known,bbb,0.7377938517179023,0.0,normal,0.7377938517179023,0
1448,bbb,bbc,known,bbc,0.06329113924050633,0.0,anomaly,0.06329113924050633,0
1449,bbc,bcb,known,bcb,0.5344827586206896,0.0,normal,0.5344827586206896,0
1450,bcb,cbb,known,cbb,0.5471698113207547,0.0,normal,0.5471698113207547,0
1451,cbb,bbb,known,bbb,0.5964912280701754,0.0,normal,0.5964912280701754,0
1452,bbb,bbb,known,bbb,0.7377938517179023,0.0,normal,0.7377938517179023,0
1453,bbb,bbb,known,bbb,0.7377938517179023,0.0,normal,0.7377938517179023,0
1454,bbb,bbb,known,bbb,0.7377938517179023,0.0,normal,0.7377938517179023,0
1455,bbb,bbb,known,bbb,0.7377938517179023,0.0,normal,0.7377938517179023,0
1456,bbb,bbb,known,bbb,0.7377938517179023,0.0,normal,0.7377938517179023,0
1457,bbb,bbc,known,bbc,0.06329113924050633,0.0,anomaly,0.06329113924050633,0
1458,bbc,bcc,known,bcc,0.3448275862068966,0.0,normal,0.3448275862068966,0
1459,bcc,ccc,known,ccc,0.3333333333333333,0.0,normal,0.3333333333333333,0
1460,ccc,ccb,known,ccb,0.22,0.0,normal,0.22,0
1461,ccb,cbb,known,cbb,0.696969696969697,0.0,normal,0.696969696969697,0
1462,cbb,bbb,known,bbb,0.5964912280701754,0.0,normal,0.5964912280701754,0
1463,bbb,bbb,known,bbb,0.7377938517179023,0.0,normal,0.7377938517179023,0
1464,bbb,bbb,known,bbb,0.7377938517179023,0.0,normal,0.7377938517179023,0
1465,bbb,bbb,known,bbb,0.7377938517179023,0.0,normal,0.7377938517179023,0
1466,bbb,bbb,known,bbb,0.7377938517179023,0.0,normal,0.7377938517179023,0
1467,bbb,bbc,known,bbc,0.06329113924050633,0.0,anomaly,0.06329113924050633,0
1468,bbc,bcc,known,bcc,0.3448275862068966,0.0,normal,0.3448275862068966,0
1469,bcc,ccb,known,ccb,0.6363636363636364,0.0,normal,0.6363636363636364,0
1470,ccb,cbb,known,cbb,0.696969696969697,0.0,normal,0.696969696969697,0
1471,cbb,bbb,known,bbb,0.5964912280701754,0.0,normal,0.5964912280701754,0
1472,bbb,bbc,known,bbc,0.06329113924050633,0.0,anomaly,0.06329113924050633,0
1473,bbc,bcb,known,bcb,0.5344827586206896,0.0,normal,0.5344827586206896,0
1474,bcb,cbc,known,cbc,0.2830188679245283,0.0,normal,0.2830188679245283,0
1475,cbc,bcc,known,bcc,0.48,0.0,normal,0.48,0
1476,bcc,ccb,known,ccb,0.6363636363636364,0.0,normal,0.6363636363636364,0
1477,ccb,cbc,known,cbc,0.24242424242424243,0.0,normal,0.24242424242424243,0
1478,cbc,bcc,known,bcc,0.48,0.0,normal,0.48,0
1479,bcc,ccc,known,ccc,0.3333333333333333,0.0,normal,0.3333333333333333,0
1480,ccc,ccb,known,ccb,0.22,0.0,normal,0.22,0
1481,ccb,cbc,known,cbc,0.24242424242424243,0.0,normal,0.24242424242424243,0
1482,cbc,bcb,known,bcb,0.4,0.0,normal,0.4,0
1483,bcb,cbb,known,cbb,0.5471698113207547,0.0,normal,0.5471698113207547,0
1484,cbb,bbc,known,bbc,0.24561403508771928,0.0,normal,0.24561403508771928,0
1485,bbc,bcc,known,bcc,0.3448275862068966,0.0,normal,0.3448275862068966,0
1486,bcc,ccc,known,ccc,0.3333333333333333,0.0,normal,0.3333333333333333,0
1487,ccc,ccc,known,ccc,0.62,0.0,normal,0.62,0
1488,ccc,ccc,known,ccc,0.62,0.0,normal,0.62,0
1489,ccc,ccc,known,ccc,0.62,0.0,normal,0.62,0
1490,ccc,ccc,known,ccc,0.62,0.0,normal,0.62,0
1491,ccc,ccc,known,ccc,0.62,0.0,normal,0.62,0
1492,ccc,ccc,known,ccc,0.62,0.0,normal,0.62,0
1493,ccc,ccc,known,ccc,0.62,0.0,normal,0.62,0
1494,ccc,ccc,known,ccc,0.62,0.0,normal,0.62,0
1495,ccc,ccc,known,ccc,0.62,0.0,normal,0.62,0
1496,ccc,ccc,known,ccc,0.62,0.0,normal,0.62,0
1497,ccc,ccc,known,ccc,0.62,0.0,normal,0.62,0
1498,ccc,ccc,known,ccc,0.62,0.0,normal,0.62,0
1499,ccc,ccc,known,ccc,0.62,0.0,normal,0.62,0
1500,ccc,ccb,known,ccb,0.22,0.0,normal,0.22,0
1501,ccb,cbb,known,cbb,0.696969696969697,0.0,normal,0.696969696969697,0
1502,cbb,bbb,known,bbb,0.5964912280701754,0.0,normal,0.5964912280701754,0
1503,bbb,bbb,known,bbb,0.7377938517179023,0.0,normal,0.7377938517179023,0
1504,bbb,bbb,known,bbb,0.7377938517179023,0.0,normal,0.7377938517179023,0
1505,bbb,bbc,known,bbc,0.06329113924050633,0.0,anomaly,0.06329113924050633,0
1506,bbc,bcc,known,bcc,0.3448275862068966,0.0,normal,0.3448275862068966,0
1507,bcc,ccc,known,ccc,0.3333333333333333,0.0,normal,0.3333333333333333,0
1508,ccc,ccc,known,ccc,0.62,0.0,normal,0.62,0
1509,ccc,ccb,known,ccb,0.22,0.0,normal,0.22,0
1510,ccb,cbb,known,cbb,0.696969696969697,0.0,normal,0.696969696969697,0
1511,cbb,bbc,known,bbc,0.24561403508771928,0.0,normal,0.24561403508771928,0
