time_step,state,pattern,status,mapped_to,probability,path_probability,decision,confidence,distance
1,abb,bba,known,bba,0.32642487046632124,0.32642487046632124,normal,0.32642487046632124,0
2,bba,bab,known,bab,0.46994535519125685,0.15340185169455534,normal,0.46994535519125685,0
3,bab,abb,known,abb,0.4972677595628415,0.07628179510494282,normal,0.4972677595628415,0
4,abb,bba,known,bba,0.32642487046632124,0.02490027508606942,normal,0.32642487046632124,0
5,bba,bab,known,bab,0.46994535519125685,0.011701768619682897,normal,0.46994535519125685,0
6,bab,aba,known,aba,0.4426229508196721,0.005179471356253085,normal,0.4426229508196721,0
7,aba,baa,known,baa,0.5355191256830601,0.0027737059722011057,normal,0.5355191256830601,0
8,baa,aaa,known,aaa,0.6633663366336634,0.0018399831696779612,normal,0.6633663366336634,0
9,aaa,aaa,known,aaa,0.9110671936758893,0.0016763483028093677,normal,0.9110671936758893,0
10,aaa,aaa,known,aaa,0.9110671936758893,0.0015272659438638704,normal,0.9110671936758893,0
11,aaa,aab,known,aab,0.08827404479578392,0.0001348179423437145,anomaly,0.08827404479578392,0
12,aab,aba,known,aba,0.4744897959183674,6.396973794880331e-05,normal,0.4744897959183674,0
13,aba,baa,known,baa,0.5355191256830601,3.4257018136517625e-05,normal,0.5355191256830601,0
14,baa,aab,known,aab,0.30198019801980197,1.034494112043354e-05,normal,0.30198019801980197,0
15,aab,abb,known,abb,0.49489795918367346,5.119690248377824e-06,normal,0.49489795918367346,0
16,abb,bbb,known,bbb,0.5647668393782384,2.8914312801719315e-06,normal,0.5647668393782384,0
17,bbb,bbb,known,bbb,0.6860670194003528,1.9837156401885035e-06,normal,0.6860670194003528,0
18,bbb,bbb,known,bbb,0.6860670194003528,1.3609618766019892e-06,normal,0.6860670194003528,0
19,bbb,bbc,known,bbc,0.13403880070546736,1.824216977455929e-07,anomaly,0.13403880070546736,0
20,bbc,bcb,known,bcb,0.5798319327731093,1.0577392558357908e-07,normal,0.5798319327731093,0
21,bcb,cbb,known,cbb,0.5491803278688525,5.8088959131965564e-08,normal,0.5491803278688525,0
22,cbb,bbb,known,bbb,0.6238532110091743,3.623898367865742e-08,normal,0.6238532110091743,0
23,bbb,bba,known,bba,0.1781305114638448,6.4552686976091695e-09,anomaly,0.1781305114638448,0
24,bba,bab,known,bab,0.46994535519125685,3.0336235409529433e-09,normal,0.46994535519125685,0
25,bab,abb,known,abb,0.4972677595628415,1.5085231815667642e-09,normal,0.4972677595628415,0
26,abb,bbb,known,bbb,0.5647668393782384,8.519638693822659e-10,normal,0.5647668393782384,0
27,bbb,bbc,known,bbc,0.13403880070546736,1.1419621529638836e-10,anomaly,0.13403880070546736,0
28,bbc,bcb,known,bcb,0.5798319327731093,6.621461223067897e-11,normal,0.5798319327731093,0
29,bcb,cba,known,cba,0.1557377049180328,1.0312111740843447e-11,anomaly,0.1557377049180328,0
30,cba,bab,known,bab,0.5666666666666667,5.843529986477953e-12,normal,0.5666666666666667,0
31,bab,aba,known,aba,0.4426229508196721,2.5864804858181104e-12,normal,0.4426229508196721,0
32,aba,bab,known,bab,0.4371584699453552,1.130701851723764e-12,normal,0.4371584699453552,0
33,bab,abb,known,abb,0.4972677595628415,5.622615765402324e-13,normal,0.4972677595628415,0
34,abb,bbc,known,bbc,0.09844559585492228,5.535217592883117e-14,anomaly,0.09844559585492228,0
35,bbc,bcb,known,bcb,0.5798319327731093,3.209495915201135e-14,normal,0.5798319327731093,0
36,bcb,cbb,known,cbb,0.5491803278688525,1.7625920190039024e-14,normal,0.5491803278688525,0
37,cbb,bbb,known,bbb,0.6238532110091743,1.0995986907547282e-14,normal,0.6238532110091743,0
38,bbb,bbb,known,bbb,0.6860670194003528,7.543983963026265e-15,normal,0.6860670194003528,0
39,bbb,bbb,known,bbb,0.6860670194003528,5.1756785919174905e-15,normal,0.6860670194003528,0
40,bbb,bba,known,bba,0.1781305114638448,9.219462747507346e-16,anomaly,0.1781305114638448,0
41,bba,bab,known,bab,0.46994535519125685,4.3326436955499e-16,normal,0.46994535519125685,0
42,bab,aba,known,aba,0.4426229508196721,1.917727537374546e-16,normal,0.4426229508196721,0
43,aba,baa,known,baa,0.5355191256830601,1.026979774113145e-16,normal,0.5355191256830601,0
44,baa,aaa,known,aaa,0.6633663366336634,6.812638105503041e-17,normal,0.6633663366336634,0
45,aaa,aab,known,aab,0.08827404479578392,6.0137912130263994e-18,anomaly,0.08827404479578392,0
46,aab,abb,known,abb,0.49489795918367346,2.976212998283473e-18,normal,0.49489795918367346,0
47,abb,bbb,known,bbb,0.5647668393782384,1.6808664083569875e-18,normal,0.5647668393782384,0
48,bbb,bbb,known,bbb,0.6860670194003528,1.1531870067916546e-18,normal,0.6860670194003528,0
49,bbb,bbb,known,bbb,0.6860670194003528,7.911635725607648e-19,normal,0.6860670194003528,0
50,bbb,bba,known,bba,0.1781305114638448,1.4093037183181171e-19,anomaly,0.1781305114638448,0
51,bba,bab,known,bab,0.46994535519125685,6.622957364773666e-20,normal,0.46994535519125685,0
52,bab,aba,known,aba,0.4426229508196721,2.931472931949e-20,normal,0.4426229508196721,0
53,aba,bab,known,bab,0.4371584699453552,1.2815182216170491e-20,normal,0.4371584699453552,0
54,bab,abb,known,abb,0.4972677595628415,6.37257694902467e-21,normal,0.4972677595628415,0
55,abb,bbb,known,bbb,0.5647668393782384,3.59902014219528e-21,normal,0.5647668393782384,0
56,bbb,bbc,known,bbc,0.13403880070546736,4.82408343574676e-22,anomaly,0.13403880070546736,0
57,bbc,bca,known,bca,0.04201680672268908,2.0269258133389747e-23,anomaly,0.04201680672268908,0
58,bca,cac,known,cac,0.4666666666666667,9.458987128915215e-24,normal,0.4666666666666667,0
59,cac,aca,known,aca,0.3076923076923077,2.9104575781277586e-24,normal,0.3076923076923077,0
60,aca,cab,known,cab,0.5454545454545454,1.5875223153424137e-24,normal,0.5454545454545454,0
61,cab,aba,known,aba,0.5384615384615384,8.548197082612996e-25,normal,0.5384615384615384,0
62,aba,bab,known,bab,0.4371584699453552,3.736916757426446e-25,normal,0.4371584699453552,0
63,bab,aba,known,aba,0.4426229508196721,1.6540451221395746e-25,normal,0.4426229508196721,0
64,aba,bab,known,bab,0.4371584699453552,7.230798348151146e-26,normal,0.4371584699453552,0
65,bab,aba,known,aba,0.4426229508196721,3.200517301640671e-26,normal,0.4426229508196721,0
66,aba,baa,known,baa,0.5355191256830601,1.713938227108119e-26,normal,0.5355191256830601,0
67,baa,aab,known,aab,0.30198019801980197,5.175754052158181e-27,normal,0.30198019801980197,0
68,aab,aba,known,aba,0.4744897959183674,2.4558424839321982e-27,normal,0.4744897959183674,0
69,aba,bab,known,bab,0.4371584699453552,1.0735923427026003e-27,normal,0.4371584699453552,0
70,bab,abb,known,abb,0.4972677595628415,5.338628589395444e-28,normal,0.4972677595628415,0
71,abb,bba,known,bba,0.32642487046632124,1.7426611457612072e-28,normal,0.32642487046632124,0
72,bba,bab,known,bab,0.46994535519125685,8.189555111227532e-29,normal,0.46994535519125685,0
73,bab,aba,known,aba,0.4426229508196721,3.624885049231858e-29,normal,0.4426229508196721,0
74,aba,baa,known,baa,0.5355191256830601,1.941195272266241e-29,normal,0.5355191256830601,0
75,baa,aab,known,aab,0.30198019801980197,5.862025327140629e-30,normal,0.30198019801980197,0
76,aab,aba,known,aba,0.4744897959183674,2.7814712011432578e-30,normal,0.4744897959183674,0
77,aba,bab,known,bab,0.4371584699453552,1.2159436944888558e-30,normal,0.4371584699453552,0
78,bab,aba,known,aba,0.4426229508196721,5.382045860852313e-31,normal,0.4426229508196721,0
79,aba,baa,known,baa,0.5355191256830601,2.8821884937897634e-31,normal,0.5355191256830601,0
80,baa,aab,known,aab,0.30198019801980197,8.703638520850275e-32,normal,0.30198019801980197,0
81,aab,aba,known,aba,0.4744897959183674,4.129787665505488e-32,normal,0.4744897959183674,0
82,aba,baa,known,baa,0.5355191256830601,2.211580279888185e-32,normal,0.5355191256830601,0
83,baa,aaa,known,aaa,0.6633663366336634,1.4670879084406773e-32,normal,0.6633663366336634,0
84,aaa,aaa,known,aaa,0.9110671936758893,1.3366156636188778e-32,normal,0.9110671936758893,0
85,aaa,aaa,known,aaa,0.9110671936758893,1.2177466816764874e-32,normal,0.9110671936758893,0
86,aaa,aaa,known,aaa,0.9110671936758893,1.1094490518831239e-32,normal,0.9110671936758893,0
87,aaa,aaa,known,aaa,0.9110671936758893,1.0107826342255338e-32,normal,0.9110671936758893,0
88,aaa,aaa,known,aaa,0.9110671936758893,9.208908979801799e-33,normal,0.9110671936758893,0
89,aaa,aaa,known,aaa,0.9110671936758893,8.389934861044722e-33,normal,0.9110671936758893,0
90,aaa,aaa,known,aaa,0.9110671936758893,7.643794408975527e-33,normal,0.9110671936758893,0
91,aaa,aaa,known,aaa,0.9110671936758893,6.964010321220786e-33,normal,0.9110671936758893,0
92,aaa,aaa,known,aaa,0.9110671936758893,6.344681340084549e-33,normal,0.9110671936758893,0
93,aaa,aaa,known,aaa,0.9110671936758893,5.7804310232786106e-33,normal,0.9110671936758893,0
94,aaa,aaa,known,aaa,0.9110671936758893,5.266361070615493e-33,normal,0.9110671936758893,0
95,aaa,aaa,known,aaa,0.9110671936758893,4.798008801489609e-33,normal,0.9110671936758893,0
96,aaa,aaa,known,aaa,0.9110671936758893,4.371308414005355e-33,normal,0.9110671936758893,0
97,aaa,aaa,known,aaa,0.9110671936758893,3.9825556894396614e-33,normal,0.9110671936758893,0
98,aaa,aaa,known,aaa,0.9110671936758893,3.6283758356357386e-33,normal,0.9110671936758893,0
99,aaa,aaa,known,aaa,0.9110671936758893,3.305694190174062e-33,normal,0.9110671936758893,0
100,aaa,aaa,known,aaa,0.9110671936758893,3.011709528992574e-33,normal,0.9110671936758893,0
101,aaa,aaa,known,aaa,0.9110671936758893,2.743869748746199e-33,normal,0.9110671936758893,0
102,aaa,aaa,known,aaa,0.9110671936758893,2.499849711802367e-33,normal,0.9110671936758893,0
103,aaa,aaa,known,aaa,0.9110671936758893,2.277531061543263e-33,normal,0.9110671936758893,0
104,aaa,aaa,known,aaa,0.9110671936758893,2.07498383274989e-33,normal,0.9110671936758893,0
105,aaa,aaa,known,aaa,0.9110671936758893,1.890449697426283e-33,normal,0.9110671936758893,0
106,aaa,aaa,known,aaa,0.9110671936758893,1.7223267006195974e-33,normal,0.9110671936758893,0
107,aaa,aab,known,aab,0.08827404479578392,1.5203674432346907e-34,anomaly,0.08827404479578392,0
108,aab,aba,known,aba,0.4744897959183674,7.213988378613583e-35,normal,0.4744897959183674,0
109,aba,baa,known,baa,0.5355191256830601,3.863228749202903e-35,normal,0.5355191256830601,0
110,baa,aaa,known,aaa,0.6633663366336634,2.5627359029365795e-35,normal,0.6633663366336634,0
111,aaa,aaa,known,aaa,0.9110671936758893,2.3348246072208757e-35,normal,0.9110671936758893,0
112,aaa,aaa,known,aaa,0.9110671936758893,2.1271821026261337e-35,normal,0.9110671936758893,0
113,aaa,aaa,known,aaa,0.9110671936758893,1.938005828677169e-35,normal,0.9110671936758893,0
114,aaa,aaa,known,aaa,0.9110671936758893,1.7656535316604247e-35,normal,0.9110671936758893,0
115,aaa,aaa,known,aaa,0.9110671936758893,1.608629008093786e-35,normal,0.9110671936758893,0
116,aaa,aab,known,aab,0.08827404479578392,1.4200018912026834e-36,anomaly,0.08827404479578392,0
117,aab,aba,known,aba,0.4744897959183674,6.73776407560457e-37,normal,0.4744897959183674,0
118,aba,bab,known,bab,0.4371584699453552,2.945470634144074e-37,normal,0.4371584699453552,0
119,bab,aba,known,aba,0.4426229508196721,1.303732903637541e-37,normal,0.4426229508196721,0
120,aba,baa,known,baa,0.5355191256830601,6.981739046802133e-38,normal,0.5355191256830601,0
121,baa,aaa,known,aaa,0.6633663366336634,4.6314506548093357e-38,normal,0.6633663366336634,0
122,aaa,aaa,known,aaa,0.9110671936758893,4.2195627507255015e-38,normal,0.9110671936758893,0
123,aaa,aaa,known,aaa,0.9110671936758893,3.844305193842799e-38,normal,0.9110671936758893,0
124,aaa,aaa,known,aaa,0.9110671936758893,3.502420344588004e-38,normal,0.9110671936758893,0
125,aaa,aaa,known,aaa,0.9110671936758893,3.190940274417134e-38,normal,0.9110671936758893,0
126,aaa,aaa,known,aaa,0.9110671936758893,2.90716100100059e-38,normal,0.9110671936758893,0
127,aaa,aaa,known,aaa,0.9110671936758893,2.648619014745597e-38,normal,0.9110671936758893,0
128,aaa,aaa,known,aaa,0.9110671936758893,2.4130698928808696e-38,normal,0.9110671936758893,0
129,aaa,aaa,known,aaa,0.9110671936758893,2.1984688154507527e-38,normal,0.9110671936758893,0
130,aaa,aaa,known,aaa,0.9110671936758893,2.0029528140766738e-38,normal,0.9110671936758893,0
131,aaa,aaa,known,aaa,0.9110671936758893,1.8248245993860604e-38,normal,0.9110671936758893,0
132,aaa,aaa,known,aaa,0.9110671936758893,1.6625378267133869e-38,normal,0.9110671936758893,0
133,aaa,aaa,known,aaa,0.9110671936758893,1.5146836721637772e-38,normal,0.9110671936758893,0
134,aaa,aaa,known,aaa,0.9110671936758893,1.3799786025049432e-38,normal,0.9110671936758893,0
135,aaa,aaa,known,aaa,0.9110671936758893,1.2572532327169542e-38,normal,0.9110671936758893,0
136,aaa,aaa,known,aaa,0.9110671936758893,1.1454421744713752e-38,normal,0.9110671936758893,0
137,aaa,aab,known,aab,0.08827404479578392,1.0111281382026632e-39,anomaly,0.08827404479578392,0
138,aab,aba,known,aba,0.4744897959183674,4.797699839431004e-40,normal,0.4744897959183674,0
139,aba,baa,known,baa,0.5355191256830601,2.5692600233018493e-40,normal,0.5355191256830601,0
140,baa,aaa,known,aaa,0.6633663366336634,1.7043606095170685e-40,normal,0.6633663366336634,0
141,aaa,aaa,known,aaa,0.9110671936758893,1.5527870375244438e-40,normal,0.9110671936758893,0
142,aaa,aaa,known,aaa,0.9110671936758893,1.4146933286536928e-40,normal,0.9110671936758893,0
143,aaa,aaa,known,aaa,0.9110671936758893,1.2888806808485225e-40,normal,0.9110671936758893,0
144,aaa,aaa,known,aaa,0.9110671936758893,1.174256904883733e-40,normal,0.9110671936758893,0
145,aaa,aaa,known,aaa,0.9110671936758893,1.0698269429869583e-40,normal,0.9110671936758893,0
146,aaa,aaa,known,aaa,0.9110671936758893,9.746842306659836e-41,normal,0.9110671936758893,0
147,aaa,aaa,known,aaa,0.9110671936758893,8.880028267530009e-41,normal,0.9110671936758893,0
148,aaa,aaa,known,aaa,0.9110671936758893,8.090302433461134e-41,normal,0.9110671936758893,0
149,aaa,aaa,known,aaa,0.9110671936758893,7.370809134042653e-41,normal,0.9110671936758893,0
150,aaa,aaa,known,aaa,0.9110671936758893,6.715302392872851e-41,normal,0.9110671936758893,0
151,aaa,aaa,known,aaa,0.9110671936758893,6.118091705759653e-41,normal,0.9110671936758893,0
152,aaa,aaa,known,aaa,0.9110671936758893,5.573992641018181e-41,normal,0.9110671936758893,0
153,aaa,aaa,known,aaa,0.9110671936758893,5.078281833022493e-41,normal,0.9110671936758893,0
154,aaa,aab,known,aab,0.08827404479578392,4.482804780138433e-42,anomaly,0.08827404479578392,0
155,aab,aba,known,aba,0.4744897959183674,2.1270451252697666e-42,normal,0.4744897959183674,0
156,aba,bab,known,bab,0.4371584699453552,9.298557924676575e-43,normal,0.4371584699453552,0
157,bab,abb,known,abb,0.4972677595628415,4.623873066369226e-43,normal,0.4972677595628415,0
158,abb,bbb,known,bbb,0.5647668393782384,2.611410177379511e-43,normal,0.5647668393782384,0
159,bbb,bbb,known,bbb,0.6860670194003528,1.7916023968265076e-43,normal,0.6860670194003528,0
160,bbb,bba,known,bba,0.1781305114638448,3.19139051286556e-44,anomaly,0.1781305114638448,0
161,bba,bab,known,bab,0.46994535519125685,1.499779148122613e-44,normal,0.46994535519125685,0
162,bab,abb,known,abb,0.4972677595628415,7.457918168259989e-45,normal,0.4972677595628415,0
163,abb,bba,known,bba,0.32642487046632124,2.4344499720226906e-45,normal,0.32642487046632124,0
164,bba,bab,known,bab,0.46994535519125685,1.1440584567975486e-45,normal,0.46994535519125685,0
165,bab,aba,known,aba,0.4426229508196721,5.063865300579314e-46,normal,0.4426229508196721,0
166,aba,baa,known,baa,0.5355191256830601,2.7117967183430205e-46,normal,0.5355191256830601,0
167,baa,aab,known,aab,0.30198019801980197,8.189089099946745e-47,normal,0.30198019801980197,0
168,aab,abb,known,abb,0.49489795918367346,4.0527634831369096e-47,normal,0.49489795918367346,0
169,abb,bbb,known,bbb,0.5647668393782384,2.288866423118773e-47,normal,0.5647668393782384,0
170,bbb,bbb,known,bbb,0.6860670194003528,1.5703157647146431e-47,normal,0.6860670194003528,0
171,bbb,bbb,known,bbb,0.6860670194003528,1.0773418562151608e-47,normal,0.6860670194003528,0
172,bbb,bba,known,bba,0.1781305114638448,1.9190745586901454e-48,anomaly,0.1781305114638448,0
173,bba,baa,known,baa,0.5027322404371585,9.647806524562479e-49,normal,0.5027322404371585,0
174,baa,aaa,known,aaa,0.6633663366336634,6.4000300707493675e-49,normal,0.6633663366336634,0
175,aaa,aab,known,aab,0.08827404479578392,5.649565411596938e-50,anomaly,0.08827404479578392,0
176,aab,abb,known,abb,0.49489795918367346,2.795958392473995e-50,normal,0.49489795918367346,0
177,abb,bbb,known,bbb,0.5647668393782384,1.5790645843505982e-50,normal,0.5647668393782384,0
178,bbb,bbb,known,bbb,0.6860670194003528,1.0833441328260717e-50,normal,0.6860670194003528,0
179,bbb,bbb,known,bbb,0.6860670194003528,7.432466801928429e-51,normal,0.6860670194003528,0
180,bbb,bbb,known,bbb,0.6860670194003528,5.099170345591109e-51,normal,0.6860670194003528,0
181,bbb,bba,known,bba,0.1781305114638448,9.083178217014144e-52,anomaly,0.1781305114638448,0
182,bba,bab,known,bab,0.46994535519125685,4.268597413460199e-52,normal,0.46994535519125685,0
183,bab,abb,known,abb,0.4972677595628415,2.1226358722670936e-52,normal,0.4972677595628415,0
184,abb,bbb,known,bbb,0.5647668393782384,1.1987943527311565e-52,normal,0.5647668393782384,0
185,bbb,bbb,known,bbb,0.6860670194003528,8.224532684522396e-53,normal,0.6860670194003528,0
186,bbb,bbb,known,bbb,0.6860670194003528,5.642580624831062e-53,normal,0.6860670194003528,0
187,bbb,bbb,known,bbb,0.6860670194003528,3.871188471004027e-53,normal,0.6860670194003528,0
188,bbb,bbb,known,bbb,0.6860670194003528,2.6558947358387417e-53,normal,0.6860670194003528,0
189,bbb,bbb,known,bbb,0.6860670194003528,1.8221217852579728e-53,normal,0.6860670194003528,0
190,bbb,bbb,known,bbb,0.6860670194003528,1.250097662196387e-53,normal,0.6860670194003528,0
191,bbb,bbb,known,bbb,0.6860670194003528,8.576507770624242e-54,normal,0.6860670194003528,0
192,bbb,bbb,known,bbb,0.6860670194003528,5.884059123056138e-54,normal,0.6860670194003528,0
193,bbb,bbc,known,bbc,0.13403880070546736,7.886922281345088e-55,anomaly,0.13403880070546736,0
194,bbc,bcb,known,bcb,0.5798319327731093,4.5730893900236226e-55,normal,0.5798319327731093,0
195,bcb,cbb,known,cbb,0.5491803278688525,2.511450730586744e-55,normal,0.5491803278688525,0
196,cbb,bbb,known,bbb,0.6238532110091743,1.566776602567877e-55,normal,0.6238532110091743,0
197,bbb,bbc,known,bbc,0.13403880070546736,2.100088567815849e-56,anomaly,0.13403880070546736,0
198,bbc,bcb,known,bcb,0.5798319327731093,1.2176984132713747e-56,normal,0.5798319327731093,0
199,bcb,cbc,known,cbc,0.29508196721311475,3.5932084326040564e-57,normal,0.29508196721311475,0
200,cbc,bcb,known,bcb,0.4861111111111111,1.746698543626972e-57,normal,0.4861111111111111,0
201,bcb,cbb,known,cbb,0.5491803278688525,9.592524788771076e-58,normal,0.5491803278688525,0
202,cbb,bba,known,bba,0.1651376146788991,1.584086662365866e-58,anomaly,0.1651376146788991,0
203,bba,bab,known,bab,0.46994535519125685,7.444341691992595e-59,normal,0.46994535519125685,0
204,bab,abb,known,abb,0.4972677595628415,3.7018311145974105e-59,normal,0.4972677595628415,0
205,abb,bbb,known,bbb,0.5647668393782384,2.090671458503201e-59,normal,0.5647668393782384,0
206,bbb,bbb,known,bbb,0.6860670194003528,1.4343407360806794e-59,normal,0.6860670194003528,0
207,bbb,bbb,known,bbb,0.6860670194003528,9.840538736073797e-60,normal,0.6860670194003528,0
208,bbb,bba,known,bba,0.1781305114638448,1.7529001981366023e-60,anomaly,0.1781305114638448,0
209,bba,baa,known,baa,0.5027322404371585,8.81239443871953e-61,normal,0.5027322404371585,0
210,baa,aaa,known,aaa,0.6633663366336634,5.845845815784243e-61,normal,0.6633663366336634,0
211,aaa,aaa,known,aaa,0.9110671936758893,5.32595834204849e-61,normal,0.9110671936758893,0
212,aaa,aaa,known,aaa,0.9110671936758893,4.85230592032481e-61,normal,0.9110671936758893,0
213,aaa,aaa,known,aaa,0.9110671936758893,4.420776737687228e-61,normal,0.9110671936758893,0
214,aaa,aaa,known,aaa,0.9110671936758893,4.027624656272355e-61,normal,0.9110671936758893,0
215,aaa,aaa,known,aaa,0.9110671936758893,3.669436692769873e-61,normal,0.9110671936758893,0
216,aaa,aaa,known,aaa,0.9110671936758893,3.3431033900531846e-61,normal,0.9110671936758893,0
217,aaa,aaa,known,aaa,0.9110671936758893,3.0457918237441067e-61,normal,0.9110671936758893,0
218,aaa,aaa,known,aaa,0.9110671936758893,2.774921009379512e-61,normal,0.9110671936758893,0
219,aaa,aaa,known,aaa,0.9110671936758893,2.528139496687658e-61,normal,0.9110671936758893,0
220,aaa,aaa,known,aaa,0.9110671936758893,2.3033049564683998e-61,normal,0.9110671936758893,0
221,aaa,aaa,known,aaa,0.9110671936758893,2.0984655828694312e-61,normal,0.9110671936758893,0
222,aaa,aaa,known,aaa,0.9110671936758893,1.911843149610292e-61,normal,0.9110671936758893,0
223,aaa,aaa,known,aaa,0.9110671936758893,1.7418175730639222e-61,normal,0.9110671936758893,0
224,aaa,aaa,known,aaa,0.9110671936758893,1.5869128481866957e-61,normal,0.9110671936758893,0
225,aaa,aaa,known,aaa,0.9110671936758893,1.4457842352056654e-61,normal,0.9110671936758893,0
226,aaa,aaa,known,aaa,0.9110671936758893,1.3172065858296674e-61,normal,0.9110671936758893,0
227,aaa,aaa,known,aaa,0.9110671936758893,1.2000637076432345e-61,normal,0.9110671936758893,0
228,aaa,aaa,known,aaa,0.9110671936758893,1.0933386743548045e-61,normal,0.9110671936758893,0
229,aaa,aaa,known,aaa,0.9110671936758893,9.961049977817487e-62,normal,0.9110671936758893,0
230,aaa,aaa,known,aaa,0.9110671936758893,9.075185849355457e-62,normal,0.9110671936758893,0
231,aaa,aaa,known,aaa,0.9110671936758893,8.268104103859418e-62,normal,0.9110671936758893,0
232,aaa,aaa,known,aaa,0.9110671936758893,7.532798402923304e-62,normal,0.9110671936758893,0
233,aaa,aaa,known,aaa,0.9110671936758893,6.862885501477555e-62,normal,0.9110671936758893,0
234,aaa,aaa,known,aaa,0.9110671936758893,6.2525498343501045e-62,normal,0.9110671936758893,0
235,aaa,aaa,known,aaa,0.9110671936758893,5.6964930308999965e-62,normal,0.9110671936758893,0
236,aaa,aaa,known,aaa,0.9110671936758893,5.189887919456321e-62,normal,0.9110671936758893,0
237,aaa,aaa,known,aaa,0.9110671936758893,4.72833662227147e-62,normal,0.9110671936758893,0
238,aaa,aaa,known,aaa,0.9110671936758893,4.307832377207801e-62,normal,0.9110671936758893,0
239,aaa,aaa,known,aaa,0.9110671936758893,3.924724754728846e-62,normal,0.9110671936758893,0
240,aaa,aaa,known,aaa,0.9110671936758893,3.575687968241103e-62,normal,0.9110671936758893,0
241,aaa,aaa,known,aaa,0.9110671936758893,3.257692002686064e-62,normal,0.9110671936758893,0
242,aaa,aaa,known,aaa,0.9110671936758893,2.96797631074758e-62,normal,0.9110671936758893,0
243,aaa,aaa,known,aaa,0.9110671936758893,2.704025848329317e-62,normal,0.9110671936758893,0
244,aaa,aaa,known,aaa,0.9110671936758893,2.4635492412644565e-62,normal,0.9110671936758893,0
245,aaa,aaa,known,aaa,0.9110671936758893,2.2444588937211747e-62,normal,0.9110671936758893,0
246,aaa,aaa,known,aaa,0.9110671936758893,2.0448528656234417e-62,normal,0.9110671936758893,0
247,aaa,aaa,known,aaa,0.9110671936758893,1.8629983617636494e-62,normal,0.9110671936758893,0
248,aaa,aaa,known,aaa,0.9110671936758893,1.6973166892747873e-62,normal,0.9110671936758893,0
249,aaa,aaa,known,aaa,0.9110671936758893,1.5463695528768318e-62,normal,0.9110671936758893,0
250,aaa,aaa,known,aaa,0.9110671936758893,1.4088465689253347e-62,normal,0.9110671936758893,0
251,aaa,aaa,known,aaa,0.9110671936758893,1.28355388987071e-62,normal,0.9110671936758893,0
252,aaa,aaa,known,aaa,0.9110671936758893,1.1694038403762791e-62,normal,0.9110671936758893,0
253,aaa,aaa,known,aaa,0.9110671936758893,1.0654054751254242e-62,normal,0.9110671936758893,0
254,aaa,aaa,known,aaa,0.9110671936758893,9.706559763494477e-63,normal,0.9110671936758893,0
255,aaa,aaa,known,aaa,0.9110671936758893,8.843328163974217e-63,normal,0.9110671936758893,0
256,aaa,aaa,known,aaa,0.9110671936758893,8.056866173106944e-63,normal,0.9110671936758893,0
257,aaa,aaa,known,aaa,0.9110671936758893,7.340346454154745e-63,normal,0.9110671936758893,0
258,aaa,aaa,known,aaa,0.9110671936758893,6.687548844595528e-63,normal,0.9110671936758893,0
259,aaa,aaa,known,aaa,0.9110671936758893,6.092806358416084e-63,normal,0.9110671936758893,0
260,aaa,aaa,known,aaa,0.9110671936758893,5.550955990572756e-63,normal,0.9110671936758893,0
261,aaa,aaa,known,aaa,0.9110671936758893,5.057293896549487e-63,normal,0.9110671936758893,0
262,aaa,aaa,known,aaa,0.9110671936758893,4.607534557923544e-63,normal,0.9110671936758893,0
263,aaa,aaa,known,aaa,0.9110671936758893,4.1977735794520824e-63,normal,0.9110671936758893,0
264,aaa,aaa,known,aaa,0.9110671936758893,3.824453794718201e-63,normal,0.9110671936758893,0
265,aaa,aaa,known,aaa,0.9110671936758893,3.484334386097017e-63,normal,0.9110671936758893,0
266,aaa,aaa,known,aaa,0.9110671936758893,3.1744627509698116e-63,normal,0.9110671936758893,0
267,aaa,aaa,known,aaa,0.9110671936758893,2.8921488699547097e-63,normal,0.9110671936758893,0
268,aaa,aaa,known,aaa,0.9110671936758893,2.634941954642532e-63,normal,0.9110671936758893,0
269,aaa,aaa,known,aaa,0.9110671936758893,2.400609172115034e-63,normal,0.9110671936758893,0
270,aaa,aaa,known,aaa,0.9110671936758893,2.187116261551444e-63,normal,0.9110671936758893,0
271,aaa,aaa,known,aaa,0.9110671936758893,1.9926098746545762e-63,normal,0.9110671936758893,0
272,aaa,aaa,known,aaa,0.9110671936758893,1.8154014865924102e-63,normal,0.9110671936758893,0
273,aaa,aaa,known,aaa,0.9110671936758893,1.6539527377847847e-63,normal,0.9110671936758893,0
274,aaa,aaa,known,aaa,0.9110671936758893,1.5068620792861376e-63,normal,0.9110671936758893,0
275,aaa,aaa,known,aaa,0.9110671936758893,1.3728526058318368e-63,normal,0.9110671936758893,0
276,aaa,aaa,known,aaa,0.9110671936758893,1.2507609709258433e-63,normal,0.9110671936758893,0
277,aaa,aaa,known,aaa,0.9110671936758893,1.1395272877407387e-63,normal,0.9110671936758893,0
278,aaa,aaa,known,aaa,0.9110671936758893,1.0381859281590524e-63,normal,0.9110671936758893,0
279,aaa,aaa,known,aaa,0.9110671936758893,9.458571400816663e-64,normal,0.9110671936758893,0
280,aaa,aaa,known,aaa,0.9110671936758893,8.617394102325061e-64,normal,0.9110671936758893,0
281,aaa,aaa,known,aaa,0.9110671936758893,7.851025061604452e-64,normal,0.9110671936758893,0
282,aaa,aaa,known,aaa,0.9110671936758893,7.152811370355044e-64,normal,0.9110671936758893,0
283,aaa,aaa,known,aaa,0.9110671936758893,6.516691782082362e-64,normal,0.9110671936758893,0
284,aaa,aaa,known,aaa,0.9110671936758893,5.937144093952507e-64,normal,0.9110671936758893,0
285,aaa,aaa,known,aaa,0.9110671936758893,5.409137208126691e-64,normal,0.9110671936758893,0
286,aaa,aaa,known,aaa,0.9110671936758893,4.9280874564158193e-64,normal,0.9110671936758893,0
287,aaa,aaa,known,aaa,0.9110671936758893,4.489818809106112e-64,normal,0.9110671936758893,0
288,aaa,aaa,known,aaa,0.9110671936758893,4.090526622525528e-64,normal,0.9110671936758893,0
289,aaa,aaa,known,aaa,0.9110671936758893,3.7267446106408466e-64,normal,0.9110671936758893,0
290,aaa,aaa,known,aaa,0.9110671936758893,3.395314753963301e-64,normal,0.9110671936758893,0
291,aaa,aaa,known,aaa,0.9110671936758893,3.093359884539687e-64,normal,0.9110671936758893,0
292,aaa,aaa,known,aaa,0.9110671936758893,2.818258709037146e-64,normal,0.9110671936758893,0
293,aaa,aab,known,aab,0.08827404479578392,2.4877909552765317e-65,anomaly,0.08827404479578392,0
294,aab,abb,known,abb,0.49489795918367346,1.231202666641957e-65,normal,0.49489795918367346,0
295,abb,bbb,known,bbb,0.5647668393782384,6.953424386734368e-66,normal,0.5647668393782384,0
296,bbb,bba,known,bba,0.1781305114638448,1.2386170424341644e-66,anomaly,0.1781305114638448,0
297,bba,baa,known,baa,0.5027322404371585,6.226927207865745e-67,normal,0.5027322404371585,0
298,baa,aab,known,aab,0.30198019801980197,1.8804087112861902e-67,normal,0.30198019801980197,0
299,aab,abb,known,abb,0.49489795918367346,9.30610433646737e-68,normal,0.49489795918367346,0
300,abb,bbb,known,bbb,0.5647668393782384,5.255779133030794e-68,normal,0.5647668393782384,0
301,bbb,bba,known,bba,0.1781305114638448,9.362146251077781e-69,anomaly,0.1781305114638448,0
302,bba,bab,known,bab,0.46994535519125685,4.3996971453152416e-69,normal,0.46994535519125685,0
303,bab,abb,known,abb,0.4972677595628415,2.1878275422059398e-69,normal,0.4972677595628415,0
304,abb,bbc,known,bbc,0.09844559585492228,2.1538198602027385e-70,anomaly,0.09844559585492228,0
305,bbc,bcb,known,bcb,0.5798319327731093,1.2488535323864619e-70,normal,0.5798319327731093,0
306,bcb,cbc,known,cbc,0.29508196721311475,3.685141570976445e-71,normal,0.29508196721311475,0
307,cbc,bcb,known,bcb,0.4861111111111111,1.7913882636691054e-71,normal,0.4861111111111111,0
308,bcb,cba,known,cba,0.1557377049180328,2.789866968009263e-72,anomaly,0.1557377049180328,0
309,cba,bab,known,bab,0.5666666666666667,1.580924615205249e-72,normal,0.5666666666666667,0
310,bab,abb,known,abb,0.4972677595628415,7.861428414408615e-73,normal,0.4972677595628415,0
311,abb,bbb,known,bbb,0.5647668393782384,4.4398740786038295e-73,normal,0.5647668393782384,0
312,bbb,bbb,known,bbb,0.6860670194003528,3.046051175620617e-73,normal,0.6860670194003528,0
313,bbb,bbb,known,bbb,0.6860670194003528,2.0897952509989772e-73,normal,0.6860670194003528,0
314,bbb,bbb,known,bbb,0.6860670194003528,1.4337395990098804e-73,normal,0.6860670194003528,0
315,bbb,bbb,known,bbb,0.6860670194003528,9.836414532889655e-74,normal,0.6860670194003528,0
316,bbb,bbb,known,bbb,0.6860670194003528,6.748439600165919e-74,normal,0.6860670194003528,0
317,bbb,bbb,known,bbb,0.6860670194003528,4.62988184208914e-74,normal,0.6860670194003528,0
318,bbb,bbc,known,bbc,0.13403880070546736,6.205838095216483e-75,anomaly,0.13403880070546736,0
319,bbc,bcc,known,bcc,0.3277310924369748,2.0338460984322929e-75,normal,0.3277310924369748,0
320,bcc,ccb,known,ccb,0.6229508196721312,1.266986094105363e-75,normal,0.6229508196721312,0
321,ccb,cbb,known,cbb,0.5294117647058824,6.707573439381333e-76,normal,0.5294117647058824,0
322,cbb,bbb,known,bbb,0.6238532110091743,4.1845412282378956e-76,normal,0.6238532110091743,0
323,bbb,bbb,known,bbb,0.6860670194003528,2.870875728015064e-76,normal,0.6860670194003528,0
324,bbb,bbc,known,bbc,0.13403880070546736,3.848087395575747e-77,anomaly,0.13403880070546736,0
325,bbc,bcc,known,bcc,0.3277310924369748,1.2611378859449927e-77,normal,0.3277310924369748,0
326,bcc,ccb,known,ccb,0.6229508196721312,7.856268797690118e-78,normal,0.6229508196721312,0
327,ccb,cbb,known,cbb,0.5294117647058824,4.1592011281888864e-78,normal,0.5294117647058824,0
328,cbb,bbb,known,bbb,0.6238532110091743,2.5947309790536173e-78,normal,0.6238532110091743,0
329,bbb,bbb,known,bbb,0.6860670194003528,1.7801593489450743e-78,normal,0.6860670194003528,0
330,bbb,bbc,known,bbc,0.13403880070546736,2.3861042419722335e-79,anomaly,0.13403880070546736,0
331,bbc,bcd,known,bcd,0.05042016806722689,1.2030777690616304e-80,anomaly,0.05042016806722689,0
332,bcd,cdb,known,cdb,0.15384615384615385,1.8508888754794316e-81,anomaly,0.15384615384615385,0
333,cdb,dbb,known,dbb,1.0,1.8508888754794316e-81,normal,1.0,0
334,dbb,bbb,known,bbb,0.3333333333333333,6.169629584931438e-82,normal,0.3333333333333333,0
335,bbb,bbc,known,bbc,0.13403880070546736,8.269697503611803e-83,anomaly,0.13403880070546736,0
336,bbc,bcb,known,bcb,0.5798319327731093,4.795034686968189e-83,normal,0.5798319327731093,0
337,bcb,cbc,known,cbc,0.29508196721311475,1.4149282682856952e-83,normal,0.29508196721311475,0
338,cbc,bcc,known,bcc,0.2777777777777778,3.930356300793598e-84,normal,0.2777777777777778,0
339,bcc,ccb,known,ccb,0.6229508196721312,2.4484186791828974e-84,normal,0.6229508196721312,0
340,ccb,cbd,known,cbd,0.029411764705882353,7.201231409361463e-86,anomaly,0.029411764705882353,0
341,cbd,bdb,known,bdb,0.0,7.201231409361463e-90,anomaly,0.0,0
342,bdb,dba,unseen,dbc,0.0,7.201231409361463e-94,anomaly,0.0,1
343,dbc,bac,known,bac,0.0,7.201231409361464e-98,anomaly,0.0,0
344,bac,acb,known,acb,0.6,4.320738845616878e-98,normal,0.6,0
345,acb,cbb,known,cbb,0.1875,8.101385335531647e-99,anomaly,0.1875,0
346,cbb,bbb,known,bbb,0.6238532110091743,5.054075255194055e-99,normal,0.6238532110091743,0
347,bbb,bbb,known,bbb,0.6860670194003528,3.4674343461560623e-99,normal,0.6860670194003528,0
348,bbb,bbb,known,bbb,0.6860670194003528,2.3788923468337007e-99,normal,0.6860670194003528,0
349,bbb,bbb,known,bbb,0.6860670194003528,1.6320795818665073e-99,normal,0.6860670194003528,0
350,bbb,bbb,known,bbb,0.6860670194003528,1.1197159741553288e-99,normal,0.6860670194003528,0
351,bbb,bbc,known,bbc,0.13403880070546736,1.5008538630653436e-100,anomaly,0.13403880070546736,0
352,bbc,bcc,known,bcc,0.3277310924369748,4.918764761306588e-101,normal,0.3277310924369748,0
353,bcc,ccb,known,ccb,0.6229508196721312,3.0641485398303336e-101,normal,0.6229508196721312,0
354,ccb,cbd,known,cbd,0.029411764705882353,9.012201587736275e-103,anomaly,0.029411764705882353,0
355,cbd,bdc,known,bdc,1.0,9.012201587736275e-103,normal,1.0,0
356,bdc,dcb,known,dcb,0.0,9.012201587736275e-107,anomaly,0.0,0
357,dcb,cbd,known,cbd,0.0,9.012201587736276e-111,anomaly,0.0,0
358,cbd,bdb,known,bdb,0.0,9.012201587736277e-115,anomaly,0.0,0
359,bdb,dbc,known,dbc,0.0,9.012201587736277e-119,anomaly,0.0,0
360,dbc,bcc,known,bcc,0.5,4.5061007938681384e-119,normal,0.5,0
361,bcc,ccb,known,ccb,0.6229508196721312,2.8070791830653977e-119,normal,0.6229508196721312,0
362,ccb,cbc,known,cbc,0.3382352941176471,9.494532530956493e-120,normal,0.3382352941176471,0
363,cbc,bcb,known,bcb,0.4861111111111111,4.615397758103851e-120,normal,0.4861111111111111,0
364,bcb,cbc,known,cbc,0.29508196721311475,1.3619206499322838e-120,normal,0.29508196721311475,0
365,cbc,bcb,known,bcb,0.4861111111111111,6.620447603837491e-121,normal,0.4861111111111111,0
366,bcb,cbb,known,cbb,0.5491803278688525,3.635819585714032e-121,normal,0.5491803278688525,0
367,cbb,bbb,known,bbb,0.6238532110091743,2.268217723197745e-121,normal,0.6238532110091743,0
368,bbb,bba,known,bba,0.1781305114638448,4.0403878314457185e-122,anomaly,0.1781305114638448,0
369,bba,bac,known,bac,0.0273224043715847,1.1039311014879011e-123,anomaly,0.0273224043715847,0
370,bac,acb,known,acb,0.6,6.623586608927406e-124,normal,0.6,0
371,acb,cbb,known,cbb,0.1875,1.2419224891738887e-124,anomaly,0.1875,0
372,cbb,bbd,known,bbd,0.009174311926605505,1.1393784304347603e-126,anomaly,0.009174311926605505,0
373,bbd,bdc,known,bdc,0.2,2.278756860869521e-127,normal,0.2,0
374,bdc,dcb,known,dcb,0.0,2.278756860869521e-131,anomaly,0.0,0
375,dcb,cbc,known,cbc,0.5,1.1393784304347605e-131,normal,0.5,0
376,cbc,bcb,known,bcb,0.4861111111111111,5.5386451479467524e-132,normal,0.4861111111111111,0
377,bcb,cbc,known,cbc,0.29508196721311475,1.6343543059515007e-132,normal,0.29508196721311475,0
378,cbc,bcd,known,bcd,0.09722222222222222,1.5889555752306256e-133,anomaly,0.09722222222222222,0
379,bcd,cdd,known,cdd,0.3076923076923077,4.889094077632695e-134,normal,0.3076923076923077,0
380,cdd,dde,known,dde,0.0,4.889094077632695e-138,anomaly,0.0,0
381,dde,dee,known,dee,0.7391304347826086,3.613678231293731e-138,normal,0.7391304347826086,0
382,dee,eee,known,eee,0.8148148148148148,2.944478558831929e-138,normal,0.8148148148148148,0
383,eee,eee,known,eee,0.9853836784409257,2.9014411133922417e-138,normal,0.9853836784409257,0
384,eee,eee,known,eee,0.9853836784409257,2.859032717094182e-138,normal,0.9853836784409257,0
385,eee,eee,known,eee,0.9853836784409257,2.8172441755532193e-138,normal,0.9853836784409257,0
386,eee,eee,known,eee,0.9853836784409257,2.776066428772904e-138,normal,0.9853836784409257,0
387,eee,eee,known,eee,0.9853836784409257,2.735490549180608e-138,normal,0.9853836784409257,0
388,eee,eee,known,eee,0.9853836784409257,2.695507739691975e-138,normal,0.9853836784409257,0
389,eee,eee,known,eee,0.9853836784409257,2.6561093318036638e-138,normal,0.9853836784409257,0
390,eee,eee,known,eee,0.9853836784409257,2.6172867837139633e-138,normal,0.9853836784409257,0
391,eee,eee,known,eee,0.9853836784409257,2.5790316784708845e-138,normal,0.9853836784409257,0
392,eee,eee,known,eee,0.9853836784409257,2.5413357221473148e-138,normal,0.9853836784409257,0
393,eee,eee,known,eee,0.9853836784409257,2.5041907420428473e-138,normal,0.9853836784409257,0
394,eee,eee,known,eee,0.9853836784409257,2.467588684911892e-138,normal,0.9853836784409257,0
395,eee,eee,known,eee,0.9853836784409257,2.4315216152176867e-138,normal,0.9853836784409257,0
396,eee,eee,known,eee,0.9853836784409257,2.395981713411825e-138,normal,0.9853836784409257,0
397,eee,eee,known,eee,0.9853836784409257,2.360961274238936e-138,normal,0.9853836784409257,0
398,eee,eed,known,eed,0.014007308160779537,3.30707121239315e-140,anomaly,0.014007308160779537,0
399,eed,ede,known,ede,0.42857142857142855,1.4173162338827785e-140,normal,0.42857142857142855,0
400,ede,ded,known,ded,0.4117647058823529,5.836008021870264e-141,normal,0.4117647058823529,0
401,ded,edd,known,edd,0.5833333333333334,3.4043380127576544e-141,normal,0.5833333333333334,0
402,edd,ddd,known,ddd,0.6956521739130435,2.3682351393096725e-141,normal,0.6956521739130435,0
403,ddd,ddd,known,ddd,0.7407407407407407,1.754248251340498e-141,normal,0.7407407407407407,0
404,ddd,dde,known,dde,0.2222222222222222,3.898329447423329e-142,normal,0.2222222222222222,0
405,dde,ded,known,ded,0.21739130434782608,8.474629233528976e-143,normal,0.21739130434782608,0
406,ded,ede,known,ede,0.4166666666666667,3.5310955139704067e-143,normal,0.4166666666666667,0
407,ede,dee,known,dee,0.5882352941176471,2.0771150082178864e-143,normal,0.5882352941176471,0
408,dee,eee,known,eee,0.8148148148148148,1.6924640807701296e-143,normal,0.8148148148148148,0
409,eee,eee,known,eee,0.9853836784409257,1.6677264815384102e-143,normal,0.9853836784409257,0
410,eee,eee,known,eee,0.9853836784409257,1.6433504550116613e-143,normal,0.9853836784409257,0
411,eee,eee,known,eee,0.9853836784409257,1.6193307163269598e-143,normal,0.9853836784409257,0
412,eee,eee,known,eee,0.9853836784409257,1.5956620578666388e-143,normal,0.9853836784409257,0
413,eee,eee,known,eee,0.9853836784409257,1.5723393481292457e-143,normal,0.9853836784409257,0
414,eee,eee,known,eee,0.9853836784409257,1.5493575306170033e-143,normal,0.9853836784409257,0
415,eee,eee,known,eee,0.9853836784409257,1.5267116227395318e-143,normal,0.9853836784409257,0
416,eee,eee,known,eee,0.9853836784409257,1.5043967147335946e-143,normal,0.9853836784409257,0
417,eee,eee,known,eee,0.9853836784409257,1.4824079685986334e-143,normal,0.9853836784409257,0
418,eee,eee,known,eee,0.9853836784409257,1.4607406170478616e-143,normal,0.9853836784409257,0
419,eee,eee,known,eee,0.9853836784409257,1.4393899624746895e-143,normal,0.9853836784409257,0
420,eee,eee,known,eee,0.9853836784409257,1.4183513759342555e-143,normal,0.9853836784409257,0
421,eee,eee,known,eee,0.9853836784409257,1.3976202961398448e-143,normal,0.9853836784409257,0
422,eee,eed,known,eed,0.014007308160779537,1.957689817979076e-145,anomaly,0.014007308160779537,0
423,eed,ede,known,ede,0.42857142857142855,8.390099219910325e-146,normal,0.42857142857142855,0
424,ede,dee,known,dee,0.5882352941176471,4.935352482300191e-146,normal,0.5882352941176471,0
425,dee,eed,known,eed,0.18518518518518517,9.139541633889242e-147,anomaly,0.18518518518518517,0
426,eed,ede,known,ede,0.42857142857142855,3.916946414523961e-147,normal,0.42857142857142855,0
427,ede,ded,known,ded,0.4117647058823529,1.6128602883333955e-147,normal,0.4117647058823529,0
428,ded,edd,known,edd,0.5833333333333334,9.408351681944807e-148,normal,0.5833333333333334,0
429,edd,dde,known,dde,0.21739130434782608,2.045293843901045e-148,normal,0.21739130434782608,0
430,dde,ded,known,ded,0.21739130434782608,4.446290965002272e-149,normal,0.21739130434782608,0
431,ded,edd,known,edd,0.5833333333333334,2.5936697295846587e-149,normal,0.5833333333333334,0
432,edd,ddd,known,ddd,0.6956521739130435,1.8042919857980235e-149,normal,0.6956521739130435,0
433,ddd,ddd,known,ddd,0.7407407407407407,1.33651258207261e-149,normal,0.7407407407407407,0
434,ddd,ddd,known,ddd,0.7407407407407407,9.90009320053785e-150,normal,0.7407407407407407,0
435,ddd,dde,known,dde,0.2222222222222222,2.2000207112306334e-150,normal,0.2222222222222222,0
436,dde,ded,known,ded,0.21739130434782608,4.782653720066594e-151,normal,0.21739130434782608,0
437,ded,ede,known,ede,0.4166666666666667,1.992772383361081e-151,normal,0.4166666666666667,0
438,ede,dee,known,dee,0.5882352941176471,1.1722190490359302e-151,normal,0.5882352941176471,0
439,dee,eee,known,eee,0.8148148148148148,9.551414473626097e-152,normal,0.8148148148148148,0
440,eee,eee,known,eee,0.9853836784409257,9.41180792833558e-152,normal,0.9853836784409257,0
441,eee,eed,known,eed,0.014007308160779537,1.318340940022645e-153,anomaly,0.014007308160779537,0
442,eed,ede,known,ede,0.42857142857142855,5.6500326000970504e-154,normal,0.42857142857142855,0
443,ede,ded,known,ded,0.4117647058823529,2.3264840118046677e-154,normal,0.4117647058823529,0
444,ded,edd,known,edd,0.5833333333333334,1.357115673552723e-154,normal,0.5833333333333334,0
445,edd,ddd,known,ddd,0.6956521739130435,9.440804685584159e-155,normal,0.6956521739130435,0
446,ddd,dde,known,dde,0.2222222222222222,2.0979565967964795e-155,normal,0.2222222222222222,0
447,dde,dee,known,dee,0.7391304347826086,1.5506635715452238e-155,normal,0.7391304347826086,0
448,dee,eee,known,eee,0.8148148148148148,1.2635036508887008e-155,normal,0.8148148148148148,0
449,eee,eee,known,eee,0.9853836784409257,1.245035875236247e-155,normal,0.9853836784409257,0
450,eee,eee,known,eee,0.9853836784409257,1.2268380305312106e-155,normal,0.9853836784409257,0
451,eee,eee,known,eee,0.9853836784409257,1.208906171376065e-155,normal,0.9853836784409257,0
452,eee,eee,known,eee,0.9853836784409257,1.191236410040483e-155,normal,0.9853836784409257,0
453,eee,eee,known,eee,0.9853836784409257,1.173824915618454e-155,normal,0.9853836784409257,0
454,eee,eee,known,eee,0.9853836784409257,1.1566679131977213e-155,normal,0.9853836784409257,0
455,eee,eed,known,eed,0.014007308160779537,1.620180389984628e-157,anomaly,0.014007308160779537,0
456,eed,edd,known,edd,0.5714285714285714,9.258173657055016e-158,normal,0.5714285714285714,0
457,edd,ddd,known,ddd,0.6956521739130435,6.4404686309947934e-158,normal,0.6956521739130435,0
458,ddd,ddd,known,ddd,0.7407407407407407,4.770717504440587e-158,normal,0.7407407407407407,0
459,ddd,ddd,known,ddd,0.7407407407407407,3.5338648181041385e-158,normal,0.7407407407407407,0
460,ddd,ddd,known,ddd,0.7407407407407407,2.6176776430401026e-158,normal,0.7407407407407407,0
461,ddd,dde,known,dde,0.2222222222222222,5.817061428978005e-159,normal,0.2222222222222222,0
462,dde,dee,known,dee,0.7391304347826086,4.299567143157656e-159,normal,0.7391304347826086,0
463,dee,eee,known,eee,0.8148148148148148,3.5033510055358677e-159,normal,0.8148148148148148,0
464,eee,eee,known,eee,0.9853836784409257,3.4521449007046493e-159,normal,0.9853836784409257,0
465,eee,eee,known,eee,0.9853836784409257,3.4016872407674313e-159,normal,0.9853836784409257,0
466,eee,eed,known,eed,0.014007308160779537,4.764848144802127e-161,anomaly,0.014007308160779537,0
467,eed,edd,known,edd,0.5714285714285714,2.722770368458358e-161,normal,0.5714285714285714,0
468,edd,ddd,known,ddd,0.6956521739130435,1.894101125884075e-161,normal,0.6956521739130435,0
469,ddd,ddd,known,ddd,0.7407407407407407,1.4030378710252406e-161,normal,0.7407407407407407,0
470,ddd,ddd,known,ddd,0.7407407407407407,1.0392873118705486e-161,normal,0.7407407407407407,0
471,ddd,dde,known,dde,0.2222222222222222,2.3095273597123303e-162,normal,0.2222222222222222,0
472,dde,dee,known,dee,0.7391304347826086,1.707041961526505e-162,normal,0.7391304347826086,0
473,dee,eee,known,eee,0.8148148148148148,1.3909230797623372e-162,normal,0.8148148148148148,0
474,eee,eee,known,eee,0.9853836784409257,1.370592900764593e-162,normal,0.9853836784409257,0
475,eee,eee,known,eee,0.9853836784409257,1.3505598742004331e-162,normal,0.9853836784409257,0
476,eee,eee,known,eee,0.9853836784409257,1.3308196567943367e-162,normal,0.9853836784409257,0
477,eee,eed,known,eed,0.014007308160779537,1.8641201039141136e-164,anomaly,0.014007308160779537,0
478,eed,edd,known,edd,0.5714285714285714,1.065211487950922e-164,normal,0.5714285714285714,0
479,edd,dde,known,dde,0.21739130434782608,2.315677147719396e-165,normal,0.21739130434782608,0
480,dde,ded,known,ded,0.21739130434782608,5.0340807559117297e-166,normal,0.21739130434782608,0
481,ded,edd,known,edd,0.5833333333333334,2.9365471076151756e-166,normal,0.5833333333333334,0
482,edd,dde,known,dde,0.21739130434782608,6.38379806003299e-167,normal,0.21739130434782608,0
483,dde,ded,known,ded,0.21739130434782608,1.3877821869636934e-167,normal,0.21739130434782608,0
484,ded,edd,known,edd,0.5833333333333334,8.095396090621545e-168,normal,0.5833333333333334,0
485,edd,ddd,known,ddd,0.6956521739130435,5.631579889128031e-168,normal,0.6956521739130435,0
486,ddd,ddd,known,ddd,0.7407407407407407,4.171540658613356e-168,normal,0.7407407407407407,0
487,ddd,ddd,known,ddd,0.7407407407407407,3.0900301174913747e-168,normal,0.7407407407407407,0
488,ddd,ddd,known,ddd,0.7407407407407407,2.288911198141759e-168,normal,0.7407407407407407,0
489,ddd,dde,known,dde,0.2222222222222222,5.086469329203908e-169,normal,0.2222222222222222,0
490,dde,ded,known,ded,0.21739130434782608,1.1057542020008496e-169,normal,0.21739130434782608,0
491,ded,ede,known,ede,0.4166666666666667,4.60730917500354e-170,normal,0.4166666666666667,0
492,ede,dee,known,dee,0.5882352941176471,2.7101818676491414e-170,normal,0.5882352941176471,0
493,dee,eee,known,eee,0.8148148148148148,2.208296336603004e-170,normal,0.8148148148148148,0
494,eee,eed,known,eed,0.014007308160779537,3.0932287297118816e-172,anomaly,0.014007308160779537,0
495,eed,edd,known,edd,0.5714285714285714,1.767559274121075e-172,normal,0.5714285714285714,0
496,edd,ddd,known,ddd,0.6956521739130435,1.229606451562487e-172,normal,0.6956521739130435,0
497,ddd,ddd,known,ddd,0.7407407407407407,9.108195937499902e-173,normal,0.7407407407407407,0
498,ddd,ddd,known,ddd,0.7407407407407407,6.746811805555483e-173,normal,0.7407407407407407,0
499,ddd,ddd,known,ddd,0.7407407407407407,4.9976383744855425e-173,normal,0.7407407407407407,0
500,ddd,ddd,known,ddd,0.7407407407407407,3.701954351470772e-173,normal,0.7407407407407407,0
501,ddd,ddd,known,ddd,0.7407407407407407,2.7421884084968678e-173,normal,0.7407407407407407,0
502,ddd,ddc,known,ddc,0.037037037037037035,1.0156253364803214e-174,anomaly,0.037037037037037035,0
503,ddc,dcd,known,dcd,0.4,4.0625013459212857e-175,normal,0.4,0
504,dcd,cdd,known,cdd,0.625,2.5390633412008035e-175,normal,0.625,0
505,cdd,ddd,known,ddd,0.4166666666666667,1.0579430588336681e-175,normal,0.4166666666666667,0
506,ddd,ddd,known,ddd,0.7407407407407407,7.836615250619763e-176,normal,0.7407407407407407,0
507,ddd,ddd,known,ddd,0.7407407407407407,5.8049001856442685e-176,normal,0.7407407407407407,0
508,ddd,ddd,known,ddd,0.7407407407407407,4.299926063440199e-176,normal,0.7407407407407407,0
509,ddd,ddd,known,ddd,0.7407407407407407,3.18513041736311e-176,normal,0.7407407407407407,0
510,ddd,ddd,known,ddd,0.7407407407407407,2.359355864713415e-176,normal,0.7407407407407407,0
511,ddd,ddd,known,ddd,0.7407407407407407,1.7476710108988257e-176,normal,0.7407407407407407,0
512,ddd,ddd,known,ddd,0.7407407407407407,1.2945711191843153e-176,normal,0.7407407407407407,0
513,ddd,dde,known,dde,0.2222222222222222,2.8768247092984784e-177,normal,0.2222222222222222,0
514,dde,dee,known,dee,0.7391304347826086,2.126348698177136e-177,normal,0.7391304347826086,0
515,dee,eed,known,eed,0.18518518518518517,3.937682774402104e-178,anomaly,0.18518518518518517,0
516,eed,edd,known,edd,0.5714285714285714,2.2501044425154878e-178,normal,0.5714285714285714,0
517,edd,ddd,known,ddd,0.6956521739130435,1.5652900469672957e-178,normal,0.6956521739130435,0
518,ddd,ddd,known,ddd,0.7407407407407407,1.1594741088646634e-178,normal,0.7407407407407407,0
519,ddd,ddd,known,ddd,0.7407407407407407,8.58869710270121e-179,normal,0.7407407407407407,0
520,ddd,ddd,known,ddd,0.7407407407407407,6.361997853852748e-179,normal,0.7407407407407407,0
521,ddd,ddd,known,ddd,0.7407407407407407,4.7125910028538875e-179,normal,0.7407407407407407,0
522,ddd,dde,known,dde,0.2222222222222222,1.0472424450786417e-179,normal,0.2222222222222222,0
523,dde,ded,known,ded,0.21739130434782608,2.2766140110405255e-180,normal,0.21739130434782608,0
524,ded,edd,known,edd,0.5833333333333334,1.32802483977364e-180,normal,0.5833333333333334,0
525,edd,ddc,known,ddc,0.08695652173913043,1.1548042084988174e-181,anomaly,0.08695652173913043,0
526,ddc,dcc,known,dcc,0.5,5.774021042494087e-182,normal,0.5,0
527,dcc,ccd,known,ccd,0.125,7.217526303117609e-183,anomaly,0.125,0
528,ccd,cdd,known,cdd,0.2727272727272727,1.9684162644866204e-183,normal,0.2727272727272727,0
529,cdd,dde,known,dde,0.0,1.9684162644866204e-187,anomaly,0.0,0
530,dde,ded,known,ded,0.21739130434782608,4.279165792362218e-188,normal,0.21739130434782608,0
531,ded,edc,unseen,edd,0.5833333333333334,2.4961800455446273e-188,normal,0.5833333333333334,1
532,edd,dcc,known,dcc,0.0,2.4961800455446273e-192,anomaly,0.0,0
533,dcc,ccc,known,ccc,0.8125,2.02814628700501e-192,normal,0.8125,0
534,ccc,ccd,known,ccd,0.1111111111111111,2.253495874450011e-193,anomaly,0.1111111111111111,0
535,ccd,cdd,known,cdd,0.2727272727272727,6.14589783940912e-194,normal,0.2727272727272727,0
536,cdd,ddd,known,ddd,0.4166666666666667,2.5607907664204667e-194,normal,0.4166666666666667,0
537,ddd,ddd,known,ddd,0.7407407407407407,1.8968820492003455e-194,normal,0.7407407407407407,0
538,ddd,ddd,known,ddd,0.7407407407407407,1.405097814222478e-194,normal,0.7407407407407407,0
539,ddd,ddc,known,ddc,0.037037037037037035,5.20406597860177e-196,anomaly,0.037037037037037035,0
540,ddc,dcd,known,dcd,0.4,2.081626391440708e-196,normal,0.4,0
541,dcd,cdd,known,cdd,0.625,1.3010164946504425e-196,normal,0.625,0
542,cdd,ddd,known,ddd,0.4166666666666667,5.420902061043511e-197,normal,0.4166666666666667,0
543,ddd,dde,known,dde,0.2222222222222222,1.2046449024541134e-197,normal,0.2222222222222222,0
544,dde,dee,known,dee,0.7391304347826086,8.90389710509562e-198,normal,0.7391304347826086,0
545,dee,eed,known,eed,0.18518518518518517,1.6488698342769666e-198,anomaly,0.18518518518518517,0
546,eed,edd,known,edd,0.5714285714285714,9.422113338725522e-199,normal,0.5714285714285714,0
547,edd,dde,known,dde,0.21739130434782608,2.0482855084185917e-199,normal,0.21739130434782608,0
548,dde,ded,known,ded,0.21739130434782608,4.4527945835186777e-200,normal,0.21739130434782608,0
549,ded,ede,known,ede,0.4166666666666667,1.8553310764661158e-200,normal,0.4166666666666667,0
550,ede,dee,known,dee,0.5882352941176471,1.0913712214506563e-200,normal,0.5882352941176471,0
551,dee,eee,known,eee,0.8148148148148148,8.892654397005348e-201,normal,0.8148148148148148,0
552,eee,eee,known,eee,0.9853836784409257,8.762676500825002e-201,normal,0.9853836784409257,0
553,eee,eee,known,eee,0.9853836784409257,8.634598403370799e-201,normal,0.9853836784409257,0
554,eee,eee,known,eee,0.9853836784409257,8.508392336573661e-201,normal,0.9853836784409257,0
555,eee,eee,known,eee,0.9853836784409257,8.384030938231537e-201,normal,0.9853836784409257,0
556,eee,eee,known,eee,0.9853836784409257,8.261487246077117e-201,normal,0.9853836784409257,0
557,eee,eee,known,eee,0.9853836784409257,8.140734691932262e-201,normal,0.9853836784409257,0
558,eee,eed,known,eed,0.014007308160779537,1.1402977948504386e-202,anomaly,0.014007308160779537,0
559,eed,edd,known,edd,0.5714285714285714,6.515987399145363e-203,normal,0.5714285714285714,0
560,edd,ddd,known,ddd,0.6956521739130435,4.5328607994054703e-203,normal,0.6956521739130435,0
561,ddd,ddd,known,ddd,0.7407407407407407,3.357674666226274e-203,normal,0.7407407407407407,0
562,ddd,ddd,known,ddd,0.7407407407407407,2.4871664194268696e-203,normal,0.7407407407407407,0
563,ddd,ddd,known,ddd,0.7407407407407407,1.842345495871755e-203,normal,0.7407407407407407,0
564,ddd,ddd,known,ddd,0.7407407407407407,1.364700367312411e-203,normal,0.7407407407407407,0
565,ddd,ddd,known,ddd,0.7407407407407407,1.0108891609721561e-203,normal,0.7407407407407407,0
566,ddd,dde,known,dde,0.2222222222222222,2.2464203577159025e-204,normal,0.2222222222222222,0
567,dde,ded,known,ded,0.21739130434782608,4.883522516773701e-205,normal,0.21739130434782608,0
568,ded,edd,known,edd,0.5833333333333334,2.8487214681179926e-205,normal,0.5833333333333334,0
569,edd,ddd,known,ddd,0.6956521739130435,1.9817192821690384e-205,normal,0.6956521739130435,0
570,ddd,ddd,known,ddd,0.7407407407407407,1.4679402090141025e-205,normal,0.7407407407407407,0
571,ddd,ddd,known,ddd,0.7407407407407407,1.087363117788224e-205,normal,0.7407407407407407,0
572,ddd,ddd,known,ddd,0.7407407407407407,8.054541613246104e-206,normal,0.7407407407407407,0
573,ddd,dde,known,dde,0.2222222222222222,1.789898136276912e-206,normal,0.2222222222222222,0
574,dde,ded,known,ded,0.21739130434782608,3.8910829049498086e-207,normal,0.21739130434782608,0
575,ded,ede,known,ede,0.4166666666666667,1.621284543729087e-207,normal,0.4166666666666667,0
576,ede,ded,known,ded,0.4117647058823529,6.6758775330021225e-208,normal,0.4117647058823529,0
577,ded,edd,known,edd,0.5833333333333334,3.894261894251238e-208,normal,0.5833333333333334,0
578,edd,ddd,known,ddd,0.6956521739130435,2.7090517525226005e-208,normal,0.6956521739130435,0
579,ddd,ddd,known,ddd,0.7407407407407407,2.006705001868593e-208,normal,0.7407407407407407,0
580,ddd,ddd,known,ddd,0.7407407407407407,1.486448149532291e-208,normal,0.7407407407407407,0
581,ddd,ddd,known,ddd,0.7407407407407407,1.1010727033572525e-208,normal,0.7407407407407407,0
582,ddd,ddd,known,ddd,0.7407407407407407,8.156094098942611e-209,normal,0.7407407407407407,0
583,ddd,ddc,known,ddc,0.037037037037037035,3.0207755922009668e-210,anomaly,0.037037037037037035,0
584,ddc,dcd,known,dcd,0.4,1.2083102368803868e-210,normal,0.4,0
585,dcd,cdc,known,cdc,0.375,4.53116338830145e-211,normal,0.375,0
586,cdc,dcd,known,dcd,0.23529411764705882,1.0661560913650472e-211,normal,0.23529411764705882,0
587,dcd,cdc,known,cdc,0.375,3.998085342618927e-212,normal,0.375,0
588,cdc,dcd,known,dcd,0.23529411764705882,9.407259629691593e-213,normal,0.23529411764705882,0
589,dcd,cdd,known,cdd,0.625,5.879537268557246e-213,normal,0.625,0
590,cdd,ddd,known,ddd,0.4166666666666667,2.4498071952321858e-213,normal,0.4166666666666667,0
591,ddd,ddd,known,ddd,0.7407407407407407,1.8146719964682856e-213,normal,0.7407407407407407,0
592,ddd,ddd,known,ddd,0.7407407407407407,1.3442014788653967e-213,normal,0.7407407407407407,0
593,ddd,ddd,known,ddd,0.7407407407407407,9.95704799159553e-214,normal,0.7407407407407407,0
594,ddd,ddd,known,ddd,0.7407407407407407,7.3755911048855775e-214,normal,0.7407407407407407,0
595,ddd,ddc,known,ddc,0.037037037037037035,2.73170040921688e-215,anomaly,0.037037037037037035,0
596,ddc,dcc,known,dcc,0.5,1.36585020460844e-215,normal,0.5,0
597,dcc,ccc,known,ccc,0.8125,1.1097532912443575e-215,normal,0.8125,0
598,ccc,ccd,known,ccd,0.1111111111111111,1.2330592124937305e-216,anomaly,0.1111111111111111,0
599,ccd,cdd,known,cdd,0.2727272727272727,3.3628887613465376e-217,normal,0.2727272727272727,0
600,cdd,ddd,known,ddd,0.4166666666666667,1.4012036505610573e-217,normal,0.4166666666666667,0
601,ddd,ddd,known,ddd,0.7407407407407407,1.0379286300452276e-217,normal,0.7407407407407407,0
602,ddd,ddd,known,ddd,0.7407407407407407,7.688360222557241e-218,normal,0.7407407407407407,0
603,ddd,ddc,known,ddc,0.037037037037037035,2.8475408231693487e-219,anomaly,0.037037037037037035,0
604,ddc,dcd,known,dcd,0.4,1.1390163292677396e-219,normal,0.4,0
605,dcd,cdc,known,cdc,0.375,4.271311234754023e-220,normal,0.375,0
606,cdc,dcc,known,dcc,0.4117647058823529,1.75877521431048e-220,normal,0.4117647058823529,0
607,dcc,ccc,known,ccc,0.8125,1.429004861627265e-220,normal,0.8125,0
608,ccc,ccd,known,ccd,0.1111111111111111,1.58778317958585e-221,anomaly,0.1111111111111111,0
609,ccd,cdd,known,cdd,0.2727272727272727,4.330317762506863e-222,normal,0.2727272727272727,0
610,cdd,ddd,known,ddd,0.4166666666666667,1.804299067711193e-222,normal,0.4166666666666667,0
611,ddd,ddc,known,ddc,0.037037037037037035,6.6825891396710855e-224,anomaly,0.037037037037037035,0
612,ddc,dcc,known,dcc,0.5,3.3412945698355427e-224,normal,0.5,0
613,dcc,ccc,known,ccc,0.8125,2.7148018379913784e-224,normal,0.8125,0
614,ccc,ccc,known,ccc,0.5277777777777778,1.4328120811621163e-224,normal,0.5277777777777778,0
615,ccc,ccd,known,ccd,0.1111111111111111,1.5920134235134625e-225,anomaly,0.1111111111111111,0
616,ccd,cdd,known,cdd,0.2727272727272727,4.341854791400352e-226,normal,0.2727272727272727,0
617,cdd,ddd,known,ddd,0.4166666666666667,1.80910616308348e-226,normal,0.4166666666666667,0
618,ddd,ddd,known,ddd,0.7407407407407407,1.3400786393210962e-226,normal,0.7407407407407407,0
619,ddd,ddd,known,ddd,0.7407407407407407,9.926508439415527e-227,normal,0.7407407407407407,0
620,ddd,ddd,known,ddd,0.7407407407407407,7.3529692143818715e-227,normal,0.7407407407407407,0
621,ddd,ddd,known,ddd,0.7407407407407407,5.446643862505089e-227,normal,0.7407407407407407,0
622,ddd,ddd,known,ddd,0.7407407407407407,4.034551009263029e-227,normal,0.7407407407407407,0
623,ddd,ddd,known,ddd,0.7407407407407407,2.988556303157799e-227,normal,0.7407407407407407,0
624,ddd,ddd,known,ddd,0.7407407407407407,2.2137454097465176e-227,normal,0.7407407407407407,0
625,ddd,ddd,known,ddd,0.7407407407407407,1.63981141462705e-227,normal,0.7407407407407407,0
626,ddd,ddd,known,ddd,0.7407407407407407,1.2146751219459627e-227,normal,0.7407407407407407,0
627,ddd,ddd,known,ddd,0.7407407407407407,8.99759349589602e-228,normal,0.7407407407407407,0
628,ddd,dde,known,dde,0.2222222222222222,1.9994652213102265e-228,normal,0.2222222222222222,0
629,dde,ded,known,ded,0.21739130434782608,4.346663524587449e-229,normal,0.21739130434782608,0
630,ded,edd,known,edd,0.5833333333333334,2.5355537226760123e-229,normal,0.5833333333333334,0
631,edd,ddd,known,ddd,0.6956521739130435,1.763863459252878e-229,normal,0.6956521739130435,0
632,ddd,ddd,known,ddd,0.7407407407407407,1.3065655253725023e-229,normal,0.7407407407407407,0
633,ddd,ddd,known,ddd,0.7407407407407407,9.678263150907424e-230,normal,0.7407407407407407,0
634,ddd,ddd,known,ddd,0.7407407407407407,7.16908381548698e-230,normal,0.7407407407407407,0
635,ddd,ddd,known,ddd,0.7407407407407407,5.310432455916281e-230,normal,0.7407407407407407,0
636,ddd,ddd,known,ddd,0.7407407407407407,3.933653671049097e-230,normal,0.7407407407407407,0
637,ddd,ddd,known,ddd,0.7407407407407407,2.913817534110442e-230,normal,0.7407407407407407,0
638,ddd,ddd,known,ddd,0.7407407407407407,2.1583833586003274e-230,normal,0.7407407407407407,0
639,ddd,ddd,known,ddd,0.7407407407407407,1.5988024878520942e-230,normal,0.7407407407407407,0
640,ddd,ddd,known,ddd,0.7407407407407407,1.1842981391496992e-230,normal,0.7407407407407407,0
641,ddd,ddc,known,ddc,0.037037037037037035,4.386289404258145e-232,anomaly,0.037037037037037035,0
642,ddc,dcd,known,dcd,0.4,1.7545157617032583e-232,normal,0.4,0
643,dcd,cdd,known,cdd,0.625,1.0965723510645365e-232,normal,0.625,0
644,cdd,ddc,known,ddc,0.4166666666666667,4.569051462768902e-233,normal,0.4166666666666667,0
645,ddc,dcd,known,dcd,0.4,1.827620585107561e-233,normal,0.4,0
646,dcd,cdd,known,cdd,0.625,1.1422628656922258e-233,normal,0.625,0
647,cdd,ddd,known,ddd,0.4166666666666667,4.759428607050941e-234,normal,0.4166666666666667,0
648,ddd,ddd,known,ddd,0.7407407407407407,3.525502671889586e-234,normal,0.7407407407407407,0
649,ddd,ddd,known,ddd,0.7407407407407407,2.6114834606589524e-234,normal,0.7407407407407407,0
650,ddd,ddd,known,ddd,0.7407407407407407,1.9344321930807054e-234,normal,0.7407407407407407,0
651,ddd,ddd,known,ddd,0.7407407407407407,1.4329127356153373e-234,normal,0.7407407407407407,0
652,ddd,ddd,known,ddd,0.7407407407407407,1.0614168411965461e-234,normal,0.7407407407407407,0
653,ddd,ddd,known,ddd,0.7407407407407407,7.862346971826268e-235,normal,0.7407407407407407,0
654,ddd,ddd,known,ddd,0.7407407407407407,5.823960719871309e-235,normal,0.7407407407407407,0
655,ddd,ddd,known,ddd,0.7407407407407407,4.3140449776824506e-235,normal,0.7407407407407407,0
656,ddd,ddc,known,ddc,0.037037037037037035,1.5977944361786854e-236,anomaly,0.037037037037037035,0
657,ddc,dcd,known,dcd,0.4,6.391177744714742e-237,normal,0.4,0
658,dcd,cdc,known,cdc,0.375,2.3966916542680284e-237,normal,0.375,0
659,cdc,dcc,known,dcc,0.4117647058823529,9.868730341103646e-238,normal,0.4117647058823529,0
660,dcc,ccc,known,ccc,0.8125,8.018343402146713e-238,normal,0.8125,0
661,ccc,ccd,known,ccd,0.1111111111111111,8.909270446829681e-239,anomaly,0.1111111111111111,0
662,ccd,cdc,known,cdc,0.6363636363636364,5.669535738891615e-239,normal,0.6363636363636364,0
663,cdc,dcd,known,dcd,0.23529411764705882,1.3340084091509682e-239,normal,0.23529411764705882,0
664,dcd,cdd,known,cdd,0.625,8.337552557193551e-240,normal,0.625,0
665,cdd,ddd,known,ddd,0.4166666666666667,3.4739802321639795e-240,normal,0.4166666666666667,0
666,ddd,ddd,known,ddd,0.7407407407407407,2.5733186904918365e-240,normal,0.7407407407407407,0
667,ddd,ddd,known,ddd,0.7407407407407407,1.9061619929569158e-240,normal,0.7407407407407407,0
668,ddd,ddc,known,ddc,0.037037037037037035,7.059859233173762e-242,anomaly,0.037037037037037035,0
669,ddc,dcc,known,dcc,0.5,3.529929616586881e-242,normal,0.5,0
670,dcc,ccd,known,ccd,0.125,4.412412020733601e-243,anomaly,0.125,0
671,ccd,cdd,known,cdd,0.2727272727272727,1.2033850965637092e-243,normal,0.2727272727272727,0
672,cdd,ddd,known,ddd,0.4166666666666667,5.014104569015455e-244,normal,0.4166666666666667,0
673,ddd,ddd,known,ddd,0.7407407407407407,3.714151532604041e-244,normal,0.7407407407407407,0
674,ddd,ddc,known,ddc,0.037037037037037035,1.3756116787422372e-245,anomaly,0.037037037037037035,0
675,ddc,dcc,known,dcc,0.5,6.878058393711186e-246,normal,0.5,0
676,dcc,ccd,known,ccd,0.125,8.597572992138983e-247,anomaly,0.125,0
677,ccd,cdc,known,cdc,0.6363636363636364,5.4711828131793525e-247,normal,0.6363636363636364,0
678,cdc,dcd,known,dcd,0.23529411764705882,1.2873371325127888e-247,normal,0.23529411764705882,0
679,dcd,cdd,known,cdd,0.625,8.04585707820493e-248,normal,0.625,0
680,cdd,ddc,known,ddc,0.4166666666666667,3.352440449252054e-248,normal,0.4166666666666667,0
681,ddc,dcc,known,dcc,0.5,1.676220224626027e-248,normal,0.5,0
682,dcc,ccc,known,ccc,0.8125,1.361928932508647e-248,normal,0.8125,0
683,ccc,ccd,known,ccd,0.1111111111111111,1.513254369454052e-249,anomaly,0.1111111111111111,0
684,ccd,cdd,known,cdd,0.2727272727272727,4.1270573712383236e-250,normal,0.2727272727272727,0
685,cdd,ddc,known,ddc,0.4166666666666667,1.7196072380159682e-250,normal,0.4166666666666667,0
686,ddc,dcd,known,dcd,0.4,6.878428952063873e-251,normal,0.4,0
687,dcd,cdd,known,cdd,0.625,4.2990180950399205e-251,normal,0.625,0
688,cdd,ddd,known,ddd,0.4166666666666667,1.791257539599967e-251,normal,0.4166666666666667,0
689,ddd,ddd,known,ddd,0.7407407407407407,1.326857436740716e-251,normal,0.7407407407407407,0
690,ddd,ddd,known,ddd,0.7407407407407407,9.828573605486784e-252,normal,0.7407407407407407,0
691,ddd,ddd,known,ddd,0.7407407407407407,7.280424892953174e-252,normal,0.7407407407407407,0
692,ddd,ddd,known,ddd,0.7407407407407407,5.392907328113462e-252,normal,0.7407407407407407,0
693,ddd,ddd,known,ddd,0.7407407407407407,3.994746168972934e-252,normal,0.7407407407407407,0
694,ddd,ddd,known,ddd,0.7407407407407407,2.959071236276247e-252,normal,0.7407407407407407,0
695,ddd,ddd,known,ddd,0.7407407407407407,2.1919046194638867e-252,normal,0.7407407407407407,0
696,ddd,ddd,known,ddd,0.7407407407407407,1.623633051454731e-252,normal,0.7407407407407407,0
697,ddd,ddd,known,ddd,0.7407407407407407,1.2026911492257265e-252,normal,0.7407407407407407,0
698,ddd,ddd,known,ddd,0.7407407407407407,8.908823327597973e-253,normal,0.7407407407407407,0
699,ddd,ddd,known,ddd,0.7407407407407407,6.599128390813313e-253,normal,0.7407407407407407,0
700,ddd,ddd,known,ddd,0.7407407407407407,4.888243252454306e-253,normal,0.7407407407407407,0
701,ddd,dde,known,dde,0.2222222222222222,1.086276278323179e-253,normal,0.2222222222222222,0
702,dde,ded,known,ded,0.21739130434782608,2.3614701702677804e-254,normal,0.21739130434782608,0
703,ded,edd,known,edd,0.5833333333333334,1.3775242659895386e-254,normal,0.5833333333333334,0
704,edd,ddd,known,ddd,0.6956521739130435,9.58277750253592e-255,normal,0.6956521739130435,0
705,ddd,ddd,known,ddd,0.7407407407407407,7.098353705582162e-255,normal,0.7407407407407407,0
706,ddd,ddd,known,ddd,0.7407407407407407,5.2580397819127125e-255,normal,0.7407407407407407,0
707,ddd,dde,known,dde,0.2222222222222222,1.1684532848694917e-255,normal,0.2222222222222222,0
708,dde,ded,known,ded,0.21739130434782608,2.5401158366728078e-256,normal,0.21739130434782608,0
709,ded,edd,known,edd,0.5833333333333334,1.481734238059138e-256,normal,0.5833333333333334,0
710,edd,ddd,known,ddd,0.6956521739130435,1.0307716438672264e-256,normal,0.6956521739130435,0
711,ddd,ddd,known,ddd,0.7407407407407407,7.635345510127603e-257,normal,0.7407407407407407,0
712,ddd,ddd,known,ddd,0.7407407407407407,5.655811488983409e-257,normal,0.7407407407407407,0
713,ddd,ddd,known,ddd,0.7407407407407407,4.189489991839562e-257,normal,0.7407407407407407,0
714,ddd,ddd,known,ddd,0.7407407407407407,3.103325919881157e-257,normal,0.7407407407407407,0
715,ddd,ddd,known,ddd,0.7407407407407407,2.2987599406527088e-257,normal,0.7407407407407407,0
716,ddd,ddd,known,ddd,0.7407407407407407,1.7027851412242287e-257,normal,0.7407407407407407,0
717,ddd,ddd,known,ddd,0.7407407407407407,1.2613223268327619e-257,normal,0.7407407407407407,0
718,ddd,ddd,known,ddd,0.7407407407407407,9.343128346909347e-258,normal,0.7407407407407407,0
719,ddd,ddd,known,ddd,0.7407407407407407,6.920835812525441e-258,normal,0.7407407407407407,0
720,ddd,ddd,known,ddd,0.7407407407407407,5.126545046315141e-258,normal,0.7407407407407407,0
721,ddd,ddd,known,ddd,0.7407407407407407,3.7974407750482524e-258,normal,0.7407407407407407,0
722,ddd,ddd,known,ddd,0.7407407407407407,2.812919092628335e-258,normal,0.7407407407407407,0
723,ddd,ddc,known,ddc,0.037037037037037035,1.0418218861586425e-259,anomaly,0.037037037037037035,0
724,ddc,dcd,known,dcd,0.4,4.167287544634571e-260,normal,0.4,0
725,dcd,cdd,known,cdd,0.625,2.6045547153966067e-260,normal,0.625,0
726,cdd,ddd,known,ddd,0.4166666666666667,1.0852311314152529e-260,normal,0.4166666666666667,0
727,ddd,ddd,known,ddd,0.7407407407407407,8.038749121594466e-261,normal,0.7407407407407407,0
728,ddd,ddd,known,ddd,0.7407407407407407,5.954628978958863e-261,normal,0.7407407407407407,0
729,ddd,ddd,known,ddd,0.7407407407407407,4.410836280710269e-261,normal,0.7407407407407407,0
730,ddd,ddd,known,ddd,0.7407407407407407,3.2672861338594583e-261,normal,0.7407407407407407,0
731,ddd,ddd,known,ddd,0.7407407407407407,2.420211951007006e-261,normal,0.7407407407407407,0
732,ddd,ddd,known,ddd,0.7407407407407407,1.7927495933385228e-261,normal,0.7407407407407407,0
733,ddd,dde,known,dde,0.2222222222222222,3.983887985196717e-262,normal,0.2222222222222222,0
734,dde,dee,known,dee,0.7391304347826086,2.94461285862366e-262,normal,0.7391304347826086,0
735,dee,eee,known,eee,0.8148148148148148,2.39931418110076e-262,normal,0.8148148148148148,0
736,eee,eed,known,eed,0.014007308160779537,3.3607933109206748e-264,anomaly,0.014007308160779537,0
737,eed,edd,known,edd,0.5714285714285714,1.9204533205260998e-264,normal,0.5714285714285714,0
738,edd,ddd,known,ddd,0.6956521739130435,1.3359675273225042e-264,normal,0.6956521739130435,0
739,ddd,ddd,known,ddd,0.7407407407407407,9.896055757944475e-265,normal,0.7407407407407407,0
740,ddd,ddd,known,ddd,0.7407407407407407,7.330411672551463e-265,normal,0.7407407407407407,0
741,ddd,ddc,known,ddc,0.037037037037037035,2.7149672861301715e-266,anomaly,0.037037037037037035,0
742,ddc,dcd,known,dcd,0.4,1.0859869144520686e-266,normal,0.4,0
743,dcd,cdd,known,cdd,0.625,6.787418215325429e-267,normal,0.625,0
744,cdd,ddd,known,ddd,0.4166666666666667,2.828090923052262e-267,normal,0.4166666666666667,0
745,ddd,ddd,known,ddd,0.7407407407407407,2.0948821652238976e-267,normal,0.7407407407407407,0
746,ddd,ddc,known,ddc,0.037037037037037035,7.758822834162584e-269,anomaly,0.037037037037037035,0
747,ddc,dcd,known,dcd,0.4,3.103529133665034e-269,normal,0.4,0
748,dcd,cdd,known,cdd,0.625,1.9397057085406462e-269,normal,0.625,0
749,cdd,dde,known,dde,0.0,1.9397057085406464e-273,anomaly,0.0,0
750,dde,dee,known,dee,0.7391304347826086,1.433695523703956e-273,normal,0.7391304347826086,0
751,dee,eed,known,eed,0.18518518518518517,2.6549917105628815e-274,anomaly,0.18518518518518517,0
752,eed,edd,known,edd,0.5714285714285714,1.5171381203216466e-274,normal,0.5714285714285714,0
753,edd,ddd,known,ddd,0.6956521739130435,1.055400431528102e-274,normal,0.6956521739130435,0
754,ddd,ddd,known,ddd,0.7407407407407407,7.817780974282236e-275,normal,0.7407407407407407,0
755,ddd,dde,known,dde,0.2222222222222222,1.737284660951608e-275,normal,0.2222222222222222,0
756,dde,ded,known,ded,0.21739130434782608,3.776705784677409e-276,normal,0.21739130434782608,0
757,ded,edd,known,edd,0.5833333333333334,2.2030783743951555e-276,normal,0.5833333333333334,0
758,edd,ddd,known,ddd,0.6956521739130435,1.5325762604488038e-276,normal,0.6956521739130435,0
759,ddd,ddd,known,ddd,0.7407407407407407,1.1352416744065214e-276,normal,0.7407407407407407,0
760,ddd,ddd,known,ddd,0.7407407407407407,8.409197588196454e-277,normal,0.7407407407407407,0
761,ddd,ddd,known,ddd,0.7407407407407407,6.229035250515892e-277,normal,0.7407407407407407,0
762,ddd,dde,known,dde,0.2222222222222222,1.384230055670198e-277,normal,0.2222222222222222,0
763,dde,ded,known,ded,0.21739130434782608,3.0091957731960826e-278,normal,0.21739130434782608,0
764,ded,edd,known,edd,0.5833333333333334,1.7553642010310484e-278,normal,0.5833333333333334,0
765,edd,dde,known,dde,0.21739130434782608,3.816009132676192e-279,normal,0.21739130434782608,0
766,dde,ded,known,ded,0.21739130434782608,8.295672027556939e-280,normal,0.21739130434782608,0
767,ded,edd,known,edd,0.5833333333333334,4.839142016074881e-280,normal,0.5833333333333334,0
768,edd,ddd,known,ddd,0.6956521739130435,3.366359663356439e-280,normal,0.6956521739130435,0
769,ddd,ddc,known,ddc,0.037037037037037035,1.2467998753171997e-281,anomaly,0.037037037037037035,0
770,ddc,dcd,known,dcd,0.4,4.987199501268799e-282,normal,0.4,0
771,dcd,cdd,known,cdd,0.625,3.1169996882929992e-282,normal,0.625,0
772,cdd,ddd,known,ddd,0.4166666666666667,1.298749870122083e-282,normal,0.4166666666666667,0
773,ddd,ddd,known,ddd,0.7407407407407407,9.620369408311726e-283,normal,0.7407407407407407,0
774,ddd,dde,known,dde,0.2222222222222222,2.1378598685137168e-283,normal,0.2222222222222222,0
775,dde,ded,known,ded,0.21739130434782608,4.647521453290689e-284,normal,0.21739130434782608,0
776,ded,edd,known,edd,0.5833333333333334,2.711054181086235e-284,normal,0.5833333333333334,0
777,edd,ddd,known,ddd,0.6956521739130435,1.885950734668685e-284,normal,0.6956521739130435,0
778,ddd,ddd,known,ddd,0.7407407407407407,1.397000544199026e-284,normal,0.7407407407407407,0
779,ddd,ddd,known,ddd,0.7407407407407407,1.0348152179252044e-284,normal,0.7407407407407407,0
780,ddd,ddd,known,ddd,0.7407407407407407,7.665297910557069e-285,normal,0.7407407407407407,0
781,ddd,ddd,known,ddd,0.7407407407407407,5.677998452264495e-285,normal,0.7407407407407407,0
782,ddd,ddd,known,ddd,0.7407407407407407,4.205924779455181e-285,normal,0.7407407407407407,0
783,ddd,ddd,known,ddd,0.7407407407407407,3.1154998366334674e-285,normal,0.7407407407407407,0
784,ddd,ddd,known,ddd,0.7407407407407407,2.307777656765531e-285,normal,0.7407407407407407,0
785,ddd,ddd,known,ddd,0.7407407407407407,1.7094649309374305e-285,normal,0.7407407407407407,0
786,ddd,ddc,known,ddc,0.037037037037037035,6.331351596064557e-287,anomaly,0.037037037037037035,0
787,ddc,dcd,known,dcd,0.4,2.532540638425823e-287,normal,0.4,0
788,dcd,cdc,known,cdc,0.375,9.497027394096836e-288,normal,0.375,0
789,cdc,dcd,known,dcd,0.23529411764705882,2.2345946809639613e-288,normal,0.23529411764705882,0
790,dcd,cdd,known,cdd,0.625,1.3966216756024759e-288,normal,0.625,0
791,cdd,ddd,known,ddd,0.4166666666666667,5.819256981676983e-289,normal,0.4166666666666667,0
792,ddd,ddd,known,ddd,0.7407407407407407,4.310560727168135e-289,normal,0.7407407407407407,0
793,ddd,ddd,known,ddd,0.7407407407407407,3.1930079460504703e-289,normal,0.7407407407407407,0
794,ddd,ddd,known,ddd,0.7407407407407407,2.3651910711484965e-289,normal,0.7407407407407407,0
795,ddd,ddc,known,ddc,0.037037037037037035,8.759966930179616e-291,anomaly,0.037037037037037035,0
796,ddc,dcc,known,dcc,0.5,4.379983465089808e-291,normal,0.5,0
797,dcc,ccd,known,ccd,0.125,5.47497933136226e-292,anomaly,0.125,0
798,ccd,cdd,known,cdd,0.2727272727272727,1.4931761812806163e-292,normal,0.2727272727272727,0
799,cdd,ddd,known,ddd,0.4166666666666667,6.221567422002568e-293,normal,0.4166666666666667,0
800,ddd,ddd,known,ddd,0.7407407407407407,4.608568460742643e-293,normal,0.7407407407407407,0
801,ddd,ddd,known,ddd,0.7407407407407407,3.413754415364921e-293,normal,0.7407407407407407,0
802,ddd,ddd,known,ddd,0.7407407407407407,2.5287069743443854e-293,normal,0.7407407407407407,0
803,ddd,ddd,known,ddd,0.7407407407407407,1.873116277292137e-293,normal,0.7407407407407407,0
804,ddd,dde,known,dde,0.2222222222222222,4.162480616204749e-294,normal,0.2222222222222222,0
805,dde,ded,known,ded,0.21739130434782608,9.048870904792933e-295,normal,0.21739130434782608,0
806,ded,edd,known,edd,0.5833333333333334,5.2785080277958785e-295,normal,0.5833333333333334,0
807,edd,ddd,known,ddd,0.6956521739130435,3.6720055845536544e-295,normal,0.6956521739130435,0
808,ddd,ddd,known,ddd,0.7407407407407407,2.7200041367064103e-295,normal,0.7407407407407407,0
809,ddd,dde,known,dde,0.2222222222222222,6.044453637125356e-296,normal,0.2222222222222222,0
810,dde,dee,known,dee,0.7391304347826086,4.4676396448317846e-296,normal,0.7391304347826086,0
811,dee,eee,known,eee,0.8148148148148148,3.6402989698629356e-296,normal,0.8148148148148148,0
812,eee,eee,known,eee,0.9853836784409257,3.587091189548252e-296,normal,0.9853836784409257,0
813,eee,eee,known,eee,0.9853836784409257,3.534661111260092e-296,normal,0.9853836784409257,0
814,eee,eed,known,eed,0.014007308160779537,4.951108742934355e-298,anomaly,0.014007308160779537,0
815,eed,edd,known,edd,0.5714285714285714,2.8292049959624886e-298,normal,0.5714285714285714,0
816,edd,ddd,known,ddd,0.6956521739130435,1.9681426058869487e-298,normal,0.6956521739130435,0
817,ddd,ddd,known,ddd,0.7407407407407407,1.4578834117681102e-298,normal,0.7407407407407407,0
818,ddd,ddd,known,ddd,0.7407407407407407,1.0799136383467482e-298,normal,0.7407407407407407,0
819,ddd,ddd,known,ddd,0.7407407407407407,7.999360284049986e-299,normal,0.7407407407407407,0
820,ddd,dde,known,dde,0.2222222222222222,1.7776356186777748e-299,normal,0.2222222222222222,0
821,dde,dee,known,dee,0.7391304347826086,1.313904587718355e-299,normal,0.7391304347826086,0
822,dee,eee,known,eee,0.8148148148148148,1.070588923326067e-299,normal,0.8148148148148148,0
823,eee,eed,known,eed,0.014007308160779537,1.4996068962545397e-301,anomaly,0.014007308160779537,0
824,eed,ede,known,ede,0.42857142857142855,6.426886698233741e-302,normal,0.42857142857142855,0
825,ede,dee,known,dee,0.5882352941176471,3.780521587196318e-302,normal,0.5882352941176471,0
826,dee,eee,known,eee,0.8148148148148148,3.0804249969747776e-302,normal,0.8148148148148148,0
827,eee,eed,known,eed,0.014007308160779537,4.314846219879408e-304,anomaly,0.014007308160779537,0
828,eed,edd,known,edd,0.5714285714285714,2.4656264113596616e-304,normal,0.5714285714285714,0
829,edd,ddd,known,ddd,0.6956521739130435,1.7152183731197646e-304,normal,0.6956521739130435,0
830,ddd,ddd,known,ddd,0.7407407407407407,1.2705321282368627e-304,normal,0.7407407407407407,0
831,ddd,ddd,known,ddd,0.7407407407407407,9.411349098050833e-305,normal,0.7407407407407407,0
832,ddd,ddd,known,ddd,0.7407407407407407,6.971369702259876e-305,normal,0.7407407407407407,0
833,ddd,ddd,known,ddd,0.7407407407407407,5.163977557229538e-305,normal,0.7407407407407407,0
834,ddd,ddc,known,ddc,0.037037037037037035,1.9125842804553843e-306,anomaly,0.037037037037037035,0
835,ddc,dcc,known,dcc,0.5,9.562921402276921e-307,normal,0.5,0
836,dcc,ccc,known,ccc,0.8125,7.769873639349999e-307,normal,0.8125,0
837,ccc,ccd,known,ccd,0.1111111111111111,8.63319293261111e-308,anomaly,0.1111111111111111,0
838,ccd,cdd,known,cdd,0.2727272727272727,2.3545071634393934e-308,normal,0.2727272727272727,0
839,cdd,ddd,known,ddd,0.4166666666666667,9.810446514330804e-309,normal,0.4166666666666667,0
840,ddd,ddd,known,ddd,0.7407407407407407,7.26699741802282e-309,normal,0.7407407407407407,0
841,ddd,ddd,known,ddd,0.7407407407407407,5.382961050387275e-309,normal,0.7407407407407407,0
842,ddd,ddd,known,ddd,0.7407407407407407,3.987378555842425e-309,normal,0.7407407407407407,0
843,ddd,dde,known,dde,0.2222222222222222,8.86084123520537e-310,normal,0.2222222222222222,0
844,dde,ded,known,ded,0.21739130434782608,1.92626983374027e-310,normal,0.21739130434782608,0
845,ded,ede,known,ede,0.4166666666666667,8.026124307251e-311,normal,0.4166666666666667,0
846,ede,ded,known,ded,0.4117647058823529,3.30487471475e-311,normal,0.4117647058823529,0
847,ded,edd,known,edd,0.5833333333333334,1.9278435836045e-311,normal,0.5833333333333334,0
848,edd,ddd,known,ddd,0.6956521739130435,1.341108579899e-311,normal,0.6956521739130435,0
849,ddd,ddc,known,ddc,0.037037037037037035,4.96706881446e-313,anomaly,0.037037037037037035,0
850,ddc,dcc,known,dcc,0.5,2.48353440723e-313,normal,0.5,0
851,dcc,ccc,known,ccc,0.8125,2.01787170585e-313,normal,0.8125,0
852,ccc,ccb,known,ccb,0.3611111111111111,7.2867589377e-314,normal,0.3611111111111111,0
853,ccb,cbc,known,cbc,0.3382352941176471,2.4646390524e-314,normal,0.3382352941176471,0
854,cbc,bcc,known,bcc,0.2777777777777778,6.84621959e-315,normal,0.2777777777777778,0
855,bcc,ccc,known,ccc,0.3442622950819672,2.35689527e-315,normal,0.3442622950819672,0
856,ccc,ccd,known,ccd,0.1111111111111111,2.61877253e-316,anomaly,0.1111111111111111,0
857,ccd,cdc,known,cdc,0.6363636363636364,1.66649162e-316,normal,0.6363636363636364,0
858,cdc,dcc,known,dcc,0.4117647058823529,6.8620244e-317,normal,0.4117647058823529,0
859,dcc,ccc,known,ccc,0.8125,5.575395e-317,normal,0.8125,0
860,ccc,ccc,known,ccc,0.5277777777777778,2.9425695e-317,normal,0.5277777777777778,0
861,ccc,ccb,known,ccb,0.3611111111111111,1.0625944e-317,normal,0.3611111111111111,0
862,ccb,cbb,known,cbb,0.5294117647058824,5.6255e-318,normal,0.5294117647058824,0
863,cbb,bbb,known,bbb,0.6238532110091743,3.509487e-318,normal,0.6238532110091743,0
864,bbb,bbb,known,bbb,0.6860670194003528,2.407745e-318,normal,0.6860670194003528,0
865,bbb,bbb,known,bbb,0.6860670194003528,1.651874e-318,normal,0.6860670194003528,0
866,bbb,bbb,known,bbb,0.6860670194003528,1.1333e-318,normal,0.6860670194003528,0
867,bbb,bbb,known,bbb,0.6860670194003528,7.77516e-319,normal,0.6860670194003528,0
868,bbb,bbc,known,bbc,0.13403880070546736,1.0422e-319,anomaly,0.13403880070546736,0
869,bbc,bcc,known,bcc,0.3277310924369748,3.4155e-320,normal,0.3277310924369748,0
870,bcc,ccd,known,ccd,0.01639344262295082,5.6e-322,anomaly,0.01639344262295082,0
871,ccd,cdc,known,cdc,0.6363636363636364,3.56e-322,normal,0.6363636363636364,0
872,cdc,dcb,known,dcb,0.29411764705882354,1.04e-322,normal,0.29411764705882354,0
873,dcb,cbb,known,cbb,0.3333333333333333,3.5e-323,normal,0.3333333333333333,0
874,cbb,bbb,known,bbb,0.6238532110091743,2e-323,normal,0.6238532110091743,0
875,bbb,bbb,known,bbb,0.6860670194003528,1.5e-323,normal,0.6860670194003528,0
876,bbb,bbc,known,bbc,0.13403880070546736,0.0,anomaly,0.13403880070546736,0
877,bbc,bcc,known,bcc,0.3277310924369748,0.0,normal,0.3277310924369748,0
878,bcc,ccc,known,ccc,0.3442622950819672,0.0,normal,0.3442622950819672,0
879,ccc,ccc,known,ccc,0.5277777777777778,0.0,normal,0.5277777777777778,0
880,ccc,ccc,known,ccc,0.5277777777777778,0.0,normal,0.5277777777777778,0
881,ccc,ccb,known,ccb,0.3611111111111111,0.0,normal,0.3611111111111111,0
882,ccb,cbb,known,cbb,0.5294117647058824,0.0,normal,0.5294117647058824,0
883,cbb,bbb,known,bbb,0.6238532110091743,0.0,normal,0.6238532110091743,0
884,bbb,bbc,known,bbc,0.13403880070546736,0.0,anomaly,0.13403880070546736,0
885,bbc,bcd,known,bcd,0.05042016806722689,0.0,anomaly,0.05042016806722689,0
886,bcd,cdc,known,cdc,0.5384615384615384,0.0,normal,0.5384615384615384,0
887,cdc,dcb,known,dcb,0.29411764705882354,0.0,normal,0.29411764705882354,0
888,dcb,cbc,known,cbc,0.5,0.0,normal,0.5,0
889,cbc,bcc,known,bcc,0.2777777777777778,0.0,normal,0.2777777777777778,0
890,bcc,ccc,known,ccc,0.3442622950819672,0.0,normal,0.3442622950819672,0
891,ccc,ccc,known,ccc,0.5277777777777778,0.0,normal,0.5277777777777778,0
892,ccc,ccc,known,ccc,0.5277777777777778,0.0,normal,0.5277777777777778,0
893,ccc,ccc,known,ccc,0.5277777777777778,0.0,normal,0.5277777777777778,0
894,ccc,ccc,known,ccc,0.5277777777777778,0.0,normal,0.5277777777777778,0
895,ccc,ccd,known,ccd,0.1111111111111111,0.0,anomaly,0.1111111111111111,0
896,ccd,cdc,known,cdc,0.6363636363636364,0.0,normal,0.6363636363636364,0
897,cdc,dcb,known,dcb,0.29411764705882354,0.0,normal,0.29411764705882354,0
898,dcb,cbd,known,cbd,0.0,0.0,anomaly,0.0,0
899,cbd,bdd,known,bdd,0.0,0.0,anomaly,0.0,0
900,bdd,ddd,known,ddd,0.0,0.0,anomaly,0.0,0
901,ddd,ddd,known,ddd,0.7407407407407407,0.0,normal,0.7407407407407407,0
902,ddd,ddc,known,ddc,0.037037037037037035,0.0,anomaly,0.037037037037037035,0
903,ddc,dcc,known,dcc,0.5,0.0,normal,0.5,0
904,dcc,ccc,known,ccc,0.8125,0.0,normal,0.8125,0
905,ccc,ccc,known,ccc,0.5277777777777778,0.0,normal,0.5277777777777778,0
906,ccc,ccc,known,ccc,0.5277777777777778,0.0,normal,0.5277777777777778,0
907,ccc,ccd,known,ccd,0.1111111111111111,0.0,anomaly,0.1111111111111111,0
908,ccd,cdc,known,cdc,0.6363636363636364,0.0,normal,0.6363636363636364,0
909,cdc,dcd,known,dcd,0.23529411764705882,0.0,normal,0.23529411764705882,0
910,dcd,cdc,known,cdc,0.375,0.0,normal,0.375,0
911,cdc,dcb,known,dcb,0.29411764705882354,0.0,normal,0.29411764705882354,0
912,dcb,cbb,known,cbb,0.3333333333333333,0.0,normal,0.3333333333333333,0
913,cbb,bbc,known,bbc,0.2018348623853211,0.0,normal,0.2018348623853211,0
914,bbc,bcc,known,bcc,0.3277310924369748,0.0,normal,0.3277310924369748,0
915,bcc,ccc,known,ccc,0.3442622950819672,0.0,normal,0.3442622950819672,0
916,ccc,ccc,known,ccc,0.5277777777777778,0.0,normal,0.5277777777777778,0
917,ccc,ccc,known,ccc,0.5277777777777778,0.0,normal,0.5277777777777778,0
918,ccc,ccd,known,ccd,0.1111111111111111,0.0,anomaly,0.1111111111111111,0
919,ccd,cdd,known,cdd,0.2727272727272727,0.0,normal,0.2727272727272727,0
920,cdd,ddd,known,ddd,0.4166666666666667,0.0,normal,0.4166666666666667,0
921,ddd,ddd,known,ddd,0.7407407407407407,0.0,normal,0.7407407407407407,0
922,ddd,ddc,known,ddc,0.037037037037037035,0.0,anomaly,0.037037037037037035,0
923,ddc,dcd,known,dcd,0.4,0.0,normal,0.4,0
924,dcd,cdd,known,cdd,0.625,0.0,normal,0.625,0
925,cdd,ddc,known,ddc,0.4166666666666667,0.0,normal,0.4166666666666667,0
926,ddc,dcc,known,dcc,0.5,0.0,normal,0.5,0
927,dcc,ccd,known,ccd,0.125,0.0,anomaly,0.125,0
928,ccd,cdc,known,cdc,0.6363636363636364,0.0,normal,0.6363636363636364,0
929,cdc,dcd,known,dcd,0.23529411764705882,0.0,normal,0.23529411764705882,0
930,dcd,cdd,known,cdd,0.625,0.0,normal,0.625,0
931,cdd,ddd,known,ddd,0.4166666666666667,0.0,normal,0.4166666666666667,0
932,ddd,ddd,known,ddd,0.7407407407407407,0.0,normal,0.7407407407407407,0
933,ddd,ddd,known,ddd,0.7407407407407407,0.0,normal,0.7407407407407407,0
934,ddd,ddd,known,ddd,0.7407407407407407,0.0,normal,0.7407407407407407,0
935,ddd,ddc,known,ddc,0.037037037037037035,0.0,anomaly,0.037037037037037035,0
936,ddc,dcc,known,dcc,0.5,0.0,normal,0.5,0
937,dcc,ccb,known,ccb,0.0625,0.0,anomaly,0.0625,0
938,ccb,cbc,known,cbc,0.3382352941176471,0.0,normal,0.3382352941176471,0
939,cbc,bcb,known,bcb,0.4861111111111111,0.0,normal,0.4861111111111111,0
940,bcb,cbc,known,cbc,0.29508196721311475,0.0,normal,0.29508196721311475,0
941,cbc,bcc,known,bcc,0.2777777777777778,0.0,normal,0.2777777777777778,0
942,bcc,ccd,known,ccd,0.01639344262295082,0.0,anomaly,0.01639344262295082,0
943,ccd,cdd,known,cdd,0.2727272727272727,0.0,normal,0.2727272727272727,0
944,cdd,ddd,known,ddd,0.4166666666666667,0.0,normal,0.4166666666666667,0
945,ddd,ddd,known,ddd,0.7407407407407407,0.0,normal,0.7407407407407407,0
946,ddd,ddc,known,ddc,0.037037037037037035,0.0,anomaly,0.037037037037037035,0
947,ddc,dcc,known,dcc,0.5,0.0,normal,0.5,0
948,dcc,ccd,known,ccd,0.125,0.0,anomaly,0.125,0
949,ccd,cdc,known,cdc,0.6363636363636364,0.0,normal,0.6363636363636364,0
950,cdc,dcd,known,dcd,0.23529411764705882,0.0,normal,0.23529411764705882,0
951,dcd,cdb,known,cdb,0.0,0.0,anomaly,0.0,0
952,cdb,dbc,known,dbc,0.0,0.0,anomaly,0.0,0
953,dbc,bcb,known,bcb,0.5,0.0,normal,0.5,0
954,bcb,cbb,known,cbb,0.5491803278688525,0.0,normal,0.5491803278688525,0
955,cbb,bbc,known,bbc,0.2018348623853211,0.0,normal,0.2018348623853211,0
956,bbc,bcd,known,bcd,0.05042016806722689,0.0,anomaly,0.05042016806722689,0
957,bcd,cdc,known,cdc,0.5384615384615384,0.0,normal,0.5384615384615384,0
958,cdc,dcb,known,dcb,0.29411764705882354,0.0,normal,0.29411764705882354,0
959,dcb,cbb,known,cbb,0.3333333333333333,0.0,normal,0.3333333333333333,0
960,cbb,bbc,known,bbc,0.2018348623853211,0.0,normal,0.2018348623853211,0
961,bbc,bcc,known,bcc,0.3277310924369748,0.0,normal,0.3277310924369748,0
962,bcc,ccc,known,ccc,0.3442622950819672,0.0,normal,0.3442622950819672,0
963,ccc,ccb,known,ccb,0.3611111111111111,0.0,normal,0.3611111111111111,0
964,ccb,cbb,known,cbb,0.5294117647058824,0.0,normal,0.5294117647058824,0
965,cbb,bbb,known,bbb,0.6238532110091743,0.0,normal,0.6238532110091743,0
966,bbb,bbc,known,bbc,0.13403880070546736,0.0,anomaly,0.13403880070546736,0
967,bbc,bcd,known,bcd,0.05042016806722689,0.0,anomaly,0.05042016806722689,0
968,bcd,cdc,known,cdc,0.5384615384615384,0.0,normal,0.5384615384615384,0
969,cdc,dcd,known,dcd,0.23529411764705882,0.0,normal,0.23529411764705882,0
970,dcd,cdc,known,cdc,0.375,0.0,normal,0.375,0
971,cdc,dcc,known,dcc,0.4117647058823529,0.0,normal,0.4117647058823529,0
972,dcc,ccb,known,ccb,0.0625,0.0,anomaly,0.0625,0
973,ccb,cbc,known,cbc,0.3382352941176471,0.0,normal,0.3382352941176471,0
974,cbc,bcb,known,bcb,0.4861111111111111,0.0,normal,0.4861111111111111,0
975,bcb,cbc,known,cbc,0.29508196721311475,0.0,normal,0.29508196721311475,0
976,cbc,bcc,known,bcc,0.2777777777777778,0.0,normal,0.2777777777777778,0
977,bcc,ccc,known,ccc,0.3442622950819672,0.0,normal,0.3442622950819672,0
978,ccc,ccc,known,ccc,0.5277777777777778,0.0,normal,0.5277777777777778,0
979,ccc,ccc,known,ccc,0.5277777777777778,0.0,normal,0.5277777777777778,0
980,ccc,ccb,known,ccb,0.3611111111111111,0.0,normal,0.3611111111111111,0
981,ccb,cbb,known,cbb,0.5294117647058824,0.0,normal,0.5294117647058824,0
982,cbb,bbb,known,bbb,0.6238532110091743,0.0,normal,0.6238532110091743,0
983,bbb,bbb,known,bbb,0.6860670194003528,0.0,normal,0.6860670194003528,0
984,bbb,bbc,known,bbc,0.13403880070546736,0.0,anomaly,0.13403880070546736,0
985,bbc,bcc,known,bcc,0.3277310924369748,0.0,normal,0.3277310924369748,0
986,bcc,ccc,known,ccc,0.3442622950819672,0.0,normal,0.3442622950819672,0
987,ccc,ccc,known,ccc,0.5277777777777778,0.0,normal,0.5277777777777778,0
988,ccc,ccc,known,ccc,0.5277777777777778,0.0,normal,0.5277777777777778,0
989,ccc,ccc,known,ccc,0.5277777777777778,0.0,normal,0.5277777777777778,0
990,ccc,ccc,known,ccc,0.5277777777777778,0.0,normal,0.5277777777777778,0
991,ccc,ccc,known,ccc,0.5277777777777778,0.0,normal,0.5277777777777778,0
992,ccc,ccb,known,ccb,0.3611111111111111,0.0,normal,0.3611111111111111,0
993,ccb,cbc,known,cbc,0.3382352941176471,0.0,normal,0.3382352941176471,0
994,cbc,bcb,known,bcb,0.4861111111111111,0.0,normal,0.4861111111111111,0
995,bcb,cbc,known,cbc,0.29508196721311475,0.0,normal,0.29508196721311475,0
996,cbc,bcc,known,bcc,0.2777777777777778,0.0,normal,0.2777777777777778,0
997,bcc,ccc,known,ccc,0.3442622950819672,0.0,normal,0.3442622950819672,0
998,ccc,ccc,known,ccc,0.5277777777777778,0.0,normal,0.5277777777777778,0
999,ccc,ccc,known,ccc,0.5277777777777778,0.0,normal,0.5277777777777778,0
1000,ccc,ccb,known,ccb,0.3611111111111111,0.0,normal,0.3611111111111111,0
1001,ccb,cbc,known,cbc,0.3382352941176471,0.0,normal,0.3382352941176471,0
1002,cbc,bcc,known,bcc,0.2777777777777778,0.0,normal,0.2777777777777778,0
1003,bcc,ccc,known,ccc,0.3442622950819672,0.0,normal,0.3442622950819672,0
1004,ccc,ccb,known,ccb,0.3611111111111111,0.0,normal,0.3611111111111111,0
1005,ccb,cbb,known,cbb,0.5294117647058824,0.0,normal,0.5294117647058824,0
1006,cbb,bbb,known,bbb,0.6238532110091743,0.0,normal,0.6238532110091743,0
1007,bbb,bbb,known,bbb,0.6860670194003528,0.0,normal,0.6860670194003528,0
1008,bbb,bbb,known,bbb,0.6860670194003528,0.0,normal,0.6860670194003528,0
1009,bbb,bbb,known,bbb,0.6860670194003528,0.0,normal,0.6860670194003528,0
1010,bbb,bbb,known,bbb,0.6860670194003528,0.0,normal,0.6860670194003528,0
1011,bbb,bbb,known,bbb,0.6860670194003528,0.0,normal,0.6860670194003528,0
1012,bbb,bbb,known,bbb,0.6860670194003528,0.0,normal,0.6860670194003528,0
1013,bbb,bbb,known,bbb,0.6860670194003528,0.0,normal,0.6860670194003528,0
1014,bbb,bbc,known,bbc,0.13403880070546736,0.0,anomaly,0.13403880070546736,0
1015,bbc,bcb,known,bcb,0.5798319327731093,0.0,normal,0.5798319327731093,0
1016,bcb,cbb,known,cbb,0.5491803278688525,0.0,normal,0.5491803278688525,0
1017,cbb,bbb,known,bbb,0.6238532110091743,0.0,normal,0.6238532110091743,0
1018,bbb,bbc,known,bbc,0.13403880070546736,0.0,anomaly,0.13403880070546736,0
1019,bbc,bcd,known,bcd,0.05042016806722689,0.0,anomaly,0.05042016806722689,0
1020,bcd,cdc,known,cdc,0.5384615384615384,0.0,normal,0.5384615384615384,0
1021,cdc,dcc,known,dcc,0.4117647058823529,0.0,normal,0.4117647058823529,0
1022,dcc,ccc,known,ccc,0.8125,0.0,normal,0.8125,0
1023,ccc,ccc,known,ccc,0.5277777777777778,0.0,normal,0.5277777777777778,0
1024,ccc,ccc,known,ccc,0.5277777777777778,0.0,normal,0.5277777777777778,0
1025,ccc,ccc,known,ccc,0.5277777777777778,0.0,normal,0.5277777777777778,0
1026,ccc,ccd,known,ccd,0.1111111111111111,0.0,anomaly,0.1111111111111111,0
1027,ccd,cdc,known,cdc,0.6363636363636364,0.0,normal,0.6363636363636364,0
1028,cdc,dcc,known,dcc,0.4117647058823529,0.0,normal,0.4117647058823529,0
1029,dcc,ccc,known,ccc,0.8125,0.0,normal,0.8125,0
1030,ccc,ccd,known,ccd,0.1111111111111111,0.0,anomaly,0.1111111111111111,0
1031,ccd,cdc,known,cdc,0.6363636363636364,0.0,normal,0.6363636363636364,0
1032,cdc,dcc,known,dcc,0.4117647058823529,0.0,normal,0.4117647058823529,0
1033,dcc,ccb,known,ccb,0.0625,0.0,anomaly,0.0625,0
1034,ccb,cbc,known,cbc,0.3382352941176471,0.0,normal,0.3382352941176471,0
1035,cbc,bcc,known,bcc,0.2777777777777778,0.0,normal,0.2777777777777778,0
1036,bcc,ccc,known,ccc,0.3442622950819672,0.0,normal,0.3442622950819672,0
1037,ccc,ccc,known,ccc,0.5277777777777778,0.0,normal,0.5277777777777778,0
1038,ccc,ccc,known,ccc,0.5277777777777778,0.0,normal,0.5277777777777778,0
1039,ccc,ccd,known,ccd,0.1111111111111111,0.0,anomaly,0.1111111111111111,0
1040,ccd,cdc,known,cdc,0.6363636363636364,0.0,normal,0.6363636363636364,0
1041,cdc,dcc,known,dcc,0.4117647058823529,0.0,normal,0.4117647058823529,0
1042,dcc,ccc,known,ccc,0.8125,0.0,normal,0.8125,0
1043,ccc,ccc,known,ccc,0.5277777777777778,0.0,normal,0.5277777777777778,0
1044,ccc,ccb,known,ccb,0.3611111111111111,0.0,normal,0.3611111111111111,0
1045,ccb,cbc,known,cbc,0.3382352941176471,0.0,normal,0.3382352941176471,0
1046,cbc,bcb,known,bcb,0.4861111111111111,0.0,normal,0.4861111111111111,0
1047,bcb,cbc,known,cbc,0.29508196721311475,0.0,normal,0.29508196721311475,0
1048,cbc,bcb,known,bcb,0.4861111111111111,0.0,normal,0.4861111111111111,0
1049,bcb,cbb,known,cbb,0.5491803278688525,0.0,normal,0.5491803278688525,0
1050,cbb,bbc,known,bbc,0.2018348623853211,0.0,normal,0.2018348623853211,0
1051,bbc,bcb,known,bcb,0.5798319327731093,0.0,normal,0.5798319327731093,0
1052,bcb,cbb,known,cbb,0.5491803278688525,0.0,normal,0.5491803278688525,0
1053,cbb,bbc,known,bbc,0.2018348623853211,0.0,normal,0.2018348623853211,0
1054,bbc,bcb,known,bcb,0.5798319327731093,0.0,normal,0.5798319327731093,0
1055,bcb,cbc,known,cbc,0.29508196721311475,0.0,normal,0.29508196721311475,0
1056,cbc,bcc,known,bcc,0.2777777777777778,0.0,normal,0.2777777777777778,0
1057,bcc,ccc,known,ccc,0.3442622950819672,0.0,normal,0.3442622950819672,0
1058,ccc,ccc,known,ccc,0.5277777777777778,0.0,normal,0.5277777777777778,0
1059,ccc,ccc,known,ccc,0.5277777777777778,0.0,normal,0.5277777777777778,0
1060,ccc,ccd,known,ccd,0.1111111111111111,0.0,anomaly,0.1111111111111111,0
1061,ccd,cdd,known,cdd,0.2727272727272727,0.0,normal,0.2727272727272727,0
1062,cdd,ddc,known,ddc,0.4166666666666667,0.0,normal,0.4166666666666667,0
1063,ddc,dcc,known,dcc,0.5,0.0,normal,0.5,0
1064,dcc,ccc,known,ccc,0.8125,0.0,normal,0.8125,0
1065,ccc,ccb,known,ccb,0.3611111111111111,0.0,normal,0.3611111111111111,0
1066,ccb,cbb,known,cbb,0.5294117647058824,0.0,normal,0.5294117647058824,0
1067,cbb,bbc,known,bbc,0.2018348623853211,0.0,normal,0.2018348623853211,0
1068,bbc,bcc,known,bcc,0.3277310924369748,0.0,normal,0.3277310924369748,0
1069,bcc,ccd,known,ccd,0.01639344262295082,0.0,anomaly,0.01639344262295082,0
1070,ccd,cdc,known,cdc,0.6363636363636364,0.0,normal,0.6363636363636364,0
1071,cdc,dcc,known,dcc,0.4117647058823529,0.0,normal,0.4117647058823529,0
1072,dcc,ccc,known,ccc,0.8125,0.0,normal,0.8125,0
1073,ccc,ccb,known,ccb,0.3611111111111111,0.0,normal,0.3611111111111111,0
1074,ccb,cbb,known,cbb,0.5294117647058824,0.0,normal,0.5294117647058824,0
1075,cbb,bbb,known,bbb,0.6238532110091743,0.0,normal,0.6238532110091743,0
1076,bbb,bbb,known,bbb,0.6860670194003528,0.0,normal,0.6860670194003528,0
1077,bbb,bbc,known,bbc,0.13403880070546736,0.0,anomaly,0.13403880070546736,0
1078,bbc,bcc,known,bcc,0.3277310924369748,0.0,normal,0.3277310924369748,0
1079,bcc,ccd,known,ccd,0.01639344262295082,0.0,anomaly,0.01639344262295082,0
1080,ccd,cdd,known,cdd,0.2727272727272727,0.0,normal,0.2727272727272727,0
1081,cdd,ddc,known,ddc,0.4166666666666667,0.0,normal,0.4166666666666667,0
1082,ddc,dcc,known,dcc,0.5,0.0,normal,0.5,0
1083,dcc,ccc,known,ccc,0.8125,0.0,normal,0.8125,0
1084,ccc,ccb,known,ccb,0.3611111111111111,0.0,normal,0.3611111111111111,0
1085,ccb,cbc,known,cbc,0.3382352941176471,0.0,normal,0.3382352941176471,0
1086,cbc,bcb,known,bcb,0.4861111111111111,0.0,normal,0.4861111111111111,0
1087,bcb,cbb,known,cbb,0.5491803278688525,0.0,normal,0.5491803278688525,0
1088,cbb,bbc,known,bbc,0.2018348623853211,0.0,normal,0.2018348623853211,0
1089,bbc,bcd,known,bcd,0.05042016806722689,0.0,anomaly,0.05042016806722689,0
1090,bcd,cdc,known,cdc,0.5384615384615384,0.0,normal,0.5384615384615384,0
1091,cdc,dcc,known,dcc,0.4117647058823529,0.0,normal,0.4117647058823529,0
1092,dcc,ccc,known,ccc,0.8125,0.0,normal,0.8125,0
1093,ccc,ccc,known,ccc,0.5277777777777778,0.0,normal,0.5277777777777778,0
1094,ccc,ccc,known,ccc,0.5277777777777778,0.0,normal,0.5277777777777778,0
1095,ccc,ccb,known,ccb,0.3611111111111111,0.0,normal,0.3611111111111111,0
1096,ccb,cbb,known,cbb,0.5294117647058824,0.0,normal,0.5294117647058824,0
1097,cbb,bbb,known,bbb,0.6238532110091743,0.0,normal,0.6238532110091743,0
1098,bbb,bbc,known,bbc,0.13403880070546736,0.0,anomaly,0.13403880070546736,0
1099,bbc,bcc,known,bcc,0.3277310924369748,0.0,normal,0.3277310924369748,0
1100,bcc,ccc,known,ccc,0.3442622950819672,0.0,normal,0.3442622950819672,0
1101,ccc,ccc,known,ccc,0.5277777777777778,0.0,normal,0.5277777777777778,0
1102,ccc,ccc,known,ccc,0.5277777777777778,0.0,normal,0.5277777777777778,0
1103,ccc,ccb,known,ccb,0.3611111111111111,0.0,normal,0.3611111111111111,0
1104,ccb,cbc,known,cbc,0.3382352941176471,0.0,normal,0.3382352941176471,0
1105,cbc,bcc,known,bcc,0.2777777777777778,0.0,normal,0.2777777777777778,0
1106,bcc,ccc,known,ccc,0.3442622950819672,0.0,normal,0.3442622950819672,0
1107,ccc,ccc,known,ccc,0.5277777777777778,0.0,normal,0.5277777777777778,0
1108,ccc,ccc,known,ccc,0.5277777777777778,0.0,normal,0.5277777777777778,0
1109,ccc,ccb,known,ccb,0.3611111111111111,0.0,normal,0.3611111111111111,0
1110,ccb,cbb,known,cbb,0.5294117647058824,0.0,normal,0.5294117647058824,0
1111,cbb,bbc,known,bbc,0.2018348623853211,0.0,normal,0.2018348623853211,0
1112,bbc,bcb,known,bcb,0.5798319327731093,0.0,normal,0.5798319327731093,0
1113,bcb,cbc,known,cbc,0.29508196721311475,0.0,normal,0.29508196721311475,0
1114,cbc,bcc,known,bcc,0.2777777777777778,0.0,normal,0.2777777777777778,0
1115,bcc,ccc,known,ccc,0.3442622950819672,0.0,normal,0.3442622950819672,0
1116,ccc,ccc,known,ccc,0.5277777777777778,0.0,normal,0.5277777777777778,0
1117,ccc,ccc,known,ccc,0.5277777777777778,0.0,normal,0.5277777777777778,0
1118,ccc,ccc,known,ccc,0.5277777777777778,0.0,normal,0.5277777777777778,0
1119,ccc,ccc,known,ccc,0.5277777777777778,0.0,normal,0.5277777777777778,0
1120,ccc,ccc,known,ccc,0.5277777777777778,0.0,normal,0.5277777777777778,0
1121,ccc,ccd,known,ccd,0.1111111111111111,0.0,anomaly,0.1111111111111111,0
1122,ccd,cdc,known,cdc,0.6363636363636364,0.0,normal,0.6363636363636364,0
1123,cdc,dcc,known,dcc,0.4117647058823529,0.0,normal,0.4117647058823529,0
1124,dcc,ccc,known,ccc,0.8125,0.0,normal,0.8125,0
1125,ccc,ccd,known,ccd,0.1111111111111111,0.0,anomaly,0.1111111111111111,0
1126,ccd,cdc,known,cdc,0.6363636363636364,0.0,normal,0.6363636363636364,0
1127,cdc,dcc,known,dcc,0.4117647058823529,0.0,normal,0.4117647058823529,0
1128,dcc,ccc,known,ccc,0.8125,0.0,normal,0.8125,0
1129,ccc,ccc,known,ccc,0.5277777777777778,0.0,normal,0.5277777777777778,0
1130,ccc,ccd,known,ccd,0.1111111111111111,0.0,anomaly,0.1111111111111111,0
1131,ccd,cdb,known,cdb,0.09090909090909091,0.0,anomaly,0.09090909090909091,0
1132,cdb,dbc,known,dbc,0.0,0.0,anomaly,0.0,0
1133,dbc,bcb,known,bcb,0.5,0.0,normal,0.5,0
1134,bcb,cbc,known,cbc,0.29508196721311475,0.0,normal,0.29508196721311475,0
1135,cbc,bcb,known,bcb,0.4861111111111111,0.0,normal,0.4861111111111111,0
1136,bcb,cbc,known,cbc,0.29508196721311475,0.0,normal,0.29508196721311475,0
1137,cbc,bcc,known,bcc,0.2777777777777778,0.0,normal,0.2777777777777778,0
1138,bcc,ccc,known,ccc,0.3442622950819672,0.0,normal,0.3442622950819672,0
1139,ccc,ccb,known,ccb,0.3611111111111111,0.0,normal,0.3611111111111111,0
1140,ccb,cbb,known,cbb,0.5294117647058824,0.0,normal,0.5294117647058824,0
1141,cbb,bbb,known,bbb,0.6238532110091743,0.0,normal,0.6238532110091743,0
1142,bbb,bbc,known,bbc,0.13403880070546736,0.0,anomaly,0.13403880070546736,0
1143,bbc,bcc,known,bcc,0.3277310924369748,0.0,normal,0.3277310924369748,0
1144,bcc,ccc,known,ccc,0.3442622950819672,0.0,normal,0.3442622950819672,0
1145,ccc,ccd,known,ccd,0.1111111111111111,0.0,anomaly,0.1111111111111111,0
1146,ccd,cdc,known,cdc,0.6363636363636364,0.0,normal,0.6363636363636364,0
1147,cdc,dcc,known,dcc,0.4117647058823529,0.0,normal,0.4117647058823529,0
1148,dcc,ccc,known,ccc,0.8125,0.0,normal,0.8125,0
1149,ccc,ccc,known,ccc,0.5277777777777778,0.0,normal,0.5277777777777778,0
1150,ccc,ccb,known,ccb,0.3611111111111111,0.0,normal,0.3611111111111111,0
1151,ccb,cbc,known,cbc,0.3382352941176471,0.0,normal,0.3382352941176471,0
1152,cbc,bcc,known,bcc,0.2777777777777778,0.0,normal,0.2777777777777778,0
1153,bcc,ccb,known,ccb,0.6229508196721312,0.0,normal,0.6229508196721312,0
1154,ccb,cbb,known,cbb,0.5294117647058824,0.0,normal,0.5294117647058824,0
1155,cbb,bbb,known,bbb,0.6238532110091743,0.0,normal,0.6238532110091743,0
1156,bbb,bbb,known,bbb,0.6860670194003528,0.0,normal,0.6860670194003528,0
1157,bbb,bbc,known,bbc,0.13403880070546736,0.0,anomaly,0.13403880070546736,0
1158,bbc,bcb,known,bcb,0.5798319327731093,0.0,normal,0.5798319327731093,0
1159,bcb,cbc,known,cbc,0.29508196721311475,0.0,normal,0.29508196721311475,0
1160,cbc,bcb,known,bcb,0.4861111111111111,0.0,normal,0.4861111111111111,0
1161,bcb,cbc,known,cbc,0.29508196721311475,0.0,normal,0.29508196721311475,0
1162,cbc,bcc,known,bcc,0.2777777777777778,0.0,normal,0.2777777777777778,0
1163,bcc,ccb,known,ccb,0.6229508196721312,0.0,normal,0.6229508196721312,0
1164,ccb,cbb,known,cbb,0.5294117647058824,0.0,normal,0.5294117647058824,0
1165,cbb,bbc,known,bbc,0.2018348623853211,0.0,normal,0.2018348623853211,0
1166,bbc,bcc,known,bcc,0.3277310924369748,0.0,normal,0.3277310924369748,0
1167,bcc,ccc,known,ccc,0.3442622950819672,0.0,normal,0.3442622950819672,0
1168,ccc,ccb,known,ccb,0.3611111111111111,0.0,normal,0.3611111111111111,0
1169,ccb,cbc,known,cbc,0.3382352941176471,0.0,normal,0.3382352941176471,0
1170,cbc,bcc,known,bcc,0.2777777777777778,0.0,normal,0.2777777777777778,0
1171,bcc,ccb,known,ccb,0.6229508196721312,0.0,normal,0.6229508196721312,0
1172,ccb,cbc,known,cbc,0.3382352941176471,0.0,normal,0.3382352941176471,0
1173,cbc,bcc,known,bcc,0.2777777777777778,0.0,normal,0.2777777777777778,0
1174,bcc,ccc,known,ccc,0.3442622950819672,0.0,normal,0.3442622950819672,0
1175,ccc,ccc,known,ccc,0.5277777777777778,0.0,normal,0.5277777777777778,0
1176,ccc,ccb,known,ccb,0.3611111111111111,0.0,normal,0.3611111111111111,0
1177,ccb,cbc,known,cbc,0.3382352941176471,0.0,normal,0.3382352941176471,0
1178,cbc,bcc,known,bcc,0.2777777777777778,0.0,normal,0.2777777777777778,0
1179,bcc,ccc,known,ccc,0.3442622950819672,0.0,normal,0.3442622950819672,0
1180,ccc,ccc,known,ccc,0.5277777777777778,0.0,normal,0.5277777777777778,0
1181,ccc,ccd,known,ccd,0.1111111111111111,0.0,anomaly,0.1111111111111111,0
1182,ccd,cdd,known,cdd,0.2727272727272727,0.0,normal,0.2727272727272727,0
1183,cdd,ddc,known,ddc,0.4166666666666667,0.0,normal,0.4166666666666667,0
1184,ddc,dcc,known,dcc,0.5,0.0,normal,0.5,0
1185,dcc,ccb,known,ccb,0.0625,0.0,anomaly,0.0625,0
1186,ccb,cbc,known,cbc,0.3382352941176471,0.0,normal,0.3382352941176471,0
1187,cbc,bcc,known,bcc,0.2777777777777778,0.0,normal,0.2777777777777778,0
1188,bcc,ccc,known,ccc,0.3442622950819672,0.0,normal,0.3442622950819672,0
1189,ccc,ccc,known,ccc,0.5277777777777778,0.0,normal,0.5277777777777778,0
1190,ccc,ccc,known,ccc,0.5277777777777778,0.0,normal,0.5277777777777778,0
1191,ccc,ccc,known,ccc,0.5277777777777778,0.0,normal,0.5277777777777778,0
1192,ccc,ccc,known,ccc,0.5277777777777778,0.0,normal,0.5277777777777778,0
1193,ccc,ccb,known,ccb,0.3611111111111111,0.0,normal,0.3611111111111111,0
1194,ccb,cbc,known,cbc,0.3382352941176471,0.0,normal,0.3382352941176471,0
1195,cbc,bcd,known,bcd,0.09722222222222222,0.0,anomaly,0.09722222222222222,0
1196,bcd,cdc,known,cdc,0.5384615384615384,0.0,normal,0.5384615384615384,0
1197,cdc,dcc,known,dcc,0.4117647058823529,0.0,normal,0.4117647058823529,0
1198,dcc,ccc,known,ccc,0.8125,0.0,normal,0.8125,0
1199,ccc,ccb,known,ccb,0.3611111111111111,0.0,normal,0.3611111111111111,0
1200,ccb,cbc,known,cbc,0.3382352941176471,0.0,normal,0.3382352941176471,0
1201,cbc,bcc,known,bcc,0.2777777777777778,0.0,normal,0.2777777777777778,0
1202,bcc,ccc,known,ccc,0.3442622950819672,0.0,normal,0.3442622950819672,0
1203,ccc,ccc,known,ccc,0.5277777777777778,0.0,normal,0.5277777777777778,0
1204,ccc,ccd,known,ccd,0.1111111111111111,0.0,anomaly,0.1111111111111111,0
1205,ccd,cdd,known,cdd,0.2727272727272727,0.0,normal,0.2727272727272727,0
1206,cdd,ddc,known,ddc,0.4166666666666667,0.0,normal,0.4166666666666667,0
1207,ddc,dcc,known,dcc,0.5,0.0,normal,0.5,0
1208,dcc,ccb,known,ccb,0.0625,0.0,anomaly,0.0625,0
1209,ccb,cbc,known,cbc,0.3382352941176471,0.0,normal,0.3382352941176471,0
1210,cbc,bcb,known,bcb,0.4861111111111111,0.0,normal,0.4861111111111111,0
1211,bcb,cbb,known,cbb,0.5491803278688525,0.0,normal,0.5491803278688525,0
1212,cbb,bbb,known,bbb,0.6238532110091743,0.0,normal,0.6238532110091743,0
1213,bbb,bbd,known,bbd,0.001763668430335097,0.0,anomaly,0.001763668430335097,0
1214,bbd,bdc,known,bdc,0.2,0.0,normal,0.2,0
1215,bdc,dcc,known,dcc,1.0,0.0,normal,1.0,0
1216,dcc,ccd,known,ccd,0.125,0.0,anomaly,0.125,0
1217,ccd,cdd,known,cdd,0.2727272727272727,0.0,normal,0.2727272727272727,0
1218,cdd,ddb,known,ddb,0.16666666666666666,0.0,anomaly,0.16666666666666666,0
1219,ddb,dbc,known,dbc,0.6666666666666666,0.0,normal,0.6666666666666666,0
1220,dbc,bcc,known,bcc,0.5,0.0,normal,0.5,0
1221,bcc,ccc,known,ccc,0.3442622950819672,0.0,normal,0.3442622950819672,0
1222,ccc,ccc,known,ccc,0.5277777777777778,0.0,normal,0.5277777777777778,0
1223,ccc,ccd,known,ccd,0.1111111111111111,0.0,anomaly,0.1111111111111111,0
1224,ccd,cdd,known,cdd,0.2727272727272727,0.0,normal,0.2727272727272727,0
1225,cdd,ddd,known,ddd,0.4166666666666667,0.0,normal,0.4166666666666667,0
1226,ddd,ddc,known,ddc,0.037037037037037035,0.0,anomaly,0.037037037037037035,0
1227,ddc,dcd,known,dcd,0.4,0.0,normal,0.4,0
1228,dcd,cdd,known,cdd,0.625,0.0,normal,0.625,0
1229,cdd,ddc,known,ddc,0.4166666666666667,0.0,normal,0.4166666666666667,0
1230,ddc,dcd,known,dcd,0.4,0.0,normal,0.4,0
1231,dcd,cdd,known,cdd,0.625,0.0,normal,0.625,0
1232,cdd,ddd,known,ddd,0.4166666666666667,0.0,normal,0.4166666666666667,0
1233,ddd,ddd,known,ddd,0.7407407407407407,0.0,normal,0.7407407407407407,0
1234,ddd,ddc,known,ddc,0.037037037037037035,0.0,anomaly,0.037037037037037035,0
1235,ddc,dcc,known,dcc,0.5,0.0,normal,0.5,0
1236,dcc,ccc,known,ccc,0.8125,0.0,normal,0.8125,0
1237,ccc,ccb,known,ccb,0.3611111111111111,0.0,normal,0.3611111111111111,0
1238,ccb,cbb,known,cbb,0.5294117647058824,0.0,normal,0.5294117647058824,0
1239,cbb,bbc,known,bbc,0.2018348623853211,0.0,normal,0.2018348623853211,0
1240,bbc,bcd,known,bcd,0.05042016806722689,0.0,anomaly,0.05042016806722689,0
1241,bcd,cdc,known,cdc,0.5384615384615384,0.0,normal,0.5384615384615384,0
1242,cdc,dcc,known,dcc,0.4117647058823529,0.0,normal,0.4117647058823529,0
1243,dcc,ccb,known,ccb,0.0625,0.0,anomaly,0.0625,0
1244,ccb,cbb,known,cbb,0.5294117647058824,0.0,normal,0.5294117647058824,0
1245,cbb,bbc,known,bbc,0.2018348623853211,0.0,normal,0.2018348623853211,0
1246,bbc,bcb,known,bcb,0.5798319327731093,0.0,normal,0.5798319327731093,0
1247,bcb,cbc,known,cbc,0.29508196721311475,0.0,normal,0.29508196721311475,0
1248,cbc,bcc,known,bcc,0.2777777777777778,0.0,normal,0.2777777777777778,0
1249,bcc,ccc,known,ccc,0.3442622950819672,0.0,normal,0.3442622950819672,0
1250,ccc,ccc,known,ccc,0.5277777777777778,0.0,normal,0.5277777777777778,0
1251,ccc,ccc,known,ccc,0.5277777777777778,0.0,normal,0.5277777777777778,0
1252,ccc,ccc,known,ccc,0.5277777777777778,0.0,normal,0.5277777777777778,0
1253,ccc,ccc,known,ccc,0.5277777777777778,0.0,normal,0.5277777777777778,0
1254,ccc,ccb,known,ccb,0.3611111111111111,0.0,normal,0.3611111111111111,0
1255,ccb,cbc,known,cbc,0.3382352941176471,0.0,normal,0.3382352941176471,0
1256,cbc,bcb,known,bcb,0.4861111111111111,0.0,normal,0.4861111111111111,0
1257,bcb,cbb,known,cbb,0.5491803278688525,0.0,normal,0.5491803278688525,0
1258,cbb,bbc,known,bbc,0.2018348623853211,0.0,normal,0.2018348623853211,0
1259,bbc,bcb,known,bcb,0.5798319327731093,0.0,normal,0.5798319327731093,0
1260,bcb,cbc,known,cbc,0.29508196721311475,0.0,normal,0.29508196721311475,0
1261,cbc,bcc,known,bcc,0.2777777777777778,0.0,normal,0.2777777777777778,0
1262,bcc,ccc,known,ccc,0.3442622950819672,0.0,normal,0.3442622950819672,0
1263,ccc,ccc,known,ccc,0.5277777777777778,0.0,normal,0.5277777777777778,0
1264,ccc,ccc,known,ccc,0.5277777777777778,0.0,normal,0.5277777777777778,0
1265,ccc,ccd,known,ccd,0.1111111111111111,0.0,anomaly,0.1111111111111111,0
1266,ccd,cdd,known,cdd,0.2727272727272727,0.0,normal,0.2727272727272727,0
1267,cdd,ddc,known,ddc,0.4166666666666667,0.0,normal,0.4166666666666667,0
1268,ddc,dcb,known,dcb,0.1,0.0,anomaly,0.1,0
1269,dcb,cbb,known,cbb,0.3333333333333333,0.0,normal,0.3333333333333333,0
1270,cbb,bbb,known,bbb,0.6238532110091743,0.0,normal,0.6238532110091743,0
1271,bbb,bbc,known,bbc,0.13403880070546736,0.0,anomaly,0.13403880070546736,0
1272,bbc,bcc,known,bcc,0.3277310924369748,0.0,normal,0.3277310924369748,0
1273,bcc,ccc,known,ccc,0.3442622950819672,0.0,normal,0.3442622950819672,0
1274,ccc,ccd,known,ccd,0.1111111111111111,0.0,anomaly,0.1111111111111111,0
1275,ccd,cdd,known,cdd,0.2727272727272727,0.0,normal,0.2727272727272727,0
1276,cdd,ddd,known,ddd,0.4166666666666667,0.0,normal,0.4166666666666667,0
1277,ddd,ddd,known,ddd,0.7407407407407407,0.0,normal,0.7407407407407407,0
1278,ddd,ddd,known,ddd,0.7407407407407407,0.0,normal,0.7407407407407407,0
1279,ddd,ddc,known,ddc,0.037037037037037035,0.0,anomaly,0.037037037037037035,0
1280,ddc,dcc,known,dcc,0.5,0.0,normal,0.5,0
1281,dcc,ccd,known,ccd,0.125,0.0,anomaly,0.125,0
1282,ccd,cdd,known,cdd,0.2727272727272727,0.0,normal,0.2727272727272727,0
1283,cdd,ddc,known,ddc,0.4166666666666667,0.0,normal,0.4166666666666667,0
1284,ddc,dcc,known,dcc,0.5,0.0,normal,0.5,0
1285,dcc,ccd,known,ccd,0.125,0.0,anomaly,0.125,0
1286,ccd,cdc,known,cdc,0.6363636363636364,0.0,normal,0.6363636363636364,0
1287,cdc,dcb,known,dcb,0.29411764705882354,0.0,normal,0.29411764705882354,0
1288,dcb,cbb,known,cbb,0.3333333333333333,0.0,normal,0.3333333333333333,0
1289,cbb,bbb,known,bbb,0.6238532110091743,0.0,normal,0.6238532110091743,0
1290,bbb,bbb,known,bbb,0.6860670194003528,0.0,normal,0.6860670194003528,0
1291,bbb,bbc,known,bbc,0.13403880070546736,0.0,anomaly,0.13403880070546736,0
1292,bbc,bcc,known,bcc,0.3277310924369748,0.0,normal,0.3277310924369748,0
1293,bcc,ccd,known,ccd,0.01639344262295082,0.0,anomaly,0.01639344262295082,0
1294,ccd,cdc,known,cdc,0.6363636363636364,0.0,normal,0.6363636363636364,0
1295,cdc,dcc,known,dcc,0.4117647058823529,0.0,normal,0.4117647058823529,0
1296,dcc,ccc,known,ccc,0.8125,0.0,normal,0.8125,0
1297,ccc,ccb,known,ccb,0.3611111111111111,0.0,normal,0.3611111111111111,0
1298,ccb,cbc,known,cbc,0.3382352941176471,0.0,normal,0.3382352941176471,0
1299,cbc,bcb,known,bcb,0.4861111111111111,0.0,normal,0.4861111111111111,0
1300,bcb,cbc,known,cbc,0.29508196721311475,0.0,normal,0.29508196721311475,0
1301,cbc,bcc,known,bcc,0.2777777777777778,0.0,normal,0.2777777777777778,0
1302,bcc,ccd,known,ccd,0.01639344262295082,0.0,anomaly,0.01639344262295082,0
1303,ccd,cdd,known,cdd,0.2727272727272727,0.0,normal,0.2727272727272727,0
1304,cdd,ddd,known,ddd,0.4166666666666667,0.0,normal,0.4166666666666667,0
1305,ddd,ddd,known,ddd,0.7407407407407407,0.0,normal,0.7407407407407407,0
1306,ddd,ddc,known,ddc,0.037037037037037035,0.0,anomaly,0.037037037037037035,0
1307,ddc,dcd,known,dcd,0.4,0.0,normal,0.4,0
1308,dcd,cdd,known,cdd,0.625,0.0,normal,0.625,0
1309,cdd,ddc,known,ddc,0.4166666666666667,0.0,normal,0.4166666666666667,0
1310,ddc,dcc,known,dcc,0.5,0.0,normal,0.5,0
1311,dcc,ccd,known,ccd,0.125,0.0,anomaly,0.125,0
1312,ccd,cdd,known,cdd,0.2727272727272727,0.0,normal,0.2727272727272727,0
1313,cdd,ddc,known,ddc,0.4166666666666667,0.0,normal,0.4166666666666667,0
1314,ddc,dcc,known,dcc,0.5,0.0,normal,0.5,0
1315,dcc,ccd,known,ccd,0.125,0.0,anomaly,0.125,0
1316,ccd,cdc,known,cdc,0.6363636363636364,0.0,normal,0.6363636363636364,0
1317,cdc,dcd,known,dcd,0.23529411764705882,0.0,normal,0.23529411764705882,0
1318,dcd,cdc,known,cdc,0.375,0.0,normal,0.375,0
1319,cdc,dcb,known,dcb,0.29411764705882354,0.0,normal,0.29411764705882354,0
1320,dcb,cbd,known,cbd,0.0,0.0,anomaly,0.0,0
1321,cbd,bdd,known,bdd,0.0,0.0,anomaly,0.0,0
1322,bdd,ddc,known,ddc,0.0,0.0,anomaly,0.0,0
1323,ddc,dcc,known,dcc,0.5,0.0,normal,0.5,0
1324,dcc,ccc,known,ccc,0.8125,0.0,normal,0.8125,0
1325,ccc,ccc,known,ccc,0.5277777777777778,0.0,normal,0.5277777777777778,0
1326,ccc,ccc,known,ccc,0.5277777777777778,0.0,normal,0.5277777777777778,0
1327,ccc,ccc,known,ccc,0.5277777777777778,0.0,normal,0.5277777777777778,0
1328,ccc,ccb,known,ccb,0.3611111111111111,0.0,normal,0.3611111111111111,0
1329,ccb,cbb,known,cbb,0.5294117647058824,0.0,normal,0.5294117647058824,0
1330,cbb,bbc,known,bbc,0.2018348623853211,0.0,normal,0.2018348623853211,0
1331,bbc,bcc,known,bcc,0.3277310924369748,0.0,normal,0.3277310924369748,0
1332,bcc,ccc,known,ccc,0.3442622950819672,0.0,normal,0.3442622950819672,0
1333,ccc,ccc,known,ccc,0.5277777777777778,0.0,normal,0.5277777777777778,0
1334,ccc,ccc,known,ccc,0.5277777777777778,0.0,normal,0.5277777777777778,0
1335,ccc,ccb,known,ccb,0.3611111111111111,0.0,normal,0.3611111111111111,0
1336,ccb,cbb,known,cbb,0.5294117647058824,0.0,normal,0.5294117647058824,0
1337,cbb,bbb,known,bbb,0.6238532110091743,0.0,normal,0.6238532110091743,0
1338,bbb,bbc,known,bbc,0.13403880070546736,0.0,anomaly,0.13403880070546736,0
1339,bbc,bcc,known,bcc,0.3277310924369748,0.0,normal,0.3277310924369748,0
1340,bcc,ccb,known,ccb,0.6229508196721312,0.0,normal,0.6229508196721312,0
1341,ccb,cbb,known,cbb,0.5294117647058824,0.0,normal,0.5294117647058824,0
1342,cbb,bbb,known,bbb,0.6238532110091743,0.0,normal,0.6238532110091743,0
1343,bbb,bbc,known,bbc,0.13403880070546736,0.0,anomaly,0.13403880070546736,0
1344,bbc,bcb,known,bcb,0.5798319327731093,0.0,normal,0.5798319327731093,0
1345,bcb,cbb,known,cbb,0.5491803278688525,0.0,normal,0.5491803278688525,0
1346,cbb,bbb,known,bbb,0.6238532110091743,0.0,normal,0.6238532110091743,0
1347,bbb,bbc,known,bbc,0.13403880070546736,0.0,anomaly,0.13403880070546736,0
1348,bbc,bcc,known,bcc,0.3277310924369748,0.0,normal,0.3277310924369748,0
1349,bcc,ccc,known,ccc,0.3442622950819672,0.0,normal,0.3442622950819672,0
1350,ccc,ccd,known,ccd,0.1111111111111111,0.0,anomaly,0.1111111111111111,0
1351,ccd,cdc,known,cdc,0.6363636363636364,0.0,normal,0.6363636363636364,0
1352,cdc,dcc,known,dcc,0.4117647058823529,0.0,normal,0.4117647058823529,0
1353,dcc,ccc,known,ccc,0.8125,0.0,normal,0.8125,0
1354,ccc,ccc,known,ccc,0.5277777777777778,0.0,normal,0.5277777777777778,0
1355,ccc,ccb,known,ccb,0.3611111111111111,0.0,normal,0.3611111111111111,0
1356,ccb,cbb,known,cbb,0.5294117647058824,0.0,normal,0.5294117647058824,0
1357,cbb,bbb,known,bbb,0.6238532110091743,0.0,normal,0.6238532110091743,0
1358,bbb,bbb,known,bbb,0.6860670194003528,0.0,normal,0.6860670194003528,0
1359,bbb,bbb,known,bbb,0.6860670194003528,0.0,normal,0.6860670194003528,0
1360,bbb,bbb,known,bbb,0.6860670194003528,0.0,normal,0.6860670194003528,0
1361,bbb,bbb,known,bbb,0.6860670194003528,0.0,normal,0.6860670194003528,0
1362,bbb,bbb,known,bbb,0.6860670194003528,0.0,normal,0.6860670194003528,0
1363,bbb,bbb,known,bbb,0.6860670194003528,0.0,normal,0.6860670194003528,0
1364,bbb,bbb,known,bbb,0.6860670194003528,0.0,normal,0.6860670194003528,0
1365,bbb,bbb,known,bbb,0.6860670194003528,0.0,normal,0.6860670194003528,0
1366,bbb,bbb,known,bbb,0.6860670194003528,0.0,normal,0.6860670194003528,0
1367,bbb,bbb,known,bbb,0.6860670194003528,0.0,normal,0.6860670194003528,0
1368,bbb,bbb,known,bbb,0.6860670194003528,0.0,normal,0.6860670194003528,0
1369,bbb,bbb,known,bbb,0.6860670194003528,0.0,normal,0.6860670194003528,0
1370,bbb,bbb,known,bbb,0.6860670194003528,0.0,normal,0.6860670194003528,0
1371,bbb,bbb,known,bbb,0.6860670194003528,0.0,normal,0.6860670194003528,0
1372,bbb,bbb,known,bbb,0.6860670194003528,0.0,normal,0.6860670194003528,0
1373,bbb,bbb,known,bbb,0.6860670194003528,0.0,normal,0.6860670194003528,0
1374,bbb,bbb,known,bbb,0.6860670194003528,0.0,normal,0.6860670194003528,0
1375,bbb,bbb,known,bbb,0.6860670194003528,0.0,normal,0.6860670194003528,0
1376,bbb,bbb,known,bbb,0.6860670194003528,0.0,normal,0.6860670194003528,0
1377,bbb,bbb,known,bbb,0.6860670194003528,0.0,normal,0.6860670194003528,0
1378,bbb,bbb,known,bbb,0.6860670194003528,0.0,normal,0.6860670194003528,0
1379,bbb,bbb,known,bbb,0.6860670194003528,0.0,normal,0.6860670194003528,0
1380,bbb,bbb,known,bbb,0.6860670194003528,0.0,normal,0.6860670194003528,0
1381,bbb,bbb,known,bbb,0.6860670194003528,0.0,normal,0.6860670194003528,0
1382,bbb,bbb,known,bbb,0.6860670194003528,0.0,normal,0.6860670194003528,0
1383,bbb,bbc,known,bbc,0.13403880070546736,0.0,anomaly,0.13403880070546736,0
1384,bbc,bcb,known,bcb,0.5798319327731093,0.0,normal,0.5798319327731093,0
1385,bcb,cbc,known,cbc,0.29508196721311475,0.0,normal,0.29508196721311475,0
1386,cbc,bcc,known,bcc,0.2777777777777778,0.0,normal,0.2777777777777778,0
1387,bcc,ccc,known,ccc,0.3442622950819672,0.0,normal,0.3442622950819672,0
1388,ccc,ccb,known,ccb,0.3611111111111111,0.0,normal,0.3611111111111111,0
1389,ccb,cbc,known,cbc,0.3382352941176471,0.0,normal,0.3382352941176471,0
1390,cbc,bcb,known,bcb,0.4861111111111111,0.0,normal,0.4861111111111111,0
1391,bcb,cbb,known,cbb,0.5491803278688525,0.0,normal,0.5491803278688525,0
1392,cbb,bbb,known,bbb,0.6238532110091743,0.0,normal,0.6238532110091743,0
1393,bbb,bbc,known,bbc,0.13403880070546736,0.0,anomaly,0.13403880070546736,0
1394,bbc,bcc,known,bcc,0.3277310924369748,0.0,normal,0.3277310924369748,0
1395,bcc,ccc,known,ccc,0.3442622950819672,0.0,normal,0.3442622950819672,0
1396,ccc,ccc,known,ccc,0.5277777777777778,0.0,normal,0.5277777777777778,0
1397,ccc,ccc,known,ccc,0.5277777777777778,0.0,normal,0.5277777777777778,0
1398,ccc,ccc,known,ccc,0.5277777777777778,0.0,normal,0.5277777777777778,0
1399,ccc,ccc,known,ccc,0.5277777777777778,0.0,normal,0.5277777777777778,0
1400,ccc,ccc,known,ccc,0.5277777777777778,0.0,normal,0.5277777777777778,0
1401,ccc,ccb,known,ccb,0.3611111111111111,0.0,normal,0.3611111111111111,0
1402,ccb,cbb,known,cbb,0.5294117647058824,0.0,normal,0.5294117647058824,0
1403,cbb,bbb,known,bbb,0.6238532110091743,0.0,normal,0.6238532110091743,0
1404,bbb,bbb,known,bbb,0.6860670194003528,0.0,normal,0.6860670194003528,0
1405,bbb,bbb,known,bbb,0.6860670194003528,0.0,normal,0.6860670194003528,0
1406,bbb,bbb,known,bbb,0.6860670194003528,0.0,normal,0.6860670194003528,0
1407,bbb,bbb,known,bbb,0.6860670194003528,0.0,normal,0.6860670194003528,0
1408,bbb,bbb,known,bbb,0.6860670194003528,0.0,normal,0.6860670194003528,0
1409,bbb,bbb,known,bbb,0.6860670194003528,0.0,normal,0.6860670194003528,0
1410,bbb,bbc,known,bbc,0.13403880070546736,0.0,anomaly,0.13403880070546736,0
1411,bbc,bcb,known,bcb,0.5798319327731093,0.0,normal,0.5798319327731093,0
1412,bcb,cbb,known,cbb,0.5491803278688525,0.0,normal,0.5491803278688525,0
1413,cbb,bbb,known,bbb,0.6238532110091743,0.0,normal,0.6238532110091743,0
1414,bbb,bbc,known,bbc,0.13403880070546736,0.0,anomaly,0.13403880070546736,0
1415,bbc,bcc,known,bcc,0.3277310924369748,0.0,normal,0.3277310924369748,0
1416,bcc,ccc,known,ccc,0.3442622950819672,0.0,normal,0.3442622950819672,0
1417,ccc,ccc,known,ccc,0.5277777777777778,0.0,normal,0.5277777777777778,0
1418,ccc,ccc,known,ccc,0.5277777777777778,0.0,normal,0.5277777777777778,0
1419,ccc,ccc,known,ccc,0.5277777777777778,0.0,normal,0.5277777777777778,0
1420,ccc,ccc,known,ccc,0.5277777777777778,0.0,normal,0.5277777777777778,0
1421,ccc,ccc,known,ccc,0.5277777777777778,0.0,normal,0.5277777777777778,0
1422,ccc,ccc,known,ccc,0.5277777777777778,0.0,normal,0.5277777777777778,0
1423,ccc,ccc,known,ccc,0.5277777777777778,0.0,normal,0.5277777777777778,0
1424,ccc,ccc,known,ccc,0.5277777777777778,0.0,normal,0.5277777777777778,0
1425,ccc,ccb,known,ccb,0.3611111111111111,0.0,normal,0.3611111111111111,0
1426,ccb,cbc,known,cbc,0.3382352941176471,0.0,normal,0.3382352941176471,0
1427,cbc,bcc,known,bcc,0.2777777777777778,0.0,normal,0.2777777777777778,0
1428,bcc,ccc,known,ccc,0.3442622950819672,0.0,normal,0.3442622950819672,0
1429,ccc,ccb,known,ccb,0.3611111111111111,0.0,normal,0.3611111111111111,0
1430,ccb,cbb,known,cbb,0.5294117647058824,0.0,normal,0.5294117647058824,0
1431,cbb,bbb,known,bbb,0.6238532110091743,0.0,normal,0.6238532110091743,0
1432,bbb,bbb,known,bbb,0.6860670194003528,0.0,normal,0.6860670194003528,0
1433,bbb,bbb,known,bbb,0.6860670194003528,0.0,normal,0.6860670194003528,0
1434,bbb,bbb,known,bbb,0.6860670194003528,0.0,normal,0.6860670194003528,0
1435,bbb,bbb,known,bbb,0.6860670194003528,0.0,normal,0.6860670194003528,0
1436,bbb,bbb,known,bbb,0.6860670194003528,0.0,normal,0.6860670194003528,0
1437,bbb,bbc,known,bbc,0.13403880070546736,0.0,anomaly,0.13403880070546736,0
1438,bbc,bcb,known,bcb,0.5798319327731093,0.0,normal,0.5798319327731093,0
1439,bcb,cbc,known,cbc,0.29508196721311475,0.0,normal,0.29508196721311475,0
1440,cbc,bcb,known,bcb,0.4861111111111111,0.0,normal,0.4861111111111111,0
1441,bcb,cbb,known,cbb,0.5491803278688525,0.0,normal,0.5491803278688525,0
1442,cbb,bbb,known,bbb,0.6238532110091743,0.0,normal,0.6238532110091743,0
1443,bbb,bbb,known,bbb,0.6860670194003528,0.0,normal,0.6860670194003528,0
1444,bbb,bbb,known,bbb,0.6860670194003528,0.0,normal,0.6860670194003528,0
1445,bbb,bbb,known,bbb,0.6860670194003528,0.0,normal,0.6860670194003528,0
1446,bbb,bbb,known,bbb,0.6860670194003528,0.0,normal,0.6860670194003528,0
1447,bbb,bbb,known,bbb,0.6860670194003528,0.0,normal,0.6860670194003528,0
1448,bbb,bbc,known,bbc,0.13403880070546736,0.0,anomaly,0.13403880070546736,0
1449,bbc,bcc,known,bcc,0.3277310924369748,0.0,normal,0.3277310924369748,0
1450,bcc,ccb,known,ccb,0.6229508196721312,0.0,normal,0.6229508196721312,0
1451,ccb,cbb,known,cbb,0.5294117647058824,0.0,normal,0.5294117647058824,0
1452,cbb,bbb,known,bbb,0.6238532110091743,0.0,normal,0.6238532110091743,0
1453,bbb,bbb,known,bbb,0.6860670194003528,0.0,normal,0.6860670194003528,0
1454,bbb,bbb,known,bbb,0.6860670194003528,0.0,normal,0.6860670194003528,0
1455,bbb,bbb,known,bbb,0.6860670194003528,0.0,normal,0.6860670194003528,0
1456,bbb,bbc,known,bbc,0.13403880070546736,0.0,anomaly,0.13403880070546736,0
1457,bbc,bcc,known,bcc,0.3277310924369748,0.0,normal,0.3277310924369748,0
1458,bcc,ccc,known,ccc,0.3442622950819672,0.0,normal,0.3442622950819672,0
1459,ccc,ccc,known,ccc,0.5277777777777778,0.0,normal,0.5277777777777778,0
1460,ccc,ccb,known,ccb,0.3611111111111111,0.0,normal,0.3611111111111111,0
1461,ccb,cbb,known,cbb,0.5294117647058824,0.0,normal,0.5294117647058824,0
1462,cbb,bbc,known,bbc,0.2018348623853211,0.0,normal,0.2018348623853211,0
1463,bbc,bcc,known,bcc,0.3277310924369748,0.0,normal,0.3277310924369748,0
1464,bcc,ccb,known,ccb,0.6229508196721312,0.0,normal,0.6229508196721312,0
1465,ccb,cbb,known,cbb,0.5294117647058824,0.0,normal,0.5294117647058824,0
1466,cbb,bbc,known,bbc,0.2018348623853211,0.0,normal,0.2018348623853211,0
1467,bbc,bcc,known,bcc,0.3277310924369748,0.0,normal,0.3277310924369748,0
1468,bcc,ccc,known,ccc,0.3442622950819672,0.0,normal,0.3442622950819672,0
1469,ccc,ccb,known,ccb,0.3611111111111111,0.0,normal,0.3611111111111111,0
1470,ccb,cbc,known,cbc,0.3382352941176471,0.0,normal,0.3382352941176471,0
1471,cbc,bcc,known,bcc,0.2777777777777778,0.0,normal,0.2777777777777778,0
1472,bcc,ccc,known,ccc,0.3442622950819672,0.0,normal,0.3442622950819672,0
1473,ccc,ccc,known,ccc,0.5277777777777778,0.0,normal,0.5277777777777778,0
1474,ccc,ccc,known,ccc,0.5277777777777778,0.0,normal,0.5277777777777778,0
1475,ccc,ccc,known,ccc,0.5277777777777778,0.0,normal,0.5277777777777778,0
1476,ccc,ccc,known,ccc,0.5277777777777778,0.0,normal,0.5277777777777778,0
1477,ccc,ccd,known,ccd,0.1111111111111111,0.0,anomaly,0.1111111111111111,0
1478,ccd,cdd,known,cdd,0.2727272727272727,0.0,normal,0.2727272727272727,0
1479,cdd,ddd,known,ddd,0.4166666666666667,0.0,normal,0.4166666666666667,0
1480,ddd,ddc,known,ddc,0.037037037037037035,0.0,anomaly,0.037037037037037035,0
1481,ddc,dcc,known,dcc,0.5,0.0,normal,0.5,0
1482,dcc,ccc,known,ccc,0.8125,0.0,normal,0.8125,0
1483,ccc,ccb,known,ccb,0.3611111111111111,0.0,normal,0.3611111111111111,0
1484,ccb,cbc,known,cbc,0.3382352941176471,0.0,normal,0.3382352941176471,0
1485,cbc,bcd,known,bcd,0.09722222222222222,0.0,anomaly,0.09722222222222222,0
1486,bcd,cdc,known,cdc,0.5384615384615384,0.0,normal,0.5384615384615384,0
1487,cdc,dcd,known,dcd,0.23529411764705882,0.0,normal,0.23529411764705882,0
1488,dcd,cdd,known,cdd,0.625,0.0,normal,0.625,0
1489,cdd,ddd,known,ddd,0.4166666666666667,0.0,normal,0.4166666666666667,0
1490,ddd,ddd,known,ddd,0.7407407407407407,0.0,normal,0.7407407407407407,0
1491,ddd,ddd,known,ddd,0.7407407407407407,0.0,normal,0.7407407407407407,0
1492,ddd,ddd,known,ddd,0.7407407407407407,0.0,normal,0.7407407407407407,0
1493,ddd,ddc,known,ddc,0.037037037037037035,0.0,anomaly,0.037037037037037035,0
1494,ddc,dcd,known,dcd,0.4,0.0,normal,0.4,0
1495,dcd,cdd,known,cdd,0.625,0.0,normal,0.625,0
1496,cdd,ddd,known,ddd,0.4166666666666667,0.0,normal,0.4166666666666667,0
1497,ddd,ddd,known,ddd,0.7407407407407407,0.0,normal,0.7407407407407407,0
1498,ddd,ddc,known,ddc,0.037037037037037035,0.0,anomaly,0.037037037037037035,0
1499,ddc,dcc,known,dcc,0.5,0.0,normal,0.5,0
1500,dcc,ccc,known,ccc,0.8125,0.0,normal,0.8125,0
1501,ccc,ccc,known,ccc,0.5277777777777778,0.0,normal,0.5277777777777778,0
1502,ccc,ccb,known,ccb,0.3611111111111111,0.0,normal,0.3611111111111111,0
1503,ccb,cbb,known,cbb,0.5294117647058824,0.0,normal,0.5294117647058824,0
1504,cbb,bbb,known,bbb,0.6238532110091743,0.0,normal,0.6238532110091743,0
1505,bbb,bbc,known,bbc,0.13403880070546736,0.0,anomaly,0.13403880070546736,0
1506,bbc,bcc,known,bcc,0.3277310924369748,0.0,normal,0.3277310924369748,0
1507,bcc,ccc,known,ccc,0.3442622950819672,0.0,normal,0.3442622950819672,0
1508,ccc,ccc,known,ccc,0.5277777777777778,0.0,normal,0.5277777777777778,0
1509,ccc,ccc,known,ccc,0.5277777777777778,0.0,normal,0.5277777777777778,0
1510,ccc,ccc,known,ccc,0.5277777777777778,0.0,normal,0.5277777777777778,0
1511,ccc,ccc,known,ccc,0.5277777777777778,0.0,normal,0.5277777777777778,0
