time_step,state,pattern,status,mapped_to,probability,path_probability,decision,confidence,distance
1,bbc,bcb,known,bcb,0.47586206896551725,0.47586206896551725,normal,0.47586206896551725,0
2,bcb,cbc,known,cbc,0.26865671641791045,0.1278435409161091,normal,0.26865671641791045,0
3,cbc,bcb,known,bcb,0.5443037974683544,0.06958572480243914,normal,0.5443037974683544,0
4,bcb,cba,known,cba,0.14925373134328357,0.010385929074990917,anomaly,0.14925373134328357,0
5,cba,bab,known,bab,0.53125,0.0055175248210889245,normal,0.53125,0
6,bab,aba,known,aba,0.44642857142857145,0.0024631807237004127,normal,0.44642857142857145,0
7,aba,baa,known,baa,0.5317919075144508,0.0013098995756094679,normal,0.5317919075144508,0
8,baa,aab,known,aab,0.3701657458563536,0.0004848799534023997,normal,0.3701657458563536,0
9,aab,aba,known,aba,0.5166666666666667,0.0002505213092579065,normal,0.5166666666666667,0
10,aba,bab,known,bab,0.4277456647398844,0.00010715940396002938,normal,0.4277456647398844,0
11,bab,abb,known,abb,0.49404761904761907,5.2941848385014516e-05,normal,0.49404761904761907,0
12,abb,bba,known,bba,0.27167630057803466,1.4383045515003942e-05,normal,0.27167630057803466,0
13,bba,bab,known,bab,0.4779874213836478,6.874914837360375e-06,normal,0.4779874213836478,0
14,bab,abb,known,abb,0.49404761904761907,3.3965353065530426e-06,normal,0.49404761904761907,0
15,abb,bbb,known,bbb,0.6127167630057804,2.081114118466026e-06,normal,0.6127167630057804,0
16,bbb,bbc,known,bbc,0.17537313432835822,3.649715058503852e-07,anomaly,0.17537313432835822,0
17,bbc,bcb,known,bcb,0.47586206896551725,1.736760958874247e-07,normal,0.47586206896551725,0
18,bcb,cbb,known,cbb,0.5223880597014925,9.072631874716214e-08,normal,0.5223880597014925,0
19,cbb,bbc,known,bbc,0.23703703703703705,2.15054977771051e-08,normal,0.23703703703703705,0
20,bbc,bcb,known,bcb,0.47586206896551725,1.0233650666346564e-08,normal,0.47586206896551725,0
21,bcb,cbb,known,cbb,0.5223880597014925,5.345936915255667e-09,normal,0.5223880597014925,0
22,cbb,bbb,known,bbb,0.6148148148148148,3.2867612145645954e-09,normal,0.6148148148148148,0
23,bbb,bbb,known,bbb,0.6380597014925373,2.0971498794423353e-09,normal,0.6380597014925373,0
24,bbb,bbb,known,bbb,0.6380597014925373,1.3381068260620872e-09,normal,0.6380597014925373,0
25,bbb,bbb,known,bbb,0.6380597014925373,8.537920420023019e-10,normal,0.6380597014925373,0
26,bbb,bbb,known,bbb,0.6380597014925373,5.447702954566927e-10,normal,0.6380597014925373,0
27,bbb,bbc,known,bbc,0.17537313432835822,9.553807420322596e-11,anomaly,0.17537313432835822,0
28,bbc,bcb,known,bcb,0.47586206896551725,4.5462945655328216e-11,normal,0.47586206896551725,0
29,bcb,cba,known,cba,0.14925373134328357,6.7855142769146584e-12,anomaly,0.14925373134328357,0
30,cba,bab,known,bab,0.53125,3.6048044596109125e-12,normal,0.53125,0
31,bab,aba,known,aba,0.44642857142857145,1.609287705183443e-12,normal,0.44642857142857145,0
32,aba,bab,known,bab,0.4277456647398844,6.88365839211415e-13,normal,0.4277456647398844,0
33,bab,abb,known,abb,0.49404761904761907,3.4008550389611575e-13,normal,0.49404761904761907,0
34,abb,bbc,known,bbc,0.10982658959537572,3.735043106373526e-14,anomaly,0.10982658959537572,0
35,bbc,bcb,known,bcb,0.47586206896551725,1.7773653402742984e-14,normal,0.47586206896551725,0
36,bcb,cbc,known,cbc,0.26865671641791045,4.775011361930951e-15,normal,0.26865671641791045,0
37,cbc,bcc,known,bcc,0.2911392405063291,1.3901931813216692e-15,normal,0.2911392405063291,0
38,bcc,ccb,known,ccb,0.45918367346938777,6.383540118313787e-16,normal,0.45918367346938777,0
39,ccb,cbb,known,cbb,0.5463917525773195,3.4879136728931e-16,normal,0.5463917525773195,0
40,cbb,bba,known,bba,0.1259259259259259,4.3921875880876065e-17,anomaly,0.1259259259259259,0
41,bba,bab,known,bab,0.4779874213836478,2.0994104194632585e-17,normal,0.4779874213836478,0
42,bab,aba,known,aba,0.44642857142857145,9.372367944032405e-18,normal,0.44642857142857145,0
43,aba,bab,known,bab,0.4277456647398844,4.008989756406925e-18,normal,0.4277456647398844,0
44,bab,abb,known,abb,0.49404761904761907,1.9806318439391355e-18,normal,0.49404761904761907,0
45,abb,bbb,known,bbb,0.6127167630057804,1.213566332124557e-18,normal,0.6127167630057804,0
46,bbb,bbc,known,bbc,0.17537313432835822,2.1282693138005292e-19,anomaly,0.17537313432835822,0
47,bbc,bcb,known,bcb,0.47586206896551725,1.0127626389809415e-19,normal,0.47586206896551725,0
48,bcb,cbc,known,cbc,0.26865671641791045,2.720854850993574e-20,normal,0.26865671641791045,0
49,cbc,bcb,known,bcb,0.5443037974683544,1.480971627755996e-20,normal,0.5443037974683544,0
50,bcb,cbb,known,cbb,0.5223880597014925,7.736418950964159e-21,normal,0.5223880597014925,0
51,cbb,bbb,known,bbb,0.6148148148148148,4.756464984666853e-21,normal,0.6148148148148148,0
52,bbb,bbb,known,bbb,0.6380597014925373,3.0349086282762387e-21,normal,0.6380597014925373,0
53,bbb,bbb,known,bbb,0.6380597014925373,1.9364528934150626e-21,normal,0.6380597014925373,0
54,bbb,bbb,known,bbb,0.6380597014925373,1.2355725551267751e-21,normal,0.6380597014925373,0
55,bbb,bbb,known,bbb,0.6380597014925373,7.883690556965618e-22,normal,0.6380597014925373,0
56,bbb,bbc,known,bbc,0.17537313432835822,1.3825875230499404e-22,anomaly,0.17537313432835822,0
57,bbc,bca,known,bca,0.05517241379310345,7.628069092689326e-24,anomaly,0.05517241379310345,0
58,bca,cac,known,cac,0.375,2.8605259097584972e-24,normal,0.375,0
59,cac,aca,known,aca,0.4,1.144210363903399e-24,normal,0.4,0
60,aca,cab,known,cab,0.6428571428571429,7.355638053664708e-25,normal,0.6428571428571429,0
61,cab,aba,known,aba,0.21052631578947367,1.5485553797188858e-25,normal,0.21052631578947367,0
62,aba,bab,known,bab,0.4277456647398844,6.623878502843789e-26,normal,0.4277456647398844,0
63,bab,aba,known,aba,0.44642857142857145,2.957088617340977e-26,normal,0.44642857142857145,0
64,aba,bab,known,bab,0.4277456647398844,1.2648818363192618e-26,normal,0.4277456647398844,0
65,bab,aba,known,aba,0.44642857142857145,5.646793912139562e-27,normal,0.44642857142857145,0
66,aba,baa,known,baa,0.5317919075144508,3.0029193058776857e-27,normal,0.5317919075144508,0
67,baa,aab,known,aab,0.3701657458563536,1.1115778646066571e-27,normal,0.3701657458563536,0
68,aab,aba,known,aba,0.5166666666666667,5.743152300467729e-28,normal,0.5166666666666667,0
69,aba,bab,known,bab,0.4277456647398844,2.4566084984659653e-28,normal,0.4277456647398844,0
70,bab,abb,known,abb,0.49404761904761907,1.2136815795992566e-28,normal,0.49404761904761907,0
71,abb,bba,known,bba,0.27167630057803466,3.297285216252315e-29,normal,0.27167630057803466,0
72,bba,bab,known,bab,0.4779874213836478,1.5760608580828676e-29,normal,0.4779874213836478,0
73,bab,aba,known,aba,0.44642857142857145,7.03598597358423e-30,normal,0.44642857142857145,0
74,aba,baa,known,baa,0.5317919075144508,3.7416804021372786e-30,normal,0.5317919075144508,0
75,baa,aac,known,aac,0.016574585635359115,6.201680224536926e-32,anomaly,0.016574585635359115,0
76,aac,aca,known,aca,0.5,3.100840112268463e-32,normal,0.5,0
77,aca,cac,known,cac,0.21428571428571427,6.644657383432419e-33,normal,0.21428571428571427,0
78,cac,aca,known,aca,0.4,2.657862953372968e-33,normal,0.4,0
79,aca,caa,known,caa,0.14285714285714285,3.796947076247097e-34,anomaly,0.14285714285714285,0
80,caa,aab,known,aab,0.42857142857142855,1.6272630326773273e-34,normal,0.42857142857142855,0
81,aab,aba,known,aba,0.5166666666666667,8.407525668832858e-35,normal,0.5166666666666667,0
82,aba,bab,known,bab,0.4277456647398844,3.596282656032552e-35,normal,0.4277456647398844,0
83,bab,aba,known,aba,0.44642857142857145,1.6054833285859607e-35,normal,0.44642857142857145,0
84,aba,baa,known,baa,0.5317919075144508,8.537830417913778e-36,normal,0.5317919075144508,0
85,baa,aaa,known,aaa,0.6077348066298343,5.188736718069147e-36,normal,0.6077348066298343,0
86,aaa,aaa,known,aaa,0.9054393305439331,4.698086300377253e-36,normal,0.9054393305439331,0
87,aaa,aaa,known,aaa,0.9054393305439331,4.253832114651203e-36,normal,0.9054393305439331,0
88,aaa,aab,known,aab,0.09205020920502092,3.915661360766798e-37,anomaly,0.09205020920502092,0
89,aab,aba,known,aba,0.5166666666666667,2.023091703062846e-37,normal,0.5166666666666667,0
90,aba,bab,known,bab,0.4277456647398844,8.653687053563618e-38,normal,0.4277456647398844,0
91,bab,aba,known,aba,0.44642857142857145,3.8632531489123296e-38,normal,0.44642857142857145,0
92,aba,baa,known,baa,0.5317919075144508,2.0544467612712965e-38,normal,0.5317919075144508,0
93,baa,aaa,known,aaa,0.6077348066298343,1.2485588051925006e-38,normal,0.6077348066298343,0
94,aaa,aaa,known,aaa,0.9054393305439331,1.1304942487182308e-38,normal,0.9054393305439331,0
95,aaa,aaa,known,aaa,0.9054393305439331,1.0235939557432014e-38,normal,0.9054393305439331,0
96,aaa,aaa,known,aaa,0.9054393305439331,9.268022260369406e-39,normal,0.9054393305439331,0
97,aaa,aaa,known,aaa,0.9054393305439331,8.391631870895144e-39,normal,0.9054393305439331,0
98,aaa,aaa,known,aaa,0.9054393305439331,7.598113543354432e-39,normal,0.9054393305439331,0
99,aaa,aaa,known,aaa,0.9054393305439331,6.879630840091629e-39,normal,0.9054393305439331,0
100,aaa,aaa,known,aaa,0.9054393305439331,6.22908834224196e-39,normal,0.9054393305439331,0
101,aaa,aaa,known,aaa,0.9054393305439331,5.6400615784985785e-39,normal,0.9054393305439331,0
102,aaa,aaa,known,aaa,0.9054393305439331,5.1067335798623116e-39,normal,0.9054393305439331,0
103,aaa,aaa,known,aaa,0.9054393305439331,4.6238374338167547e-39,normal,0.9054393305439331,0
104,aaa,aaa,known,aaa,0.9054393305439331,4.18660427061902e-39,normal,0.9054393305439331,0
105,aaa,aaa,known,aaa,0.9054393305439331,3.7907161680416565e-39,normal,0.9054393305439331,0
106,aaa,aaa,known,aaa,0.9054393305439331,3.432263509473701e-39,normal,0.9054393305439331,0
107,aaa,aab,known,aab,0.09205020920502092,3.159405740938135e-40,anomaly,0.09205020920502092,0
108,aab,aba,known,aba,0.5166666666666667,1.6323596328180365e-40,normal,0.5166666666666667,0
109,aba,baa,known,baa,0.5317919075144508,8.680756428858922e-41,normal,0.5317919075144508,0
110,baa,aaa,known,aaa,0.6077348066298343,5.275597829693268e-41,normal,0.6077348066298343,0
111,aaa,aaa,known,aaa,0.9054393305439331,4.776733767136499e-41,normal,0.9054393305439331,0
112,aaa,aaa,known,aaa,0.9054393305439331,4.325042624302671e-41,normal,0.9054393305439331,0
113,aaa,aaa,known,aaa,0.9054393305439331,3.916063698322586e-41,normal,0.9054393305439331,0
114,aaa,aab,known,aab,0.09205020920502092,3.60474482690782e-42,anomaly,0.09205020920502092,0
115,aab,aba,known,aba,0.5166666666666667,1.8624514939023737e-42,normal,0.5166666666666667,0
116,aba,bab,known,bab,0.4277456647398844,7.966555523050616e-43,normal,0.4277456647398844,0
117,bab,aba,known,aba,0.44642857142857145,3.5564980013618826e-43,normal,0.44642857142857145,0
118,aba,bab,known,bab,0.4277456647398844,1.5212766017386088e-43,normal,0.4277456647398844,0
119,bab,aba,known,aba,0.44642857142857145,6.791413400618789e-44,normal,0.44642857142857145,0
120,aba,baa,known,baa,0.5317919075144508,3.6116186870342694e-44,normal,0.5317919075144508,0
121,baa,aab,known,aab,0.3701657458563536,1.3368975250347848e-44,normal,0.3701657458563536,0
122,aab,aba,known,aba,0.5166666666666667,6.907303879346388e-45,normal,0.5166666666666667,0
123,aba,bab,known,bab,0.4277456647398844,2.9545692894314034e-45,normal,0.4277456647398844,0
124,bab,aba,known,aba,0.44642857142857145,1.3190041470675908e-45,normal,0.44642857142857145,0
125,aba,baa,known,baa,0.5317919075144508,7.014357313885453e-46,normal,0.5317919075144508,0
126,baa,aaa,known,aaa,0.6077348066298343,4.26286908578674e-46,normal,0.6077348066298343,0
127,aaa,aaa,known,aaa,0.9054393305439331,3.859769331231174e-46,normal,0.9054393305439331,0
128,aaa,aaa,known,aaa,0.9054393305439331,3.4947869593239587e-46,normal,0.9054393305439331,0
129,aaa,aaa,known,aaa,0.9054393305439331,3.1643175648439526e-46,normal,0.9054393305439331,0
130,aaa,aaa,known,aaa,0.9054393305439331,2.865097577540717e-46,normal,0.9054393305439331,0
131,aaa,aaa,known,aaa,0.9054393305439331,2.594172032551511e-46,normal,0.9054393305439331,0
132,aaa,aaa,known,aaa,0.9054393305439331,2.3488653884692344e-46,normal,0.9054393305439331,0
133,aaa,aaa,known,aaa,0.9054393305439331,2.126755104873399e-46,normal,0.9054393305439331,0
134,aaa,aaa,known,aaa,0.9054393305439331,1.9256477183874627e-46,normal,0.9054393305439331,0
135,aaa,aab,known,aab,0.09205020920502092,1.7725627533273716e-47,anomaly,0.09205020920502092,0
136,aab,aba,known,aba,0.5166666666666667,9.158240892191421e-48,normal,0.5166666666666667,0
137,aba,bab,known,bab,0.4277456647398844,3.9173978382784115e-48,normal,0.4277456647398844,0
138,bab,aba,known,aba,0.44642857142857145,1.7488383206600054e-48,normal,0.44642857142857145,0
139,aba,baa,known,baa,0.5317919075144508,9.300180664781531e-49,normal,0.5317919075144508,0
140,baa,aaa,known,aaa,0.6077348066298343,5.652043497933527e-49,normal,0.6077348066298343,0
141,aaa,aaa,known,aaa,0.9054393305439331,5.117582480974122e-49,normal,0.9054393305439331,0
142,aaa,aaa,known,aaa,0.9054393305439331,4.63366045557657e-49,normal,0.9054393305439331,0
143,aaa,aaa,known,aaa,0.9054393305439331,4.195498420865145e-49,normal,0.9054393305439331,0
144,aaa,aaa,known,aaa,0.9054393305439331,3.798769281486266e-49,normal,0.9054393305439331,0
145,aaa,aaa,known,aaa,0.9054393305439331,3.4395551151197824e-49,normal,0.9054393305439331,0
146,aaa,aaa,known,aaa,0.9054393305439331,3.1143084808030167e-49,normal,0.9054393305439331,0
147,aaa,aaa,known,aaa,0.9054393305439331,2.819817385965577e-49,normal,0.9054393305439331,0
148,aaa,aaa,known,aaa,0.9054393305439331,2.5531735662048152e-49,normal,0.9054393305439331,0
149,aaa,aaa,known,aaa,0.9054393305439331,2.3117437645469543e-49,normal,0.9054393305439331,0
150,aaa,aaa,known,aaa,0.9054393305439331,2.093143726560506e-49,normal,0.9054393305439331,0
151,aaa,aaa,known,aaa,0.9054393305439331,1.895214654509178e-49,normal,0.9054393305439331,0
152,aaa,aaa,known,aaa,0.9054393305439331,1.7160018880158416e-49,normal,0.9054393305439331,0
153,aaa,aaa,known,aaa,0.9054393305439331,1.5537356006971889e-49,normal,0.9054393305439331,0
154,aaa,aab,known,aab,0.09205020920502092,1.430216870934651e-50,anomaly,0.09205020920502092,0
155,aab,aba,known,aba,0.5166666666666667,7.389453833162365e-51,normal,0.5166666666666667,0
156,aba,bab,known,bab,0.4277456647398844,3.1608068419307225e-51,normal,0.4277456647398844,0
157,bab,abb,known,abb,0.49404761904761907,1.5615890945252975e-51,normal,0.49404761904761907,0
158,abb,bbb,known,bbb,0.6127167630057804,9.568118151426679e-52,normal,0.6127167630057804,0
159,bbb,bbb,known,bbb,0.6380597014925373,6.105030611544635e-52,normal,0.6380597014925373,0
160,bbb,bbb,known,bbb,0.6380597014925373,3.8953740096049724e-52,normal,0.6380597014925373,0
161,bbb,bbc,known,bbc,0.17537313432835822,6.831439494456482e-53,anomaly,0.17537313432835822,0
162,bbc,bcb,known,bcb,0.47586206896551725,3.2508229318448084e-53,normal,0.47586206896551725,0
163,bcb,cbb,known,cbb,0.5223880597014925,1.6981910837995266e-53,normal,0.5223880597014925,0
164,cbb,bbb,known,bbb,0.6148148148148148,1.0440730367063757e-53,normal,0.6148148148148148,0
165,bbb,bba,known,bba,0.16977611940298507,1.7725866854529886e-54,anomaly,0.16977611940298507,0
166,bba,baa,known,baa,0.4716981132075472,8.361257950249946e-55,normal,0.4716981132075472,0
167,baa,aab,known,aab,0.3701657458563536,3.0950512854516375e-55,normal,0.3701657458563536,0
168,aab,abb,known,abb,0.4388888888888889,1.3583836197259965e-55,normal,0.4388888888888889,0
169,abb,bbb,known,bbb,0.6127167630057804,8.323044143985876e-56,normal,0.6127167630057804,0
170,bbb,bbb,known,bbb,0.6380597014925373,5.310599062020839e-56,normal,0.6380597014925373,0
171,bbb,bbb,known,bbb,0.6380597014925373,3.388479252259565e-56,normal,0.6380597014925373,0
172,bbb,bbb,known,bbb,0.6380597014925373,2.162052060210394e-56,normal,0.6380597014925373,0
173,bbb,bbb,known,bbb,0.6380597014925373,1.3795182921491694e-56,normal,0.6380597014925373,0
174,bbb,bbb,known,bbb,0.6380597014925373,8.802150296921939e-57,normal,0.6380597014925373,0
175,bbb,bbb,known,bbb,0.6380597014925373,5.616297390946461e-57,normal,0.6380597014925373,0
176,bbb,bbb,known,bbb,0.6380597014925373,3.5835330367606146e-57,normal,0.6380597014925373,0
177,bbb,bbc,known,bbc,0.17537313432835822,6.284554206259287e-58,anomaly,0.17537313432835822,0
178,bbc,bcb,known,bcb,0.47586206896551725,2.9905809671164884e-58,normal,0.47586206896551725,0
179,bcb,cbb,known,cbb,0.5223880597014925,1.5622437887921953e-58,normal,0.5223880597014925,0
180,cbb,bbb,known,bbb,0.6148148148148148,9.604906257018682e-59,normal,0.6148148148148148,0
181,bbb,bbb,known,bbb,0.6380597014925373,6.128503619217145e-59,normal,0.6380597014925373,0
182,bbb,bbb,known,bbb,0.6380597014925373,3.910351189873626e-59,normal,0.6380597014925373,0
183,bbb,bbb,known,bbb,0.6380597014925373,2.495037512941754e-59,normal,0.6380597014925373,0
184,bbb,bbc,known,bbc,0.17537313432835822,4.3756254891142706e-60,anomaly,0.17537313432835822,0
185,bbc,bcb,known,bcb,0.47586206896551725,2.0821941982681702e-60,normal,0.47586206896551725,0
186,bcb,cbc,known,cbc,0.26865671641791045,5.593954562511502e-61,normal,0.26865671641791045,0
187,cbc,bcb,known,bcb,0.5443037974683544,3.0448107112404377e-61,normal,0.5443037974683544,0
188,bcb,cbc,known,cbc,0.26865671641791045,8.180088477959386e-62,normal,0.26865671641791045,0
189,cbc,bcb,known,bcb,0.5443037974683544,4.452453222180425e-62,normal,0.5443037974683544,0
190,bcb,cbb,known,cbb,0.5223880597014925,2.3259083996464903e-62,normal,0.5223880597014925,0
191,cbb,bbb,known,bbb,0.6148148148148148,1.4300029420048793e-62,normal,0.6148148148148148,0
192,bbb,bbc,known,bbc,0.17537313432835822,2.507840980381691e-63,anomaly,0.17537313432835822,0
193,bbc,bcc,known,bcc,0.4206896551724138,1.0550227572640218e-63,normal,0.4206896551724138,0
194,bcc,ccb,known,ccb,0.45918367346938777,4.844492252742958e-64,normal,0.45918367346938777,0
195,ccb,cbc,known,cbc,0.30927835051546393,1.498296573013286e-64,normal,0.30927835051546393,0
196,cbc,bcb,known,bcb,0.5443037974683544,8.155285144249531e-65,normal,0.5443037974683544,0
197,bcb,cbc,known,cbc,0.26865671641791045,2.190972128305844e-65,normal,0.26865671641791045,0
198,cbc,bcb,known,bcb,0.5443037974683544,1.1925544495841937e-65,normal,0.5443037974683544,0
199,bcb,cbc,known,cbc,0.26865671641791045,3.20387762574858e-66,normal,0.26865671641791045,0
200,cbc,bcb,known,bcb,0.5443037974683544,1.7438827583188472e-66,normal,0.5443037974683544,0
201,bcb,cbc,known,cbc,0.26865671641791045,4.6850581566775e-67,normal,0.26865671641791045,0
202,cbc,bcb,known,bcb,0.5443037974683544,2.5500949460396518e-67,normal,0.5443037974683544,0
203,bcb,cbc,known,cbc,0.26865671641791045,6.851001347569213e-68,normal,0.26865671641791045,0
204,cbc,bcb,known,bcb,0.5443037974683544,3.729026049942737e-68,normal,0.5443037974683544,0
205,bcb,cbc,known,cbc,0.26865671641791045,1.0018278940144665e-68,normal,0.26865671641791045,0
206,cbc,bcb,known,bcb,0.5443037974683544,5.452987271217983e-69,normal,0.5443037974683544,0
207,bcb,cbb,known,cbb,0.5223880597014925,2.848575440188498e-69,normal,0.5223880597014925,0
208,cbb,bbb,known,bbb,0.6148148148148148,1.751346381745521e-69,normal,0.6148148148148148,0
209,bbb,bba,known,bba,0.16977611940298507,2.9733679242321345e-70,anomaly,0.16977611940298507,0
210,bba,baa,known,baa,0.4716981132075472,1.402532039732139e-70,normal,0.4716981132075472,0
211,baa,aaa,known,aaa,0.6077348066298343,8.523675379587585e-71,normal,0.6077348066298343,0
212,aaa,aaa,known,aaa,0.9054393305439331,7.717670929467588e-71,normal,0.9054393305439331,0
213,aaa,aaa,known,aaa,0.9054393305439331,6.987882799735507e-71,normal,0.9054393305439331,0
214,aaa,aaa,known,aaa,0.9054393305439331,6.327103924111982e-71,normal,0.9054393305439331,0
215,aaa,aaa,known,aaa,0.9054393305439331,5.728808741329845e-71,normal,0.9054393305439331,0
216,aaa,aaa,known,aaa,0.9054393305439331,5.187088751563927e-71,normal,0.9054393305439331,0
217,aaa,aaa,known,aaa,0.9054393305439331,4.696594166688008e-71,normal,0.9054393305439331,0
218,aaa,aaa,known,aaa,0.9054393305439331,4.252481078122531e-71,normal,0.9054393305439331,0
219,aaa,aaa,known,aaa,0.9054393305439331,3.850363620526007e-71,normal,0.9054393305439331,0
220,aaa,aaa,known,aaa,0.9054393305439331,3.486270658919783e-71,normal,0.9054393305439331,0
221,aaa,aaa,known,aaa,0.9054393305439331,3.1566065715072846e-71,normal,0.9054393305439331,0
222,aaa,aaa,known,aaa,0.9054393305439331,2.8581157408961357e-71,normal,0.9054393305439331,0
223,aaa,aaa,known,aaa,0.9054393305439331,2.5878504030540746e-71,normal,0.9054393305439331,0
224,aaa,aaa,known,aaa,0.9054393305439331,2.343141536489129e-71,normal,0.9054393305439331,0
225,aaa,aaa,known,aaa,0.9054393305439331,2.1215725041684e-71,normal,0.9054393305439331,0
226,aaa,aaa,known,aaa,0.9054393305439331,1.920955187874652e-71,normal,0.9054393305439331,0
227,aaa,aaa,known,aaa,0.9054393305439331,1.73930837931412e-71,normal,0.9054393305439331,0
228,aaa,aaa,known,aaa,0.9054393305439331,1.5748382145756301e-71,normal,0.9054393305439331,0
229,aaa,aaa,known,aaa,0.9054393305439331,1.4259204587203614e-71,normal,0.9054393305439331,0
230,aaa,aaa,known,aaa,0.9054393305439331,1.291084465552662e-71,normal,0.9054393305439331,0
231,aaa,aaa,known,aaa,0.9054393305439331,1.168998654165674e-71,normal,0.9054393305439331,0
232,aaa,aaa,known,aaa,0.9054393305439331,1.0584573588345267e-71,normal,0.9054393305439331,0
233,aaa,aaa,known,aaa,0.9054393305439331,9.583689223924334e-72,normal,0.9054393305439331,0
234,aaa,aaa,known,aaa,0.9054393305439331,8.677449155051154e-72,normal,0.9054393305439331,0
235,aaa,aaa,known,aaa,0.9054393305439331,7.856903753778535e-72,normal,0.9054393305439331,0
236,aaa,aaa,known,aaa,0.9054393305439331,7.113949674969352e-72,normal,0.9054393305439331,0
237,aaa,aaa,known,aaa,0.9054393305439331,6.44124983122748e-72,normal,0.9054393305439331,0
238,aaa,aaa,known,aaa,0.9054393305439331,5.832160935052832e-72,normal,0.9054393305439331,0
239,aaa,aaa,known,aaa,0.9054393305439331,5.280667892658715e-72,normal,0.9054393305439331,0
240,aaa,aaa,known,aaa,0.9054393305439331,4.78132440155375e-72,normal,0.9054393305439331,0
241,aaa,aaa,known,aaa,0.9054393305439331,4.3291991652561987e-72,normal,0.9054393305439331,0
242,aaa,aaa,known,aaa,0.9054393305439331,3.9198271939809267e-72,normal,0.9054393305439331,0
243,aaa,aaa,known,aaa,0.9054393305439331,3.549165710365994e-72,normal,0.9054393305439331,0
244,aaa,aaa,known,aaa,0.9054393305439331,3.2135542247832683e-72,normal,0.9054393305439331,0
245,aaa,aaa,known,aaa,0.9054393305439331,2.9096783859543905e-72,normal,0.9054393305439331,0
246,aaa,aaa,known,aaa,0.9054393305439331,2.634537249876695e-72,normal,0.9054393305439331,0
247,aaa,aaa,known,aaa,0.9054393305439331,2.385413643821409e-72,normal,0.9054393305439331,0
248,aaa,aaa,known,aaa,0.9054393305439331,2.1598473327320208e-72,normal,0.9054393305439331,0
249,aaa,aaa,known,aaa,0.9054393305439331,1.9556107230259805e-72,normal,0.9054393305439331,0
250,aaa,aaa,known,aaa,0.9054393305439331,1.7706868638611809e-72,normal,0.9054393305439331,0
251,aaa,aaa,known,aaa,0.9054393305439331,1.603249528617404e-72,normal,0.9054393305439331,0
252,aaa,aaa,known,aaa,0.9054393305439331,1.4516451798862188e-72,normal,0.9054393305439331,0
253,aaa,aaa,known,aaa,0.9054393305439331,1.3143766398635052e-72,normal,0.9054393305439331,0
254,aaa,aaa,known,aaa,0.9054393305439331,1.1900883048805965e-72,normal,0.9054393305439331,0
255,aaa,aaa,known,aaa,0.9054393305439331,1.0775527580592515e-72,normal,0.9054393305439331,0
256,aaa,aaa,known,aaa,0.9054393305439331,9.756586478829374e-73,normal,0.9054393305439331,0
257,aaa,aaa,known,aaa,0.9054393305439331,8.833997129785258e-73,normal,0.9054393305439331,0
258,aaa,aaa,known,aaa,0.9054393305439331,7.99864844721979e-73,normal,0.9054393305439331,0
259,aaa,aaa,known,aaa,0.9054393305439331,7.242290895306956e-73,normal,0.9054393305439331,0
260,aaa,aaa,known,aaa,0.9054393305439331,6.557455019851153e-73,normal,0.9054393305439331,0
261,aaa,aaa,known,aaa,0.9054393305439331,5.937377683245981e-73,normal,0.9054393305439331,0
262,aaa,aaa,known,aaa,0.9054393305439331,5.3759352747047297e-73,normal,0.9054393305439331,0
263,aaa,aaa,known,aaa,0.9054393305439331,4.8675832361761654e-73,normal,0.9054393305439331,0
264,aaa,aaa,known,aaa,0.9054393305439331,4.4073013067302185e-73,normal,0.9054393305439331,0
265,aaa,aaa,known,aaa,0.9054393305439331,3.990543944671211e-73,normal,0.9054393305439331,0
266,aaa,aaa,known,aaa,0.9054393305439331,3.613195437769247e-73,normal,0.9054393305439331,0
267,aaa,aaa,known,aaa,0.9054393305439331,3.2715292582981806e-73,normal,0.9054393305439331,0
268,aaa,aaa,known,aaa,0.9054393305439331,2.9621712614883945e-73,normal,0.9054393305439331,0
269,aaa,aaa,known,aaa,0.9054393305439331,2.6820663639585296e-73,normal,0.9054393305439331,0
270,aaa,aaa,known,aaa,0.9054393305439331,2.428448373057012e-73,normal,0.9054393305439331,0
271,aaa,aaa,known,aaa,0.9054393305439331,2.1988126691612445e-73,normal,0.9054393305439331,0
272,aaa,aaa,known,aaa,0.9054393305439331,1.990891471156876e-73,normal,0.9054393305439331,0
273,aaa,aaa,known,aaa,0.9054393305439331,1.8026314408299078e-73,normal,0.9054393305439331,0
274,aaa,aaa,known,aaa,0.9054393305439331,1.6321734050024773e-73,normal,0.9054393305439331,0
275,aaa,aaa,known,aaa,0.9054393305439331,1.4778339951570547e-73,normal,0.9054393305439331,0
276,aaa,aaa,known,aaa,0.9054393305439331,1.3380890232300697e-73,normal,0.9054393305439331,0
277,aaa,aaa,known,aaa,0.9054393305439331,1.2115584294016196e-73,normal,0.9054393305439331,0
278,aaa,aaa,known,aaa,0.9054393305439331,1.0969926532322615e-73,normal,0.9054393305439331,0
279,aaa,aaa,known,aaa,0.9054393305439331,9.932602935542318e-74,normal,0.9054393305439331,0
280,aaa,aaa,known,aaa,0.9054393305439331,8.993369352516141e-74,normal,0.9054393305439331,0
281,aaa,aaa,known,aaa,0.9054393305439331,8.14295032587654e-74,normal,0.9054393305439331,0
282,aaa,aaa,known,aaa,0.9054393305439331,7.372947491714157e-74,normal,0.9054393305439331,0
283,aaa,aaa,known,aaa,0.9054393305439331,6.675756641033237e-74,normal,0.9054393305439331,0
284,aaa,aaa,known,aaa,0.9054393305439331,6.04449262393135e-74,normal,0.9054393305439331,0
285,aaa,aaa,known,aaa,0.9054393305439331,5.472921354890143e-74,normal,0.9054393305439331,0
286,aaa,aaa,known,aaa,0.9054393305439331,4.955398247691326e-74,normal,0.9054393305439331,0
287,aaa,aaa,known,aaa,0.9054393305439331,4.486812471968213e-74,normal,0.9054393305439331,0
288,aaa,aaa,known,aaa,0.9054393305439331,4.062536480895069e-74,normal,0.9054393305439331,0
289,aaa,aaa,known,aaa,0.9054393305439331,3.678380311571937e-74,normal,0.9054393305439331,0
290,aaa,aaa,known,aaa,0.9054393305439331,3.3305502067956784e-74,normal,0.9054393305439331,0
291,aaa,aaa,known,aaa,0.9054393305439331,3.015611149584037e-74,normal,0.9054393305439331,0
292,aaa,aaa,known,aaa,0.9054393305439331,2.730452940460191e-74,normal,0.9054393305439331,0
293,aaa,aab,known,aab,0.09205020920502092,2.513387643938251e-75,anomaly,0.09205020920502092,0
294,aab,abb,known,abb,0.4388888888888889,1.1030979103951212e-75,normal,0.4388888888888889,0
295,abb,bbb,known,bbb,0.6127167630057804,6.75886580935739e-76,normal,0.6127167630057804,0
296,bbb,bbb,known,bbb,0.6380597014925373,4.312559900746693e-76,normal,0.6380597014925373,0
297,bbb,bbb,known,bbb,0.6380597014925373,2.7516706829391213e-76,normal,0.6380597014925373,0
298,bbb,bbb,known,bbb,0.6380597014925373,1.755730174561902e-76,normal,0.6380597014925373,0
299,bbb,bbb,known,bbb,0.6380597014925373,1.1202606710824078e-76,normal,0.6380597014925373,0
300,bbb,bbb,known,bbb,0.6380597014925373,7.147931893846706e-77,normal,0.6380597014925373,0
301,bbb,bbb,known,bbb,0.6380597014925373,4.560807290476817e-77,normal,0.6380597014925373,0
302,bbb,bbb,known,bbb,0.6380597014925373,2.9100673383266258e-77,normal,0.6380597014925373,0
303,bbb,bbb,known,bbb,0.6380597014925373,1.8567966972158696e-77,normal,0.6380597014925373,0
304,bbb,bbc,known,bbc,0.17537313432835822,3.2563225660129056e-78,anomaly,0.17537313432835822,0
305,bbc,bcb,known,bcb,0.47586206896551725,1.5495603934820034e-78,normal,0.47586206896551725,0
306,bcb,cbc,known,cbc,0.26865671641791045,4.162998072041203e-79,normal,0.26865671641791045,0
307,cbc,bcb,known,bcb,0.5443037974683544,2.265935659465465e-79,normal,0.5443037974683544,0
308,bcb,cba,known,cba,0.14925373134328357,3.381993521590246e-80,anomaly,0.14925373134328357,0
309,cba,bab,known,bab,0.53125,1.7966840583448183e-80,normal,0.53125,0
310,bab,abb,known,abb,0.49404761904761907,8.87647481206071e-81,normal,0.49404761904761907,0
311,abb,bbb,known,bbb,0.6127167630057804,5.43876491374818e-81,normal,0.6127167630057804,0
312,bbb,bbb,known,bbb,0.6380597014925373,3.4702567173542496e-81,normal,0.6380597014925373,0
313,bbb,bbb,known,bbb,0.6380597014925373,2.214230965177525e-81,normal,0.6380597014925373,0
314,bbb,bbb,known,bbb,0.6380597014925373,1.4128115486767042e-81,normal,0.6380597014925373,0
315,bbb,bbc,known,bbc,0.17537313432835822,2.4776918950673546e-82,anomaly,0.17537313432835822,0
316,bbc,bcb,known,bcb,0.47586206896551725,1.1790395914458446e-82,normal,0.47586206896551725,0
317,bcb,cbc,known,cbc,0.26865671641791045,3.1675690516455527e-83,normal,0.26865671641791045,0
318,cbc,bcd,known,bcd,0.0759493670886076,2.405748646819407e-84,anomaly,0.0759493670886076,0
319,bcd,cdc,known,cdc,0.6666666666666666,1.6038324312129379e-84,normal,0.6666666666666666,0
320,cdc,dcb,known,dcb,0.32,5.132263779881401e-85,normal,0.32,0
321,dcb,cbc,known,cbc,0.4117647058823529,2.113285085833518e-85,normal,0.4117647058823529,0
322,cbc,bcb,known,bcb,0.5443037974683544,1.1502690973524213e-85,normal,0.5443037974683544,0
323,bcb,cbb,known,cbb,0.5223880597014925,6.008868419005185e-86,normal,0.5223880597014925,0
324,cbb,bbc,known,bbc,0.23703703703703705,1.4243243659864143e-86,normal,0.23703703703703705,0
325,bbc,bcd,known,bcd,0.04827586206896552,6.87604866338269e-88,anomaly,0.04827586206896552,0
326,bcd,cdb,known,cdb,0.06666666666666667,4.5840324422551265e-89,anomaly,0.06666666666666667,0
327,cdb,dbb,known,dbb,0.4,1.8336129769020506e-89,normal,0.4,0
328,dbb,bbc,known,bbc,0.0,1.8336129769020506e-93,anomaly,0.0,0
329,bbc,bcb,known,bcb,0.47586206896551725,8.72546864870631e-94,normal,0.47586206896551725,0
330,bcb,cbc,known,cbc,0.26865671641791045,2.3441557563688593e-94,normal,0.26865671641791045,0
331,cbc,bcd,known,bcd,0.0759493670886076,1.7803714605333108e-95,anomaly,0.0759493670886076,0
332,bcd,cdb,known,cdb,0.06666666666666667,1.1869143070222072e-96,anomaly,0.06666666666666667,0
333,cdb,dbb,known,dbb,0.4,4.747657228088829e-97,normal,0.4,0
334,dbb,bbb,known,bbb,0.5,2.3738286140444144e-97,normal,0.5,0
335,bbb,bbc,known,bbc,0.17537313432835822,4.1630576440331147e-98,anomaly,0.17537313432835822,0
336,bbc,bcb,known,bcb,0.47586206896551725,1.9810412237123098e-98,normal,0.47586206896551725,0
337,bcb,cbc,known,cbc,0.26865671641791045,5.322200302510683e-99,normal,0.26865671641791045,0
338,cbc,bcc,known,bcc,0.2911392405063291,1.5495013538955153e-99,normal,0.2911392405063291,0
339,bcc,ccc,known,ccc,0.4489795918367347,6.956944854224762e-100,normal,0.4489795918367347,0
340,ccc,cce,known,cce,0.008771929824561403,6.1025832054603175e-102,anomaly,0.008771929824561403,0
341,cce,cec,known,cec,0.25,1.5256458013650794e-102,normal,0.25,0
342,cec,eca,known,eca,0.0,1.5256458013650795e-106,anomaly,0.0,0
343,eca,cac,known,cac,0.0,1.5256458013650797e-110,anomaly,0.0,0
344,cac,acb,known,acb,0.5,7.628229006825399e-111,normal,0.5,0
345,acb,cbb,known,cbb,0.35294117647058826,2.6923161200560234e-111,normal,0.35294117647058826,0
346,cbb,bbc,known,bbc,0.23703703703703705,6.381786358651315e-112,normal,0.23703703703703705,0
347,bbc,bcb,known,bcb,0.47586206896551725,3.036850060323729e-112,normal,0.47586206896551725,0
348,bcb,cbb,known,cbb,0.5223880597014925,1.5864142106168733e-112,normal,0.5223880597014925,0
349,cbb,bbc,known,bbc,0.23703703703703705,3.760389239980737e-113,normal,0.23703703703703705,0
350,bbc,bcb,known,bcb,0.47586206896551725,1.7894266038529026e-113,normal,0.47586206896551725,0
351,bcb,cbc,known,cbc,0.26865671641791045,4.8074147566197385e-114,normal,0.26865671641791045,0
352,cbc,bcc,known,bcc,0.2911392405063291,1.3996270810411897e-114,normal,0.2911392405063291,0
353,bcc,ccc,known,ccc,0.4489795918367347,6.284039955695137e-115,normal,0.4489795918367347,0
354,ccc,cce,known,cce,0.008771929824561403,5.512315750609769e-117,anomaly,0.008771929824561403,0
355,cce,cec,known,cec,0.25,1.3780789376524423e-117,normal,0.25,0
356,cec,ecc,known,ecc,0.0,1.3780789376524424e-121,anomaly,0.0,0
357,ecc,ccd,known,ccd,0.5,6.890394688262212e-122,normal,0.5,0
358,ccd,cdb,known,cdb,0.2,1.3780789376524425e-122,normal,0.2,0
359,cdb,dbd,known,dbd,0.1,1.3780789376524426e-123,anomaly,0.1,0
360,dbd,bdc,known,bdc,0.0,1.3780789376524427e-127,anomaly,0.0,0
361,bdc,dcc,known,dcc,0.3125,4.3064966801638836e-128,normal,0.3125,0
362,dcc,ccc,known,ccc,0.48,2.067118406478664e-128,normal,0.48,0
363,ccc,ccb,known,ccb,0.39473684210526316,8.159677920310516e-129,normal,0.39473684210526316,0
364,ccb,cbc,known,cbc,0.30927835051546393,2.5236117279310876e-129,normal,0.30927835051546393,0
365,cbc,bcb,known,bcb,0.5443037974683544,1.3736114468485668e-129,normal,0.5443037974683544,0
366,bcb,cbb,known,cbb,0.5223880597014925,7.175582185029826e-130,normal,0.5223880597014925,0
367,cbb,bbc,known,bbc,0.23703703703703705,1.7008787401552182e-130,normal,0.23703703703703705,0
368,bbc,bcb,known,bcb,0.47586206896551725,8.093836763497246e-131,normal,0.47586206896551725,0
369,bcb,cbd,known,cbd,0.05970149253731343,4.8321413513416395e-132,anomaly,0.05970149253731343,0
370,cbd,bdc,known,bdc,0.42105263157894735,2.034585832143848e-132,normal,0.42105263157894735,0
371,bdc,dcb,known,dcb,0.3125,6.358080725449526e-133,normal,0.3125,0
372,dcb,cbe,known,cbe,0.0,6.358080725449526e-137,anomaly,0.0,0
373,cbe,bec,known,bec,0.5,3.179040362724763e-137,normal,0.5,0
374,bec,ecb,known,ecb,0.0,3.179040362724763e-141,anomaly,0.0,0
375,ecb,cbd,known,cbd,0.5,1.5895201813623814e-141,normal,0.5,0
376,cbd,bdb,known,bdb,0.47368421052631576,7.529306122242859e-142,normal,0.47368421052631576,0
377,bdb,dbd,known,dbd,0.2,1.5058612244485717e-142,normal,0.2,0
378,dbd,bde,known,bde,0.2,3.0117224488971435e-143,normal,0.2,0
379,bde,dee,known,dee,0.0,3.011722448897144e-147,anomaly,0.0,0
380,dee,eef,known,eef,0.3,9.035167346691431e-148,normal,0.3,0
381,eef,eff,known,eff,0.6470588235294118,5.846284753741515e-148,normal,0.6470588235294118,0
382,eff,fff,known,fff,0.7450980392156863,4.356055306709364e-148,normal,0.7450980392156863,0
383,fff,fff,known,fff,0.9728997289972899,4.238005027394747e-148,normal,0.9728997289972899,0
384,fff,fff,known,fff,0.9728997289972899,4.1231539426415016e-148,normal,0.9728997289972899,0
385,fff,fff,known,fff,0.9728997289972899,4.011415353410025e-148,normal,0.9728997289972899,0
386,fff,fff,known,fff,0.9728997289972899,3.902704910228181e-148,normal,0.9728997289972899,0
387,fff,fff,known,fff,0.9728997289972899,3.7969405495173905e-148,normal,0.9728997289972899,0
388,fff,fff,known,fff,0.9728997289972899,3.6940424316442904e-148,normal,0.9728997289972899,0
389,fff,fff,known,fff,0.9728997289972899,3.59393288065122e-148,normal,0.9728997289972899,0
390,fff,fff,known,fff,0.9728997289972899,3.4965363256200216e-148,normal,0.9728997289972899,0
391,fff,fff,known,fff,0.9728997289972899,3.401779243624899e-148,normal,0.9728997289972899,0
392,fff,fff,known,fff,0.9728997289972899,3.30959010423127e-148,normal,0.9728997289972899,0
393,fff,fff,known,fff,0.9728997289972899,3.219899315498715e-148,normal,0.9728997289972899,0
394,fff,fff,known,fff,0.9728997289972899,3.132639171447259e-148,normal,0.9728997289972899,0
395,fff,fff,known,fff,0.9728997289972899,3.0477438009473334e-148,normal,0.9728997289972899,0
396,fff,fff,known,fff,0.9728997289972899,2.965149117994831e-148,normal,0.9728997289972899,0
397,fff,fff,known,fff,0.9728997289972899,2.8847927733337244e-148,normal,0.9728997289972899,0
398,fff,ffe,known,ffe,0.025745257452574527,7.426973264680321e-150,anomaly,0.025745257452574527,0
399,ffe,fee,known,fee,0.47058823529411764,3.495046242202504e-150,normal,0.47058823529411764,0
400,fee,eee,known,eee,0.6571428571428571,2.2967446734473596e-150,normal,0.6571428571428571,0
401,eee,eee,known,eee,0.7345132743362832,1.6869894504082377e-150,normal,0.7345132743362832,0
402,eee,eee,known,eee,0.7345132743362832,1.2391161449901215e-150,normal,0.7345132743362832,0
403,eee,eee,known,eee,0.7345132743362832,9.101472569396467e-151,normal,0.7345132743362832,0
404,eee,eee,known,eee,0.7345132743362832,6.685152418229263e-151,normal,0.7345132743362832,0
405,eee,eed,known,eed,0.07079646017699115,4.732851269542842e-152,anomaly,0.07079646017699115,0
406,eed,edf,unseen,eff,0.0,4.732851269542842e-156,anomaly,0.0,1
407,eff,dfe,unseen,efe,0.0,4.732851269542842e-160,anomaly,0.0,1
408,efe,fef,known,fef,0.47619047619047616,2.2537386997823055e-160,normal,0.47619047619047616,0
409,fef,eff,known,eff,0.7837837837837838,1.7664438457753205e-160,normal,0.7837837837837838,0
410,eff,fff,known,fff,0.7450980392156863,1.3161738458718074e-160,normal,0.7450980392156863,0
411,fff,fff,known,fff,0.9728997289972899,1.2805051779620024e-160,normal,0.9728997289972899,0
412,fff,fff,known,fff,0.9728997289972899,1.2458031406188586e-160,normal,0.9728997289972899,0
413,fff,fff,known,fff,0.9728997289972899,1.2120415378920603e-160,normal,0.9728997289972899,0
414,fff,ffe,known,ffe,0.025745257452574527,3.1204321436245454e-162,anomaly,0.025745257452574527,0
415,ffe,fee,known,fee,0.47058823529411764,1.4684386558233156e-162,normal,0.47058823529411764,0
416,fee,eef,known,eef,0.2857142857142857,4.195539016638044e-163,normal,0.2857142857142857,0
417,eef,efe,known,efe,0.35294117647058826,1.4807784764604862e-163,normal,0.35294117647058826,0
418,efe,fef,known,fef,0.47619047619047616,7.051326078383267e-164,normal,0.47619047619047616,0
419,fef,eff,known,eff,0.7837837837837838,5.526715034408506e-164,normal,0.7837837837837838,0
420,eff,ffe,known,ffe,0.2549019607843137,1.408770498966874e-164,normal,0.2549019607843137,0
421,ffe,fef,known,fef,0.5294117647058824,7.458196759236392e-165,normal,0.5294117647058824,0
422,fef,efe,known,efe,0.21621621621621623,1.612583083078139e-165,normal,0.21621621621621623,0
423,efe,fee,known,fee,0.5238095238095238,8.446863768504538e-166,normal,0.5238095238095238,0
424,fee,eef,known,eef,0.2857142857142857,2.4133896481441534e-166,normal,0.2857142857142857,0
425,eef,efe,known,efe,0.35294117647058826,8.517845816979366e-167,normal,0.35294117647058826,0
426,efe,fee,known,fee,0.5238095238095238,4.4617287612749064e-167,normal,0.5238095238095238,0
427,fee,eed,known,eed,0.05714285714285714,2.5495592921570895e-168,anomaly,0.05714285714285714,0
428,eed,ede,known,ede,0.8,2.0396474337256717e-168,normal,0.8,0
429,ede,def,known,def,0.1111111111111111,2.2662749263618574e-169,anomaly,0.1111111111111111,0
430,def,efe,known,efe,1.0,2.2662749263618574e-169,normal,1.0,0
431,efe,fee,known,fee,0.5238095238095238,1.1870963899990682e-169,normal,0.5238095238095238,0
432,fee,eee,known,eee,0.6571428571428571,7.80091913427959e-170,normal,0.6571428571428571,0
433,eee,eee,known,eee,0.7345132743362832,5.729878656152266e-170,normal,0.7345132743362832,0
434,eee,eed,known,eed,0.07079646017699115,4.0565512609927544e-171,anomaly,0.07079646017699115,0
435,eed,ede,known,ede,0.8,3.2452410087942037e-171,normal,0.8,0
436,ede,dee,known,dee,0.5555555555555556,1.8029116715523354e-171,normal,0.5555555555555556,0
437,dee,eef,known,eef,0.3,5.408735014657005e-172,normal,0.3,0
438,eef,eff,known,eff,0.6470588235294118,3.4997697153662977e-172,normal,0.6470588235294118,0
439,eff,fff,known,fff,0.7450980392156863,2.607671552625869e-172,normal,0.7450980392156863,0
440,fff,fff,known,fff,0.9728997289972899,2.5370029468636504e-172,normal,0.9728997289972899,0
441,fff,ffe,known,ffe,0.025745257452574527,6.531579402494493e-174,anomaly,0.025745257452574527,0
442,ffe,fef,known,fef,0.5294117647058824,3.4578949777912022e-174,normal,0.5294117647058824,0
443,fef,efe,known,efe,0.21621621621621623,7.476529681710708e-175,normal,0.21621621621621623,0
444,efe,fee,known,fee,0.5238095238095238,3.9162774523246566e-175,normal,0.5238095238095238,0
445,fee,eee,known,eee,0.6571428571428571,2.573553754384774e-175,normal,0.6571428571428571,0
446,eee,eee,known,eee,0.7345132743362832,1.8903093948135954e-175,normal,0.7345132743362832,0
447,eee,eef,known,eef,0.18584070796460178,3.512964362042965e-176,anomaly,0.18584070796460178,0
448,eef,eff,known,eff,0.6470588235294118,2.2730945872042717e-176,normal,0.6470588235294118,0
449,eff,fff,known,fff,0.7450980392156863,1.6936783198776927e-176,normal,0.7450980392156863,0
450,fff,fff,known,fff,0.9728997289972899,1.6477791784175927e-176,normal,0.9728997289972899,0
451,fff,fff,known,fff,0.9728997289972899,1.603123916129853e-176,normal,0.9728997289972899,0
452,fff,fff,known,fff,0.9728997289972899,1.559678823551808e-176,normal,0.9728997289972899,0
453,fff,fff,known,fff,0.9728997289972899,1.517411104756366e-176,normal,0.9728997289972899,0
454,fff,ffe,known,ffe,0.025745257452574527,3.9066139553348177e-178,anomaly,0.025745257452574527,0
455,ffe,fee,known,fee,0.47058823529411764,1.8384065672163848e-178,normal,0.47058823529411764,0
456,fee,eee,known,eee,0.6571428571428571,1.2080957441707672e-178,normal,0.6571428571428571,0
457,eee,eee,known,eee,0.7345132743362832,8.87362360762599e-179,normal,0.7345132743362832,0
458,eee,eee,known,eee,0.7345132743362832,6.517794331265107e-179,normal,0.7345132743362832,0
459,eee,eee,known,eee,0.7345132743362832,4.787406455707999e-179,normal,0.7345132743362832,0
460,eee,eee,known,eee,0.7345132743362832,3.5164135913607425e-179,normal,0.7345132743362832,0
461,eee,eee,known,eee,0.7345132743362832,2.582852460910988e-179,normal,0.7345132743362832,0
462,eee,eee,known,eee,0.7345132743362832,1.8971394181912568e-179,normal,0.7345132743362832,0
463,eee,eef,known,eef,0.18584070796460178,3.5256573258421587e-180,anomaly,0.18584070796460178,0
464,eef,eff,known,eff,0.6470588235294118,2.2813076814272792e-180,normal,0.6470588235294118,0
465,eff,ffe,known,ffe,0.2549019607843137,5.815098011481299e-181,normal,0.2549019607843137,0
466,ffe,fee,known,fee,0.47058823529411764,2.7365167112853173e-181,normal,0.47058823529411764,0
467,fee,eee,known,eee,0.6571428571428571,1.7982824102732086e-181,normal,0.6571428571428571,0
468,eee,eee,known,eee,0.7345132743362832,1.320862301351118e-181,normal,0.7345132743362832,0
469,eee,eee,known,eee,0.7345132743362832,9.70190893912768e-182,normal,0.7345132743362832,0
470,eee,eee,known,eee,0.7345132743362832,7.126180902191128e-182,normal,0.7345132743362832,0
471,eee,eef,known,eef,0.18584070796460178,1.324334503947024e-182,anomaly,0.18584070796460178,0
472,eef,efe,known,efe,0.35294117647058826,4.674121778636555e-183,normal,0.35294117647058826,0
473,efe,fef,known,fef,0.47619047619047616,2.225772275541217e-183,normal,0.47619047619047616,0
474,fef,eff,known,eff,0.7837837837837838,1.7445242159647375e-183,normal,0.7837837837837838,0
475,eff,fff,known,fff,0.7450980392156863,1.2998415726796085e-183,normal,0.7450980392156863,0
476,fff,fff,known,fff,0.9728997289972899,1.2646155137994022e-183,normal,0.9728997289972899,0
477,fff,ffe,known,ffe,0.025745257452574527,3.2557851981285426e-185,anomaly,0.025745257452574527,0
478,ffe,fee,known,fee,0.47058823529411764,1.53213421088402e-185,normal,0.47058823529411764,0
479,fee,eee,known,eee,0.6571428571428571,1.0068310528666418e-185,normal,0.6571428571428571,0
480,eee,eee,known,eee,0.7345132743362832,7.395307733445245e-186,normal,0.7345132743362832,0
481,eee,eee,known,eee,0.7345132743362832,5.431951698017304e-186,normal,0.7345132743362832,0
482,eee,eee,known,eee,0.7345132743362832,3.9898406277472236e-186,normal,0.7345132743362832,0
483,eee,eee,known,eee,0.7345132743362832,2.930590903566545e-186,normal,0.7345132743362832,0
484,eee,eee,known,eee,0.7345132743362832,2.1525579203187896e-186,normal,0.7345132743362832,0
485,eee,eee,known,eee,0.7345132743362832,1.5810823662518543e-186,normal,0.7345132743362832,0
486,eee,eee,known,eee,0.7345132743362832,1.1613259858310081e-186,normal,0.7345132743362832,0
487,eee,eee,known,eee,0.7345132743362832,8.530093524245459e-187,normal,0.7345132743362832,0
488,eee,eee,known,eee,0.7345132743362832,6.265466924888257e-187,normal,0.7345132743362832,0
489,eee,eee,known,eee,0.7345132743362832,4.602068626245358e-187,normal,0.7345132743362832,0
490,eee,eee,known,eee,0.7345132743362832,3.3802804953837583e-187,normal,0.7345132743362832,0
491,eee,eef,known,eef,0.18584070796460178,6.281937203810525e-188,anomaly,0.18584070796460178,0
492,eef,efe,known,efe,0.35294117647058826,2.217154307227244e-188,normal,0.35294117647058826,0
493,efe,fef,known,fef,0.47619047619047616,1.0557877653463066e-188,normal,0.47619047619047616,0
494,fef,efe,known,efe,0.21621621621621623,2.282784357505528e-189,normal,0.21621621621621623,0
495,efe,fee,known,fee,0.5238095238095238,1.1957441872648004e-189,normal,0.5238095238095238,0
496,fee,eed,known,eed,0.05714285714285714,6.832823927227431e-191,anomaly,0.05714285714285714,0
497,eed,ede,known,ede,0.8,5.466259141781945e-191,normal,0.8,0
498,ede,dee,known,dee,0.5555555555555556,3.036810634323303e-191,normal,0.5555555555555556,0
499,dee,eee,known,eee,0.7,2.1257674440263116e-191,normal,0.7,0
500,eee,eed,known,eed,0.07079646017699115,1.5049681019655303e-192,anomaly,0.07079646017699115,0
501,eed,edd,known,edd,0.2,3.0099362039310606e-193,normal,0.2,0
502,edd,ddd,known,ddd,0.6,1.8059617223586363e-193,normal,0.6,0
503,ddd,ddd,known,ddd,0.43478260869565216,7.85200748851581e-194,normal,0.43478260869565216,0
504,ddd,ddd,known,ddd,0.43478260869565216,3.4139162993547e-194,normal,0.43478260869565216,0
505,ddd,ddd,known,ddd,0.43478260869565216,1.4843114345020435e-194,normal,0.43478260869565216,0
506,ddd,dde,known,dde,0.17391304347826086,2.5814111904383366e-195,anomaly,0.17391304347826086,0
507,dde,dee,known,dee,0.8,2.0651289523506693e-195,normal,0.8,0
508,dee,eed,known,eed,0.0,2.0651289523506695e-199,anomaly,0.0,0
509,eed,ede,known,ede,0.8,1.6521031618805356e-199,normal,0.8,0
510,ede,dee,known,dee,0.5555555555555556,9.178350899336309e-200,normal,0.5555555555555556,0
511,dee,eee,known,eee,0.7,6.424845629535416e-200,normal,0.7,0
512,eee,eee,known,eee,0.7345132743362832,4.719134400455217e-200,normal,0.7345132743362832,0
513,eee,eef,known,eef,0.18584070796460178,8.770072779607041e-201,anomaly,0.18584070796460178,0
514,eef,efe,known,efe,0.35294117647058826,3.095319804567191e-201,normal,0.35294117647058826,0
515,efe,fee,known,fee,0.5238095238095238,1.6213579928685287e-201,normal,0.5238095238095238,0
516,fee,eee,known,eee,0.6571428571428571,1.0654638238850331e-201,normal,0.6571428571428571,0
517,eee,eee,known,eee,0.7345132743362832,7.825973219686526e-202,normal,0.7345132743362832,0
518,eee,eed,known,eed,0.07079646017699115,5.540512013937364e-203,anomaly,0.07079646017699115,0
519,eed,edd,known,edd,0.2,1.1081024027874728e-203,normal,0.2,0
520,edd,dde,known,dde,0.2,2.2162048055749457e-204,normal,0.2,0
521,dde,dee,known,dee,0.8,1.7729638444599568e-204,normal,0.8,0
522,dee,eef,known,eef,0.3,5.31889153337987e-205,normal,0.3,0
523,eef,efe,known,efe,0.35294117647058826,1.8772558353105423e-205,normal,0.35294117647058826,0
524,efe,fed,unseen,fef,0.47619047619047616,8.939313501478772e-206,normal,0.47619047619047616,1
525,fef,edd,known,edd,0.0,8.939313501478772e-210,anomaly,0.0,0
526,edd,ddd,known,ddd,0.6,5.3635881008872635e-210,normal,0.6,0
527,ddd,ddd,known,ddd,0.43478260869565216,2.331994826472723e-210,normal,0.43478260869565216,0
528,ddd,dde,known,dde,0.17391304347826086,4.055643176474301e-211,anomaly,0.17391304347826086,0
529,dde,def,known,def,0.0,4.0556431764743007e-215,anomaly,0.0,0
530,def,efe,known,efe,1.0,4.0556431764743007e-215,normal,1.0,0
531,efe,fed,unseen,fef,0.47619047619047616,1.9312586554639527e-215,normal,0.47619047619047616,1
532,fef,edd,known,edd,0.0,1.9312586554639527e-219,anomaly,0.0,0
533,edd,ddd,known,ddd,0.6,1.1587551932783715e-219,normal,0.6,0
534,ddd,ddd,known,ddd,0.43478260869565216,5.03806605773205e-220,normal,0.43478260869565216,0
535,ddd,dde,known,dde,0.17391304347826086,8.761854013447044e-221,anomaly,0.17391304347826086,0
536,dde,dee,known,dee,0.8,7.009483210757635e-221,normal,0.8,0
537,dee,eee,known,eee,0.7,4.906638247530345e-221,normal,0.7,0
538,eee,eee,known,eee,0.7345132743362832,3.603990925177156e-221,normal,0.7345132743362832,0
539,eee,eed,known,eed,0.07079646017699115,2.55149800012542e-222,anomaly,0.07079646017699115,0
540,eed,ede,known,ede,0.8,2.041198400100336e-222,normal,0.8,0
541,ede,dee,known,dee,0.5555555555555556,1.1339991111668534e-222,normal,0.5555555555555556,0
542,dee,eee,known,eee,0.7,7.937993778167974e-223,normal,0.7,0
543,eee,eef,known,eef,0.18584070796460178,1.4752023835533404e-223,anomaly,0.18584070796460178,0
544,eef,eff,known,eff,0.6470588235294118,9.545427187698086e-224,normal,0.6470588235294118,0
545,eff,ffe,known,ffe,0.2549019607843137,2.433148106668139e-224,normal,0.2549019607843137,0
546,ffe,fee,known,fee,0.47058823529411764,1.1450108737261832e-224,normal,0.47058823529411764,0
547,fee,eef,known,eef,0.2857142857142857,3.271459639217666e-225,normal,0.2857142857142857,0
548,eef,efe,known,efe,0.35294117647058826,1.1546328138415291e-225,normal,0.35294117647058826,0
549,efe,fef,known,fef,0.47619047619047616,5.498251494483471e-226,normal,0.47619047619047616,0
550,fef,eff,known,eff,0.7837837837837838,4.309440360541099e-226,normal,0.7837837837837838,0
551,eff,ffe,known,ffe,0.2549019607843137,1.0984847977849858e-226,normal,0.2549019607843137,0
552,ffe,fef,known,fef,0.5294117647058824,5.8155077529793365e-227,normal,0.5294117647058824,0
553,fef,eff,known,eff,0.7837837837837838,4.558100671254074e-227,normal,0.7837837837837838,0
554,eff,fff,known,fff,0.7450980392156863,3.396231872699114e-227,normal,0.7450980392156863,0
555,fff,fff,known,fff,0.9728997289972899,3.3041930685609264e-227,normal,0.9728997289972899,0
556,fff,fff,known,fff,0.9728997289972899,3.214648540957649e-227,normal,0.9728997289972899,0
557,fff,ffe,known,ffe,0.025745257452574527,8.276195430649774e-229,anomaly,0.025745257452574527,0
558,ffe,fee,known,fee,0.47058823529411764,3.894680202658717e-229,normal,0.47058823529411764,0
559,fee,eed,known,eed,0.05714285714285714,2.22553154437641e-230,anomaly,0.05714285714285714,0
560,eed,edd,known,edd,0.2,4.4510630887528197e-231,normal,0.2,0
561,edd,dde,known,dde,0.2,8.90212617750564e-232,normal,0.2,0
562,dde,dee,known,dee,0.8,7.121700942004512e-232,normal,0.8,0
563,dee,eee,known,eee,0.7,4.9851906594031584e-232,normal,0.7,0
564,eee,eee,known,eee,0.7345132743362832,3.661688714428869e-232,normal,0.7345132743362832,0
565,eee,eee,known,eee,0.7345132743362832,2.6895589672353642e-232,normal,0.7345132743362832,0
566,eee,eef,known,eef,0.18584070796460178,4.998295425835633e-233,anomaly,0.18584070796460178,0
567,eef,efe,known,efe,0.35294117647058826,1.7641042679419882e-233,normal,0.35294117647058826,0
568,efe,fee,known,fee,0.5238095238095238,9.240546165410414e-234,normal,0.5238095238095238,0
569,fee,eee,known,eee,0.6571428571428571,6.072358908698272e-234,normal,0.6571428571428571,0
570,eee,eee,known,eee,0.7345132743362832,4.460228224973067e-234,normal,0.7345132743362832,0
571,eee,eee,known,eee,0.7345132743362832,3.276096837812076e-234,normal,0.7345132743362832,0
572,eee,eee,known,eee,0.7345132743362832,2.4063366153840914e-234,normal,0.7345132743362832,0
573,eee,eee,known,eee,0.7345132743362832,1.7674861865210583e-234,normal,0.7345132743362832,0
574,eee,eee,known,eee,0.7345132743362832,1.298242066205733e-234,normal,0.7345132743362832,0
575,eee,eee,known,eee,0.7345132743362832,9.535760309298748e-235,normal,0.7345132743362832,0
576,eee,eee,known,eee,0.7345132743362832,7.004142528068991e-235,normal,0.7345132743362832,0
577,eee,eee,known,eee,0.7345132743362832,5.144635662209967e-235,normal,0.7345132743362832,0
578,eee,eee,known,eee,0.7345132743362832,3.778803185517056e-235,normal,0.7345132743362832,0
579,eee,eee,known,eee,0.7345132743362832,2.7755811008665104e-235,normal,0.7345132743362832,0
580,eee,eed,known,eed,0.07079646017699115,1.9650131687550515e-236,anomaly,0.07079646017699115,0
581,eed,ede,known,ede,0.8,1.5720105350040412e-236,normal,0.8,0
582,ede,ded,known,ded,0.3333333333333333,5.240035116680137e-237,normal,0.3333333333333333,0
583,ded,edd,known,edd,0.75,3.930026337510103e-237,normal,0.75,0
584,edd,dde,known,dde,0.2,7.860052675020206e-238,normal,0.2,0
585,dde,ded,known,ded,0.0,7.860052675020206e-242,anomaly,0.0,0
586,ded,edd,known,edd,0.75,5.895039506265155e-242,normal,0.75,0
587,edd,ddd,known,ddd,0.6,3.5370237037590927e-242,normal,0.6,0
588,ddd,ddd,known,ddd,0.43478260869565216,1.537836392938736e-242,normal,0.43478260869565216,0
589,ddd,ddd,known,ddd,0.43478260869565216,6.686245186690156e-243,normal,0.43478260869565216,0
590,ddd,ddd,known,ddd,0.43478260869565216,2.907063124647894e-243,normal,0.43478260869565216,0
591,ddd,dde,known,dde,0.17391304347826086,5.055761955909381e-244,anomaly,0.17391304347826086,0
592,dde,dee,known,dee,0.8,4.044609564727505e-244,normal,0.8,0
593,dee,eed,known,eed,0.0,4.044609564727505e-248,anomaly,0.0,0
594,eed,ede,known,ede,0.8,3.2356876517820043e-248,normal,0.8,0
595,ede,ded,known,ded,0.3333333333333333,1.0785625505940014e-248,normal,0.3333333333333333,0
596,ded,edc,known,edc,0.0,1.0785625505940014e-252,anomaly,0.0,0
597,edc,dcc,known,dcc,0.3333333333333333,3.5952085019800044e-253,normal,0.3333333333333333,0
598,dcc,cce,known,cce,0.08,2.8761668015840038e-254,anomaly,0.08,0
599,cce,cee,unseen,cbe,0.0,2.876166801584004e-258,anomaly,0.0,1
600,cbe,eee,known,eee,0.0,2.8761668015840044e-262,anomaly,0.0,0
601,eee,eee,known,eee,0.7345132743362832,2.112582694968782e-262,normal,0.7345132743362832,0
602,eee,eee,known,eee,0.7345132743362832,1.5517200325876896e-262,normal,0.7345132743362832,0
603,eee,eed,known,eed,0.07079646017699115,1.0985628549293378e-263,anomaly,0.07079646017699115,0
604,eed,edd,known,edd,0.2,2.197125709858676e-264,normal,0.2,0
605,edd,ddc,known,ddc,0.2,4.3942514197173517e-265,normal,0.2,0
606,ddc,dcd,known,dcd,0.1875,8.239221411970034e-266,anomaly,0.1875,0
607,dcd,cdd,known,cdd,0.23529411764705882,1.9386403322282432e-266,normal,0.23529411764705882,0
608,cdd,ddd,known,ddd,0.42105263157894735,8.162696135697866e-267,normal,0.42105263157894735,0
609,ddd,dde,known,dde,0.17391304347826086,1.419599327947455e-267,anomaly,0.17391304347826086,0
610,dde,dee,known,dee,0.8,1.1356794623579639e-267,normal,0.8,0
611,dee,eed,known,eed,0.0,1.135679462357964e-271,anomaly,0.0,0
612,eed,edd,known,edd,0.2,2.271358924715928e-272,normal,0.2,0
613,edd,ddc,known,ddc,0.2,4.542717849431857e-273,normal,0.2,0
614,ddc,dcd,known,dcd,0.1875,8.517595967684731e-274,anomaly,0.1875,0
615,dcd,cde,known,cde,0.23529411764705882,2.0041402276905247e-274,normal,0.23529411764705882,0
616,cde,ded,known,ded,0.16666666666666666,3.340233712817541e-275,anomaly,0.16666666666666666,0
617,ded,ede,known,ede,0.0,3.3402337128175413e-279,anomaly,0.0,0
618,ede,dee,known,dee,0.5555555555555556,1.8556853960097453e-279,normal,0.5555555555555556,0
619,dee,eed,known,eed,0.0,1.8556853960097453e-283,anomaly,0.0,0
620,eed,edd,known,edd,0.2,3.711370792019491e-284,normal,0.2,0
621,edd,dde,known,dde,0.2,7.422741584038982e-285,normal,0.2,0
622,dde,ded,known,ded,0.0,7.422741584038982e-289,anomaly,0.0,0
623,ded,ede,known,ede,0.0,7.422741584038982e-293,anomaly,0.0,0
624,ede,ded,known,ded,0.3333333333333333,2.4742471946796607e-293,normal,0.3333333333333333,0
625,ded,ede,known,ede,0.0,2.4742471946796606e-297,anomaly,0.0,0
626,ede,dee,known,dee,0.5555555555555556,1.3745817748220337e-297,normal,0.5555555555555556,0
627,dee,eed,known,eed,0.0,1.3745817748220338e-301,anomaly,0.0,0
628,eed,ede,known,ede,0.8,1.099665419857627e-301,normal,0.8,0
629,ede,dee,known,dee,0.5555555555555556,6.109252332542373e-302,normal,0.5555555555555556,0
630,dee,eee,known,eee,0.7,4.2764766327796607e-302,normal,0.7,0
631,eee,eee,known,eee,0.7345132743362832,3.1411288541655915e-302,normal,0.7345132743362832,0
632,eee,eee,known,eee,0.7345132743362832,2.307200839785346e-302,normal,0.7345132743362832,0
633,eee,eee,known,eee,0.7345132743362832,1.694669643382157e-302,normal,0.7345132743362832,0
634,eee,eed,known,eed,0.07079646017699115,1.1997661192086068e-303,anomaly,0.07079646017699115,0
635,eed,ede,known,ede,0.8,9.598128953668856e-304,normal,0.8,0
636,ede,dee,known,dee,0.5555555555555556,5.332293863149365e-304,normal,0.5555555555555556,0
637,dee,eed,known,eed,0.0,5.332293863149365e-308,anomaly,0.0,0
638,eed,edd,known,edd,0.2,1.066458772629873e-308,normal,0.2,0
639,edd,dde,known,dde,0.2,2.132917545259745e-309,normal,0.2,0
640,dde,dee,known,dee,0.8,1.706334036207796e-309,normal,0.8,0
641,dee,eed,known,eed,0.0,1.7063340362e-313,anomaly,0.0,0
642,eed,edd,known,edd,0.2,3.412668072e-314,normal,0.2,0
643,edd,dde,known,dde,0.2,6.825336143e-315,normal,0.2,0
644,dde,ded,known,ded,0.0,6.8253e-319,anomaly,0.0,0
645,ded,edd,known,edd,0.75,5.119e-319,normal,0.75,0
646,edd,ddd,known,ddd,0.6,3.0714e-319,normal,0.6,0
647,ddd,dde,known,dde,0.17391304347826086,5.3413e-320,anomaly,0.17391304347826086,0
648,dde,ded,known,ded,0.0,5e-324,anomaly,0.0,0
649,ded,edd,known,edd,0.75,5e-324,normal,0.75,0
650,edd,dde,known,dde,0.2,0.0,normal,0.2,0
651,dde,dee,known,dee,0.8,0.0,normal,0.8,0
652,dee,eee,known,eee,0.7,0.0,normal,0.7,0
653,eee,eee,known,eee,0.7345132743362832,0.0,normal,0.7345132743362832,0
654,eee,eee,known,eee,0.7345132743362832,0.0,normal,0.7345132743362832,0
655,eee,eed,known,eed,0.07079646017699115,0.0,anomaly,0.07079646017699115,0
656,eed,edc,known,edc,0.0,0.0,anomaly,0.0,0
657,edc,dcd,known,dcd,0.6666666666666666,0.0,normal,0.6666666666666666,0
658,dcd,cdd,known,cdd,0.23529411764705882,0.0,normal,0.23529411764705882,0
659,cdd,ddd,known,ddd,0.42105263157894735,0.0,normal,0.42105263157894735,0
660,ddd,ddd,known,ddd,0.43478260869565216,0.0,normal,0.43478260869565216,0
661,ddd,ddd,known,ddd,0.43478260869565216,0.0,normal,0.43478260869565216,0
662,ddd,ddd,known,ddd,0.43478260869565216,0.0,normal,0.43478260869565216,0
663,ddd,dde,known,dde,0.17391304347826086,0.0,anomaly,0.17391304347826086,0
664,dde,ded,known,ded,0.0,0.0,anomaly,0.0,0
665,ded,ede,known,ede,0.0,0.0,anomaly,0.0,0
666,ede,dee,known,dee,0.5555555555555556,0.0,normal,0.5555555555555556,0
667,dee,eee,known,eee,0.7,0.0,normal,0.7,0
668,eee,eec,known,eec,0.008849557522123894,0.0,anomaly,0.008849557522123894,0
669,eec,ecd,known,ecd,0.0,0.0,anomaly,0.0,0
670,ecd,cde,known,cde,0.25,0.0,normal,0.25,0
671,cde,dee,known,dee,0.0,0.0,anomaly,0.0,0
672,dee,eee,known,eee,0.7,0.0,normal,0.7,0
673,eee,eee,known,eee,0.7345132743362832,0.0,normal,0.7345132743362832,0
674,eee,eec,known,eec,0.008849557522123894,0.0,anomaly,0.008849557522123894,0
675,eec,ecc,known,ecc,1.0,0.0,normal,1.0,0
676,ecc,ccd,known,ccd,0.5,0.0,normal,0.5,0
677,ccd,cdd,known,cdd,0.36,0.0,normal,0.36,0
678,cdd,dde,known,dde,0.0,0.0,anomaly,0.0,0
679,dde,dee,known,dee,0.8,0.0,normal,0.8,0
680,dee,eed,known,eed,0.0,0.0,anomaly,0.0,0
681,eed,edc,known,edc,0.0,0.0,anomaly,0.0,0
682,edc,dcd,known,dcd,0.6666666666666666,0.0,normal,0.6666666666666666,0
683,dcd,cde,known,cde,0.23529411764705882,0.0,normal,0.23529411764705882,0
684,cde,ded,known,ded,0.16666666666666666,0.0,anomaly,0.16666666666666666,0
685,ded,edc,known,edc,0.0,0.0,anomaly,0.0,0
686,edc,dce,unseen,dcb,0.0,0.0,anomaly,0.0,1
687,dcb,cee,unseen,cbe,0.0,0.0,anomaly,0.0,1
688,cbe,eee,known,eee,0.0,0.0,anomaly,0.0,0
689,eee,eee,known,eee,0.7345132743362832,0.0,normal,0.7345132743362832,0
690,eee,eee,known,eee,0.7345132743362832,0.0,normal,0.7345132743362832,0
691,eee,eee,known,eee,0.7345132743362832,0.0,normal,0.7345132743362832,0
692,eee,eee,known,eee,0.7345132743362832,0.0,normal,0.7345132743362832,0
693,eee,eee,known,eee,0.7345132743362832,0.0,normal,0.7345132743362832,0
694,eee,eee,known,eee,0.7345132743362832,0.0,normal,0.7345132743362832,0
695,eee,eed,known,eed,0.07079646017699115,0.0,anomaly,0.07079646017699115,0
696,eed,edd,known,edd,0.2,0.0,normal,0.2,0
697,edd,ddd,known,ddd,0.6,0.0,normal,0.6,0
698,ddd,ddd,known,ddd,0.43478260869565216,0.0,normal,0.43478260869565216,0
699,ddd,dde,known,dde,0.17391304347826086,0.0,anomaly,0.17391304347826086,0
700,dde,dee,known,dee,0.8,0.0,normal,0.8,0
701,dee,eee,known,eee,0.7,0.0,normal,0.7,0
702,eee,eee,known,eee,0.7345132743362832,0.0,normal,0.7345132743362832,0
703,eee,eee,known,eee,0.7345132743362832,0.0,normal,0.7345132743362832,0
704,eee,eee,known,eee,0.7345132743362832,0.0,normal,0.7345132743362832,0
705,eee,eee,known,eee,0.7345132743362832,0.0,normal,0.7345132743362832,0
706,eee,eee,known,eee,0.7345132743362832,0.0,normal,0.7345132743362832,0
707,eee,eee,known,eee,0.7345132743362832,0.0,normal,0.7345132743362832,0
708,eee,eee,known,eee,0.7345132743362832,0.0,normal,0.7345132743362832,0
709,eee,eee,known,eee,0.7345132743362832,0.0,normal,0.7345132743362832,0
710,eee,eed,known,eed,0.07079646017699115,0.0,anomaly,0.07079646017699115,0
711,eed,ede,known,ede,0.8,0.0,normal,0.8,0
712,ede,dee,known,dee,0.5555555555555556,0.0,normal,0.5555555555555556,0
713,dee,eee,known,eee,0.7,0.0,normal,0.7,0
714,eee,eee,known,eee,0.7345132743362832,0.0,normal,0.7345132743362832,0
715,eee,eee,known,eee,0.7345132743362832,0.0,normal,0.7345132743362832,0
716,eee,eee,known,eee,0.7345132743362832,0.0,normal,0.7345132743362832,0
717,eee,eee,known,eee,0.7345132743362832,0.0,normal,0.7345132743362832,0
718,eee,eee,known,eee,0.7345132743362832,0.0,normal,0.7345132743362832,0
719,eee,eed,known,eed,0.07079646017699115,0.0,anomaly,0.07079646017699115,0
720,eed,ede,known,ede,0.8,0.0,normal,0.8,0
721,ede,dee,known,dee,0.5555555555555556,0.0,normal,0.5555555555555556,0
722,dee,eed,known,eed,0.0,0.0,anomaly,0.0,0
723,eed,edd,known,edd,0.2,0.0,normal,0.2,0
724,edd,dde,known,dde,0.2,0.0,normal,0.2,0
725,dde,ded,known,ded,0.0,0.0,anomaly,0.0,0
726,ded,ede,known,ede,0.0,0.0,anomaly,0.0,0
727,ede,ded,known,ded,0.3333333333333333,0.0,normal,0.3333333333333333,0
728,ded,ede,known,ede,0.0,0.0,anomaly,0.0,0
729,ede,dee,known,dee,0.5555555555555556,0.0,normal,0.5555555555555556,0
730,dee,eee,known,eee,0.7,0.0,normal,0.7,0
731,eee,eee,known,eee,0.7345132743362832,0.0,normal,0.7345132743362832,0
732,eee,eee,known,eee,0.7345132743362832,0.0,normal,0.7345132743362832,0
733,eee,eee,known,eee,0.7345132743362832,0.0,normal,0.7345132743362832,0
734,eee,eef,known,eef,0.18584070796460178,0.0,anomaly,0.18584070796460178,0
735,eef,eff,known,eff,0.6470588235294118,0.0,normal,0.6470588235294118,0
736,eff,ffe,known,ffe,0.2549019607843137,0.0,normal,0.2549019607843137,0
737,ffe,fee,known,fee,0.47058823529411764,0.0,normal,0.47058823529411764,0
738,fee,eee,known,eee,0.6571428571428571,0.0,normal,0.6571428571428571,0
739,eee,eed,known,eed,0.07079646017699115,0.0,anomaly,0.07079646017699115,0
740,eed,edd,known,edd,0.2,0.0,normal,0.2,0
741,edd,ddd,known,ddd,0.6,0.0,normal,0.6,0
742,ddd,dde,known,dde,0.17391304347826086,0.0,anomaly,0.17391304347826086,0
743,dde,dee,known,dee,0.8,0.0,normal,0.8,0
744,dee,eee,known,eee,0.7,0.0,normal,0.7,0
745,eee,eee,known,eee,0.7345132743362832,0.0,normal,0.7345132743362832,0
746,eee,eed,known,eed,0.07079646017699115,0.0,anomaly,0.07079646017699115,0
747,eed,edd,known,edd,0.2,0.0,normal,0.2,0
748,edd,dde,known,dde,0.2,0.0,normal,0.2,0
749,dde,def,known,def,0.0,0.0,anomaly,0.0,0
750,def,efe,known,efe,1.0,0.0,normal,1.0,0
751,efe,fed,unseen,fef,0.47619047619047616,0.0,normal,0.47619047619047616,1
752,fef,edd,known,edd,0.0,0.0,anomaly,0.0,0
753,edd,dde,known,dde,0.2,0.0,normal,0.2,0
754,dde,dee,known,dee,0.8,0.0,normal,0.8,0
755,dee,eee,known,eee,0.7,0.0,normal,0.7,0
756,eee,eee,known,eee,0.7345132743362832,0.0,normal,0.7345132743362832,0
757,eee,eee,known,eee,0.7345132743362832,0.0,normal,0.7345132743362832,0
758,eee,eee,known,eee,0.7345132743362832,0.0,normal,0.7345132743362832,0
759,eee,eee,known,eee,0.7345132743362832,0.0,normal,0.7345132743362832,0
760,eee,eed,known,eed,0.07079646017699115,0.0,anomaly,0.07079646017699115,0
761,eed,edd,known,edd,0.2,0.0,normal,0.2,0
762,edd,dde,known,dde,0.2,0.0,normal,0.2,0
763,dde,dee,known,dee,0.8,0.0,normal,0.8,0
764,dee,eee,known,eee,0.7,0.0,normal,0.7,0
765,eee,eef,known,eef,0.18584070796460178,0.0,anomaly,0.18584070796460178,0
766,eef,efe,known,efe,0.35294117647058826,0.0,normal,0.35294117647058826,0
767,efe,fee,known,fee,0.5238095238095238,0.0,normal,0.5238095238095238,0
768,fee,eed,known,eed,0.05714285714285714,0.0,anomaly,0.05714285714285714,0
769,eed,edd,known,edd,0.2,0.0,normal,0.2,0
770,edd,ddd,known,ddd,0.6,0.0,normal,0.6,0
771,ddd,ddd,known,ddd,0.43478260869565216,0.0,normal,0.43478260869565216,0
772,ddd,dde,known,dde,0.17391304347826086,0.0,anomaly,0.17391304347826086,0
773,dde,dee,known,dee,0.8,0.0,normal,0.8,0
774,dee,eee,known,eee,0.7,0.0,normal,0.7,0
775,eee,eee,known,eee,0.7345132743362832,0.0,normal,0.7345132743362832,0
776,eee,eee,known,eee,0.7345132743362832,0.0,normal,0.7345132743362832,0
777,eee,eee,known,eee,0.7345132743362832,0.0,normal,0.7345132743362832,0
778,eee,eee,known,eee,0.7345132743362832,0.0,normal,0.7345132743362832,0
779,eee,eee,known,eee,0.7345132743362832,0.0,normal,0.7345132743362832,0
780,eee,eee,known,eee,0.7345132743362832,0.0,normal,0.7345132743362832,0
781,eee,eed,known,eed,0.07079646017699115,0.0,anomaly,0.07079646017699115,0
782,eed,ede,known,ede,0.8,0.0,normal,0.8,0
783,ede,dee,known,dee,0.5555555555555556,0.0,normal,0.5555555555555556,0
784,dee,eee,known,eee,0.7,0.0,normal,0.7,0
785,eee,eee,known,eee,0.7345132743362832,0.0,normal,0.7345132743362832,0
786,eee,eed,known,eed,0.07079646017699115,0.0,anomaly,0.07079646017699115,0
787,eed,edd,known,edd,0.2,0.0,normal,0.2,0
788,edd,ddd,known,ddd,0.6,0.0,normal,0.6,0
789,ddd,ddd,known,ddd,0.43478260869565216,0.0,normal,0.43478260869565216,0
790,ddd,ddd,known,ddd,0.43478260869565216,0.0,normal,0.43478260869565216,0
791,ddd,dde,known,dde,0.17391304347826086,0.0,anomaly,0.17391304347826086,0
792,dde,dee,known,dee,0.8,0.0,normal,0.8,0
793,dee,eee,known,eee,0.7,0.0,normal,0.7,0
794,eee,eee,known,eee,0.7345132743362832,0.0,normal,0.7345132743362832,0
795,eee,eed,known,eed,0.07079646017699115,0.0,anomaly,0.07079646017699115,0
796,eed,edd,known,edd,0.2,0.0,normal,0.2,0
797,edd,dde,known,dde,0.2,0.0,normal,0.2,0
798,dde,dee,known,dee,0.8,0.0,normal,0.8,0
799,dee,eee,known,eee,0.7,0.0,normal,0.7,0
800,eee,eee,known,eee,0.7345132743362832,0.0,normal,0.7345132743362832,0
801,eee,eee,known,eee,0.7345132743362832,0.0,normal,0.7345132743362832,0
802,eee,eee,known,eee,0.7345132743362832,0.0,normal,0.7345132743362832,0
803,eee,eee,known,eee,0.7345132743362832,0.0,normal,0.7345132743362832,0
804,eee,eef,known,eef,0.18584070796460178,0.0,anomaly,0.18584070796460178,0
805,eef,efe,known,efe,0.35294117647058826,0.0,normal,0.35294117647058826,0
806,efe,fee,known,fee,0.5238095238095238,0.0,normal,0.5238095238095238,0
807,fee,eee,known,eee,0.6571428571428571,0.0,normal,0.6571428571428571,0
808,eee,eee,known,eee,0.7345132743362832,0.0,normal,0.7345132743362832,0
809,eee,eee,known,eee,0.7345132743362832,0.0,normal,0.7345132743362832,0
810,eee,eee,known,eee,0.7345132743362832,0.0,normal,0.7345132743362832,0
811,eee,eee,known,eee,0.7345132743362832,0.0,normal,0.7345132743362832,0
812,eee,eee,known,eee,0.7345132743362832,0.0,normal,0.7345132743362832,0
813,eee,eee,known,eee,0.7345132743362832,0.0,normal,0.7345132743362832,0
814,eee,eee,known,eee,0.7345132743362832,0.0,normal,0.7345132743362832,0
815,eee,eee,known,eee,0.7345132743362832,0.0,normal,0.7345132743362832,0
816,eee,eed,known,eed,0.07079646017699115,0.0,anomaly,0.07079646017699115,0
817,eed,edd,known,edd,0.2,0.0,normal,0.2,0
818,edd,dde,known,dde,0.2,0.0,normal,0.2,0
819,dde,dee,known,dee,0.8,0.0,normal,0.8,0
820,dee,eee,known,eee,0.7,0.0,normal,0.7,0
821,eee,eee,known,eee,0.7345132743362832,0.0,normal,0.7345132743362832,0
822,eee,eee,known,eee,0.7345132743362832,0.0,normal,0.7345132743362832,0
823,eee,eee,known,eee,0.7345132743362832,0.0,normal,0.7345132743362832,0
824,eee,eee,known,eee,0.7345132743362832,0.0,normal,0.7345132743362832,0
825,eee,eee,known,eee,0.7345132743362832,0.0,normal,0.7345132743362832,0
826,eee,eef,known,eef,0.18584070796460178,0.0,anomaly,0.18584070796460178,0
827,eef,efe,known,efe,0.35294117647058826,0.0,normal,0.35294117647058826,0
828,efe,fee,known,fee,0.5238095238095238,0.0,normal,0.5238095238095238,0
829,fee,eee,known,eee,0.6571428571428571,0.0,normal,0.6571428571428571,0
830,eee,eee,known,eee,0.7345132743362832,0.0,normal,0.7345132743362832,0
831,eee,eed,known,eed,0.07079646017699115,0.0,anomaly,0.07079646017699115,0
832,eed,ede,known,ede,0.8,0.0,normal,0.8,0
833,ede,ded,known,ded,0.3333333333333333,0.0,normal,0.3333333333333333,0
834,ded,edd,known,edd,0.75,0.0,normal,0.75,0
835,edd,ddd,known,ddd,0.6,0.0,normal,0.6,0
836,ddd,ddd,known,ddd,0.43478260869565216,0.0,normal,0.43478260869565216,0
837,ddd,dde,known,dde,0.17391304347826086,0.0,anomaly,0.17391304347826086,0
838,dde,ded,known,ded,0.0,0.0,anomaly,0.0,0
839,ded,edd,known,edd,0.75,0.0,normal,0.75,0
840,edd,dde,known,dde,0.2,0.0,normal,0.2,0
841,dde,dee,known,dee,0.8,0.0,normal,0.8,0
842,dee,eee,known,eee,0.7,0.0,normal,0.7,0
843,eee,eef,known,eef,0.18584070796460178,0.0,anomaly,0.18584070796460178,0
844,eef,efe,known,efe,0.35294117647058826,0.0,normal,0.35294117647058826,0
845,efe,fef,known,fef,0.47619047619047616,0.0,normal,0.47619047619047616,0
846,fef,efd,unseen,eff,0.7837837837837838,0.0,normal,0.7837837837837838,1
847,eff,fde,known,fde,0.0,0.0,anomaly,0.0,0
848,fde,ded,known,ded,0.0,0.0,anomaly,0.0,0
849,ded,edd,known,edd,0.75,0.0,normal,0.75,0
850,edd,ddc,known,ddc,0.2,0.0,normal,0.2,0
851,ddc,dcc,known,dcc,0.625,0.0,normal,0.625,0
852,dcc,ccc,known,ccc,0.48,0.0,normal,0.48,0
853,ccc,ccc,known,ccc,0.5,0.0,normal,0.5,0
854,ccc,ccd,known,ccd,0.07894736842105263,0.0,anomaly,0.07894736842105263,0
855,ccd,cdd,known,cdd,0.36,0.0,normal,0.36,0
856,cdd,dde,known,dde,0.0,0.0,anomaly,0.0,0
857,dde,ded,known,ded,0.0,0.0,anomaly,0.0,0
858,ded,edd,known,edd,0.75,0.0,normal,0.75,0
859,edd,ddc,known,ddc,0.2,0.0,normal,0.2,0
860,ddc,dcc,known,dcc,0.625,0.0,normal,0.625,0
861,dcc,ccc,known,ccc,0.48,0.0,normal,0.48,0
862,ccc,ccb,known,ccb,0.39473684210526316,0.0,normal,0.39473684210526316,0
863,ccb,cbc,known,cbc,0.30927835051546393,0.0,normal,0.30927835051546393,0
864,cbc,bcc,known,bcc,0.2911392405063291,0.0,normal,0.2911392405063291,0
865,bcc,ccb,known,ccb,0.45918367346938777,0.0,normal,0.45918367346938777,0
866,ccb,cbc,known,cbc,0.30927835051546393,0.0,normal,0.30927835051546393,0
867,cbc,bcc,known,bcc,0.2911392405063291,0.0,normal,0.2911392405063291,0
868,bcc,ccc,known,ccc,0.4489795918367347,0.0,normal,0.4489795918367347,0
869,ccc,ccd,known,ccd,0.07894736842105263,0.0,anomaly,0.07894736842105263,0
870,ccd,cdd,known,cdd,0.36,0.0,normal,0.36,0
871,cdd,ddd,known,ddd,0.42105263157894735,0.0,normal,0.42105263157894735,0
872,ddd,ddc,known,ddc,0.34782608695652173,0.0,normal,0.34782608695652173,0
873,ddc,dcc,known,dcc,0.625,0.0,normal,0.625,0
874,dcc,ccb,known,ccb,0.16,0.0,anomaly,0.16,0
875,ccb,cbc,known,cbc,0.30927835051546393,0.0,normal,0.30927835051546393,0
876,cbc,bcd,known,bcd,0.0759493670886076,0.0,anomaly,0.0759493670886076,0
877,bcd,cdc,known,cdc,0.6666666666666666,0.0,normal,0.6666666666666666,0
878,cdc,dcc,known,dcc,0.36,0.0,normal,0.36,0
879,dcc,ccc,known,ccc,0.48,0.0,normal,0.48,0
880,ccc,ccc,known,ccc,0.5,0.0,normal,0.5,0
881,ccc,ccc,known,ccc,0.5,0.0,normal,0.5,0
882,ccc,ccc,known,ccc,0.5,0.0,normal,0.5,0
883,ccc,ccc,known,ccc,0.5,0.0,normal,0.5,0
884,ccc,ccc,known,ccc,0.5,0.0,normal,0.5,0
885,ccc,cce,known,cce,0.008771929824561403,0.0,anomaly,0.008771929824561403,0
886,cce,ced,known,ced,0.75,0.0,normal,0.75,0
887,ced,edc,known,edc,0.6,0.0,normal,0.6,0
888,edc,dcc,known,dcc,0.3333333333333333,0.0,normal,0.3333333333333333,0
889,dcc,ccc,known,ccc,0.48,0.0,normal,0.48,0
890,ccc,ccd,known,ccd,0.07894736842105263,0.0,anomaly,0.07894736842105263,0
891,ccd,cdd,known,cdd,0.36,0.0,normal,0.36,0
892,cdd,ddc,known,ddc,0.3684210526315789,0.0,normal,0.3684210526315789,0
893,ddc,dcd,known,dcd,0.1875,0.0,anomaly,0.1875,0
894,dcd,cdd,known,cdd,0.23529411764705882,0.0,normal,0.23529411764705882,0
895,cdd,ddd,known,ddd,0.42105263157894735,0.0,normal,0.42105263157894735,0
896,ddd,ddc,known,ddc,0.34782608695652173,0.0,normal,0.34782608695652173,0
897,ddc,dcc,known,dcc,0.625,0.0,normal,0.625,0
898,dcc,ccd,known,ccd,0.28,0.0,normal,0.28,0
899,ccd,cdd,known,cdd,0.36,0.0,normal,0.36,0
900,cdd,dde,known,dde,0.0,0.0,anomaly,0.0,0
901,dde,dee,known,dee,0.8,0.0,normal,0.8,0
902,dee,eec,known,eec,0.0,0.0,anomaly,0.0,0
903,eec,ecc,known,ecc,1.0,0.0,normal,1.0,0
904,ecc,ccc,known,ccc,0.25,0.0,normal,0.25,0
905,ccc,ccc,known,ccc,0.5,0.0,normal,0.5,0
906,ccc,ccd,known,ccd,0.07894736842105263,0.0,anomaly,0.07894736842105263,0
907,ccd,cdd,known,cdd,0.36,0.0,normal,0.36,0
908,cdd,ddd,known,ddd,0.42105263157894735,0.0,normal,0.42105263157894735,0
909,ddd,ddd,known,ddd,0.43478260869565216,0.0,normal,0.43478260869565216,0
910,ddd,ddd,known,ddd,0.43478260869565216,0.0,normal,0.43478260869565216,0
911,ddd,ddc,known,ddc,0.34782608695652173,0.0,normal,0.34782608695652173,0
912,ddc,dcc,known,dcc,0.625,0.0,normal,0.625,0
913,dcc,ccc,known,ccc,0.48,0.0,normal,0.48,0
914,ccc,ccc,known,ccc,0.5,0.0,normal,0.5,0
915,ccc,ccd,known,ccd,0.07894736842105263,0.0,anomaly,0.07894736842105263,0
916,ccd,cdd,known,cdd,0.36,0.0,normal,0.36,0
917,cdd,ddd,known,ddd,0.42105263157894735,0.0,normal,0.42105263157894735,0
918,ddd,dde,known,dde,0.17391304347826086,0.0,anomaly,0.17391304347826086,0
919,dde,ded,known,ded,0.0,0.0,anomaly,0.0,0
920,ded,edd,known,edd,0.75,0.0,normal,0.75,0
921,edd,ddd,known,ddd,0.6,0.0,normal,0.6,0
922,ddd,ddd,known,ddd,0.43478260869565216,0.0,normal,0.43478260869565216,0
923,ddd,ddd,known,ddd,0.43478260869565216,0.0,normal,0.43478260869565216,0
924,ddd,ddd,known,ddd,0.43478260869565216,0.0,normal,0.43478260869565216,0
925,ddd,ddd,known,ddd,0.43478260869565216,0.0,normal,0.43478260869565216,0
926,ddd,ddd,known,ddd,0.43478260869565216,0.0,normal,0.43478260869565216,0
927,ddd,ddd,known,ddd,0.43478260869565216,0.0,normal,0.43478260869565216,0
928,ddd,ddc,known,ddc,0.34782608695652173,0.0,normal,0.34782608695652173,0
929,ddc,dcd,known,dcd,0.1875,0.0,anomaly,0.1875,0
930,dcd,cdd,known,cdd,0.23529411764705882,0.0,normal,0.23529411764705882,0
931,cdd,dde,known,dde,0.0,0.0,anomaly,0.0,0
932,dde,dee,known,dee,0.8,0.0,normal,0.8,0
933,dee,eed,known,eed,0.0,0.0,anomaly,0.0,0
934,eed,edd,known,edd,0.2,0.0,normal,0.2,0
935,edd,ddd,known,ddd,0.6,0.0,normal,0.6,0
936,ddd,ddc,known,ddc,0.34782608695652173,0.0,normal,0.34782608695652173,0
937,ddc,dcc,known,dcc,0.625,0.0,normal,0.625,0
938,dcc,ccc,known,ccc,0.48,0.0,normal,0.48,0
939,ccc,ccc,known,ccc,0.5,0.0,normal,0.5,0
940,ccc,ccc,known,ccc,0.5,0.0,normal,0.5,0
941,ccc,ccc,known,ccc,0.5,0.0,normal,0.5,0
942,ccc,ccd,known,ccd,0.07894736842105263,0.0,anomaly,0.07894736842105263,0
943,ccd,cdd,known,cdd,0.36,0.0,normal,0.36,0
944,cdd,dde,known,dde,0.0,0.0,anomaly,0.0,0
945,dde,ded,known,ded,0.0,0.0,anomaly,0.0,0
946,ded,edc,known,edc,0.0,0.0,anomaly,0.0,0
947,edc,dcd,known,dcd,0.6666666666666666,0.0,normal,0.6666666666666666,0
948,dcd,cdd,known,cdd,0.23529411764705882,0.0,normal,0.23529411764705882,0
949,cdd,ddd,known,ddd,0.42105263157894735,0.0,normal,0.42105263157894735,0
950,ddd,ddd,known,ddd,0.43478260869565216,0.0,normal,0.43478260869565216,0
951,ddd,ddc,known,ddc,0.34782608695652173,0.0,normal,0.34782608695652173,0
952,ddc,dcd,known,dcd,0.1875,0.0,anomaly,0.1875,0
953,dcd,cdc,known,cdc,0.29411764705882354,0.0,normal,0.29411764705882354,0
954,cdc,dcc,known,dcc,0.36,0.0,normal,0.36,0
955,dcc,ccc,known,ccc,0.48,0.0,normal,0.48,0
956,ccc,ccd,known,ccd,0.07894736842105263,0.0,anomaly,0.07894736842105263,0
957,ccd,cdd,known,cdd,0.36,0.0,normal,0.36,0
958,cdd,ddc,known,ddc,0.3684210526315789,0.0,normal,0.3684210526315789,0
959,ddc,dcb,known,dcb,0.1875,0.0,anomaly,0.1875,0
960,dcb,cbc,known,cbc,0.4117647058823529,0.0,normal,0.4117647058823529,0
961,cbc,bcd,known,bcd,0.0759493670886076,0.0,anomaly,0.0759493670886076,0
962,bcd,cdd,known,cdd,0.26666666666666666,0.0,normal,0.26666666666666666,0
963,cdd,ddc,known,ddc,0.3684210526315789,0.0,normal,0.3684210526315789,0
964,ddc,dcb,known,dcb,0.1875,0.0,anomaly,0.1875,0
965,dcb,cbc,known,cbc,0.4117647058823529,0.0,normal,0.4117647058823529,0
966,cbc,bcc,known,bcc,0.2911392405063291,0.0,normal,0.2911392405063291,0
967,bcc,ccd,known,ccd,0.061224489795918366,0.0,anomaly,0.061224489795918366,0
968,ccd,cdd,known,cdd,0.36,0.0,normal,0.36,0
969,cdd,ddd,known,ddd,0.42105263157894735,0.0,normal,0.42105263157894735,0
970,ddd,ddc,known,ddc,0.34782608695652173,0.0,normal,0.34782608695652173,0
971,ddc,dcc,known,dcc,0.625,0.0,normal,0.625,0
972,dcc,ccc,known,ccc,0.48,0.0,normal,0.48,0
973,ccc,ccc,known,ccc,0.5,0.0,normal,0.5,0
974,ccc,ccc,known,ccc,0.5,0.0,normal,0.5,0
975,ccc,ccd,known,ccd,0.07894736842105263,0.0,anomaly,0.07894736842105263,0
976,ccd,cdd,known,cdd,0.36,0.0,normal,0.36,0
977,cdd,ddd,known,ddd,0.42105263157894735,0.0,normal,0.42105263157894735,0
978,ddd,ddc,known,ddc,0.34782608695652173,0.0,normal,0.34782608695652173,0
979,ddc,dcc,known,dcc,0.625,0.0,normal,0.625,0
980,dcc,ccc,known,ccc,0.48,0.0,normal,0.48,0
981,ccc,ccb,known,ccb,0.39473684210526316,0.0,normal,0.39473684210526316,0
982,ccb,cbc,known,cbc,0.30927835051546393,0.0,normal,0.30927835051546393,0
983,cbc,bcc,known,bcc,0.2911392405063291,0.0,normal,0.2911392405063291,0
984,bcc,ccd,known,ccd,0.061224489795918366,0.0,anomaly,0.061224489795918366,0
985,ccd,cdc,known,cdc,0.36,0.0,normal,0.36,0
986,cdc,dcd,known,dcd,0.32,0.0,normal,0.32,0
987,dcd,cdd,known,cdd,0.23529411764705882,0.0,normal,0.23529411764705882,0
988,cdd,ddd,known,ddd,0.42105263157894735,0.0,normal,0.42105263157894735,0
989,ddd,ddd,known,ddd,0.43478260869565216,0.0,normal,0.43478260869565216,0
990,ddd,ddc,known,ddc,0.34782608695652173,0.0,normal,0.34782608695652173,0
991,ddc,dcc,known,dcc,0.625,0.0,normal,0.625,0
992,dcc,ccc,known,ccc,0.48,0.0,normal,0.48,0
993,ccc,ccd,known,ccd,0.07894736842105263,0.0,anomaly,0.07894736842105263,0
994,ccd,cdc,known,cdc,0.36,0.0,normal,0.36,0
995,cdc,dcc,known,dcc,0.36,0.0,normal,0.36,0
996,dcc,ccc,known,ccc,0.48,0.0,normal,0.48,0
997,ccc,ccc,known,ccc,0.5,0.0,normal,0.5,0
998,ccc,ccd,known,ccd,0.07894736842105263,0.0,anomaly,0.07894736842105263,0
999,ccd,cdd,known,cdd,0.36,0.0,normal,0.36,0
1000,cdd,ddc,known,ddc,0.3684210526315789,0.0,normal,0.3684210526315789,0
1001,ddc,dcc,known,dcc,0.625,0.0,normal,0.625,0
1002,dcc,ccd,known,ccd,0.28,0.0,normal,0.28,0
1003,ccd,cdc,known,cdc,0.36,0.0,normal,0.36,0
1004,cdc,dcc,known,dcc,0.36,0.0,normal,0.36,0
1005,dcc,ccc,known,ccc,0.48,0.0,normal,0.48,0
1006,ccc,ccc,known,ccc,0.5,0.0,normal,0.5,0
1007,ccc,ccb,known,ccb,0.39473684210526316,0.0,normal,0.39473684210526316,0
1008,ccb,cbb,known,cbb,0.5463917525773195,0.0,normal,0.5463917525773195,0
1009,cbb,bbb,known,bbb,0.6148148148148148,0.0,normal,0.6148148148148148,0
1010,bbb,bbc,known,bbc,0.17537313432835822,0.0,anomaly,0.17537313432835822,0
1011,bbc,bcc,known,bcc,0.4206896551724138,0.0,normal,0.4206896551724138,0
1012,bcc,ccc,known,ccc,0.4489795918367347,0.0,normal,0.4489795918367347,0
1013,ccc,ccc,known,ccc,0.5,0.0,normal,0.5,0
1014,ccc,ccc,known,ccc,0.5,0.0,normal,0.5,0
1015,ccc,ccc,known,ccc,0.5,0.0,normal,0.5,0
1016,ccc,ccc,known,ccc,0.5,0.0,normal,0.5,0
1017,ccc,ccc,known,ccc,0.5,0.0,normal,0.5,0
1018,ccc,ccd,known,ccd,0.07894736842105263,0.0,anomaly,0.07894736842105263,0
1019,ccd,cdd,known,cdd,0.36,0.0,normal,0.36,0
1020,cdd,ddd,known,ddd,0.42105263157894735,0.0,normal,0.42105263157894735,0
1021,ddd,ddd,known,ddd,0.43478260869565216,0.0,normal,0.43478260869565216,0
1022,ddd,ddd,known,ddd,0.43478260869565216,0.0,normal,0.43478260869565216,0
1023,ddd,ddd,known,ddd,0.43478260869565216,0.0,normal,0.43478260869565216,0
1024,ddd,ddd,known,ddd,0.43478260869565216,0.0,normal,0.43478260869565216,0
1025,ddd,ddd,known,ddd,0.43478260869565216,0.0,normal,0.43478260869565216,0
1026,ddd,ddd,known,ddd,0.43478260869565216,0.0,normal,0.43478260869565216,0
1027,ddd,ddd,known,ddd,0.43478260869565216,0.0,normal,0.43478260869565216,0
1028,ddd,ddd,known,ddd,0.43478260869565216,0.0,normal,0.43478260869565216,0
1029,ddd,ddd,known,ddd,0.43478260869565216,0.0,normal,0.43478260869565216,0
1030,ddd,ddd,known,ddd,0.43478260869565216,0.0,normal,0.43478260869565216,0
1031,ddd,ddc,known,ddc,0.34782608695652173,0.0,normal,0.34782608695652173,0
1032,ddc,dcc,known,dcc,0.625,0.0,normal,0.625,0
1033,dcc,ccb,known,ccb,0.16,0.0,anomaly,0.16,0
1034,ccb,cbc,known,cbc,0.30927835051546393,0.0,normal,0.30927835051546393,0
1035,cbc,bcc,known,bcc,0.2911392405063291,0.0,normal,0.2911392405063291,0
1036,bcc,ccd,known,ccd,0.061224489795918366,0.0,anomaly,0.061224489795918366,0
1037,ccd,cdd,known,cdd,0.36,0.0,normal,0.36,0
1038,cdd,ddd,known,ddd,0.42105263157894735,0.0,normal,0.42105263157894735,0
1039,ddd,dde,known,dde,0.17391304347826086,0.0,anomaly,0.17391304347826086,0
1040,dde,ded,known,ded,0.0,0.0,anomaly,0.0,0
1041,ded,edd,known,edd,0.75,0.0,normal,0.75,0
1042,edd,ddd,known,ddd,0.6,0.0,normal,0.6,0
1043,ddd,ddd,known,ddd,0.43478260869565216,0.0,normal,0.43478260869565216,0
1044,ddd,ddc,known,ddc,0.34782608695652173,0.0,normal,0.34782608695652173,0
1045,ddc,dcc,known,dcc,0.625,0.0,normal,0.625,0
1046,dcc,ccc,known,ccc,0.48,0.0,normal,0.48,0
1047,ccc,ccc,known,ccc,0.5,0.0,normal,0.5,0
1048,ccc,ccc,known,ccc,0.5,0.0,normal,0.5,0
1049,ccc,ccc,known,ccc,0.5,0.0,normal,0.5,0
1050,ccc,ccc,known,ccc,0.5,0.0,normal,0.5,0
1051,ccc,ccc,known,ccc,0.5,0.0,normal,0.5,0
1052,ccc,ccc,known,ccc,0.5,0.0,normal,0.5,0
1053,ccc,ccc,known,ccc,0.5,0.0,normal,0.5,0
1054,ccc,ccc,known,ccc,0.5,0.0,normal,0.5,0
1055,ccc,ccc,known,ccc,0.5,0.0,normal,0.5,0
1056,ccc,ccd,known,ccd,0.07894736842105263,0.0,anomaly,0.07894736842105263,0
1057,ccd,cdc,known,cdc,0.36,0.0,normal,0.36,0
1058,cdc,dcc,known,dcc,0.36,0.0,normal,0.36,0
1059,dcc,ccd,known,ccd,0.28,0.0,normal,0.28,0
1060,ccd,cdd,known,cdd,0.36,0.0,normal,0.36,0
1061,cdd,ddd,known,ddd,0.42105263157894735,0.0,normal,0.42105263157894735,0
1062,ddd,ddd,known,ddd,0.43478260869565216,0.0,normal,0.43478260869565216,0
1063,ddd,ddc,known,ddc,0.34782608695652173,0.0,normal,0.34782608695652173,0
1064,ddc,dcc,known,dcc,0.625,0.0,normal,0.625,0
1065,dcc,ccc,known,ccc,0.48,0.0,normal,0.48,0
1066,ccc,ccc,known,ccc,0.5,0.0,normal,0.5,0
1067,ccc,ccc,known,ccc,0.5,0.0,normal,0.5,0
1068,ccc,ccc,known,ccc,0.5,0.0,normal,0.5,0
1069,ccc,ccd,known,ccd,0.07894736842105263,0.0,anomaly,0.07894736842105263,0
1070,ccd,cdc,known,cdc,0.36,0.0,normal,0.36,0
1071,cdc,dcc,known,dcc,0.36,0.0,normal,0.36,0
1072,dcc,ccc,known,ccc,0.48,0.0,normal,0.48,0
1073,ccc,ccc,known,ccc,0.5,0.0,normal,0.5,0
1074,ccc,ccb,known,ccb,0.39473684210526316,0.0,normal,0.39473684210526316,0
1075,ccb,cbb,known,cbb,0.5463917525773195,0.0,normal,0.5463917525773195,0
1076,cbb,bbc,known,bbc,0.23703703703703705,0.0,normal,0.23703703703703705,0
1077,bbc,bcd,known,bcd,0.04827586206896552,0.0,anomaly,0.04827586206896552,0
1078,bcd,cdd,known,cdd,0.26666666666666666,0.0,normal,0.26666666666666666,0
1079,cdd,dde,known,dde,0.0,0.0,anomaly,0.0,0
1080,dde,dee,known,dee,0.8,0.0,normal,0.8,0
1081,dee,eed,known,eed,0.0,0.0,anomaly,0.0,0
1082,eed,edc,known,edc,0.0,0.0,anomaly,0.0,0
1083,edc,dcc,known,dcc,0.3333333333333333,0.0,normal,0.3333333333333333,0
1084,dcc,ccb,known,ccb,0.16,0.0,anomaly,0.16,0
1085,ccb,cbc,known,cbc,0.30927835051546393,0.0,normal,0.30927835051546393,0
1086,cbc,bcb,known,bcb,0.5443037974683544,0.0,normal,0.5443037974683544,0
1087,bcb,cbc,known,cbc,0.26865671641791045,0.0,normal,0.26865671641791045,0
1088,cbc,bcd,known,bcd,0.0759493670886076,0.0,anomaly,0.0759493670886076,0
1089,bcd,cdd,known,cdd,0.26666666666666666,0.0,normal,0.26666666666666666,0
1090,cdd,ddd,known,ddd,0.42105263157894735,0.0,normal,0.42105263157894735,0
1091,ddd,ddd,known,ddd,0.43478260869565216,0.0,normal,0.43478260869565216,0
1092,ddd,ddc,known,ddc,0.34782608695652173,0.0,normal,0.34782608695652173,0
1093,ddc,dcc,known,dcc,0.625,0.0,normal,0.625,0
1094,dcc,ccd,known,ccd,0.28,0.0,normal,0.28,0
1095,ccd,cdb,known,cdb,0.2,0.0,normal,0.2,0
1096,cdb,dbc,known,dbc,0.5,0.0,normal,0.5,0
1097,dbc,bcc,known,bcc,0.35,0.0,normal,0.35,0
1098,bcc,ccd,known,ccd,0.061224489795918366,0.0,anomaly,0.061224489795918366,0
1099,ccd,cdc,known,cdc,0.36,0.0,normal,0.36,0
1100,cdc,dcd,known,dcd,0.32,0.0,normal,0.32,0
1101,dcd,cdc,known,cdc,0.29411764705882354,0.0,normal,0.29411764705882354,0
1102,cdc,dcc,known,dcc,0.36,0.0,normal,0.36,0
1103,dcc,ccb,known,ccb,0.16,0.0,anomaly,0.16,0
1104,ccb,cbd,known,cbd,0.07216494845360824,0.0,anomaly,0.07216494845360824,0
1105,cbd,bdd,known,bdd,0.10526315789473684,0.0,anomaly,0.10526315789473684,0
1106,bdd,ddd,known,ddd,0.6666666666666666,0.0,normal,0.6666666666666666,0
1107,ddd,ddd,known,ddd,0.43478260869565216,0.0,normal,0.43478260869565216,0
1108,ddd,ddd,known,ddd,0.43478260869565216,0.0,normal,0.43478260869565216,0
1109,ddd,ddc,known,ddc,0.34782608695652173,0.0,normal,0.34782608695652173,0
1110,ddc,dcc,known,dcc,0.625,0.0,normal,0.625,0
1111,dcc,ccc,known,ccc,0.48,0.0,normal,0.48,0
1112,ccc,ccb,known,ccb,0.39473684210526316,0.0,normal,0.39473684210526316,0
1113,ccb,cbc,known,cbc,0.30927835051546393,0.0,normal,0.30927835051546393,0
1114,cbc,bcd,known,bcd,0.0759493670886076,0.0,anomaly,0.0759493670886076,0
1115,bcd,cdd,known,cdd,0.26666666666666666,0.0,normal,0.26666666666666666,0
1116,cdd,ddd,known,ddd,0.42105263157894735,0.0,normal,0.42105263157894735,0
1117,ddd,ddd,known,ddd,0.43478260869565216,0.0,normal,0.43478260869565216,0
1118,ddd,ddd,known,ddd,0.43478260869565216,0.0,normal,0.43478260869565216,0
1119,ddd,ddd,known,ddd,0.43478260869565216,0.0,normal,0.43478260869565216,0
1120,ddd,ddd,known,ddd,0.43478260869565216,0.0,normal,0.43478260869565216,0
1121,ddd,ddd,known,ddd,0.43478260869565216,0.0,normal,0.43478260869565216,0
1122,ddd,ddd,known,ddd,0.43478260869565216,0.0,normal,0.43478260869565216,0
1123,ddd,ddd,known,ddd,0.43478260869565216,0.0,normal,0.43478260869565216,0
1124,ddd,ddc,known,ddc,0.34782608695652173,0.0,normal,0.34782608695652173,0
1125,ddc,dcd,known,dcd,0.1875,0.0,anomaly,0.1875,0
1126,dcd,cdc,known,cdc,0.29411764705882354,0.0,normal,0.29411764705882354,0
1127,cdc,dcd,known,dcd,0.32,0.0,normal,0.32,0
1128,dcd,cdc,known,cdc,0.29411764705882354,0.0,normal,0.29411764705882354,0
1129,cdc,dcc,known,dcc,0.36,0.0,normal,0.36,0
1130,dcc,ccd,known,ccd,0.28,0.0,normal,0.28,0
1131,ccd,cdc,known,cdc,0.36,0.0,normal,0.36,0
1132,cdc,dcc,known,dcc,0.36,0.0,normal,0.36,0
1133,dcc,ccc,known,ccc,0.48,0.0,normal,0.48,0
1134,ccc,ccc,known,ccc,0.5,0.0,normal,0.5,0
1135,ccc,ccc,known,ccc,0.5,0.0,normal,0.5,0
1136,ccc,ccc,known,ccc,0.5,0.0,normal,0.5,0
1137,ccc,ccd,known,ccd,0.07894736842105263,0.0,anomaly,0.07894736842105263,0
1138,ccd,cdd,known,cdd,0.36,0.0,normal,0.36,0
1139,cdd,ddc,known,ddc,0.3684210526315789,0.0,normal,0.3684210526315789,0
1140,ddc,dcb,known,dcb,0.1875,0.0,anomaly,0.1875,0
1141,dcb,cbb,known,cbb,0.35294117647058826,0.0,normal,0.35294117647058826,0
1142,cbb,bbc,known,bbc,0.23703703703703705,0.0,normal,0.23703703703703705,0
1143,bbc,bcd,known,bcd,0.04827586206896552,0.0,anomaly,0.04827586206896552,0
1144,bcd,cdd,known,cdd,0.26666666666666666,0.0,normal,0.26666666666666666,0
1145,cdd,ddd,known,ddd,0.42105263157894735,0.0,normal,0.42105263157894735,0
1146,ddd,ddd,known,ddd,0.43478260869565216,0.0,normal,0.43478260869565216,0
1147,ddd,ddd,known,ddd,0.43478260869565216,0.0,normal,0.43478260869565216,0
1148,ddd,ddd,known,ddd,0.43478260869565216,0.0,normal,0.43478260869565216,0
1149,ddd,ddc,known,ddc,0.34782608695652173,0.0,normal,0.34782608695652173,0
1150,ddc,dcc,known,dcc,0.625,0.0,normal,0.625,0
1151,dcc,ccc,known,ccc,0.48,0.0,normal,0.48,0
1152,ccc,ccc,known,ccc,0.5,0.0,normal,0.5,0
1153,ccc,ccc,known,ccc,0.5,0.0,normal,0.5,0
1154,ccc,ccb,known,ccb,0.39473684210526316,0.0,normal,0.39473684210526316,0
1155,ccb,cbc,known,cbc,0.30927835051546393,0.0,normal,0.30927835051546393,0
1156,cbc,bcb,known,bcb,0.5443037974683544,0.0,normal,0.5443037974683544,0
1157,bcb,cbc,known,cbc,0.26865671641791045,0.0,normal,0.26865671641791045,0
1158,cbc,bcc,known,bcc,0.2911392405063291,0.0,normal,0.2911392405063291,0
1159,bcc,ccc,known,ccc,0.4489795918367347,0.0,normal,0.4489795918367347,0
1160,ccc,ccc,known,ccc,0.5,0.0,normal,0.5,0
1161,ccc,ccc,known,ccc,0.5,0.0,normal,0.5,0
1162,ccc,ccc,known,ccc,0.5,0.0,normal,0.5,0
1163,ccc,ccc,known,ccc,0.5,0.0,normal,0.5,0
1164,ccc,ccc,known,ccc,0.5,0.0,normal,0.5,0
1165,ccc,ccd,known,ccd,0.07894736842105263,0.0,anomaly,0.07894736842105263,0
1166,ccd,cdc,known,cdc,0.36,0.0,normal,0.36,0
1167,cdc,dcd,known,dcd,0.32,0.0,normal,0.32,0
1168,dcd,cdc,known,cdc,0.29411764705882354,0.0,normal,0.29411764705882354,0
1169,cdc,dcd,known,dcd,0.32,0.0,normal,0.32,0
1170,dcd,cdd,known,cdd,0.23529411764705882,0.0,normal,0.23529411764705882,0
1171,cdd,ddc,known,ddc,0.3684210526315789,0.0,normal,0.3684210526315789,0
1172,ddc,dcd,known,dcd,0.1875,0.0,anomaly,0.1875,0
1173,dcd,cdc,known,cdc,0.29411764705882354,0.0,normal,0.29411764705882354,0
1174,cdc,dcc,known,dcc,0.36,0.0,normal,0.36,0
1175,dcc,ccc,known,ccc,0.48,0.0,normal,0.48,0
1176,ccc,ccc,known,ccc,0.5,0.0,normal,0.5,0
1177,ccc,ccc,known,ccc,0.5,0.0,normal,0.5,0
1178,ccc,ccc,known,ccc,0.5,0.0,normal,0.5,0
1179,ccc,ccc,known,ccc,0.5,0.0,normal,0.5,0
1180,ccc,ccd,known,ccd,0.07894736842105263,0.0,anomaly,0.07894736842105263,0
1181,ccd,cdd,known,cdd,0.36,0.0,normal,0.36,0
1182,cdd,ddd,known,ddd,0.42105263157894735,0.0,normal,0.42105263157894735,0
1183,ddd,ddc,known,ddc,0.34782608695652173,0.0,normal,0.34782608695652173,0
1184,ddc,dcc,known,dcc,0.625,0.0,normal,0.625,0
1185,dcc,ccc,known,ccc,0.48,0.0,normal,0.48,0
1186,ccc,ccc,known,ccc,0.5,0.0,normal,0.5,0
1187,ccc,ccc,known,ccc,0.5,0.0,normal,0.5,0
1188,ccc,ccc,known,ccc,0.5,0.0,normal,0.5,0
1189,ccc,ccc,known,ccc,0.5,0.0,normal,0.5,0
1190,ccc,ccd,known,ccd,0.07894736842105263,0.0,anomaly,0.07894736842105263,0
1191,ccd,cdc,known,cdc,0.36,0.0,normal,0.36,0
1192,cdc,dcc,known,dcc,0.36,0.0,normal,0.36,0
1193,dcc,ccc,known,ccc,0.48,0.0,normal,0.48,0
1194,ccc,ccc,known,ccc,0.5,0.0,normal,0.5,0
1195,ccc,ccd,known,ccd,0.07894736842105263,0.0,anomaly,0.07894736842105263,0
1196,ccd,cdd,known,cdd,0.36,0.0,normal,0.36,0
1197,cdd,ddd,known,ddd,0.42105263157894735,0.0,normal,0.42105263157894735,0
1198,ddd,ddd,known,ddd,0.43478260869565216,0.0,normal,0.43478260869565216,0
1199,ddd,ddc,known,ddc,0.34782608695652173,0.0,normal,0.34782608695652173,0
1200,ddc,dcc,known,dcc,0.625,0.0,normal,0.625,0
1201,dcc,ccc,known,ccc,0.48,0.0,normal,0.48,0
1202,ccc,ccc,known,ccc,0.5,0.0,normal,0.5,0
1203,ccc,ccd,known,ccd,0.07894736842105263,0.0,anomaly,0.07894736842105263,0
1204,ccd,cde,known,cde,0.04,0.0,anomaly,0.04,0
1205,cde,ded,known,ded,0.16666666666666666,0.0,anomaly,0.16666666666666666,0
1206,ded,edd,known,edd,0.75,0.0,normal,0.75,0
1207,edd,ddc,known,ddc,0.2,0.0,normal,0.2,0
1208,ddc,dcc,known,dcc,0.625,0.0,normal,0.625,0
1209,dcc,ccc,known,ccc,0.48,0.0,normal,0.48,0
1210,ccc,ccc,known,ccc,0.5,0.0,normal,0.5,0
1211,ccc,ccc,known,ccc,0.5,0.0,normal,0.5,0
1212,ccc,ccc,known,ccc,0.5,0.0,normal,0.5,0
1213,ccc,ccd,known,ccd,0.07894736842105263,0.0,anomaly,0.07894736842105263,0
1214,ccd,cdd,known,cdd,0.36,0.0,normal,0.36,0
1215,cdd,ddd,known,ddd,0.42105263157894735,0.0,normal,0.42105263157894735,0
1216,ddd,dde,known,dde,0.17391304347826086,0.0,anomaly,0.17391304347826086,0
1217,dde,ded,known,ded,0.0,0.0,anomaly,0.0,0
1218,ded,edc,known,edc,0.0,0.0,anomaly,0.0,0
1219,edc,dcd,known,dcd,0.6666666666666666,0.0,normal,0.6666666666666666,0
1220,dcd,cdc,known,cdc,0.29411764705882354,0.0,normal,0.29411764705882354,0
1221,cdc,dcd,known,dcd,0.32,0.0,normal,0.32,0
1222,dcd,cdd,known,cdd,0.23529411764705882,0.0,normal,0.23529411764705882,0
1223,cdd,ddd,known,ddd,0.42105263157894735,0.0,normal,0.42105263157894735,0
1224,ddd,dde,known,dde,0.17391304347826086,0.0,anomaly,0.17391304347826086,0
1225,dde,ded,known,ded,0.0,0.0,anomaly,0.0,0
1226,ded,edc,known,edc,0.0,0.0,anomaly,0.0,0
1227,edc,dcd,known,dcd,0.6666666666666666,0.0,normal,0.6666666666666666,0
1228,dcd,cdd,known,cdd,0.23529411764705882,0.0,normal,0.23529411764705882,0
1229,cdd,ddd,known,ddd,0.42105263157894735,0.0,normal,0.42105263157894735,0
1230,ddd,dde,known,dde,0.17391304347826086,0.0,anomaly,0.17391304347826086,0
1231,dde,dee,known,dee,0.8,0.0,normal,0.8,0
1232,dee,eed,known,eed,0.0,0.0,anomaly,0.0,0
1233,eed,edd,known,edd,0.2,0.0,normal,0.2,0
1234,edd,ddd,known,ddd,0.6,0.0,normal,0.6,0
1235,ddd,ddc,known,ddc,0.34782608695652173,0.0,normal,0.34782608695652173,0
1236,ddc,dcc,known,dcc,0.625,0.0,normal,0.625,0
1237,dcc,ccb,known,ccb,0.16,0.0,anomaly,0.16,0
1238,ccb,cbb,known,cbb,0.5463917525773195,0.0,normal,0.5463917525773195,0
1239,cbb,bbd,known,bbd,0.022222222222222223,0.0,anomaly,0.022222222222222223,0
1240,bbd,bdd,known,bdd,0.1,0.0,anomaly,0.1,0
1241,bdd,ddd,known,ddd,0.6666666666666666,0.0,normal,0.6666666666666666,0
1242,ddd,ddc,known,ddc,0.34782608695652173,0.0,normal,0.34782608695652173,0
1243,ddc,dcb,known,dcb,0.1875,0.0,anomaly,0.1875,0
1244,dcb,cbb,known,cbb,0.35294117647058826,0.0,normal,0.35294117647058826,0
1245,cbb,bbc,known,bbc,0.23703703703703705,0.0,normal,0.23703703703703705,0
1246,bbc,bcc,known,bcc,0.4206896551724138,0.0,normal,0.4206896551724138,0
1247,bcc,ccc,known,ccc,0.4489795918367347,0.0,normal,0.4489795918367347,0
1248,ccc,ccc,known,ccc,0.5,0.0,normal,0.5,0
1249,ccc,ccd,known,ccd,0.07894736842105263,0.0,anomaly,0.07894736842105263,0
1250,ccd,cdd,known,cdd,0.36,0.0,normal,0.36,0
1251,cdd,ddd,known,ddd,0.42105263157894735,0.0,normal,0.42105263157894735,0
1252,ddd,ddd,known,ddd,0.43478260869565216,0.0,normal,0.43478260869565216,0
1253,ddd,ddc,known,ddc,0.34782608695652173,0.0,normal,0.34782608695652173,0
1254,ddc,dcc,known,dcc,0.625,0.0,normal,0.625,0
1255,dcc,ccd,known,ccd,0.28,0.0,normal,0.28,0
1256,ccd,cdc,known,cdc,0.36,0.0,normal,0.36,0
1257,cdc,dcc,known,dcc,0.36,0.0,normal,0.36,0
1258,dcc,ccc,known,ccc,0.48,0.0,normal,0.48,0
1259,ccc,ccc,known,ccc,0.5,0.0,normal,0.5,0
1260,ccc,ccc,known,ccc,0.5,0.0,normal,0.5,0
1261,ccc,ccd,known,ccd,0.07894736842105263,0.0,anomaly,0.07894736842105263,0
1262,ccd,cdc,known,cdc,0.36,0.0,normal,0.36,0
1263,cdc,dcd,known,dcd,0.32,0.0,normal,0.32,0
1264,dcd,cdd,known,cdd,0.23529411764705882,0.0,normal,0.23529411764705882,0
1265,cdd,ddd,known,ddd,0.42105263157894735,0.0,normal,0.42105263157894735,0
1266,ddd,dde,known,dde,0.17391304347826086,0.0,anomaly,0.17391304347826086,0
1267,dde,dec,known,dec,0.2,0.0,normal,0.2,0
1268,dec,ecc,known,ecc,0.5,0.0,normal,0.5,0
1269,ecc,ccc,known,ccc,0.25,0.0,normal,0.25,0
1270,ccc,ccc,known,ccc,0.5,0.0,normal,0.5,0
1271,ccc,ccc,known,ccc,0.5,0.0,normal,0.5,0
1272,ccc,ccc,known,ccc,0.5,0.0,normal,0.5,0
1273,ccc,ccc,known,ccc,0.5,0.0,normal,0.5,0
1274,ccc,ccd,known,ccd,0.07894736842105263,0.0,anomaly,0.07894736842105263,0
1275,ccd,cde,known,cde,0.04,0.0,anomaly,0.04,0
1276,cde,ded,known,ded,0.16666666666666666,0.0,anomaly,0.16666666666666666,0
1277,ded,ede,known,ede,0.0,0.0,anomaly,0.0,0
1278,ede,dee,known,dee,0.5555555555555556,0.0,normal,0.5555555555555556,0
1279,dee,eed,known,eed,0.0,0.0,anomaly,0.0,0
1280,eed,edd,known,edd,0.2,0.0,normal,0.2,0
1281,edd,dde,known,dde,0.2,0.0,normal,0.2,0
1282,dde,dee,known,dee,0.8,0.0,normal,0.8,0
1283,dee,eed,known,eed,0.0,0.0,anomaly,0.0,0
1284,eed,edd,known,edd,0.2,0.0,normal,0.2,0
1285,edd,dde,known,dde,0.2,0.0,normal,0.2,0
1286,dde,dec,known,dec,0.2,0.0,normal,0.2,0
1287,dec,ecb,known,ecb,0.0,0.0,anomaly,0.0,0
1288,ecb,cbb,known,cbb,0.0,0.0,anomaly,0.0,0
1289,cbb,bbc,known,bbc,0.23703703703703705,0.0,normal,0.23703703703703705,0
1290,bbc,bcc,known,bcc,0.4206896551724138,0.0,normal,0.4206896551724138,0
1291,bcc,ccc,known,ccc,0.4489795918367347,0.0,normal,0.4489795918367347,0
1292,ccc,ccd,known,ccd,0.07894736842105263,0.0,anomaly,0.07894736842105263,0
1293,ccd,cdd,known,cdd,0.36,0.0,normal,0.36,0
1294,cdd,ddd,known,ddd,0.42105263157894735,0.0,normal,0.42105263157894735,0
1295,ddd,ddd,known,ddd,0.43478260869565216,0.0,normal,0.43478260869565216,0
1296,ddd,ddc,known,ddc,0.34782608695652173,0.0,normal,0.34782608695652173,0
1297,ddc,dcc,known,dcc,0.625,0.0,normal,0.625,0
1298,dcc,ccc,known,ccc,0.48,0.0,normal,0.48,0
1299,ccc,ccc,known,ccc,0.5,0.0,normal,0.5,0
1300,ccc,ccd,known,ccd,0.07894736842105263,0.0,anomaly,0.07894736842105263,0
1301,ccd,cdd,known,cdd,0.36,0.0,normal,0.36,0
1302,cdd,ddd,known,ddd,0.42105263157894735,0.0,normal,0.42105263157894735,0
1303,ddd,ddd,known,ddd,0.43478260869565216,0.0,normal,0.43478260869565216,0
1304,ddd,ddd,known,ddd,0.43478260869565216,0.0,normal,0.43478260869565216,0
1305,ddd,dde,known,dde,0.17391304347826086,0.0,anomaly,0.17391304347826086,0
1306,dde,ded,known,ded,0.0,0.0,anomaly,0.0,0
1307,ded,ede,known,ede,0.0,0.0,anomaly,0.0,0
1308,ede,ded,known,ded,0.3333333333333333,0.0,normal,0.3333333333333333,0
1309,ded,edd,known,edd,0.75,0.0,normal,0.75,0
1310,edd,ddc,known,ddc,0.2,0.0,normal,0.2,0
1311,ddc,dce,unseen,dcb,0.1875,0.0,anomaly,0.1875,1
1312,dcb,ced,known,ced,0.0,0.0,anomaly,0.0,0
1313,ced,edd,known,edd,0.0,0.0,anomaly,0.0,0
1314,edd,ddd,known,ddd,0.6,0.0,normal,0.6,0
1315,ddd,ddd,known,ddd,0.43478260869565216,0.0,normal,0.43478260869565216,0
1316,ddd,ddd,known,ddd,0.43478260869565216,0.0,normal,0.43478260869565216,0
1317,ddd,ddd,known,ddd,0.43478260869565216,0.0,normal,0.43478260869565216,0
1318,ddd,ddc,known,ddc,0.34782608695652173,0.0,normal,0.34782608695652173,0
1319,ddc,dcc,known,dcc,0.625,0.0,normal,0.625,0
1320,dcc,ccd,known,ccd,0.28,0.0,normal,0.28,0
1321,ccd,cdd,known,cdd,0.36,0.0,normal,0.36,0
1322,cdd,ddc,known,ddc,0.3684210526315789,0.0,normal,0.3684210526315789,0
1323,ddc,dcc,known,dcc,0.625,0.0,normal,0.625,0
1324,dcc,ccc,known,ccc,0.48,0.0,normal,0.48,0
1325,ccc,ccc,known,ccc,0.5,0.0,normal,0.5,0
1326,ccc,ccc,known,ccc,0.5,0.0,normal,0.5,0
1327,ccc,ccc,known,ccc,0.5,0.0,normal,0.5,0
1328,ccc,ccb,known,ccb,0.39473684210526316,0.0,normal,0.39473684210526316,0
1329,ccb,cbc,known,cbc,0.30927835051546393,0.0,normal,0.30927835051546393,0
1330,cbc,bcc,known,bcc,0.2911392405063291,0.0,normal,0.2911392405063291,0
1331,bcc,ccc,known,ccc,0.4489795918367347,0.0,normal,0.4489795918367347,0
1332,ccc,ccd,known,ccd,0.07894736842105263,0.0,anomaly,0.07894736842105263,0
1333,ccd,cdc,known,cdc,0.36,0.0,normal,0.36,0
1334,cdc,dcc,known,dcc,0.36,0.0,normal,0.36,0
1335,dcc,ccc,known,ccc,0.48,0.0,normal,0.48,0
1336,ccc,ccc,known,ccc,0.5,0.0,normal,0.5,0
1337,ccc,ccc,known,ccc,0.5,0.0,normal,0.5,0
1338,ccc,ccd,known,ccd,0.07894736842105263,0.0,anomaly,0.07894736842105263,0
1339,ccd,cdc,known,cdc,0.36,0.0,normal,0.36,0
1340,cdc,dcc,known,dcc,0.36,0.0,normal,0.36,0
1341,dcc,ccc,known,ccc,0.48,0.0,normal,0.48,0
1342,ccc,ccc,known,ccc,0.5,0.0,normal,0.5,0
1343,ccc,ccc,known,ccc,0.5,0.0,normal,0.5,0
1344,ccc,ccc,known,ccc,0.5,0.0,normal,0.5,0
1345,ccc,ccc,known,ccc,0.5,0.0,normal,0.5,0
1346,ccc,ccc,known,ccc,0.5,0.0,normal,0.5,0
1347,ccc,ccc,known,ccc,0.5,0.0,normal,0.5,0
1348,ccc,ccc,known,ccc,0.5,0.0,normal,0.5,0
1349,ccc,ccd,known,ccd,0.07894736842105263,0.0,anomaly,0.07894736842105263,0
1350,ccd,cde,known,cde,0.04,0.0,anomaly,0.04,0
1351,cde,ded,known,ded,0.16666666666666666,0.0,anomaly,0.16666666666666666,0
1352,ded,edc,known,edc,0.0,0.0,anomaly,0.0,0
1353,edc,dcd,known,dcd,0.6666666666666666,0.0,normal,0.6666666666666666,0
1354,dcd,cdc,known,cdc,0.29411764705882354,0.0,normal,0.29411764705882354,0
1355,cdc,dcb,known,dcb,0.32,0.0,normal,0.32,0
1356,dcb,cbb,known,cbb,0.35294117647058826,0.0,normal,0.35294117647058826,0
1357,cbb,bbb,known,bbb,0.6148148148148148,0.0,normal,0.6148148148148148,0
1358,bbb,bbc,known,bbc,0.17537313432835822,0.0,anomaly,0.17537313432835822,0
1359,bbc,bcb,known,bcb,0.47586206896551725,0.0,normal,0.47586206896551725,0
1360,bcb,cbb,known,cbb,0.5223880597014925,0.0,normal,0.5223880597014925,0
1361,cbb,bbc,known,bbc,0.23703703703703705,0.0,normal,0.23703703703703705,0
1362,bbc,bcc,known,bcc,0.4206896551724138,0.0,normal,0.4206896551724138,0
1363,bcc,ccb,known,ccb,0.45918367346938777,0.0,normal,0.45918367346938777,0
1364,ccb,cbc,known,cbc,0.30927835051546393,0.0,normal,0.30927835051546393,0
1365,cbc,bcc,known,bcc,0.2911392405063291,0.0,normal,0.2911392405063291,0
1366,bcc,ccb,known,ccb,0.45918367346938777,0.0,normal,0.45918367346938777,0
1367,ccb,cbb,known,cbb,0.5463917525773195,0.0,normal,0.5463917525773195,0
1368,cbb,bbc,known,bbc,0.23703703703703705,0.0,normal,0.23703703703703705,0
1369,bbc,bcc,known,bcc,0.4206896551724138,0.0,normal,0.4206896551724138,0
1370,bcc,ccb,known,ccb,0.45918367346938777,0.0,normal,0.45918367346938777,0
1371,ccb,cbb,known,cbb,0.5463917525773195,0.0,normal,0.5463917525773195,0
1372,cbb,bbb,known,bbb,0.6148148148148148,0.0,normal,0.6148148148148148,0
1373,bbb,bbb,known,bbb,0.6380597014925373,0.0,normal,0.6380597014925373,0
1374,bbb,bbb,known,bbb,0.6380597014925373,0.0,normal,0.6380597014925373,0
1375,bbb,bbb,known,bbb,0.6380597014925373,0.0,normal,0.6380597014925373,0
1376,bbb,bbb,known,bbb,0.6380597014925373,0.0,normal,0.6380597014925373,0
1377,bbb,bbc,known,bbc,0.17537313432835822,0.0,anomaly,0.17537313432835822,0
1378,bbc,bcb,known,bcb,0.47586206896551725,0.0,normal,0.47586206896551725,0
1379,bcb,cbb,known,cbb,0.5223880597014925,0.0,normal,0.5223880597014925,0
1380,cbb,bbb,known,bbb,0.6148148148148148,0.0,normal,0.6148148148148148,0
1381,bbb,bbc,known,bbc,0.17537313432835822,0.0,anomaly,0.17537313432835822,0
1382,bbc,bcc,known,bcc,0.4206896551724138,0.0,normal,0.4206896551724138,0
1383,bcc,ccd,known,ccd,0.061224489795918366,0.0,anomaly,0.061224489795918366,0
1384,ccd,cdc,known,cdc,0.36,0.0,normal,0.36,0
1385,cdc,dcd,known,dcd,0.32,0.0,normal,0.32,0
1386,dcd,cdc,known,cdc,0.29411764705882354,0.0,normal,0.29411764705882354,0
1387,cdc,dcd,known,dcd,0.32,0.0,normal,0.32,0
1388,dcd,cdc,known,cdc,0.29411764705882354,0.0,normal,0.29411764705882354,0
1389,cdc,dcd,known,dcd,0.32,0.0,normal,0.32,0
1390,dcd,cdb,known,cdb,0.17647058823529413,0.0,anomaly,0.17647058823529413,0
1391,cdb,dbb,known,dbb,0.4,0.0,normal,0.4,0
1392,dbb,bbb,known,bbb,0.5,0.0,normal,0.5,0
1393,bbb,bbc,known,bbc,0.17537313432835822,0.0,anomaly,0.17537313432835822,0
1394,bbc,bcc,known,bcc,0.4206896551724138,0.0,normal,0.4206896551724138,0
1395,bcc,ccd,known,ccd,0.061224489795918366,0.0,anomaly,0.061224489795918366,0
1396,ccd,cdc,known,cdc,0.36,0.0,normal,0.36,0
1397,cdc,dcc,known,dcc,0.36,0.0,normal,0.36,0
1398,dcc,ccc,known,ccc,0.48,0.0,normal,0.48,0
1399,ccc,ccc,known,ccc,0.5,0.0,normal,0.5,0
1400,ccc,ccc,known,ccc,0.5,0.0,normal,0.5,0
1401,ccc,ccb,known,ccb,0.39473684210526316,0.0,normal,0.39473684210526316,0
1402,ccb,cbb,known,cbb,0.5463917525773195,0.0,normal,0.5463917525773195,0
1403,cbb,bbc,known,bbc,0.23703703703703705,0.0,normal,0.23703703703703705,0
1404,bbc,bcb,known,bcb,0.47586206896551725,0.0,normal,0.47586206896551725,0
1405,bcb,cbb,known,cbb,0.5223880597014925,0.0,normal,0.5223880597014925,0
1406,cbb,bbb,known,bbb,0.6148148148148148,0.0,normal,0.6148148148148148,0
1407,bbb,bbb,known,bbb,0.6380597014925373,0.0,normal,0.6380597014925373,0
1408,bbb,bbb,known,bbb,0.6380597014925373,0.0,normal,0.6380597014925373,0
1409,bbb,bbb,known,bbb,0.6380597014925373,0.0,normal,0.6380597014925373,0
1410,bbb,bbc,known,bbc,0.17537313432835822,0.0,anomaly,0.17537313432835822,0
1411,bbc,bcc,known,bcc,0.4206896551724138,0.0,normal,0.4206896551724138,0
1412,bcc,ccc,known,ccc,0.4489795918367347,0.0,normal,0.4489795918367347,0
1413,ccc,ccc,known,ccc,0.5,0.0,normal,0.5,0
1414,ccc,ccc,known,ccc,0.5,0.0,normal,0.5,0
1415,ccc,ccd,known,ccd,0.07894736842105263,0.0,anomaly,0.07894736842105263,0
1416,ccd,cdd,known,cdd,0.36,0.0,normal,0.36,0
1417,cdd,ddd,known,ddd,0.42105263157894735,0.0,normal,0.42105263157894735,0
1418,ddd,ddd,known,ddd,0.43478260869565216,0.0,normal,0.43478260869565216,0
1419,ddd,ddc,known,ddc,0.34782608695652173,0.0,normal,0.34782608695652173,0
1420,ddc,dcc,known,dcc,0.625,0.0,normal,0.625,0
1421,dcc,ccc,known,ccc,0.48,0.0,normal,0.48,0
1422,ccc,ccc,known,ccc,0.5,0.0,normal,0.5,0
1423,ccc,ccc,known,ccc,0.5,0.0,normal,0.5,0
1424,ccc,ccc,known,ccc,0.5,0.0,normal,0.5,0
1425,ccc,ccc,known,ccc,0.5,0.0,normal,0.5,0
1426,ccc,ccc,known,ccc,0.5,0.0,normal,0.5,0
1427,ccc,ccd,known,ccd,0.07894736842105263,0.0,anomaly,0.07894736842105263,0
1428,ccd,cdc,known,cdc,0.36,0.0,normal,0.36,0
1429,cdc,dcc,known,dcc,0.36,0.0,normal,0.36,0
1430,dcc,ccc,known,ccc,0.48,0.0,normal,0.48,0
1431,ccc,ccb,known,ccb,0.39473684210526316,0.0,normal,0.39473684210526316,0
1432,ccb,cbb,known,cbb,0.5463917525773195,0.0,normal,0.5463917525773195,0
1433,cbb,bbb,known,bbb,0.6148148148148148,0.0,normal,0.6148148148148148,0
1434,bbb,bbb,known,bbb,0.6380597014925373,0.0,normal,0.6380597014925373,0
1435,bbb,bbb,known,bbb,0.6380597014925373,0.0,normal,0.6380597014925373,0
1436,bbb,bbc,known,bbc,0.17537313432835822,0.0,anomaly,0.17537313432835822,0
1437,bbc,bcc,known,bcc,0.4206896551724138,0.0,normal,0.4206896551724138,0
1438,bcc,ccc,known,ccc,0.4489795918367347,0.0,normal,0.4489795918367347,0
1439,ccc,ccc,known,ccc,0.5,0.0,normal,0.5,0
1440,ccc,ccb,known,ccb,0.39473684210526316,0.0,normal,0.39473684210526316,0
1441,ccb,cbc,known,cbc,0.30927835051546393,0.0,normal,0.30927835051546393,0
1442,cbc,bcb,known,bcb,0.5443037974683544,0.0,normal,0.5443037974683544,0
1443,bcb,cbb,known,cbb,0.5223880597014925,0.0,normal,0.5223880597014925,0
1444,cbb,bbb,known,bbb,0.6148148148148148,0.0,normal,0.6148148148148148,0
1445,bbb,bbc,known,bbc,0.17537313432835822,0.0,anomaly,0.17537313432835822,0
1446,bbc,bcc,known,bcc,0.4206896551724138,0.0,normal,0.4206896551724138,0
1447,bcc,ccc,known,ccc,0.4489795918367347,0.0,normal,0.4489795918367347,0
1448,ccc,ccc,known,ccc,0.5,0.0,normal,0.5,0
1449,ccc,ccc,known,ccc,0.5,0.0,normal,0.5,0
1450,ccc,ccc,known,ccc,0.5,0.0,normal,0.5,0
1451,ccc,ccc,known,ccc,0.5,0.0,normal,0.5,0
1452,ccc,ccb,known,ccb,0.39473684210526316,0.0,normal,0.39473684210526316,0
1453,ccb,cbc,known,cbc,0.30927835051546393,0.0,normal,0.30927835051546393,0
1454,cbc,bcb,known,bcb,0.5443037974683544,0.0,normal,0.5443037974683544,0
1455,bcb,cbb,known,cbb,0.5223880597014925,0.0,normal,0.5223880597014925,0
1456,cbb,bbc,known,bbc,0.23703703703703705,0.0,normal,0.23703703703703705,0
1457,bbc,bcd,known,bcd,0.04827586206896552,0.0,anomaly,0.04827586206896552,0
1458,bcd,cdd,known,cdd,0.26666666666666666,0.0,normal,0.26666666666666666,0
1459,cdd,ddd,known,ddd,0.42105263157894735,0.0,normal,0.42105263157894735,0
1460,ddd,ddb,known,ddb,0.043478260869565216,0.0,anomaly,0.043478260869565216,0
1461,ddb,dbc,known,dbc,0.8,0.0,normal,0.8,0
1462,dbc,bcc,known,bcc,0.35,0.0,normal,0.35,0
1463,bcc,ccc,known,ccc,0.4489795918367347,0.0,normal,0.4489795918367347,0
1464,ccc,ccc,known,ccc,0.5,0.0,normal,0.5,0
1465,ccc,ccc,known,ccc,0.5,0.0,normal,0.5,0
1466,ccc,ccd,known,ccd,0.07894736842105263,0.0,anomaly,0.07894736842105263,0
1467,ccd,cdd,known,cdd,0.36,0.0,normal,0.36,0
1468,cdd,ddd,known,ddd,0.42105263157894735,0.0,normal,0.42105263157894735,0
1469,ddd,ddc,known,ddc,0.34782608695652173,0.0,normal,0.34782608695652173,0
1470,ddc,dcc,known,dcc,0.625,0.0,normal,0.625,0
1471,dcc,ccc,known,ccc,0.48,0.0,normal,0.48,0
1472,ccc,ccd,known,ccd,0.07894736842105263,0.0,anomaly,0.07894736842105263,0
1473,ccd,cdd,known,cdd,0.36,0.0,normal,0.36,0
1474,cdd,ddd,known,ddd,0.42105263157894735,0.0,normal,0.42105263157894735,0
1475,ddd,ddd,known,ddd,0.43478260869565216,0.0,normal,0.43478260869565216,0
1476,ddd,ddc,known,ddc,0.34782608695652173,0.0,normal,0.34782608695652173,0
1477,ddc,dce,unseen,dcb,0.1875,0.0,anomaly,0.1875,1
1478,dcb,cee,unseen,cbe,0.0,0.0,anomaly,0.0,1
1479,cbe,eed,known,eed,0.0,0.0,anomaly,0.0,0
1480,eed,edc,known,edc,0.0,0.0,anomaly,0.0,0
1481,edc,dcd,known,dcd,0.6666666666666666,0.0,normal,0.6666666666666666,0
1482,dcd,cdc,known,cdc,0.29411764705882354,0.0,normal,0.29411764705882354,0
1483,cdc,dcc,known,dcc,0.36,0.0,normal,0.36,0
1484,dcc,ccd,known,ccd,0.28,0.0,normal,0.28,0
1485,ccd,cdd,known,cdd,0.36,0.0,normal,0.36,0
1486,cdd,ddd,known,ddd,0.42105263157894735,0.0,normal,0.42105263157894735,0
1487,ddd,ddd,known,ddd,0.43478260869565216,0.0,normal,0.43478260869565216,0
1488,ddd,dde,known,dde,0.17391304347826086,0.0,anomaly,0.17391304347826086,0
1489,dde,dee,known,dee,0.8,0.0,normal,0.8,0
1490,dee,eed,known,eed,0.0,0.0,anomaly,0.0,0
1491,eed,edd,known,edd,0.2,0.0,normal,0.2,0
1492,edd,ddd,known,ddd,0.6,0.0,normal,0.6,0
1493,ddd,ddd,known,ddd,0.43478260869565216,0.0,normal,0.43478260869565216,0
1494,ddd,dde,known,dde,0.17391304347826086,0.0,anomaly,0.17391304347826086,0
1495,dde,ded,known,ded,0.0,0.0,anomaly,0.0,0
1496,ded,edd,known,edd,0.75,0.0,normal,0.75,0
1497,edd,dde,known,dde,0.2,0.0,normal,0.2,0
1498,dde,ded,known,ded,0.0,0.0,anomaly,0.0,0
1499,ded,edd,known,edd,0.75,0.0,normal,0.75,0
1500,edd,ddd,known,ddd,0.6,0.0,normal,0.6,0
1501,ddd,ddc,known,ddc,0.34782608695652173,0.0,normal,0.34782608695652173,0
1502,ddc,dcb,known,dcb,0.1875,0.0,anomaly,0.1875,0
1503,dcb,cbc,known,cbc,0.4117647058823529,0.0,normal,0.4117647058823529,0
1504,cbc,bcc,known,bcc,0.2911392405063291,0.0,normal,0.2911392405063291,0
1505,bcc,ccd,known,ccd,0.061224489795918366,0.0,anomaly,0.061224489795918366,0
1506,ccd,cdd,known,cdd,0.36,0.0,normal,0.36,0
1507,cdd,ddd,known,ddd,0.42105263157894735,0.0,normal,0.42105263157894735,0
1508,ddd,ddd,known,ddd,0.43478260869565216,0.0,normal,0.43478260869565216,0
1509,ddd,ddc,known,ddc,0.34782608695652173,0.0,normal,0.34782608695652173,0
1510,ddc,dcc,known,dcc,0.625,0.0,normal,0.625,0
1511,dcc,ccd,known,ccd,0.28,0.0,normal,0.28,0
