time_step,state,pattern,status,mapped_to,probability,path_probability,decision,confidence,distance
1,bbb,bba,known,bba,0.16977611940298507,0.16977611940298507,anomaly,0.16977611940298507,0
2,bba,bac,known,bac,0.0440251572327044,0.007474420351074814,anomaly,0.0440251572327044,0
3,bac,acb,known,acb,0.4666666666666667,0.00348806283050158,normal,0.4666666666666667,0
4,acb,cba,known,cba,0.17647058823529413,0.0006155404995002788,anomaly,0.17647058823529413,0
5,cba,bab,known,bab,0.53125,0.00032700589035952315,normal,0.53125,0
6,bab,aba,known,aba,0.44642857142857145,0.00014598477248192998,normal,0.44642857142857145,0
7,aba,baa,known,baa,0.5317919075144508,7.763352062622865e-05,normal,0.5317919075144508,0
8,baa,aab,known,aab,0.3701657458563536,2.8737270066062537e-05,normal,0.3701657458563536,0
9,aab,aba,known,aba,0.5166666666666667,1.4847589534132312e-05,normal,0.5166666666666667,0
10,aba,bab,known,bab,0.4277456647398844,6.350992055062377e-06,normal,0.4277456647398844,0
11,bab,abb,known,abb,0.49404761904761907,3.1376925033939123e-06,normal,0.49404761904761907,0
12,abb,bba,known,bba,0.27167630057803466,8.524366916734905e-07,normal,0.27167630057803466,0
13,bba,bab,known,bab,0.4779874213836478,4.0745401614581934e-07,normal,0.4779874213836478,0
14,bab,abb,known,abb,0.49404761904761907,2.0130168654823219e-07,normal,0.49404761904761907,0
15,abb,bbb,known,bbb,0.6127167630057804,1.2334091776943706e-07,normal,0.6127167630057804,0
16,bbb,bbc,known,bbc,0.17537313432835822,2.163068334016247e-08,anomaly,0.17537313432835822,0
17,bbc,bcb,known,bcb,0.47586206896551725,1.0293221727387658e-08,normal,0.47586206896551725,0
18,bcb,cbb,known,cbb,0.5223880597014925,5.377056126247283e-09,normal,0.5223880597014925,0
19,cbb,bbc,known,bbc,0.23703703703703705,1.2745614521475042e-09,normal,0.23703703703703705,0
20,bbc,bcb,known,bcb,0.47586206896551725,6.065154496426054e-10,normal,0.47586206896551725,0
21,bcb,cbb,known,cbb,0.5223880597014925,3.168364289177789e-10,normal,0.5223880597014925,0
22,cbb,bbb,known,bbb,0.6148148148148148,1.9479573037167147e-10,normal,0.6148148148148148,0
23,bbb,bba,known,bba,0.16977611940298507,3.307166317877258e-11,anomaly,0.16977611940298507,0
24,bba,bab,known,bab,0.4779874213836478,1.5807839003690038e-11,normal,0.4779874213836478,0
25,bab,abb,known,abb,0.49404761904761907,7.80982522206115e-12,normal,0.49404761904761907,0
26,abb,bbb,known,bbb,0.6127167630057804,4.7852108297022076e-12,normal,0.6127167630057804,0
27,bbb,bbc,known,bbc,0.17537313432835822,8.391974216268798e-13,anomaly,0.17537313432835822,0
28,bbc,bcb,known,bcb,0.47586206896551725,3.993422213258945e-13,normal,0.47586206896551725,0
29,bcb,cba,known,cba,0.14925373134328357,5.960331661580515e-14,anomaly,0.14925373134328357,0
30,cba,bab,known,bab,0.53125,3.166426195214648e-14,normal,0.53125,0
31,bab,aba,known,aba,0.44642857142857145,1.4135831228636823e-14,normal,0.44642857142857145,0
32,aba,bab,known,bab,0.4277456647398844,6.046540525544075e-15,normal,0.4277456647398844,0
33,bab,abb,known,abb,0.49404761904761907,2.9872789501199894e-15,normal,0.49404761904761907,0
34,abb,bbc,known,bbc,0.10982658959537572,3.2808265926173295e-16,anomaly,0.10982658959537572,0
35,bbc,bcb,known,bcb,0.47586206896551725,1.5612209302799706e-16,normal,0.47586206896551725,0
36,bcb,cbc,known,cbc,0.26865671641791045,4.194324887319324e-17,normal,0.26865671641791045,0
37,cbc,bcc,known,bcc,0.2911392405063291,1.2211325621309423e-17,normal,0.2911392405063291,0
38,bcc,ccb,known,ccb,0.45918367346938777,5.6072413567237146e-18,normal,0.45918367346938777,0
39,ccb,cbb,known,cbb,0.5463917525773195,3.0637504320242973e-18,normal,0.5463917525773195,0
40,cbb,bba,known,bba,0.1259259259259259,3.8580560995861516e-19,anomaly,0.1259259259259259,0
41,bba,bab,known,bab,0.4779874213836478,1.8441022865946385e-19,normal,0.4779874213836478,0
42,bab,aba,known,aba,0.44642857142857145,8.232599493726066e-20,normal,0.44642857142857145,0
43,aba,bab,known,bab,0.4277456647398844,3.5214587429810916e-20,normal,0.4277456647398844,0
44,bab,abb,known,abb,0.49404761904761907,1.7397683075442297e-20,normal,0.49404761904761907,0
45,abb,bbb,known,bbb,0.6127167630057804,1.0659852057785454e-20,normal,0.6127167630057804,0
46,bbb,bbc,known,bbc,0.17537313432835822,1.8694516668504343e-21,anomaly,0.17537313432835822,0
47,bbc,bcb,known,bcb,0.47586206896551725,8.896011380184824e-22,normal,0.47586206896551725,0
48,bcb,cbc,known,cbc,0.26865671641791045,2.3899732066168187e-22,normal,0.26865671641791045,0
49,cbc,bcb,known,bcb,0.5443037974683544,1.3008714922091545e-22,normal,0.5443037974683544,0
50,bcb,cba,known,cba,0.14925373134328357,1.9415992421032155e-23,anomaly,0.14925373134328357,0
51,cba,bab,known,bab,0.53125,1.0314745973673332e-23,normal,0.53125,0
52,bab,abb,known,abb,0.49404761904761907,5.095975689374325e-24,normal,0.49404761904761907,0
53,abb,bbb,known,bbb,0.6127167630057804,3.1223897287495867e-24,normal,0.6127167630057804,0
54,bbb,bbb,known,bbb,0.6380597014925373,1.992271058269326e-24,normal,0.6380597014925373,0
55,bbb,bbb,known,bbb,0.6380597014925373,1.2711878767315475e-24,normal,0.6380597014925373,0
56,bbb,bbc,known,bbc,0.17537313432835822,2.2293220226262213e-25,anomaly,0.17537313432835822,0
57,bbc,bca,known,bca,0.05517241379310345,1.229970771104122e-26,anomaly,0.05517241379310345,0
58,bca,cad,known,cad,0.0,1.229970771104122e-30,anomaly,0.0,0
59,cad,ada,known,ada,0.0,1.2299707711041222e-34,anomaly,0.0,0
60,ada,dab,known,dab,0.0,1.2299707711041224e-38,anomaly,0.0,0
61,dab,aba,known,aba,1.0,1.2299707711041224e-38,normal,1.0,0
62,aba,bab,known,bab,0.4277456647398844,5.2611466509656105e-39,normal,0.4277456647398844,0
63,bab,aba,known,aba,0.44642857142857145,2.3487261834667905e-39,normal,0.44642857142857145,0
64,aba,bab,known,bab,0.4277456647398844,1.004657442638974e-39,normal,0.4277456647398844,0
65,bab,abb,known,abb,0.49404761904761907,4.963486174942551e-40,normal,0.49404761904761907,0
66,abb,bba,known,bba,0.27167630057803466,1.348461561978612e-40,normal,0.27167630057803466,0
67,bba,bab,known,bab,0.4779874213836478,6.445476648451227e-41,normal,0.4779874213836478,0
68,bab,aba,known,aba,0.44642857142857145,2.877444932344298e-41,normal,0.44642857142857145,0
69,aba,bab,known,bab,0.4277456647398844,1.2308145953380233e-41,normal,0.4277456647398844,0
70,bab,abb,known,abb,0.49404761904761907,6.080810203158092e-42,normal,0.49404761904761907,0
71,abb,bba,known,bba,0.27167630057803466,1.652012020511158e-42,normal,0.27167630057803466,0
72,bba,bab,known,bab,0.4779874213836478,7.896409657789182e-43,normal,0.4779874213836478,0
73,bab,aba,known,aba,0.44642857142857145,3.5251828829415993e-43,normal,0.44642857142857145,0
74,aba,baa,known,baa,0.5317919075144508,1.874663729656804e-43,normal,0.5317919075144508,0
75,baa,aab,known,aab,0.3701657458563536,6.939362977182645e-44,normal,0.3701657458563536,0
76,aab,aba,known,aba,0.5166666666666667,3.5853375382110334e-44,normal,0.5166666666666667,0
77,aba,bac,known,bac,0.04046242774566474,1.4507146108368345e-45,anomaly,0.04046242774566474,0
78,bac,aca,known,aca,0.4,5.802858443347338e-46,normal,0.4,0
79,aca,caa,known,caa,0.14285714285714285,8.289797776210483e-47,anomaly,0.14285714285714285,0
80,caa,aab,known,aab,0.42857142857142855,3.552770475518778e-47,normal,0.42857142857142855,0
81,aab,aba,known,aba,0.5166666666666667,1.8355980790180356e-47,normal,0.5166666666666667,0
82,aba,bab,known,bab,0.4277456647398844,7.851691205048244e-48,normal,0.4277456647398844,0
83,bab,aba,known,aba,0.44642857142857145,3.5052192879679666e-48,normal,0.44642857142857145,0
84,aba,baa,known,baa,0.5317919075144508,1.8640472514049302e-48,normal,0.5317919075144508,0
85,baa,aaa,known,aaa,0.6077348066298343,1.1328463958814493e-48,normal,0.6077348066298343,0
86,aaa,aaa,known,aaa,0.9054393305439331,1.0257236822960069e-48,normal,0.9054393305439331,0
87,aaa,aaa,known,aaa,0.9054393305439331,9.287305642211545e-49,normal,0.9054393305439331,0
88,aaa,aab,known,aab,0.09205020920502092,8.548984273165439e-50,anomaly,0.09205020920502092,0
89,aab,aba,known,aba,0.5166666666666667,4.416975207802144e-50,normal,0.5166666666666667,0
90,aba,bab,known,bab,0.4277456647398844,1.8893419964009173e-50,normal,0.4277456647398844,0
91,bab,aba,known,aba,0.44642857142857145,8.434562483932667e-51,normal,0.44642857142857145,0
92,aba,baa,known,baa,0.5317919075144508,4.485432072380378e-51,normal,0.5317919075144508,0
93,baa,aaa,known,aaa,0.6077348066298343,2.7259531931593456e-51,normal,0.6077348066298343,0
94,aaa,aaa,known,aaa,0.9054393305439331,2.4681852343082946e-51,normal,0.9054393305439331,0
95,aaa,aaa,known,aaa,0.9054393305439331,2.2347919862105228e-51,normal,0.9054393305439331,0
96,aaa,aaa,known,aaa,0.9054393305439331,2.0234685598994025e-51,normal,0.9054393305439331,0
97,aaa,aaa,known,aaa,0.9054393305439331,1.8321280182520115e-51,normal,0.9054393305439331,0
98,aaa,aaa,known,aaa,0.9054393305439331,1.6588807663168843e-51,normal,0.9054393305439331,0
99,aaa,aaa,known,aaa,0.9054393305439331,1.5020158905061665e-51,normal,0.9054393305439331,0
100,aaa,aaa,known,aaa,0.9054393305439331,1.359984262366253e-51,normal,0.9054393305439331,0
101,aaa,aaa,known,aaa,0.9054393305439331,1.2313832400671848e-51,normal,0.9054393305439331,0
102,aaa,aaa,known,aaa,0.9054393305439331,1.1149428165294512e-51,normal,0.9054393305439331,0
103,aaa,aaa,known,aaa,0.9054393305439331,1.0095130773931935e-51,normal,0.9054393305439331,0
104,aaa,aaa,known,aaa,0.9054393305439331,9.140528449702389e-52,normal,0.9054393305439331,0
105,aaa,aab,known,aab,0.09205020920502092,8.413875560395504e-53,anomaly,0.09205020920502092,0
106,aab,aba,known,aba,0.5166666666666667,4.347169039537677e-53,normal,0.5166666666666667,0
107,aba,bab,known,bab,0.4277456647398844,1.8594827105536887e-53,normal,0.4277456647398844,0
108,bab,aba,known,aba,0.44642857142857145,8.301262100686111e-54,normal,0.44642857142857145,0
109,aba,baa,known,baa,0.5317919075144508,4.414544007301284e-54,normal,0.5317919075144508,0
110,baa,aaa,known,aaa,0.6077348066298343,2.6828720486361396e-54,normal,0.6077348066298343,0
111,aaa,aaa,known,aaa,0.9054393305439331,2.4291778716521365e-54,normal,0.9054393305439331,0
112,aaa,aaa,known,aaa,0.9054393305439331,2.1994731858808466e-54,normal,0.9054393305439331,0
113,aaa,aaa,known,aaa,0.9054393305439331,1.9914895289732855e-54,normal,0.9054393305439331,0
114,aaa,aab,known,aab,0.09205020920502092,1.833170277715995e-55,anomaly,0.09205020920502092,0
115,aab,aba,known,aba,0.5166666666666667,9.471379768199309e-56,normal,0.5166666666666667,0
116,aba,bab,known,bab,0.4277456647398844,4.0513416349523055e-56,normal,0.4277456647398844,0
117,bab,aba,known,aba,0.44642857142857145,1.8086346584608509e-56,normal,0.44642857142857145,0
118,aba,bab,known,bab,0.4277456647398844,7.736356342549305e-57,normal,0.4277456647398844,0
119,bab,aba,known,aba,0.44642857142857145,3.453730510066654e-57,normal,0.44642857142857145,0
120,aba,baa,known,baa,0.5317919075144508,1.8366659359892031e-57,normal,0.5317919075144508,0
121,baa,aab,known,aab,0.3701657458563536,6.798708160844012e-58,normal,0.3701657458563536,0
122,aab,aba,known,aba,0.5166666666666667,3.51266588310274e-58,normal,0.5166666666666667,0
123,aba,bab,known,bab,0.4277456647398844,1.5025276031768946e-58,normal,0.4277456647398844,0
124,bab,aba,known,aba,0.44642857142857145,6.707712514182566e-59,normal,0.44642857142857145,0
125,aba,baa,known,baa,0.5317919075144508,3.5671072329756993e-59,normal,0.5317919075144508,0
126,baa,aaa,known,aaa,0.6077348066298343,2.1678552244603698e-59,normal,0.6077348066298343,0
127,aaa,aaa,known,aaa,0.9054393305439331,1.962861383151565e-59,normal,0.9054393305439331,0
128,aaa,aaa,known,aaa,0.9054393305439331,1.7772518967112917e-59,normal,0.9054393305439331,0
129,aaa,aaa,known,aaa,0.9054393305439331,1.6091937675662073e-59,normal,0.9054393305439331,0
130,aaa,aaa,known,aaa,0.9054393305439331,1.4570273276206163e-59,normal,0.9054393305439331,0
131,aaa,aaa,known,aaa,0.9054393305439331,1.3192498481050266e-59,normal,0.9054393305439331,0
132,aaa,aaa,known,aaa,0.9054393305439331,1.1945006992884007e-59,normal,0.9054393305439331,0
133,aaa,aaa,known,aaa,0.9054393305439331,1.0815479134979494e-59,normal,0.9054393305439331,0
134,aaa,aaa,known,aaa,0.9054393305439331,9.79276018748771e-60,normal,0.9054393305439331,0
135,aaa,aab,known,aab,0.09205020920502092,9.014256239528437e-61,anomaly,0.09205020920502092,0
136,aab,aba,known,aba,0.5166666666666667,4.657365723756359e-61,normal,0.5166666666666667,0
137,aba,bab,known,bab,0.4277456647398844,1.9921679974449166e-61,normal,0.4277456647398844,0
138,bab,aba,known,aba,0.44642857142857145,8.89360713145052e-62,normal,0.44642857142857145,0
139,aba,baa,known,baa,0.5317919075144508,4.7295483011181955e-62,normal,0.5317919075144508,0
140,baa,aaa,known,aaa,0.6077348066298343,2.8743111222265277e-62,normal,0.6077348066298343,0
141,aaa,aaa,known,aaa,0.9054393305439331,2.6025143382837682e-62,normal,0.9054393305439331,0
142,aaa,aaa,known,aaa,0.9054393305439331,2.356418840186642e-62,normal,0.9054393305439331,0
143,aaa,aaa,known,aaa,0.9054393305439331,2.1335942971397046e-62,normal,0.9054393305439331,0
144,aaa,aaa,known,aaa,0.9054393305439331,1.9318401920545277e-62,normal,0.9054393305439331,0
145,aaa,aaa,known,aaa,0.9054393305439331,1.7491640902117148e-62,normal,0.9054393305439331,0
146,aaa,aaa,known,aaa,0.9054393305439331,1.583761962852783e-62,normal,0.9054393305439331,0
147,aaa,aaa,known,aaa,0.9054393305439331,1.4340003713863692e-62,normal,0.9054393305439331,0
148,aaa,aaa,known,aaa,0.9054393305439331,1.2984003362678254e-62,normal,0.9054393305439331,0
149,aaa,aaa,known,aaa,0.9054393305439331,1.1756227312483574e-62,normal,0.9054393305439331,0
150,aaa,aaa,known,aaa,0.9054393305439331,1.0644550587537429e-62,normal,0.9054393305439331,0
151,aaa,aaa,known,aaa,0.9054393305439331,9.637994757920919e-63,normal,0.9054393305439331,0
152,aaa,aaa,known,aaa,0.9054393305439331,8.726619521397853e-63,normal,0.9054393305439331,0
153,aaa,aab,known,aab,0.09205020920502092,8.03287152597292e-64,anomaly,0.09205020920502092,0
154,aab,abb,known,abb,0.4388888888888889,3.525538058621448e-64,normal,0.4388888888888889,0
155,abb,bba,known,bba,0.27167630057803466,9.578051373133413e-65,normal,0.27167630057803466,0
156,bba,bac,known,bac,0.0440251572327044,4.216752176851188e-66,anomaly,0.0440251572327044,0
157,bac,acb,known,acb,0.4666666666666667,1.9678176825305544e-66,normal,0.4666666666666667,0
158,acb,cbb,known,cbb,0.35294117647058826,6.945238879519604e-67,normal,0.35294117647058826,0
159,cbb,bbb,known,bbb,0.6148148148148148,4.2700357555564974e-67,normal,0.6148148148148148,0
160,bbb,bbb,known,bbb,0.6380597014925373,2.7245377395528398e-67,normal,0.6380597014925373,0
161,bbb,bbc,known,bbc,0.17537313432835822,4.7781072298128164e-68,anomaly,0.17537313432835822,0
162,bbc,bcb,known,bcb,0.47586206896551725,2.273719992117823e-68,normal,0.47586206896551725,0
163,bcb,cbb,known,cbb,0.5223880597014925,1.1877641749869224e-68,normal,0.5223880597014925,0
164,cbb,bbb,known,bbb,0.6148148148148148,7.30255011288256e-69,normal,0.6148148148148148,0
165,bbb,bba,known,bba,0.16977611940298507,1.2397986199110316e-69,anomaly,0.16977611940298507,0
166,bba,baa,known,baa,0.4716981132075472,5.848106697693546e-70,normal,0.4716981132075472,0
167,baa,aab,known,aab,0.3701657458563536,2.1647687775992683e-70,normal,0.3701657458563536,0
168,aab,abb,known,abb,0.4388888888888889,9.50092963501901e-71,normal,0.4388888888888889,0
169,abb,bbb,known,bbb,0.6127167630057804,5.821378851514539e-71,normal,0.6127167630057804,0
170,bbb,bbb,known,bbb,0.6380597014925373,3.714387252272336e-71,normal,0.6380597014925373,0
171,bbb,bbb,known,bbb,0.6380597014925373,2.3700008214125727e-71,normal,0.6380597014925373,0
172,bbb,bbb,known,bbb,0.6380597014925373,1.5122020166475743e-71,normal,0.6380597014925373,0
173,bbb,bba,known,bba,0.16977611940298507,2.5673579013979336e-72,anomaly,0.16977611940298507,0
174,bba,bab,known,bab,0.4779874213836478,1.227164783058132e-72,normal,0.4779874213836478,0
175,bab,abb,known,abb,0.49404761904761907,6.06277839248958e-73,normal,0.49404761904761907,0
176,abb,bbb,known,bbb,0.6127167630057804,3.714765951467604e-73,normal,0.6127167630057804,0
177,bbb,bbc,known,bbc,0.17537313432835822,6.5147014820513955e-74,anomaly,0.17537313432835822,0
178,bbc,bcb,known,bcb,0.47586206896551725,3.1000993259416987e-74,normal,0.47586206896551725,0
179,bcb,cbb,known,cbb,0.5223880597014925,1.6194548717605887e-74,normal,0.5223880597014925,0
180,cbb,bbb,known,bbb,0.6148148148148148,9.95664847082436e-75,normal,0.6148148148148148,0
181,bbb,bbb,known,bbb,0.6380597014925373,6.35293615116032e-75,normal,0.6380597014925373,0
182,bbb,bbb,known,bbb,0.6380597014925373,4.0535525442105025e-75,normal,0.6380597014925373,0
183,bbb,bbb,known,bbb,0.6380597014925373,2.5864085263432683e-75,normal,0.6380597014925373,0
184,bbb,bbc,known,bbc,0.17537313432835822,4.5358656991840904e-76,anomaly,0.17537313432835822,0
185,bbc,bcb,known,bcb,0.47586206896551725,2.1584464361634636e-76,normal,0.47586206896551725,0
186,bcb,cbc,known,cbc,0.26865671641791045,5.798811321036171e-77,normal,0.26865671641791045,0
187,cbc,bcb,known,bcb,0.5443037974683544,3.156315022842473e-77,normal,0.5443037974683544,0
188,bcb,cbc,known,cbc,0.26865671641791045,8.479652300173808e-78,normal,0.26865671641791045,0
189,cbc,bcb,known,bcb,0.5443037974683544,4.61550694819587e-78,normal,0.5443037974683544,0
190,bcb,cbb,known,cbb,0.5223880597014925,2.4110857192067977e-78,normal,0.5223880597014925,0
191,cbb,bbb,known,bbb,0.6148148148148148,1.482371219956772e-78,normal,0.6148148148148148,0
192,bbb,bbb,known,bbb,0.6380597014925373,9.458413381067463e-79,normal,0.6380597014925373,0
193,bbb,bbc,known,bbc,0.17537313432835822,1.658751600411085e-79,anomaly,0.17537313432835822,0
194,bbc,bcb,known,bcb,0.47586206896551725,7.893369684714819e-80,normal,0.47586206896551725,0
195,bcb,cbc,known,cbc,0.26865671641791045,2.1206067809681602e-80,normal,0.26865671641791045,0
196,cbc,bcb,known,bcb,0.5443037974683544,1.1542543238181125e-80,normal,0.5443037974683544,0
197,bcb,cbc,known,cbc,0.26865671641791045,3.1009817654814963e-81,normal,0.26865671641791045,0
198,cbc,bcb,known,bcb,0.5443037974683544,1.6878761508317005e-81,normal,0.5443037974683544,0
199,bcb,cbc,known,cbc,0.26865671641791045,4.534592644025464e-82,normal,0.26865671641791045,0
200,cbc,bcb,known,bcb,0.5443037974683544,2.468195996115126e-82,normal,0.5443037974683544,0
201,bcb,cbc,known,cbc,0.26865671641791045,6.630974317921235e-83,normal,0.26865671641791045,0
202,cbc,bcb,known,bcb,0.5443037974683544,3.6092645021596595e-83,normal,0.5443037974683544,0
203,bcb,cbc,known,cbc,0.26865671641791045,9.696531498339383e-84,normal,0.26865671641791045,0
204,cbc,bcb,known,bcb,0.5443037974683544,5.277858916817639e-84,normal,0.5443037974683544,0
205,bcb,cbc,known,cbc,0.26865671641791045,1.4179322463092165e-84,normal,0.26865671641791045,0
206,cbc,bcb,known,bcb,0.5443037974683544,7.717859062189406e-85,normal,0.5443037974683544,0
207,bcb,cbb,known,cbb,0.5223880597014925,4.031717420546704e-85,normal,0.5223880597014925,0
208,cbb,bbb,known,bbb,0.6148148148148148,2.4787595992990847e-85,normal,0.6148148148148148,0
209,bbb,bba,known,bba,0.16977611940298507,4.2083418570189684e-86,anomaly,0.16977611940298507,0
210,bba,baa,known,baa,0.4716981132075472,1.9850669136881926e-86,normal,0.4716981132075472,0
211,baa,aaa,known,aaa,0.6077348066298343,1.2063942569375756e-86,normal,0.6077348066298343,0
212,aaa,aaa,known,aaa,0.9054393305439331,1.0923168083736042e-86,normal,0.9054393305439331,0
213,aaa,aaa,known,aaa,0.9054393305439331,9.890265997156818e-87,normal,0.9054393305439331,0
214,aaa,aaa,known,aaa,0.9054393305439331,8.955035823367094e-87,normal,0.9054393305439331,0
215,aaa,aaa,known,aaa,0.9054393305439331,8.10824164090644e-87,normal,0.9054393305439331,0
216,aaa,aaa,known,aaa,0.9054393305439331,7.341520883230769e-87,normal,0.9054393305439331,0
217,aaa,aaa,known,aaa,0.9054393305439331,6.647301753686772e-87,normal,0.9054393305439331,0
218,aaa,aaa,known,aaa,0.9054393305439331,6.018728449781663e-87,normal,0.9054393305439331,0
219,aaa,aaa,known,aaa,0.9054393305439331,5.4495934582960335e-87,normal,0.9054393305439331,0
220,aaa,aaa,known,aaa,0.9054393305439331,4.934276252616158e-87,normal,0.9054393305439331,0
221,aaa,aaa,known,aaa,0.9054393305439331,4.467687786887601e-87,normal,0.9054393305439331,0
222,aaa,aaa,known,aaa,0.9054393305439331,4.045220238838815e-87,normal,0.9054393305439331,0
223,aaa,aaa,known,aaa,0.9054393305439331,3.662701504956986e-87,normal,0.9054393305439331,0
224,aaa,aaa,known,aaa,0.9054393305439331,3.3163539986305097e-87,normal,0.9054393305439331,0
225,aaa,aaa,known,aaa,0.9054393305439331,3.002757344366704e-87,normal,0.9054393305439331,0
226,aaa,aaa,known,aaa,0.9054393305439331,2.7188145996692673e-87,normal,0.9054393305439331,0
227,aaa,aaa,known,aaa,0.9054393305439331,2.461721670997613e-87,normal,0.9054393305439331,0
228,aaa,aaa,known,aaa,0.9054393305439331,2.228939621773571e-87,normal,0.9054393305439331,0
229,aaa,aaa,known,aaa,0.9054393305439331,2.0181695989615097e-87,normal,0.9054393305439331,0
230,aaa,aaa,known,aaa,0.9054393305439331,1.8273301306078273e-87,normal,0.9054393305439331,0
231,aaa,aaa,known,aaa,0.9054393305439331,1.654536570140309e-87,normal,0.9054393305439331,0
232,aaa,aaa,known,aaa,0.9054393305439331,1.4980824844282966e-87,normal,0.9054393305439331,0
233,aaa,aaa,known,aaa,0.9054393305439331,1.356422801800349e-87,normal,0.9054393305439331,0
234,aaa,aaa,known,aaa,0.9054393305439331,1.228158553596634e-87,normal,0.9054393305439331,0
235,aaa,aaa,known,aaa,0.9054393305439331,1.1120230585703416e-87,normal,0.9054393305439331,0
236,aaa,aaa,known,aaa,0.9054393305439331,1.006869413701347e-87,normal,0.9054393305439331,0
237,aaa,aaa,known,aaa,0.9054393305439331,9.116591678869101e-88,normal,0.9054393305439331,0
238,aaa,aaa,known,aaa,0.9054393305439331,8.25452066655763e-88,normal,0.9054393305439331,0
239,aaa,aaa,known,aaa,0.9054393305439331,7.473967666289e-88,normal,0.9054393305439331,0
240,aaa,aaa,known,aaa,0.9054393305439331,6.767224280271714e-88,normal,0.9054393305439331,0
241,aaa,aaa,known,aaa,0.9054393305439331,6.12731102196987e-88,normal,0.9054393305439331,0
242,aaa,aaa,known,aaa,0.9054393305439331,5.547908389766862e-88,normal,0.9054393305439331,0
243,aaa,aaa,known,aaa,0.9054393305439331,5.0232944583495777e-88,normal,0.9054393305439331,0
244,aaa,aaa,known,aaa,0.9054393305439331,4.548288371493091e-88,normal,0.9054393305439331,0
245,aaa,aaa,known,aaa,0.9054393305439331,4.1181991782054597e-88,normal,0.9054393305439331,0
246,aaa,aaa,known,aaa,0.9054393305439331,3.728779506960927e-88,normal,0.9054393305439331,0
247,aaa,aaa,known,aaa,0.9054393305439331,3.3761836205286386e-88,normal,0.9054393305439331,0
248,aaa,aaa,known,aaa,0.9054393305439331,3.056929437164843e-88,normal,0.9054393305439331,0
249,aaa,aaa,known,aaa,0.9054393305439331,2.767864143106578e-88,normal,0.9054393305439331,0
250,aaa,aaa,known,aaa,0.9054393305439331,2.506133056770977e-88,normal,0.9054393305439331,0
251,aaa,aaa,known,aaa,0.9054393305439331,2.269151437176734e-88,normal,0.9054393305439331,0
252,aaa,aaa,known,aaa,0.9054393305439331,2.0545789581801057e-88,normal,0.9054393305439331,0
253,aaa,aaa,known,aaa,0.9054393305439331,1.8602965964442465e-88,normal,0.9054393305439331,0
254,aaa,aaa,known,aaa,0.9054393305439331,1.6843857048976358e-88,normal,0.9054393305439331,0
255,aaa,aaa,known,aaa,0.9054393305439331,1.5251090650202863e-88,normal,0.9054393305439331,0
256,aaa,aaa,known,aaa,0.9054393305439331,1.3808937308384518e-88,normal,0.9054393305439331,0
257,aaa,aaa,known,aaa,0.9054393305439331,1.2503154952026819e-88,normal,0.9054393305439331,0
258,aaa,aaa,known,aaa,0.9054393305439331,1.1320848249450225e-88,normal,0.9054393305439331,0
259,aaa,aaa,known,aaa,0.9054393305439331,1.0250341260171669e-88,normal,0.9054393305439331,0
260,aaa,aaa,known,aaa,0.9054393305439331,9.281062128456692e-89,normal,0.9054393305439331,0
261,aaa,aaa,known,aaa,0.9054393305439331,8.403438680326478e-89,normal,0.9054393305439331,0
262,aaa,aaa,known,aaa,0.9054393305439331,7.6088038929818e-89,normal,0.9054393305439331,0
263,aaa,aaa,known,aaa,0.9054393305439331,6.889310303101513e-89,normal,0.9054393305439331,0
264,aaa,aaa,known,aaa,0.9054393305439331,6.2378525087496545e-89,normal,0.9054393305439331,0
265,aaa,aaa,known,aaa,0.9054393305439331,5.647996999554081e-89,normal,0.9054393305439331,0
266,aaa,aaa,known,aaa,0.9054393305439331,5.11391862219039e-89,normal,0.9054393305439331,0
267,aaa,aaa,known,aaa,0.9054393305439331,4.63034305373222e-89,normal,0.9054393305439331,0
268,aaa,aaa,known,aaa,0.9054393305439331,4.192494714760052e-89,normal,0.9054393305439331,0
269,aaa,aaa,known,aaa,0.9054393305439331,3.7960496078413195e-89,normal,0.9054393305439331,0
270,aaa,aaa,known,aaa,0.9054393305439331,3.437092615635404e-89,normal,0.9054393305439331,0
271,aaa,aaa,known,aaa,0.9054393305439331,3.1120788369184163e-89,normal,0.9054393305439331,0
272,aaa,aaa,known,aaa,0.9054393305439331,2.8177985786993527e-89,normal,0.9054393305439331,0
273,aaa,aaa,known,aaa,0.9054393305439331,2.551345658705188e-89,normal,0.9054393305439331,0
274,aaa,aaa,known,aaa,0.9054393305439331,2.3100887052041957e-89,normal,0.9054393305439331,0
275,aaa,aaa,known,aaa,0.9054393305439331,2.0916451707371884e-89,normal,0.9054393305439331,0
276,aaa,aaa,known,aaa,0.9054393305439331,1.8938578031277305e-89,normal,0.9054393305439331,0
277,aaa,aaa,known,aaa,0.9054393305439331,1.714773341409376e-89,normal,0.9054393305439331,0
278,aaa,aaa,known,aaa,0.9054393305439331,1.5526232262802886e-89,normal,0.9054393305439331,0
279,aaa,aaa,known,aaa,0.9054393305439331,1.4058061345901861e-89,normal,0.9054393305439331,0
280,aaa,aaa,known,aaa,0.9054393305439331,1.2728721653778924e-89,normal,0.9054393305439331,0
281,aaa,aaa,known,aaa,0.9054393305439331,1.1525085212877653e-89,normal,0.9054393305439331,0
282,aaa,aaa,known,aaa,0.9054393305439331,1.0435265439609724e-89,normal,0.9054393305439331,0
283,aaa,aaa,known,aaa,0.9054393305439331,9.448499753688471e-90,normal,0.9054393305439331,0
284,aaa,aaa,known,aaa,0.9054393305439331,8.555043291624207e-90,normal,0.9054393305439331,0
285,aaa,aaa,known,aaa,0.9054393305439331,7.746072670742588e-90,normal,0.9054393305439331,0
286,aaa,aaa,known,aaa,0.9054393305439331,7.013598853341825e-90,normal,0.9054393305439331,0
287,aaa,aaa,known,aaa,0.9054393305439331,6.350388250473519e-90,normal,0.9054393305439331,0
288,aaa,aaa,known,aaa,0.9054393305439331,5.749891286202802e-90,normal,0.9054393305439331,0
289,aaa,aaa,known,aaa,0.9054393305439331,5.2061777168798594e-90,normal,0.9054393305439331,0
290,aaa,aaa,known,aaa,0.9054393305439331,4.713878066664442e-90,normal,0.9054393305439331,0
291,aaa,aaa,known,aaa,0.9054393305439331,4.268130600946382e-90,normal,0.9054393305439331,0
292,aaa,aaa,known,aaa,0.9054393305439331,3.8645333139949673e-90,normal,0.9054393305439331,0
293,aaa,aab,known,aab,0.09205020920502092,3.5573110003300957e-91,anomaly,0.09205020920502092,0
294,aab,abb,known,abb,0.4388888888888889,1.5612642723670976e-91,normal,0.4388888888888889,0
295,abb,bbb,known,bbb,0.6127167630057804,9.566127911613431e-92,normal,0.6127167630057804,0
296,bbb,bbb,known,bbb,0.6380597014925373,6.103760719723495e-92,normal,0.6380597014925373,0
297,bbb,bbb,known,bbb,0.6380597014925373,3.894563742808648e-92,normal,0.6380597014925373,0
298,bbb,bbb,known,bbb,0.6380597014925373,2.484964179180145e-92,normal,0.6380597014925373,0
299,bbb,bbb,known,bbb,0.6380597014925373,1.5855555023873312e-92,normal,0.6380597014925373,0
300,bbb,bbb,known,bbb,0.6380597014925373,1.0116790705531107e-92,normal,0.6380597014925373,0
301,bbb,bbb,known,bbb,0.6380597014925373,6.4551164576336544e-93,normal,0.6380597014925373,0
302,bbb,bbb,known,bbb,0.6380597014925373,4.118749680057295e-93,normal,0.6380597014925373,0
303,bbb,bbb,known,bbb,0.6380597014925373,2.628008191379841e-93,normal,0.6380597014925373,0
304,bbb,bbc,known,bbc,0.17537313432835822,4.608820335628826e-94,anomaly,0.17537313432835822,0
305,bbc,bcb,known,bcb,0.47586206896551725,2.1931627804026826e-94,normal,0.47586206896551725,0
306,bcb,cbc,known,cbc,0.26865671641791045,5.892079111529595e-95,normal,0.26865671641791045,0
307,cbc,bcb,known,bcb,0.5443037974683544,3.207081035389526e-95,normal,0.5443037974683544,0
308,bcb,cba,known,cba,0.14925373134328357,4.786688112521681e-96,anomaly,0.14925373134328357,0
309,cba,bab,known,bab,0.53125,2.5429280597771428e-96,normal,0.53125,0
310,bab,abb,known,abb,0.49404761904761907,1.2563275533422788e-96,normal,0.49404761904761907,0
311,abb,bbb,known,bbb,0.6127167630057804,7.697729517588529e-97,normal,0.6127167630057804,0
312,bbb,bbc,known,bbc,0.17537313432835822,1.3499749527114213e-97,anomaly,0.17537313432835822,0
313,bbc,bcb,known,bcb,0.47586206896551725,6.424018740488832e-98,normal,0.47586206896551725,0
314,bcb,cbb,known,cbb,0.5223880597014925,3.355830685329987e-98,normal,0.5223880597014925,0
315,cbb,bbc,known,bbc,0.23703703703703705,7.954561624485894e-99,normal,0.23703703703703705,0
316,bbc,bcb,known,bcb,0.47586206896551725,3.7852741523415635e-99,normal,0.47586206896551725,0
317,bcb,cbc,known,cbc,0.26865671641791045,1.0169393245096738e-99,normal,0.26865671641791045,0
318,cbc,bcd,known,bcd,0.0759493670886076,7.723589806402587e-101,anomaly,0.0759493670886076,0
319,bcd,cdc,known,cdc,0.6666666666666666,5.1490598709350577e-101,normal,0.6666666666666666,0
320,cdc,dcb,known,dcb,0.32,1.6476991586992184e-101,normal,0.32,0
321,dcb,cbc,known,cbc,0.4117647058823529,6.7846435946438406e-102,normal,0.4117647058823529,0
322,cbc,bcb,known,bcb,0.5443037974683544,3.692907273033989e-102,normal,0.5443037974683544,0
323,bcb,cbb,known,cbb,0.5223880597014925,1.929130665017755e-102,normal,0.5223880597014925,0
324,cbb,bbc,known,bbc,0.23703703703703705,4.572754168930975e-103,normal,0.23703703703703705,0
325,bbc,bcd,known,bcd,0.04827586206896552,2.2075364953459878e-104,anomaly,0.04827586206896552,0
326,bcd,cdb,known,cdb,0.06666666666666667,1.4716909968973252e-105,anomaly,0.06666666666666667,0
327,cdb,dbb,known,dbb,0.4,5.886763987589301e-106,normal,0.4,0
328,dbb,bbc,known,bbc,0.0,5.886763987589302e-110,anomaly,0.0,0
329,bbc,bcb,known,bcb,0.47586206896551725,2.801287690645944e-110,normal,0.47586206896551725,0
330,bcb,cbc,known,cbc,0.26865671641791045,7.525847527108506e-111,normal,0.26865671641791045,0
331,cbc,bcd,known,bcd,0.0759493670886076,5.715833564892537e-112,anomaly,0.0759493670886076,0
332,bcd,cdb,known,cdb,0.06666666666666667,3.8105557099283577e-113,anomaly,0.06666666666666667,0
333,cdb,dbb,known,dbb,0.4,1.524222283971343e-113,normal,0.4,0
334,dbb,bbb,known,bbb,0.5,7.621111419856715e-114,normal,0.5,0
335,bbb,bbc,known,bbc,0.17537313432835822,1.3365381967659166e-114,anomaly,0.17537313432835822,0
336,bbc,bcb,known,bcb,0.47586206896551725,6.360078315644707e-115,normal,0.47586206896551725,0
337,bcb,cbc,known,cbc,0.26865671641791045,1.7086777564418617e-115,normal,0.26865671641791045,0
338,cbc,bcc,known,bcc,0.2911392405063291,4.97463144280542e-116,normal,0.2911392405063291,0
339,bcc,ccb,known,ccb,0.45918367346938777,2.2842695400637134e-116,normal,0.45918367346938777,0
340,ccb,cbe,known,cbe,0.010309278350515464,2.3549170516120755e-118,anomaly,0.010309278350515464,0
341,cbe,bec,known,bec,0.5,1.1774585258060377e-118,normal,0.5,0
342,bec,ecb,known,ecb,0.0,1.1774585258060379e-122,anomaly,0.0,0
343,ecb,cbc,known,cbc,0.0,1.177458525806038e-126,anomaly,0.0,0
344,cbc,bcb,known,bcb,0.5443037974683544,6.408951469577169e-127,normal,0.5443037974683544,0
345,bcb,cbb,known,cbb,0.5223880597014925,3.347959722913446e-127,normal,0.5223880597014925,0
346,cbb,bbc,known,bbc,0.23703703703703705,7.935904528387428e-128,normal,0.23703703703703705,0
347,bbc,bcb,known,bcb,0.47586206896551725,3.776395947991259e-128,normal,0.47586206896551725,0
348,bcb,cbb,known,cbb,0.5223880597014925,1.972744151935732e-128,normal,0.5223880597014925,0
349,cbb,bbc,known,bbc,0.23703703703703705,4.6761342860698835e-129,normal,0.23703703703703705,0
350,bbc,bcb,known,bcb,0.47586206896551725,2.2251949361298067e-129,normal,0.47586206896551725,0
351,bcb,cbc,known,cbc,0.26865671641791045,5.978135649303958e-130,normal,0.26865671641791045,0
352,cbc,bcc,known,bcc,0.2911392405063291,1.7404698725821651e-130,normal,0.2911392405063291,0
353,bcc,ccc,known,ccc,0.4489795918367347,7.814354529960741e-131,normal,0.4489795918367347,0
354,ccc,cce,known,cce,0.008771929824561403,6.8546969561059126e-133,anomaly,0.008771929824561403,0
355,cce,cec,known,cec,0.25,1.7136742390264781e-133,normal,0.25,0
356,cec,ecc,known,ecc,0.0,1.7136742390264783e-137,anomaly,0.0,0
357,ecc,ccd,known,ccd,0.5,8.568371195132392e-138,normal,0.5,0
358,ccd,cdb,known,cdb,0.2,1.7136742390264785e-138,normal,0.2,0
359,cdb,dbd,known,dbd,0.1,1.7136742390264786e-139,anomaly,0.1,0
360,dbd,bdc,known,bdc,0.0,1.7136742390264786e-143,anomaly,0.0,0
361,bdc,dcc,known,dcc,0.3125,5.355231996957745e-144,normal,0.3125,0
362,dcc,ccc,known,ccc,0.48,2.570511358539718e-144,normal,0.48,0
363,ccc,ccb,known,ccb,0.39473684210526316,1.014675536265678e-144,normal,0.39473684210526316,0
364,ccb,cbc,known,cbc,0.30927835051546393,3.1381717616464272e-145,normal,0.30927835051546393,0
365,cbc,bcb,known,bcb,0.5443037974683544,1.708118806972106e-145,normal,0.5443037974683544,0
366,bcb,cbb,known,cbb,0.5223880597014925,8.923008693137867e-146,normal,0.5223880597014925,0
367,cbb,bbc,known,bbc,0.23703703703703705,2.115083542077124e-146,normal,0.23703703703703705,0
368,bbc,bca,known,bca,0.05517241379310345,1.1669426439046201e-147,anomaly,0.05517241379310345,0
369,bca,cad,known,cad,0.0,1.1669426439046201e-151,anomaly,0.0,0
370,cad,adc,known,adc,1.0,1.1669426439046201e-151,normal,1.0,0
371,adc,dcb,known,dcb,1.0,1.1669426439046201e-151,normal,1.0,0
372,dcb,cbe,known,cbe,0.0,1.1669426439046201e-155,anomaly,0.0,0
373,cbe,bec,known,bec,0.5,5.834713219523101e-156,normal,0.5,0
374,bec,ecb,known,ecb,0.0,5.8347132195231e-160,anomaly,0.0,0
375,ecb,cbd,known,cbd,0.5,2.91735660976155e-160,normal,0.5,0
376,cbd,bdb,known,bdb,0.47368421052631576,1.3819057625186289e-160,normal,0.47368421052631576,0
377,bdb,dbd,known,dbd,0.2,2.763811525037258e-161,normal,0.2,0
378,dbd,bde,known,bde,0.2,5.527623050074516e-162,normal,0.2,0
379,bde,dee,known,dee,0.0,5.527623050074516e-166,anomaly,0.0,0
380,dee,eef,known,eef,0.3,1.658286915022355e-166,normal,0.3,0
381,eef,eff,known,eff,0.6470588235294118,1.0730091803085826e-166,normal,0.6470588235294118,0
382,eff,fff,known,fff,0.7450980392156863,7.994970363083557e-167,normal,0.7450980392156863,0
383,fff,fff,known,fff,0.9728997289972899,7.778304499585357e-167,normal,0.9728997289972899,0
384,fff,fff,known,fff,0.9728997289972899,7.567510339704995e-167,normal,0.9728997289972899,0
385,fff,fff,known,fff,0.9728997289972899,7.362428758683179e-167,normal,0.9728997289972899,0
386,fff,fff,known,fff,0.9728997289972899,7.162904944084718e-167,normal,0.9728997289972899,0
387,fff,fff,known,fff,0.9728997289972899,6.96878827893337e-167,normal,0.9728997289972899,0
388,fff,fff,known,fff,0.9728997289972899,6.7799322280137664e-167,normal,0.9728997289972899,0
389,fff,fff,known,fff,0.9728997289972899,6.596194227254586e-167,normal,0.9728997289972899,0
390,fff,fff,known,fff,0.9728997289972899,6.417435576109475e-167,normal,0.9728997289972899,0
391,fff,fff,known,fff,0.9728997289972899,6.243521332854475e-167,normal,0.9728997289972899,0
392,fff,fff,known,fff,0.9728997289972899,6.074320212722917e-167,normal,0.9728997289972899,0
393,fff,fff,known,fff,0.9728997289972899,5.909704488800887e-167,normal,0.9728997289972899,0
394,fff,fff,known,fff,0.9728997289972899,5.7495498956084505e-167,normal,0.9728997289972899,0
395,fff,fff,known,fff,0.9728997289972899,5.593735535293858e-167,normal,0.9728997289972899,0
396,fff,fff,known,fff,0.9728997289972899,5.442143786369905e-167,normal,0.9728997289972899,0
397,fff,fff,known,fff,0.9728997289972899,5.294660214923566e-167,normal,0.9728997289972899,0
398,fff,ffe,known,ffe,0.025745257452574527,1.3631239035711079e-168,anomaly,0.025745257452574527,0
399,ffe,fee,known,fee,0.47058823529411764,6.414700722687566e-169,normal,0.47058823529411764,0
400,fee,eee,known,eee,0.6571428571428571,4.215374760623258e-169,normal,0.6571428571428571,0
401,eee,eee,known,eee,0.7345132743362832,3.0962487179799154e-169,normal,0.7345132743362832,0
402,eee,eee,known,eee,0.7345132743362832,2.2742357840029468e-169,normal,0.7345132743362832,0
403,eee,eee,known,eee,0.7345132743362832,1.6704563723207487e-169,normal,0.7345132743362832,0
404,eee,eee,known,eee,0.7345132743362832,1.2269723796692225e-169,normal,0.7345132743362832,0
405,eee,eed,known,eed,0.07079646017699115,8.686530121552017e-171,anomaly,0.07079646017699115,0
406,eed,edf,unseen,edc,0.0,8.686530121552018e-175,anomaly,0.0,1
407,edc,dfe,unseen,dde,0.0,8.686530121552018e-179,anomaly,0.0,1
408,dde,fef,known,fef,0.0,8.686530121552018e-183,anomaly,0.0,0
409,fef,eff,known,eff,0.7837837837837838,6.808361446621852e-183,normal,0.7837837837837838,0
410,eff,fff,known,fff,0.7450980392156863,5.072896764149615e-183,normal,0.7450980392156863,0
411,fff,fff,known,fff,0.9728997289972899,4.93541988707239e-183,normal,0.9728997289972899,0
412,fff,fff,known,fff,0.9728997289972899,4.801668670620563e-183,normal,0.9728997289972899,0
413,fff,fff,known,fff,0.9728997289972899,4.6715421483815236e-183,normal,0.9728997289972899,0
414,fff,ffe,known,ffe,0.025745257452574527,1.2027005531063544e-184,anomaly,0.025745257452574527,0
415,ffe,fef,known,fef,0.5294117647058824,6.36723822232776e-185,normal,0.5294117647058824,0
416,fef,eff,known,eff,0.7837837837837838,4.9905380661487843e-185,normal,0.7837837837837838,0
417,eff,fff,known,fff,0.7450980392156863,3.718440127718702e-185,normal,0.7450980392156863,0
418,fff,fff,known,fff,0.9728997289972899,3.617669392550173e-185,normal,0.9728997289972899,0
419,fff,fff,known,fff,0.9728997289972899,3.519629571613854e-185,normal,0.9728997289972899,0
420,fff,ffe,known,ffe,0.025745257452574527,9.061376945889327e-187,anomaly,0.025745257452574527,0
421,ffe,fef,known,fef,0.5294117647058824,4.797199559588467e-187,normal,0.5294117647058824,0
422,fef,efe,known,efe,0.21621621621621623,1.0372323372083173e-187,normal,0.21621621621621623,0
423,efe,fee,known,fee,0.5238095238095238,5.433121766329281e-188,normal,0.5238095238095238,0
424,fee,eef,known,eef,0.2857142857142857,1.5523205046655087e-188,normal,0.2857142857142857,0
425,eef,efe,known,efe,0.35294117647058826,5.478778251760619e-189,normal,0.35294117647058826,0
426,efe,fee,known,fee,0.5238095238095238,2.8698362271127055e-189,normal,0.5238095238095238,0
427,fee,eed,known,eed,0.05714285714285714,1.6399064154929746e-190,anomaly,0.05714285714285714,0
428,eed,edd,known,edd,0.2,3.279812830985949e-191,normal,0.2,0
429,edd,ddf,unseen,ddb,0.0,3.2798128309859494e-195,anomaly,0.0,1
430,ddb,dfe,unseen,dde,0.0,3.2798128309859495e-199,anomaly,0.0,1
431,dde,fee,known,fee,0.0,3.2798128309859494e-203,anomaly,0.0,0
432,fee,eee,known,eee,0.6571428571428571,2.1553055746479096e-203,normal,0.6571428571428571,0
433,eee,eee,known,eee,0.7345132743362832,1.5831005548298805e-203,normal,0.7345132743362832,0
434,eee,eed,known,eed,0.07079646017699115,1.1207791538618622e-204,anomaly,0.07079646017699115,0
435,eed,ede,known,ede,0.8,8.966233230894899e-205,normal,0.8,0
436,ede,dee,known,dee,0.5555555555555556,4.9812406838305e-205,normal,0.5555555555555556,0
437,dee,eef,known,eef,0.3,1.49437220514915e-205,normal,0.3,0
438,eef,eff,known,eff,0.6470588235294118,9.669467209788618e-206,normal,0.6470588235294118,0
439,eff,fff,known,fff,0.7450980392156863,7.204701058273872e-206,normal,0.7450980392156863,0
440,fff,fff,known,fff,0.9728997289972899,7.009451707101139e-206,normal,0.9728997289972899,0
441,fff,ffe,known,ffe,0.025745257452574527,1.804601388007068e-207,anomaly,0.025745257452574527,0
442,ffe,fee,known,fee,0.47058823529411764,8.492241825915614e-208,normal,0.47058823529411764,0
443,fee,eee,known,eee,0.6571428571428571,5.580616057030261e-208,normal,0.6571428571428571,0
444,eee,eee,known,eee,0.7345132743362832,4.099036572862935e-208,normal,0.7345132743362832,0
445,eee,eee,known,eee,0.7345132743362832,3.0107967747577313e-208,normal,0.7345132743362832,0
446,eee,eee,known,eee,0.7345132743362832,2.2114701973884223e-208,normal,0.7345132743362832,0
447,eee,eef,known,eef,0.18584070796460178,4.1098118712528203e-209,anomaly,0.18584070796460178,0
448,eef,eff,known,eff,0.6470588235294118,2.65929003434006e-209,normal,0.6470588235294118,0
449,eff,fff,known,fff,0.7450980392156863,1.981431790292594e-209,normal,0.7450980392156863,0
450,fff,fff,known,fff,0.9728997289972899,1.9277344518022798e-209,normal,0.9728997289972899,0
451,fff,fff,known,fff,0.9728997289972899,1.8754923257371772e-209,normal,0.9728997289972899,0
452,fff,fff,known,fff,0.9728997289972899,1.8246659754461968e-209,normal,0.9728997289972899,0
453,fff,fff,known,fff,0.9728997289972899,1.7752170330221806e-209,normal,0.9728997289972899,0
454,fff,ffe,known,ffe,0.025745257452574527,4.570341954935153e-211,anomaly,0.025745257452574527,0
455,ffe,fee,known,fee,0.47058823529411764,2.1507491552636017e-211,normal,0.47058823529411764,0
456,fee,eee,known,eee,0.6571428571428571,1.4133494448875097e-211,normal,0.6571428571428571,0
457,eee,eee,known,eee,0.7345132743362832,1.038123928545693e-211,normal,0.7345132743362832,0
458,eee,eee,known,eee,0.7345132743362832,7.625158059229427e-212,normal,0.7345132743362832,0
459,eee,eee,known,eee,0.7345132743362832,5.600779813416305e-212,normal,0.7345132743362832,0
460,eee,eee,known,eee,0.7345132743362832,4.1138471195889674e-212,normal,0.7345132743362832,0
461,eee,eee,known,eee,0.7345132743362832,3.02167531792818e-212,normal,0.7345132743362832,0
462,eee,eee,known,eee,0.7345132743362832,2.219460631752557e-212,normal,0.7345132743362832,0
463,eee,eef,known,eef,0.18584070796460178,4.124661351044575e-213,anomaly,0.18584070796460178,0
464,eef,eff,known,eff,0.6470588235294118,2.668898521264137e-213,normal,0.6470588235294118,0
465,eff,ffe,known,ffe,0.2549019607843137,6.8030746620458395e-214,normal,0.2549019607843137,0
466,ffe,fee,known,fee,0.47058823529411764,3.2014468997862776e-214,normal,0.47058823529411764,0
467,fee,eee,known,eee,0.6571428571428571,2.1038079627166966e-214,normal,0.6571428571428571,0
468,eee,eee,known,eee,0.7345132743362832,1.545274875269786e-214,normal,0.7345132743362832,0
469,eee,eee,known,eee,0.7345132743362832,1.135024908384002e-214,normal,0.7345132743362832,0
470,eee,eee,known,eee,0.7345132743362832,8.336908619103732e-215,normal,0.7345132743362832,0
471,eee,eef,known,eef,0.18584070796460178,1.5493370000104283e-215,anomaly,0.18584070796460178,0
472,eef,efe,known,efe,0.35294117647058826,5.468248235330924e-216,normal,0.35294117647058826,0
473,efe,fef,known,fef,0.47619047619047616,2.6039277311099636e-216,normal,0.47619047619047616,0
474,fef,eff,known,eff,0.7837837837837838,2.0409163297888903e-216,normal,0.7837837837837838,0
475,eff,fff,known,fff,0.7450980392156863,1.5206827555289772e-216,normal,0.7450980392156863,0
476,fff,fff,known,fff,0.9728997289972899,1.479471840744994e-216,normal,0.9728997289972899,0
477,fff,ffe,known,ffe,0.025745257452574527,3.8089383433814213e-218,anomaly,0.025745257452574527,0
478,ffe,fee,known,fee,0.47058823529411764,1.792441573355963e-218,normal,0.47058823529411764,0
479,fee,eee,known,eee,0.6571428571428571,1.1778901767767757e-218,normal,0.6571428571428571,0
480,eee,eee,known,eee,0.7345132743362832,8.65175970552853e-219,normal,0.7345132743362832,0
481,eee,eee,known,eee,0.7345132743362832,6.354832350078478e-219,normal,0.7345132743362832,0
482,eee,eef,known,eef,0.18584070796460178,1.1809865429349384e-219,anomaly,0.18584070796460178,0
483,eef,efe,known,efe,0.35294117647058826,4.168187798593901e-220,normal,0.35294117647058826,0
484,efe,fee,known,fee,0.5238095238095238,2.1833364659301387e-220,normal,0.5238095238095238,0
485,fee,eee,known,eee,0.6571428571428571,1.4347639633255197e-220,normal,0.6571428571428571,0
486,eee,eed,known,eed,0.07079646017699115,1.0157620979295715e-221,anomaly,0.07079646017699115,0
487,eed,ede,known,ede,0.8,8.126096783436572e-222,normal,0.8,0
488,ede,dee,known,dee,0.5555555555555556,4.5144982130203185e-222,normal,0.5555555555555556,0
489,dee,eee,known,eee,0.7,3.1601487491142224e-222,normal,0.7,0
490,eee,eee,known,eee,0.7345132743362832,2.3211712051015972e-222,normal,0.7345132743362832,0
491,eee,eef,known,eef,0.18584070796460178,4.313681000631287e-223,anomaly,0.18584070796460178,0
492,eef,efe,known,efe,0.35294117647058826,1.5224756472816308e-223,normal,0.35294117647058826,0
493,efe,fef,known,fef,0.47619047619047616,7.249884034674432e-224,normal,0.47619047619047616,0
494,fef,efe,known,efe,0.21621621621621623,1.567542493983661e-224,normal,0.21621621621621623,0
495,efe,fee,known,fee,0.5238095238095238,8.21093687324775e-225,normal,0.5238095238095238,0
496,fee,eed,known,eed,0.05714285714285714,4.691963927570142e-226,anomaly,0.05714285714285714,0
497,eed,ede,known,ede,0.8,3.753571142056114e-226,normal,0.8,0
498,ede,dee,known,dee,0.5555555555555556,2.0853173011422855e-226,normal,0.5555555555555556,0
499,dee,eee,known,eee,0.7,1.4597221107995998e-226,normal,0.7,0
500,eee,eed,known,eed,0.07079646017699115,1.0334315828669734e-227,anomaly,0.07079646017699115,0
501,eed,ede,known,ede,0.8,8.267452662935787e-228,normal,0.8,0
502,ede,ded,known,ded,0.3333333333333333,2.7558175543119286e-228,normal,0.3333333333333333,0
503,ded,edd,known,edd,0.75,2.0668631657339464e-228,normal,0.75,0
504,edd,ddd,known,ddd,0.6,1.2401178994403678e-228,normal,0.6,0
505,ddd,ddd,known,ddd,0.43478260869565216,5.391816954088556e-229,normal,0.43478260869565216,0
506,ddd,dde,known,dde,0.17391304347826086,9.37707296363227e-230,anomaly,0.17391304347826086,0
507,dde,dee,known,dee,0.8,7.501658370905817e-230,normal,0.8,0
508,dee,eee,known,eee,0.7,5.251160859634071e-230,normal,0.7,0
509,eee,eee,known,eee,0.7345132743362832,3.8570473570763534e-230,normal,0.7345132743362832,0
510,eee,eee,known,eee,0.7345132743362832,2.8330524835162597e-230,normal,0.7345132743362832,0
511,eee,eee,known,eee,0.7345132743362832,2.080914656034067e-230,normal,0.7345132743362832,0
512,eee,eee,known,eee,0.7345132743362832,1.5284594376179432e-230,normal,0.7345132743362832,0
513,eee,eef,known,eef,0.18584070796460178,2.840499839820956e-231,anomaly,0.18584070796460178,0
514,eef,efe,known,efe,0.35294117647058826,1.0025293552309258e-231,normal,0.35294117647058826,0
515,efe,fee,known,fee,0.5238095238095238,5.2513442416858026e-232,normal,0.5238095238095238,0
516,fee,eee,known,eee,0.6571428571428571,3.450883358822099e-232,normal,0.6571428571428571,0
517,eee,eee,known,eee,0.7345132743362832,2.534719635241011e-232,normal,0.7345132743362832,0
518,eee,eed,known,eed,0.07079646017699115,1.7944917771617776e-233,anomaly,0.07079646017699115,0
519,eed,edd,known,edd,0.2,3.5889835543235557e-234,normal,0.2,0
520,edd,dde,known,dde,0.2,7.177967108647112e-235,normal,0.2,0
521,dde,dee,known,dee,0.8,5.74237368691769e-235,normal,0.8,0
522,dee,eef,known,eef,0.3,1.722712106075307e-235,normal,0.3,0
523,eef,efe,known,efe,0.35294117647058826,6.080160374383437e-236,normal,0.35294117647058826,0
524,efe,fed,unseen,ded,0.0,6.080160374383438e-240,anomaly,0.0,1
525,ded,edd,known,edd,0.75,4.5601202807875784e-240,normal,0.75,0
526,edd,ddd,known,ddd,0.6,2.736072168472547e-240,normal,0.6,0
527,ddd,ddd,known,ddd,0.43478260869565216,1.1895965949880639e-240,normal,0.43478260869565216,0
528,ddd,dde,known,dde,0.17391304347826086,2.0688636434575025e-241,anomaly,0.17391304347826086,0
529,dde,def,known,def,0.0,2.0688636434575027e-245,anomaly,0.0,0
530,def,efe,known,efe,1.0,2.0688636434575027e-245,normal,1.0,0
531,efe,fed,unseen,ded,0.0,2.0688636434575027e-249,anomaly,0.0,1
532,ded,edd,known,edd,0.75,1.551647732593127e-249,normal,0.75,0
533,edd,ddd,known,ddd,0.6,9.309886395558762e-250,normal,0.6,0
534,ddd,ddd,known,ddd,0.43478260869565216,4.0477766937212004e-250,normal,0.43478260869565216,0
535,ddd,dde,known,dde,0.17391304347826086,7.039611641254261e-251,anomaly,0.17391304347826086,0
536,dde,dee,known,dee,0.8,5.63168931300341e-251,normal,0.8,0
537,dee,eee,known,eee,0.7,3.942182519102386e-251,normal,0.7,0
538,eee,eee,known,eee,0.7345132743362832,2.895585390137151e-251,normal,0.7345132743362832,0
539,eee,eed,known,eed,0.07079646017699115,2.049971957619222e-252,anomaly,0.07079646017699115,0
540,eed,ede,known,ede,0.8,1.6399775660953777e-252,normal,0.8,0
541,ede,dee,known,dee,0.5555555555555556,9.110986478307654e-253,normal,0.5555555555555556,0
542,dee,eee,known,eee,0.7,6.377690534815358e-253,normal,0.7,0
543,eee,eef,known,eef,0.18584070796460178,1.1852345241692259e-253,anomaly,0.18584070796460178,0
544,eef,eff,known,eff,0.6470588235294118,7.669164568153814e-254,normal,0.6470588235294118,0
545,eff,ffe,known,ffe,0.2549019607843137,1.9548850859999916e-254,normal,0.2549019607843137,0
546,ffe,fee,known,fee,0.47058823529411764,9.199459228235255e-255,normal,0.47058823529411764,0
547,fee,eef,known,eef,0.2857142857142857,2.6284169223529297e-255,normal,0.2857142857142857,0
548,eef,efe,known,efe,0.35294117647058826,9.276765608304458e-256,normal,0.35294117647058826,0
549,efe,fef,known,fef,0.47619047619047616,4.417507432525932e-256,normal,0.47619047619047616,0
550,fef,eff,known,eff,0.7837837837837838,3.462370690358163e-256,normal,0.7837837837837838,0
551,eff,ffe,known,ffe,0.2549019607843137,8.825650779344337e-257,normal,0.2549019607843137,0
552,ffe,fee,known,fee,0.47058823529411764,4.1532474255738054e-257,normal,0.47058823529411764,0
553,fee,eef,known,eef,0.2857142857142857,1.1866421215925158e-257,normal,0.2857142857142857,0
554,eef,eff,known,eff,0.6470588235294118,7.678272551480985e-258,normal,0.6470588235294118,0
555,eff,fff,known,fff,0.7450980392156863,5.721065822672106e-258,normal,0.7450980392156863,0
556,fff,fff,known,fff,0.9728997289972899,5.56602338845335e-258,normal,0.9728997289972899,0
557,fff,ffe,known,ffe,0.025745257452574527,1.4329870512278274e-259,anomaly,0.025745257452574527,0
558,ffe,fee,known,fee,0.47058823529411764,6.743468476366246e-260,normal,0.47058823529411764,0
559,fee,eed,known,eed,0.05714285714285714,3.853410557923569e-261,anomaly,0.05714285714285714,0
560,eed,edd,known,edd,0.2,7.706821115847138e-262,normal,0.2,0
561,edd,dde,known,dde,0.2,1.5413642231694278e-262,normal,0.2,0
562,dde,dee,known,dee,0.8,1.2330913785355423e-262,normal,0.8,0
563,dee,eee,known,eee,0.7,8.631639649748796e-263,normal,0.7,0
564,eee,eee,known,eee,0.7345132743362832,6.340053902027877e-263,normal,0.7345132743362832,0
565,eee,eee,known,eee,0.7345132743362832,4.656853751047025e-263,normal,0.7345132743362832,0
566,eee,eef,known,eef,0.18584070796460178,8.654329979821906e-264,anomaly,0.18584070796460178,0
567,eef,efe,known,efe,0.35294117647058826,3.054469404643026e-264,normal,0.35294117647058826,0
568,efe,fee,known,fee,0.5238095238095238,1.5999601643368232e-264,normal,0.5238095238095238,0
569,fee,eee,known,eee,0.6571428571428571,1.0514023937070553e-264,normal,0.6571428571428571,0
570,eee,eee,known,eee,0.7345132743362832,7.722690148467751e-265,normal,0.7345132743362832,0
571,eee,eee,known,eee,0.7345132743362832,5.672418427635605e-265,normal,0.7345132743362832,0
572,eee,eee,known,eee,0.7345132743362832,4.166466632688099e-265,normal,0.7345132743362832,0
573,eee,eee,known,eee,0.7345132743362832,3.060325048788604e-265,normal,0.7345132743362832,0
574,eee,eee,known,eee,0.7345132743362832,2.247849372119063e-265,normal,0.7345132743362832,0
575,eee,eee,known,eee,0.7345132743362832,1.6510752025299313e-265,normal,0.7345132743362832,0
576,eee,eee,known,eee,0.7345132743362832,1.2127366531857018e-265,normal,0.7345132743362832,0
577,eee,eee,known,eee,0.7345132743362832,8.907711700390553e-266,normal,0.7345132743362832,0
578,eee,eee,known,eee,0.7345132743362832,6.542832487897486e-266,normal,0.7345132743362832,0
579,eee,eee,known,eee,0.7345132743362832,4.8057973141193926e-266,normal,0.7345132743362832,0
580,eee,eee,known,eee,0.7345132743362832,3.52992192099035e-266,normal,0.7345132743362832,0
581,eee,eee,known,eee,0.7345132743362832,2.592774508338045e-266,normal,0.7345132743362832,0
582,eee,eed,known,eed,0.07079646017699115,1.8355925722747221e-267,anomaly,0.07079646017699115,0
583,eed,edd,known,edd,0.2,3.6711851445494447e-268,normal,0.2,0
584,edd,dde,known,dde,0.2,7.34237028909889e-269,normal,0.2,0
585,dde,ded,known,ded,0.0,7.3423702890988905e-273,anomaly,0.0,0
586,ded,edd,known,edd,0.75,5.5067777168241675e-273,normal,0.75,0
587,edd,ddd,known,ddd,0.6,3.3040666300945003e-273,normal,0.6,0
588,ddd,ddd,known,ddd,0.43478260869565216,1.4365507087367392e-273,normal,0.43478260869565216,0
589,ddd,ddd,known,ddd,0.43478260869565216,6.245872646681475e-274,normal,0.43478260869565216,0
590,ddd,ddd,known,ddd,0.43478260869565216,2.715596802904989e-274,normal,0.43478260869565216,0
591,ddd,dde,known,dde,0.17391304347826086,4.722777048530415e-275,anomaly,0.17391304347826086,0
592,dde,dee,known,dee,0.8,3.778221638824332e-275,normal,0.8,0
593,dee,eee,known,eee,0.7,2.6447551471770323e-275,normal,0.7,0
594,eee,eee,known,eee,0.7345132743362832,1.9426077629707405e-275,normal,0.7345132743362832,0
595,eee,eed,known,eed,0.07079646017699115,1.375297531306719e-276,anomaly,0.07079646017699115,0
596,eed,edd,known,edd,0.2,2.750595062613438e-277,normal,0.2,0
597,edd,ddc,known,ddc,0.2,5.501190125226876e-278,normal,0.2,0
598,ddc,dce,unseen,dcd,0.1875,1.0314731484800394e-278,anomaly,0.1875,1
599,dcd,cee,unseen,cbe,0.0,1.0314731484800393e-282,anomaly,0.0,1
600,cbe,eee,known,eee,0.0,1.0314731484800394e-286,anomaly,0.0,0
601,eee,eee,known,eee,0.7345132743362832,7.576307196800289e-287,normal,0.7345132743362832,0
602,eee,eee,known,eee,0.7345132743362832,5.564898206499327e-287,normal,0.7345132743362832,0
603,eee,eed,known,eed,0.07079646017699115,3.9397509426543906e-288,anomaly,0.07079646017699115,0
604,eed,edd,known,edd,0.2,7.879501885308782e-289,normal,0.2,0
605,edd,ddc,known,ddc,0.2,1.5759003770617564e-289,normal,0.2,0
606,ddc,dcd,known,dcd,0.1875,2.9548132069907934e-290,anomaly,0.1875,0
607,dcd,cdd,known,cdd,0.23529411764705882,6.95250166350775e-291,normal,0.23529411764705882,0
608,cdd,ddd,known,ddd,0.42105263157894735,2.9273691214769468e-291,normal,0.42105263157894735,0
609,ddd,dde,known,dde,0.17391304347826086,5.091076733003386e-292,anomaly,0.17391304347826086,0
610,dde,dee,known,dee,0.8,4.0728613864027085e-292,normal,0.8,0
611,dee,eed,known,eed,0.0,4.072861386402709e-296,anomaly,0.0,0
612,eed,edd,known,edd,0.2,8.145722772805418e-297,normal,0.2,0
613,edd,ddc,known,ddc,0.2,1.6291445545610836e-297,normal,0.2,0
614,ddc,dcd,known,dcd,0.1875,3.0546460398020318e-298,anomaly,0.1875,0
615,dcd,cde,known,cde,0.23529411764705882,7.187402446593016e-299,normal,0.23529411764705882,0
616,cde,ded,known,ded,0.16666666666666666,1.1979004077655025e-299,anomaly,0.16666666666666666,0
617,ded,ede,known,ede,0.0,1.1979004077655025e-303,anomaly,0.0,0
618,ede,ded,known,ded,0.3333333333333333,3.9930013592183416e-304,normal,0.3333333333333333,0
619,ded,edd,known,edd,0.75,2.994751019413756e-304,normal,0.75,0
620,edd,dde,known,dde,0.2,5.989502038827513e-305,normal,0.2,0
621,dde,dee,known,dee,0.8,4.79160163106201e-305,normal,0.8,0
622,dee,eed,known,eed,0.0,4.79160163106201e-309,anomaly,0.0,0
623,eed,ede,known,ede,0.8,3.83328130484961e-309,normal,0.8,0
624,ede,ded,known,ded,0.3333333333333333,1.27776043494987e-309,normal,0.3333333333333333,0
625,ded,ede,known,ede,0.0,1.27776043495e-313,anomaly,0.0,0
626,ede,dee,known,dee,0.5555555555555556,7.098669083e-314,normal,0.5555555555555556,0
627,dee,eed,known,eed,0.0,7.09867e-318,anomaly,0.0,0
628,eed,ede,known,ede,0.8,5.67894e-318,normal,0.8,0
629,ede,dee,known,dee,0.5555555555555556,3.154965e-318,normal,0.5555555555555556,0
630,dee,eee,known,eee,0.7,2.208473e-318,normal,0.7,0
631,eee,eee,known,eee,0.7345132743362832,1.62215e-318,normal,0.7345132743362832,0
632,eee,eee,known,eee,0.7345132743362832,1.191494e-318,normal,0.7345132743362832,0
633,eee,eee,known,eee,0.7345132743362832,8.7517e-319,normal,0.7345132743362832,0
634,eee,eed,known,eed,0.07079646017699115,6.196e-320,anomaly,0.07079646017699115,0
635,eed,ede,known,ede,0.8,4.957e-320,normal,0.8,0
636,ede,dee,known,dee,0.5555555555555556,2.754e-320,normal,0.5555555555555556,0
637,dee,eed,known,eed,0.0,5e-324,anomaly,0.0,0
638,eed,ede,known,ede,0.8,5e-324,normal,0.8,0
639,ede,dee,known,dee,0.5555555555555556,5e-324,normal,0.5555555555555556,0
640,dee,eed,known,eed,0.0,0.0,anomaly,0.0,0
641,eed,edd,known,edd,0.2,0.0,normal,0.2,0
642,edd,ddd,known,ddd,0.6,0.0,normal,0.6,0
643,ddd,dde,known,dde,0.17391304347826086,0.0,anomaly,0.17391304347826086,0
644,dde,ded,known,ded,0.0,0.0,anomaly,0.0,0
645,ded,edd,known,edd,0.75,0.0,normal,0.75,0
646,edd,ddd,known,ddd,0.6,0.0,normal,0.6,0
647,ddd,dde,known,dde,0.17391304347826086,0.0,anomaly,0.17391304347826086,0
648,dde,ded,known,ded,0.0,0.0,anomaly,0.0,0
649,ded,ede,known,ede,0.0,0.0,anomaly,0.0,0
650,ede,dee,known,dee,0.5555555555555556,0.0,normal,0.5555555555555556,0
651,dee,eee,known,eee,0.7,0.0,normal,0.7,0
652,eee,eee,known,eee,0.7345132743362832,0.0,normal,0.7345132743362832,0
653,eee,eed,known,eed,0.07079646017699115,0.0,anomaly,0.07079646017699115,0
654,eed,ede,known,ede,0.8,0.0,normal,0.8,0
655,ede,dee,known,dee,0.5555555555555556,0.0,normal,0.5555555555555556,0
656,dee,eec,known,eec,0.0,0.0,anomaly,0.0,0
657,eec,ecd,known,ecd,0.0,0.0,anomaly,0.0,0
658,ecd,cdd,known,cdd,0.5,0.0,normal,0.5,0
659,cdd,ddd,known,ddd,0.42105263157894735,0.0,normal,0.42105263157894735,0
660,ddd,ddd,known,ddd,0.43478260869565216,0.0,normal,0.43478260869565216,0
661,ddd,ddd,known,ddd,0.43478260869565216,0.0,normal,0.43478260869565216,0
662,ddd,ddd,known,ddd,0.43478260869565216,0.0,normal,0.43478260869565216,0
663,ddd,dde,known,dde,0.17391304347826086,0.0,anomaly,0.17391304347826086,0
664,dde,ded,known,ded,0.0,0.0,anomaly,0.0,0
665,ded,ede,known,ede,0.0,0.0,anomaly,0.0,0
666,ede,dee,known,dee,0.5555555555555556,0.0,normal,0.5555555555555556,0
667,dee,eee,known,eee,0.7,0.0,normal,0.7,0
668,eee,eec,known,eec,0.008849557522123894,0.0,anomaly,0.008849557522123894,0
669,eec,ecd,known,ecd,0.0,0.0,anomaly,0.0,0
670,ecd,cde,known,cde,0.25,0.0,normal,0.25,0
671,cde,dee,known,dee,0.0,0.0,anomaly,0.0,0
672,dee,eee,known,eee,0.7,0.0,normal,0.7,0
673,eee,eee,known,eee,0.7345132743362832,0.0,normal,0.7345132743362832,0
674,eee,eec,known,eec,0.008849557522123894,0.0,anomaly,0.008849557522123894,0
675,eec,ecc,known,ecc,1.0,0.0,normal,1.0,0
676,ecc,ccd,known,ccd,0.5,0.0,normal,0.5,0
677,ccd,cdd,known,cdd,0.36,0.0,normal,0.36,0
678,cdd,dde,known,dde,0.0,0.0,anomaly,0.0,0
679,dde,dee,known,dee,0.8,0.0,normal,0.8,0
680,dee,eed,known,eed,0.0,0.0,anomaly,0.0,0
681,eed,edc,known,edc,0.0,0.0,anomaly,0.0,0
682,edc,dcd,known,dcd,0.6666666666666666,0.0,normal,0.6666666666666666,0
683,dcd,cdd,known,cdd,0.23529411764705882,0.0,normal,0.23529411764705882,0
684,cdd,ddd,known,ddd,0.42105263157894735,0.0,normal,0.42105263157894735,0
685,ddd,ddc,known,ddc,0.34782608695652173,0.0,normal,0.34782608695652173,0
686,ddc,dce,unseen,dcd,0.1875,0.0,anomaly,0.1875,1
687,dcd,cee,unseen,cbe,0.0,0.0,anomaly,0.0,1
688,cbe,eee,known,eee,0.0,0.0,anomaly,0.0,0
689,eee,eee,known,eee,0.7345132743362832,0.0,normal,0.7345132743362832,0
690,eee,eee,known,eee,0.7345132743362832,0.0,normal,0.7345132743362832,0
691,eee,eee,known,eee,0.7345132743362832,0.0,normal,0.7345132743362832,0
692,eee,eee,known,eee,0.7345132743362832,0.0,normal,0.7345132743362832,0
693,eee,eee,known,eee,0.7345132743362832,0.0,normal,0.7345132743362832,0
694,eee,eee,known,eee,0.7345132743362832,0.0,normal,0.7345132743362832,0
695,eee,eed,known,eed,0.07079646017699115,0.0,anomaly,0.07079646017699115,0
696,eed,edd,known,edd,0.2,0.0,normal,0.2,0
697,edd,ddd,known,ddd,0.6,0.0,normal,0.6,0
698,ddd,ddd,known,ddd,0.43478260869565216,0.0,normal,0.43478260869565216,0
699,ddd,dde,known,dde,0.17391304347826086,0.0,anomaly,0.17391304347826086,0
700,dde,dee,known,dee,0.8,0.0,normal,0.8,0
701,dee,eee,known,eee,0.7,0.0,normal,0.7,0
702,eee,eee,known,eee,0.7345132743362832,0.0,normal,0.7345132743362832,0
703,eee,eee,known,eee,0.7345132743362832,0.0,normal,0.7345132743362832,0
704,eee,eee,known,eee,0.7345132743362832,0.0,normal,0.7345132743362832,0
705,eee,eee,known,eee,0.7345132743362832,0.0,normal,0.7345132743362832,0
706,eee,eee,known,eee,0.7345132743362832,0.0,normal,0.7345132743362832,0
707,eee,eee,known,eee,0.7345132743362832,0.0,normal,0.7345132743362832,0
708,eee,eee,known,eee,0.7345132743362832,0.0,normal,0.7345132743362832,0
709,eee,eee,known,eee,0.7345132743362832,0.0,normal,0.7345132743362832,0
710,eee,eed,known,eed,0.07079646017699115,0.0,anomaly,0.07079646017699115,0
711,eed,ede,known,ede,0.8,0.0,normal,0.8,0
712,ede,dee,known,dee,0.5555555555555556,0.0,normal,0.5555555555555556,0
713,dee,eee,known,eee,0.7,0.0,normal,0.7,0
714,eee,eee,known,eee,0.7345132743362832,0.0,normal,0.7345132743362832,0
715,eee,eee,known,eee,0.7345132743362832,0.0,normal,0.7345132743362832,0
716,eee,eee,known,eee,0.7345132743362832,0.0,normal,0.7345132743362832,0
717,eee,eee,known,eee,0.7345132743362832,0.0,normal,0.7345132743362832,0
718,eee,eee,known,eee,0.7345132743362832,0.0,normal,0.7345132743362832,0
719,eee,eed,known,eed,0.07079646017699115,0.0,anomaly,0.07079646017699115,0
720,eed,ede,known,ede,0.8,0.0,normal,0.8,0
721,ede,dee,known,dee,0.5555555555555556,0.0,normal,0.5555555555555556,0
722,dee,eed,known,eed,0.0,0.0,anomaly,0.0,0
723,eed,edd,known,edd,0.2,0.0,normal,0.2,0
724,edd,dde,known,dde,0.2,0.0,normal,0.2,0
725,dde,ded,known,ded,0.0,0.0,anomaly,0.0,0
726,ded,edd,known,edd,0.75,0.0,normal,0.75,0
727,edd,ddd,known,ddd,0.6,0.0,normal,0.6,0
728,ddd,dde,known,dde,0.17391304347826086,0.0,anomaly,0.17391304347826086,0
729,dde,dee,known,dee,0.8,0.0,normal,0.8,0
730,dee,eee,known,eee,0.7,0.0,normal,0.7,0
731,eee,eee,known,eee,0.7345132743362832,0.0,normal,0.7345132743362832,0
732,eee,eee,known,eee,0.7345132743362832,0.0,normal,0.7345132743362832,0
733,eee,eee,known,eee,0.7345132743362832,0.0,normal,0.7345132743362832,0
734,eee,eef,known,eef,0.18584070796460178,0.0,anomaly,0.18584070796460178,0
735,eef,eff,known,eff,0.6470588235294118,0.0,normal,0.6470588235294118,0
736,eff,ffe,known,ffe,0.2549019607843137,0.0,normal,0.2549019607843137,0
737,ffe,fee,known,fee,0.47058823529411764,0.0,normal,0.47058823529411764,0
738,fee,eee,known,eee,0.6571428571428571,0.0,normal,0.6571428571428571,0
739,eee,eed,known,eed,0.07079646017699115,0.0,anomaly,0.07079646017699115,0
740,eed,edd,known,edd,0.2,0.0,normal,0.2,0
741,edd,ddd,known,ddd,0.6,0.0,normal,0.6,0
742,ddd,dde,known,dde,0.17391304347826086,0.0,anomaly,0.17391304347826086,0
743,dde,dee,known,dee,0.8,0.0,normal,0.8,0
744,dee,eee,known,eee,0.7,0.0,normal,0.7,0
745,eee,eee,known,eee,0.7345132743362832,0.0,normal,0.7345132743362832,0
746,eee,eed,known,eed,0.07079646017699115,0.0,anomaly,0.07079646017699115,0
747,eed,edd,known,edd,0.2,0.0,normal,0.2,0
748,edd,dde,known,dde,0.2,0.0,normal,0.2,0
749,dde,def,known,def,0.0,0.0,anomaly,0.0,0
750,def,efe,known,efe,1.0,0.0,normal,1.0,0
751,efe,fed,unseen,ded,0.0,0.0,anomaly,0.0,1
752,ded,ede,known,ede,0.0,0.0,anomaly,0.0,0
753,ede,dee,known,dee,0.5555555555555556,0.0,normal,0.5555555555555556,0
754,dee,eee,known,eee,0.7,0.0,normal,0.7,0
755,eee,eef,known,eef,0.18584070796460178,0.0,anomaly,0.18584070796460178,0
756,eef,efe,known,efe,0.35294117647058826,0.0,normal,0.35294117647058826,0
757,efe,fee,known,fee,0.5238095238095238,0.0,normal,0.5238095238095238,0
758,fee,eee,known,eee,0.6571428571428571,0.0,normal,0.6571428571428571,0
759,eee,eee,known,eee,0.7345132743362832,0.0,normal,0.7345132743362832,0
760,eee,eed,known,eed,0.07079646017699115,0.0,anomaly,0.07079646017699115,0
761,eed,edd,known,edd,0.2,0.0,normal,0.2,0
762,edd,dde,known,dde,0.2,0.0,normal,0.2,0
763,dde,dee,known,dee,0.8,0.0,normal,0.8,0
764,dee,eee,known,eee,0.7,0.0,normal,0.7,0
765,eee,eef,known,eef,0.18584070796460178,0.0,anomaly,0.18584070796460178,0
766,eef,efe,known,efe,0.35294117647058826,0.0,normal,0.35294117647058826,0
767,efe,fee,known,fee,0.5238095238095238,0.0,normal,0.5238095238095238,0
768,fee,eed,known,eed,0.05714285714285714,0.0,anomaly,0.05714285714285714,0
769,eed,edd,known,edd,0.2,0.0,normal,0.2,0
770,edd,ddd,known,ddd,0.6,0.0,normal,0.6,0
771,ddd,ddd,known,ddd,0.43478260869565216,0.0,normal,0.43478260869565216,0
772,ddd,dde,known,dde,0.17391304347826086,0.0,anomaly,0.17391304347826086,0
773,dde,dee,known,dee,0.8,0.0,normal,0.8,0
774,dee,eee,known,eee,0.7,0.0,normal,0.7,0
775,eee,eee,known,eee,0.7345132743362832,0.0,normal,0.7345132743362832,0
776,eee,eee,known,eee,0.7345132743362832,0.0,normal,0.7345132743362832,0
777,eee,eee,known,eee,0.7345132743362832,0.0,normal,0.7345132743362832,0
778,eee,eee,known,eee,0.7345132743362832,0.0,normal,0.7345132743362832,0
779,eee,eee,known,eee,0.7345132743362832,0.0,normal,0.7345132743362832,0
780,eee,eee,known,eee,0.7345132743362832,0.0,normal,0.7345132743362832,0
781,eee,eed,known,eed,0.07079646017699115,0.0,anomaly,0.07079646017699115,0
782,eed,ede,known,ede,0.8,0.0,normal,0.8,0
783,ede,dee,known,dee,0.5555555555555556,0.0,normal,0.5555555555555556,0
784,dee,eee,known,eee,0.7,0.0,normal,0.7,0
785,eee,eee,known,eee,0.7345132743362832,0.0,normal,0.7345132743362832,0
786,eee,eed,known,eed,0.07079646017699115,0.0,anomaly,0.07079646017699115,0
787,eed,edd,known,edd,0.2,0.0,normal,0.2,0
788,edd,ddd,known,ddd,0.6,0.0,normal,0.6,0
789,ddd,ddd,known,ddd,0.43478260869565216,0.0,normal,0.43478260869565216,0
790,ddd,ddd,known,ddd,0.43478260869565216,0.0,normal,0.43478260869565216,0
791,ddd,dde,known,dde,0.17391304347826086,0.0,anomaly,0.17391304347826086,0
792,dde,dee,known,dee,0.8,0.0,normal,0.8,0
793,dee,eee,known,eee,0.7,0.0,normal,0.7,0
794,eee,eee,known,eee,0.7345132743362832,0.0,normal,0.7345132743362832,0
795,eee,eed,known,eed,0.07079646017699115,0.0,anomaly,0.07079646017699115,0
796,eed,edd,known,edd,0.2,0.0,normal,0.2,0
797,edd,dde,known,dde,0.2,0.0,normal,0.2,0
798,dde,dee,known,dee,0.8,0.0,normal,0.8,0
799,dee,eee,known,eee,0.7,0.0,normal,0.7,0
800,eee,eee,known,eee,0.7345132743362832,0.0,normal,0.7345132743362832,0
801,eee,eee,known,eee,0.7345132743362832,0.0,normal,0.7345132743362832,0
802,eee,eee,known,eee,0.7345132743362832,0.0,normal,0.7345132743362832,0
803,eee,eee,known,eee,0.7345132743362832,0.0,normal,0.7345132743362832,0
804,eee,eef,known,eef,0.18584070796460178,0.0,anomaly,0.18584070796460178,0
805,eef,efe,known,efe,0.35294117647058826,0.0,normal,0.35294117647058826,0
806,efe,fee,known,fee,0.5238095238095238,0.0,normal,0.5238095238095238,0
807,fee,eee,known,eee,0.6571428571428571,0.0,normal,0.6571428571428571,0
808,eee,eee,known,eee,0.7345132743362832,0.0,normal,0.7345132743362832,0
809,eee,eee,known,eee,0.7345132743362832,0.0,normal,0.7345132743362832,0
810,eee,eee,known,eee,0.7345132743362832,0.0,normal,0.7345132743362832,0
811,eee,eee,known,eee,0.7345132743362832,0.0,normal,0.7345132743362832,0
812,eee,eee,known,eee,0.7345132743362832,0.0,normal,0.7345132743362832,0
813,eee,eee,known,eee,0.7345132743362832,0.0,normal,0.7345132743362832,0
814,eee,eee,known,eee,0.7345132743362832,0.0,normal,0.7345132743362832,0
815,eee,eed,known,eed,0.07079646017699115,0.0,anomaly,0.07079646017699115,0
816,eed,edd,known,edd,0.2,0.0,normal,0.2,0
817,edd,ddd,known,ddd,0.6,0.0,normal,0.6,0
818,ddd,dde,known,dde,0.17391304347826086,0.0,anomaly,0.17391304347826086,0
819,dde,dee,known,dee,0.8,0.0,normal,0.8,0
820,dee,eee,known,eee,0.7,0.0,normal,0.7,0
821,eee,eee,known,eee,0.7345132743362832,0.0,normal,0.7345132743362832,0
822,eee,eee,known,eee,0.7345132743362832,0.0,normal,0.7345132743362832,0
823,eee,eee,known,eee,0.7345132743362832,0.0,normal,0.7345132743362832,0
824,eee,eee,known,eee,0.7345132743362832,0.0,normal,0.7345132743362832,0
825,eee,eee,known,eee,0.7345132743362832,0.0,normal,0.7345132743362832,0
826,eee,eef,known,eef,0.18584070796460178,0.0,anomaly,0.18584070796460178,0
827,eef,efe,known,efe,0.35294117647058826,0.0,normal,0.35294117647058826,0
828,efe,fee,known,fee,0.5238095238095238,0.0,normal,0.5238095238095238,0
829,fee,eee,known,eee,0.6571428571428571,0.0,normal,0.6571428571428571,0
830,eee,eee,known,eee,0.7345132743362832,0.0,normal,0.7345132743362832,0
831,eee,eed,known,eed,0.07079646017699115,0.0,anomaly,0.07079646017699115,0
832,eed,ede,known,ede,0.8,0.0,normal,0.8,0
833,ede,ded,known,ded,0.3333333333333333,0.0,normal,0.3333333333333333,0
834,ded,edd,known,edd,0.75,0.0,normal,0.75,0
835,edd,ddd,known,ddd,0.6,0.0,normal,0.6,0
836,ddd,ddd,known,ddd,0.43478260869565216,0.0,normal,0.43478260869565216,0
837,ddd,dde,known,dde,0.17391304347826086,0.0,anomaly,0.17391304347826086,0
838,dde,ded,known,ded,0.0,0.0,anomaly,0.0,0
839,ded,ede,known,ede,0.0,0.0,anomaly,0.0,0
840,ede,dee,known,dee,0.5555555555555556,0.0,normal,0.5555555555555556,0
841,dee,eee,known,eee,0.7,0.0,normal,0.7,0
842,eee,eee,known,eee,0.7345132743362832,0.0,normal,0.7345132743362832,0
843,eee,eef,known,eef,0.18584070796460178,0.0,anomaly,0.18584070796460178,0
844,eef,efe,known,efe,0.35294117647058826,0.0,normal,0.35294117647058826,0
845,efe,fef,known,fef,0.47619047619047616,0.0,normal,0.47619047619047616,0
846,fef,efd,unseen,eff,0.7837837837837838,0.0,normal,0.7837837837837838,1
847,eff,fdd,unseen,bdd,0.0,0.0,anomaly,0.0,1
848,bdd,dde,known,dde,0.0,0.0,anomaly,0.0,0
849,dde,ded,known,ded,0.0,0.0,anomaly,0.0,0
850,ded,edc,known,edc,0.0,0.0,anomaly,0.0,0
851,edc,dcc,known,dcc,0.3333333333333333,0.0,normal,0.3333333333333333,0
852,dcc,ccc,known,ccc,0.48,0.0,normal,0.48,0
853,ccc,ccd,known,ccd,0.07894736842105263,0.0,anomaly,0.07894736842105263,0
854,ccd,cdd,known,cdd,0.36,0.0,normal,0.36,0
855,cdd,ddd,known,ddd,0.42105263157894735,0.0,normal,0.42105263157894735,0
856,ddd,dde,known,dde,0.17391304347826086,0.0,anomaly,0.17391304347826086,0
857,dde,ded,known,ded,0.0,0.0,anomaly,0.0,0
858,ded,edd,known,edd,0.75,0.0,normal,0.75,0
859,edd,ddc,known,ddc,0.2,0.0,normal,0.2,0
860,ddc,dcc,known,dcc,0.625,0.0,normal,0.625,0
861,dcc,ccc,known,ccc,0.48,0.0,normal,0.48,0
862,ccc,ccb,known,ccb,0.39473684210526316,0.0,normal,0.39473684210526316,0
863,ccb,cbc,known,cbc,0.30927835051546393,0.0,normal,0.30927835051546393,0
864,cbc,bcc,known,bcc,0.2911392405063291,0.0,normal,0.2911392405063291,0
865,bcc,ccb,known,ccb,0.45918367346938777,0.0,normal,0.45918367346938777,0
866,ccb,cbc,known,cbc,0.30927835051546393,0.0,normal,0.30927835051546393,0
867,cbc,bcc,known,bcc,0.2911392405063291,0.0,normal,0.2911392405063291,0
868,bcc,ccc,known,ccc,0.4489795918367347,0.0,normal,0.4489795918367347,0
869,ccc,ccd,known,ccd,0.07894736842105263,0.0,anomaly,0.07894736842105263,0
870,ccd,cdd,known,cdd,0.36,0.0,normal,0.36,0
871,cdd,ddc,known,ddc,0.3684210526315789,0.0,normal,0.3684210526315789,0
872,ddc,dcc,known,dcc,0.625,0.0,normal,0.625,0
873,dcc,ccc,known,ccc,0.48,0.0,normal,0.48,0
874,ccc,ccb,known,ccb,0.39473684210526316,0.0,normal,0.39473684210526316,0
875,ccb,cbc,known,cbc,0.30927835051546393,0.0,normal,0.30927835051546393,0
876,cbc,bcd,known,bcd,0.0759493670886076,0.0,anomaly,0.0759493670886076,0
877,bcd,cdc,known,cdc,0.6666666666666666,0.0,normal,0.6666666666666666,0
878,cdc,dcc,known,dcc,0.36,0.0,normal,0.36,0
879,dcc,ccc,known,ccc,0.48,0.0,normal,0.48,0
880,ccc,ccc,known,ccc,0.5,0.0,normal,0.5,0
881,ccc,ccc,known,ccc,0.5,0.0,normal,0.5,0
882,ccc,ccc,known,ccc,0.5,0.0,normal,0.5,0
883,ccc,ccc,known,ccc,0.5,0.0,normal,0.5,0
884,ccc,ccc,known,ccc,0.5,0.0,normal,0.5,0
885,ccc,cce,known,cce,0.008771929824561403,0.0,anomaly,0.008771929824561403,0
886,cce,ced,known,ced,0.75,0.0,normal,0.75,0
887,ced,edb,known,edb,0.2,0.0,normal,0.2,0
888,edb,dbc,known,dbc,0.6666666666666666,0.0,normal,0.6666666666666666,0
889,dbc,bcc,known,bcc,0.35,0.0,normal,0.35,0
890,bcc,ccd,known,ccd,0.061224489795918366,0.0,anomaly,0.061224489795918366,0
891,ccd,cdd,known,cdd,0.36,0.0,normal,0.36,0
892,cdd,ddc,known,ddc,0.3684210526315789,0.0,normal,0.3684210526315789,0
893,ddc,dcd,known,dcd,0.1875,0.0,anomaly,0.1875,0
894,dcd,cdd,known,cdd,0.23529411764705882,0.0,normal,0.23529411764705882,0
895,cdd,ddd,known,ddd,0.42105263157894735,0.0,normal,0.42105263157894735,0
896,ddd,ddc,known,ddc,0.34782608695652173,0.0,normal,0.34782608695652173,0
897,ddc,dcc,known,dcc,0.625,0.0,normal,0.625,0
898,dcc,ccd,known,ccd,0.28,0.0,normal,0.28,0
899,ccd,cdd,known,cdd,0.36,0.0,normal,0.36,0
900,cdd,dde,known,dde,0.0,0.0,anomaly,0.0,0
901,dde,dee,known,dee,0.8,0.0,normal,0.8,0
902,dee,eec,known,eec,0.0,0.0,anomaly,0.0,0
903,eec,ecc,known,ecc,1.0,0.0,normal,1.0,0
904,ecc,ccc,known,ccc,0.25,0.0,normal,0.25,0
905,ccc,ccc,known,ccc,0.5,0.0,normal,0.5,0
906,ccc,ccd,known,ccd,0.07894736842105263,0.0,anomaly,0.07894736842105263,0
907,ccd,cdd,known,cdd,0.36,0.0,normal,0.36,0
908,cdd,ddd,known,ddd,0.42105263157894735,0.0,normal,0.42105263157894735,0
909,ddd,dde,known,dde,0.17391304347826086,0.0,anomaly,0.17391304347826086,0
910,dde,ded,known,ded,0.0,0.0,anomaly,0.0,0
911,ded,edc,known,edc,0.0,0.0,anomaly,0.0,0
912,edc,dcc,known,dcc,0.3333333333333333,0.0,normal,0.3333333333333333,0
913,dcc,ccc,known,ccc,0.48,0.0,normal,0.48,0
914,ccc,ccc,known,ccc,0.5,0.0,normal,0.5,0
915,ccc,ccc,known,ccc,0.5,0.0,normal,0.5,0
916,ccc,ccd,known,ccd,0.07894736842105263,0.0,anomaly,0.07894736842105263,0
917,ccd,cdd,known,cdd,0.36,0.0,normal,0.36,0
918,cdd,ddd,known,ddd,0.42105263157894735,0.0,normal,0.42105263157894735,0
919,ddd,ddd,known,ddd,0.43478260869565216,0.0,normal,0.43478260869565216,0
920,ddd,ddd,known,ddd,0.43478260869565216,0.0,normal,0.43478260869565216,0
921,ddd,ddd,known,ddd,0.43478260869565216,0.0,normal,0.43478260869565216,0
922,ddd,ddd,known,ddd,0.43478260869565216,0.0,normal,0.43478260869565216,0
923,ddd,ddd,known,ddd,0.43478260869565216,0.0,normal,0.43478260869565216,0
924,ddd,ddd,known,ddd,0.43478260869565216,0.0,normal,0.43478260869565216,0
925,ddd,ddd,known,ddd,0.43478260869565216,0.0,normal,0.43478260869565216,0
926,ddd,ddd,known,ddd,0.43478260869565216,0.0,normal,0.43478260869565216,0
927,ddd,ddd,known,ddd,0.43478260869565216,0.0,normal,0.43478260869565216,0
928,ddd,ddc,known,ddc,0.34782608695652173,0.0,normal,0.34782608695652173,0
929,ddc,dcd,known,dcd,0.1875,0.0,anomaly,0.1875,0
930,dcd,cdd,known,cdd,0.23529411764705882,0.0,normal,0.23529411764705882,0
931,cdd,dde,known,dde,0.0,0.0,anomaly,0.0,0
932,dde,dee,known,dee,0.8,0.0,normal,0.8,0
933,dee,eed,known,eed,0.0,0.0,anomaly,0.0,0
934,eed,edd,known,edd,0.2,0.0,normal,0.2,0
935,edd,ddd,known,ddd,0.6,0.0,normal,0.6,0
936,ddd,ddd,known,ddd,0.43478260869565216,0.0,normal,0.43478260869565216,0
937,ddd,ddc,known,ddc,0.34782608695652173,0.0,normal,0.34782608695652173,0
938,ddc,dcc,known,dcc,0.625,0.0,normal,0.625,0
939,dcc,ccc,known,ccc,0.48,0.0,normal,0.48,0
940,ccc,ccc,known,ccc,0.5,0.0,normal,0.5,0
941,ccc,ccc,known,ccc,0.5,0.0,normal,0.5,0
942,ccc,ccd,known,ccd,0.07894736842105263,0.0,anomaly,0.07894736842105263,0
943,ccd,cdd,known,cdd,0.36,0.0,normal,0.36,0
944,cdd,ddd,known,ddd,0.42105263157894735,0.0,normal,0.42105263157894735,0
945,ddd,dde,known,dde,0.17391304347826086,0.0,anomaly,0.17391304347826086,0
946,dde,dec,known,dec,0.2,0.0,normal,0.2,0
947,dec,ecd,known,ecd,0.16666666666666666,0.0,anomaly,0.16666666666666666,0
948,ecd,cdd,known,cdd,0.5,0.0,normal,0.5,0
949,cdd,ddd,known,ddd,0.42105263157894735,0.0,normal,0.42105263157894735,0
950,ddd,ddd,known,ddd,0.43478260869565216,0.0,normal,0.43478260869565216,0
951,ddd,ddc,known,ddc,0.34782608695652173,0.0,normal,0.34782608695652173,0
952,ddc,dcd,known,dcd,0.1875,0.0,anomaly,0.1875,0
953,dcd,cdc,known,cdc,0.29411764705882354,0.0,normal,0.29411764705882354,0
954,cdc,dcc,known,dcc,0.36,0.0,normal,0.36,0
955,dcc,ccc,known,ccc,0.48,0.0,normal,0.48,0
956,ccc,ccd,known,ccd,0.07894736842105263,0.0,anomaly,0.07894736842105263,0
957,ccd,cdd,known,cdd,0.36,0.0,normal,0.36,0
958,cdd,ddc,known,ddc,0.3684210526315789,0.0,normal,0.3684210526315789,0
959,ddc,dcc,known,dcc,0.625,0.0,normal,0.625,0
960,dcc,ccc,known,ccc,0.48,0.0,normal,0.48,0
961,ccc,ccd,known,ccd,0.07894736842105263,0.0,anomaly,0.07894736842105263,0
962,ccd,cdc,known,cdc,0.36,0.0,normal,0.36,0
963,cdc,dcc,known,dcc,0.36,0.0,normal,0.36,0
964,dcc,ccb,known,ccb,0.16,0.0,anomaly,0.16,0
965,ccb,cbc,known,cbc,0.30927835051546393,0.0,normal,0.30927835051546393,0
966,cbc,bcc,known,bcc,0.2911392405063291,0.0,normal,0.2911392405063291,0
967,bcc,ccd,known,ccd,0.061224489795918366,0.0,anomaly,0.061224489795918366,0
968,ccd,cdd,known,cdd,0.36,0.0,normal,0.36,0
969,cdd,ddd,known,ddd,0.42105263157894735,0.0,normal,0.42105263157894735,0
970,ddd,ddc,known,ddc,0.34782608695652173,0.0,normal,0.34782608695652173,0
971,ddc,dcc,known,dcc,0.625,0.0,normal,0.625,0
972,dcc,ccc,known,ccc,0.48,0.0,normal,0.48,0
973,ccc,ccd,known,ccd,0.07894736842105263,0.0,anomaly,0.07894736842105263,0
974,ccd,cdc,known,cdc,0.36,0.0,normal,0.36,0
975,cdc,dcd,known,dcd,0.32,0.0,normal,0.32,0
976,dcd,cdd,known,cdd,0.23529411764705882,0.0,normal,0.23529411764705882,0
977,cdd,ddd,known,ddd,0.42105263157894735,0.0,normal,0.42105263157894735,0
978,ddd,ddc,known,ddc,0.34782608695652173,0.0,normal,0.34782608695652173,0
979,ddc,dcc,known,dcc,0.625,0.0,normal,0.625,0
980,dcc,ccc,known,ccc,0.48,0.0,normal,0.48,0
981,ccc,ccb,known,ccb,0.39473684210526316,0.0,normal,0.39473684210526316,0
982,ccb,cbb,known,cbb,0.5463917525773195,0.0,normal,0.5463917525773195,0
983,cbb,bbc,known,bbc,0.23703703703703705,0.0,normal,0.23703703703703705,0
984,bbc,bcd,known,bcd,0.04827586206896552,0.0,anomaly,0.04827586206896552,0
985,bcd,cdc,known,cdc,0.6666666666666666,0.0,normal,0.6666666666666666,0
986,cdc,dcd,known,dcd,0.32,0.0,normal,0.32,0
987,dcd,cdd,known,cdd,0.23529411764705882,0.0,normal,0.23529411764705882,0
988,cdd,ddd,known,ddd,0.42105263157894735,0.0,normal,0.42105263157894735,0
989,ddd,ddd,known,ddd,0.43478260869565216,0.0,normal,0.43478260869565216,0
990,ddd,ddc,known,ddc,0.34782608695652173,0.0,normal,0.34782608695652173,0
991,ddc,dcc,known,dcc,0.625,0.0,normal,0.625,0
992,dcc,ccc,known,ccc,0.48,0.0,normal,0.48,0
993,ccc,ccd,known,ccd,0.07894736842105263,0.0,anomaly,0.07894736842105263,0
994,ccd,cdc,known,cdc,0.36,0.0,normal,0.36,0
995,cdc,dcc,known,dcc,0.36,0.0,normal,0.36,0
996,dcc,ccc,known,ccc,0.48,0.0,normal,0.48,0
997,ccc,ccc,known,ccc,0.5,0.0,normal,0.5,0
998,ccc,ccd,known,ccd,0.07894736842105263,0.0,anomaly,0.07894736842105263,0
999,ccd,cdd,known,cdd,0.36,0.0,normal,0.36,0
1000,cdd,ddc,known,ddc,0.3684210526315789,0.0,normal,0.3684210526315789,0
1001,ddc,dcc,known,dcc,0.625,0.0,normal,0.625,0
1002,dcc,ccd,known,ccd,0.28,0.0,normal,0.28,0
1003,ccd,cdc,known,cdc,0.36,0.0,normal,0.36,0
1004,cdc,dcc,known,dcc,0.36,0.0,normal,0.36,0
1005,dcc,ccc,known,ccc,0.48,0.0,normal,0.48,0
1006,ccc,ccc,known,ccc,0.5,0.0,normal,0.5,0
1007,ccc,ccb,known,ccb,0.39473684210526316,0.0,normal,0.39473684210526316,0
1008,ccb,cbb,known,cbb,0.5463917525773195,0.0,normal,0.5463917525773195,0
1009,cbb,bbb,known,bbb,0.6148148148148148,0.0,normal,0.6148148148148148,0
1010,bbb,bbb,known,bbb,0.6380597014925373,0.0,normal,0.6380597014925373,0
1011,bbb,bbc,known,bbc,0.17537313432835822,0.0,anomaly,0.17537313432835822,0
1012,bbc,bcc,known,bcc,0.4206896551724138,0.0,normal,0.4206896551724138,0
1013,bcc,ccc,known,ccc,0.4489795918367347,0.0,normal,0.4489795918367347,0
1014,ccc,ccc,known,ccc,0.5,0.0,normal,0.5,0
1015,ccc,ccc,known,ccc,0.5,0.0,normal,0.5,0
1016,ccc,ccc,known,ccc,0.5,0.0,normal,0.5,0
1017,ccc,ccc,known,ccc,0.5,0.0,normal,0.5,0
1018,ccc,ccd,known,ccd,0.07894736842105263,0.0,anomaly,0.07894736842105263,0
1019,ccd,cde,known,cde,0.04,0.0,anomaly,0.04,0
1020,cde,ded,known,ded,0.16666666666666666,0.0,anomaly,0.16666666666666666,0
1021,ded,edd,known,edd,0.75,0.0,normal,0.75,0
1022,edd,ddd,known,ddd,0.6,0.0,normal,0.6,0
1023,ddd,ddc,known,ddc,0.34782608695652173,0.0,normal,0.34782608695652173,0
1024,ddc,dcd,known,dcd,0.1875,0.0,anomaly,0.1875,0
1025,dcd,cdd,known,cdd,0.23529411764705882,0.0,normal,0.23529411764705882,0
1026,cdd,ddd,known,ddd,0.42105263157894735,0.0,normal,0.42105263157894735,0
1027,ddd,ddd,known,ddd,0.43478260869565216,0.0,normal,0.43478260869565216,0
1028,ddd,ddd,known,ddd,0.43478260869565216,0.0,normal,0.43478260869565216,0
1029,ddd,ddd,known,ddd,0.43478260869565216,0.0,normal,0.43478260869565216,0
1030,ddd,ddd,known,ddd,0.43478260869565216,0.0,normal,0.43478260869565216,0
1031,ddd,ddc,known,ddc,0.34782608695652173,0.0,normal,0.34782608695652173,0
1032,ddc,dcc,known,dcc,0.625,0.0,normal,0.625,0
1033,dcc,ccb,known,ccb,0.16,0.0,anomaly,0.16,0
1034,ccb,cbc,known,cbc,0.30927835051546393,0.0,normal,0.30927835051546393,0
1035,cbc,bcc,known,bcc,0.2911392405063291,0.0,normal,0.2911392405063291,0
1036,bcc,ccd,known,ccd,0.061224489795918366,0.0,anomaly,0.061224489795918366,0
1037,ccd,cdd,known,cdd,0.36,0.0,normal,0.36,0
1038,cdd,ddd,known,ddd,0.42105263157894735,0.0,normal,0.42105263157894735,0
1039,ddd,dde,known,dde,0.17391304347826086,0.0,anomaly,0.17391304347826086,0
1040,dde,ded,known,ded,0.0,0.0,anomaly,0.0,0
1041,ded,edd,known,edd,0.75,0.0,normal,0.75,0
1042,edd,ddd,known,ddd,0.6,0.0,normal,0.6,0
1043,ddd,ddd,known,ddd,0.43478260869565216,0.0,normal,0.43478260869565216,0
1044,ddd,ddc,known,ddc,0.34782608695652173,0.0,normal,0.34782608695652173,0
1045,ddc,dcc,known,dcc,0.625,0.0,normal,0.625,0
1046,dcc,ccc,known,ccc,0.48,0.0,normal,0.48,0
1047,ccc,ccc,known,ccc,0.5,0.0,normal,0.5,0
1048,ccc,ccc,known,ccc,0.5,0.0,normal,0.5,0
1049,ccc,ccc,known,ccc,0.5,0.0,normal,0.5,0
1050,ccc,ccc,known,ccc,0.5,0.0,normal,0.5,0
1051,ccc,ccc,known,ccc,0.5,0.0,normal,0.5,0
1052,ccc,ccc,known,ccc,0.5,0.0,normal,0.5,0
1053,ccc,ccc,known,ccc,0.5,0.0,normal,0.5,0
1054,ccc,ccc,known,ccc,0.5,0.0,normal,0.5,0
1055,ccc,ccc,known,ccc,0.5,0.0,normal,0.5,0
1056,ccc,ccd,known,ccd,0.07894736842105263,0.0,anomaly,0.07894736842105263,0
1057,ccd,cdc,known,cdc,0.36,0.0,normal,0.36,0
1058,cdc,dcc,known,dcc,0.36,0.0,normal,0.36,0
1059,dcc,ccd,known,ccd,0.28,0.0,normal,0.28,0
1060,ccd,cdd,known,cdd,0.36,0.0,normal,0.36,0
1061,cdd,ddd,known,ddd,0.42105263157894735,0.0,normal,0.42105263157894735,0
1062,ddd,ddd,known,ddd,0.43478260869565216,0.0,normal,0.43478260869565216,0
1063,ddd,ddc,known,ddc,0.34782608695652173,0.0,normal,0.34782608695652173,0
1064,ddc,dcc,known,dcc,0.625,0.0,normal,0.625,0
1065,dcc,ccc,known,ccc,0.48,0.0,normal,0.48,0
1066,ccc,ccc,known,ccc,0.5,0.0,normal,0.5,0
1067,ccc,ccc,known,ccc,0.5,0.0,normal,0.5,0
1068,ccc,ccc,known,ccc,0.5,0.0,normal,0.5,0
1069,ccc,ccd,known,ccd,0.07894736842105263,0.0,anomaly,0.07894736842105263,0
1070,ccd,cdc,known,cdc,0.36,0.0,normal,0.36,0
1071,cdc,dcc,known,dcc,0.36,0.0,normal,0.36,0
1072,dcc,ccc,known,ccc,0.48,0.0,normal,0.48,0
1073,ccc,ccc,known,ccc,0.5,0.0,normal,0.5,0
1074,ccc,ccb,known,ccb,0.39473684210526316,0.0,normal,0.39473684210526316,0
1075,ccb,cbc,known,cbc,0.30927835051546393,0.0,normal,0.30927835051546393,0
1076,cbc,bcc,known,bcc,0.2911392405063291,0.0,normal,0.2911392405063291,0
1077,bcc,ccd,known,ccd,0.061224489795918366,0.0,anomaly,0.061224489795918366,0
1078,ccd,cdd,known,cdd,0.36,0.0,normal,0.36,0
1079,cdd,dde,known,dde,0.0,0.0,anomaly,0.0,0
1080,dde,ded,known,ded,0.0,0.0,anomaly,0.0,0
1081,ded,edd,known,edd,0.75,0.0,normal,0.75,0
1082,edd,ddc,known,ddc,0.2,0.0,normal,0.2,0
1083,ddc,dcc,known,dcc,0.625,0.0,normal,0.625,0
1084,dcc,ccb,known,ccb,0.16,0.0,anomaly,0.16,0
1085,ccb,cbc,known,cbc,0.30927835051546393,0.0,normal,0.30927835051546393,0
1086,cbc,bcb,known,bcb,0.5443037974683544,0.0,normal,0.5443037974683544,0
1087,bcb,cbc,known,cbc,0.26865671641791045,0.0,normal,0.26865671641791045,0
1088,cbc,bcd,known,bcd,0.0759493670886076,0.0,anomaly,0.0759493670886076,0
1089,bcd,cdd,known,cdd,0.26666666666666666,0.0,normal,0.26666666666666666,0
1090,cdd,ddd,known,ddd,0.42105263157894735,0.0,normal,0.42105263157894735,0
1091,ddd,ddd,known,ddd,0.43478260869565216,0.0,normal,0.43478260869565216,0
1092,ddd,ddc,known,ddc,0.34782608695652173,0.0,normal,0.34782608695652173,0
1093,ddc,dcc,known,dcc,0.625,0.0,normal,0.625,0
1094,dcc,ccd,known,ccd,0.28,0.0,normal,0.28,0
1095,ccd,cdb,known,cdb,0.2,0.0,normal,0.2,0
1096,cdb,dbc,known,dbc,0.5,0.0,normal,0.5,0
1097,dbc,bcc,known,bcc,0.35,0.0,normal,0.35,0
1098,bcc,ccd,known,ccd,0.061224489795918366,0.0,anomaly,0.061224489795918366,0
1099,ccd,cdd,known,cdd,0.36,0.0,normal,0.36,0
1100,cdd,ddd,known,ddd,0.42105263157894735,0.0,normal,0.42105263157894735,0
1101,ddd,ddc,known,ddc,0.34782608695652173,0.0,normal,0.34782608695652173,0
1102,ddc,dcc,known,dcc,0.625,0.0,normal,0.625,0
1103,dcc,ccb,known,ccb,0.16,0.0,anomaly,0.16,0
1104,ccb,cbd,known,cbd,0.07216494845360824,0.0,anomaly,0.07216494845360824,0
1105,cbd,bdd,known,bdd,0.10526315789473684,0.0,anomaly,0.10526315789473684,0
1106,bdd,ddd,known,ddd,0.6666666666666666,0.0,normal,0.6666666666666666,0
1107,ddd,ddd,known,ddd,0.43478260869565216,0.0,normal,0.43478260869565216,0
1108,ddd,ddd,known,ddd,0.43478260869565216,0.0,normal,0.43478260869565216,0
1109,ddd,ddc,known,ddc,0.34782608695652173,0.0,normal,0.34782608695652173,0
1110,ddc,dcc,known,dcc,0.625,0.0,normal,0.625,0
1111,dcc,ccc,known,ccc,0.48,0.0,normal,0.48,0
1112,ccc,ccb,known,ccb,0.39473684210526316,0.0,normal,0.39473684210526316,0
1113,ccb,cbc,known,cbc,0.30927835051546393,0.0,normal,0.30927835051546393,0
1114,cbc,bcd,known,bcd,0.0759493670886076,0.0,anomaly,0.0759493670886076,0
1115,bcd,cdd,known,cdd,0.26666666666666666,0.0,normal,0.26666666666666666,0
1116,cdd,ddd,known,ddd,0.42105263157894735,0.0,normal,0.42105263157894735,0
1117,ddd,ddd,known,ddd,0.43478260869565216,0.0,normal,0.43478260869565216,0
1118,ddd,ddd,known,ddd,0.43478260869565216,0.0,normal,0.43478260869565216,0
1119,ddd,ddd,known,ddd,0.43478260869565216,0.0,normal,0.43478260869565216,0
1120,ddd,ddd,known,ddd,0.43478260869565216,0.0,normal,0.43478260869565216,0
1121,ddd,dde,known,dde,0.17391304347826086,0.0,anomaly,0.17391304347826086,0
1122,dde,ded,known,ded,0.0,0.0,anomaly,0.0,0
1123,ded,edd,known,edd,0.75,0.0,normal,0.75,0
1124,edd,ddc,known,ddc,0.2,0.0,normal,0.2,0
1125,ddc,dcd,known,dcd,0.1875,0.0,anomaly,0.1875,0
1126,dcd,cdd,known,cdd,0.23529411764705882,0.0,normal,0.23529411764705882,0
1127,cdd,ddd,known,ddd,0.42105263157894735,0.0,normal,0.42105263157894735,0
1128,ddd,ddc,known,ddc,0.34782608695652173,0.0,normal,0.34782608695652173,0
1129,ddc,dcc,known,dcc,0.625,0.0,normal,0.625,0
1130,dcc,ccd,known,ccd,0.28,0.0,normal,0.28,0
1131,ccd,cdc,known,cdc,0.36,0.0,normal,0.36,0
1132,cdc,dcc,known,dcc,0.36,0.0,normal,0.36,0
1133,dcc,ccc,known,ccc,0.48,0.0,normal,0.48,0
1134,ccc,ccc,known,ccc,0.5,0.0,normal,0.5,0
1135,ccc,ccc,known,ccc,0.5,0.0,normal,0.5,0
1136,ccc,ccc,known,ccc,0.5,0.0,normal,0.5,0
1137,ccc,ccd,known,ccd,0.07894736842105263,0.0,anomaly,0.07894736842105263,0
1138,ccd,cdd,known,cdd,0.36,0.0,normal,0.36,0
1139,cdd,ddc,known,ddc,0.3684210526315789,0.0,normal,0.3684210526315789,0
1140,ddc,dcb,known,dcb,0.1875,0.0,anomaly,0.1875,0
1141,dcb,cbb,known,cbb,0.35294117647058826,0.0,normal,0.35294117647058826,0
1142,cbb,bbc,known,bbc,0.23703703703703705,0.0,normal,0.23703703703703705,0
1143,bbc,bcd,known,bcd,0.04827586206896552,0.0,anomaly,0.04827586206896552,0
1144,bcd,cdd,known,cdd,0.26666666666666666,0.0,normal,0.26666666666666666,0
1145,cdd,ddd,known,ddd,0.42105263157894735,0.0,normal,0.42105263157894735,0
1146,ddd,ddd,known,ddd,0.43478260869565216,0.0,normal,0.43478260869565216,0
1147,ddd,ddd,known,ddd,0.43478260869565216,0.0,normal,0.43478260869565216,0
1148,ddd,ddd,known,ddd,0.43478260869565216,0.0,normal,0.43478260869565216,0
1149,ddd,ddc,known,ddc,0.34782608695652173,0.0,normal,0.34782608695652173,0
1150,ddc,dcc,known,dcc,0.625,0.0,normal,0.625,0
1151,dcc,ccc,known,ccc,0.48,0.0,normal,0.48,0
1152,ccc,ccc,known,ccc,0.5,0.0,normal,0.5,0
1153,ccc,ccc,known,ccc,0.5,0.0,normal,0.5,0
1154,ccc,ccb,known,ccb,0.39473684210526316,0.0,normal,0.39473684210526316,0
1155,ccb,cbc,known,cbc,0.30927835051546393,0.0,normal,0.30927835051546393,0
1156,cbc,bcc,known,bcc,0.2911392405063291,0.0,normal,0.2911392405063291,0
1157,bcc,ccc,known,ccc,0.4489795918367347,0.0,normal,0.4489795918367347,0
1158,ccc,ccb,known,ccb,0.39473684210526316,0.0,normal,0.39473684210526316,0
1159,ccb,cbc,known,cbc,0.30927835051546393,0.0,normal,0.30927835051546393,0
1160,cbc,bcc,known,bcc,0.2911392405063291,0.0,normal,0.2911392405063291,0
1161,bcc,ccc,known,ccc,0.4489795918367347,0.0,normal,0.4489795918367347,0
1162,ccc,ccc,known,ccc,0.5,0.0,normal,0.5,0
1163,ccc,ccc,known,ccc,0.5,0.0,normal,0.5,0
1164,ccc,ccb,known,ccb,0.39473684210526316,0.0,normal,0.39473684210526316,0
1165,ccb,cbd,known,cbd,0.07216494845360824,0.0,anomaly,0.07216494845360824,0
1166,cbd,bdd,known,bdd,0.10526315789473684,0.0,anomaly,0.10526315789473684,0
1167,bdd,ddd,known,ddd,0.6666666666666666,0.0,normal,0.6666666666666666,0
1168,ddd,ddc,known,ddc,0.34782608695652173,0.0,normal,0.34782608695652173,0
1169,ddc,dcc,known,dcc,0.625,0.0,normal,0.625,0
1170,dcc,ccd,known,ccd,0.28,0.0,normal,0.28,0
1171,ccd,cdc,known,cdc,0.36,0.0,normal,0.36,0
1172,cdc,dcc,known,dcc,0.36,0.0,normal,0.36,0
1173,dcc,ccc,known,ccc,0.48,0.0,normal,0.48,0
1174,ccc,ccc,known,ccc,0.5,0.0,normal,0.5,0
1175,ccc,ccc,known,ccc,0.5,0.0,normal,0.5,0
1176,ccc,ccc,known,ccc,0.5,0.0,normal,0.5,0
1177,ccc,ccc,known,ccc,0.5,0.0,normal,0.5,0
1178,ccc,ccc,known,ccc,0.5,0.0,normal,0.5,0
1179,ccc,ccc,known,ccc,0.5,0.0,normal,0.5,0
1180,ccc,ccd,known,ccd,0.07894736842105263,0.0,anomaly,0.07894736842105263,0
1181,ccd,cdd,known,cdd,0.36,0.0,normal,0.36,0
1182,cdd,ddd,known,ddd,0.42105263157894735,0.0,normal,0.42105263157894735,0
1183,ddd,ddd,known,ddd,0.43478260869565216,0.0,normal,0.43478260869565216,0
1184,ddd,ddc,known,ddc,0.34782608695652173,0.0,normal,0.34782608695652173,0
1185,ddc,dcc,known,dcc,0.625,0.0,normal,0.625,0
1186,dcc,ccc,known,ccc,0.48,0.0,normal,0.48,0
1187,ccc,ccc,known,ccc,0.5,0.0,normal,0.5,0
1188,ccc,ccc,known,ccc,0.5,0.0,normal,0.5,0
1189,ccc,ccd,known,ccd,0.07894736842105263,0.0,anomaly,0.07894736842105263,0
1190,ccd,cdd,known,cdd,0.36,0.0,normal,0.36,0
1191,cdd,ddc,known,ddc,0.3684210526315789,0.0,normal,0.3684210526315789,0
1192,ddc,dcc,known,dcc,0.625,0.0,normal,0.625,0
1193,dcc,ccc,known,ccc,0.48,0.0,normal,0.48,0
1194,ccc,ccc,known,ccc,0.5,0.0,normal,0.5,0
1195,ccc,ccd,known,ccd,0.07894736842105263,0.0,anomaly,0.07894736842105263,0
1196,ccd,cdd,known,cdd,0.36,0.0,normal,0.36,0
1197,cdd,ddd,known,ddd,0.42105263157894735,0.0,normal,0.42105263157894735,0
1198,ddd,ddd,known,ddd,0.43478260869565216,0.0,normal,0.43478260869565216,0
1199,ddd,ddc,known,ddc,0.34782608695652173,0.0,normal,0.34782608695652173,0
1200,ddc,dcc,known,dcc,0.625,0.0,normal,0.625,0
1201,dcc,ccc,known,ccc,0.48,0.0,normal,0.48,0
1202,ccc,ccc,known,ccc,0.5,0.0,normal,0.5,0
1203,ccc,ccd,known,ccd,0.07894736842105263,0.0,anomaly,0.07894736842105263,0
1204,ccd,cdd,known,cdd,0.36,0.0,normal,0.36,0
1205,cdd,ddd,known,ddd,0.42105263157894735,0.0,normal,0.42105263157894735,0
1206,ddd,ddd,known,ddd,0.43478260869565216,0.0,normal,0.43478260869565216,0
1207,ddd,ddc,known,ddc,0.34782608695652173,0.0,normal,0.34782608695652173,0
1208,ddc,dcc,known,dcc,0.625,0.0,normal,0.625,0
1209,dcc,ccc,known,ccc,0.48,0.0,normal,0.48,0
1210,ccc,ccc,known,ccc,0.5,0.0,normal,0.5,0
1211,ccc,ccc,known,ccc,0.5,0.0,normal,0.5,0
1212,ccc,ccc,known,ccc,0.5,0.0,normal,0.5,0
1213,ccc,ccd,known,ccd,0.07894736842105263,0.0,anomaly,0.07894736842105263,0
1214,ccd,cdd,known,cdd,0.36,0.0,normal,0.36,0
1215,cdd,ddd,known,ddd,0.42105263157894735,0.0,normal,0.42105263157894735,0
1216,ddd,ddd,known,ddd,0.43478260869565216,0.0,normal,0.43478260869565216,0
1217,ddd,ddd,known,ddd,0.43478260869565216,0.0,normal,0.43478260869565216,0
1218,ddd,ddc,known,ddc,0.34782608695652173,0.0,normal,0.34782608695652173,0
1219,ddc,dcd,known,dcd,0.1875,0.0,anomaly,0.1875,0
1220,dcd,cdc,known,cdc,0.29411764705882354,0.0,normal,0.29411764705882354,0
1221,cdc,dcd,known,dcd,0.32,0.0,normal,0.32,0
1222,dcd,cdd,known,cdd,0.23529411764705882,0.0,normal,0.23529411764705882,0
1223,cdd,ddd,known,ddd,0.42105263157894735,0.0,normal,0.42105263157894735,0
1224,ddd,dde,known,dde,0.17391304347826086,0.0,anomaly,0.17391304347826086,0
1225,dde,ded,known,ded,0.0,0.0,anomaly,0.0,0
1226,ded,edc,known,edc,0.0,0.0,anomaly,0.0,0
1227,edc,dcd,known,dcd,0.6666666666666666,0.0,normal,0.6666666666666666,0
1228,dcd,cdd,known,cdd,0.23529411764705882,0.0,normal,0.23529411764705882,0
1229,cdd,ddd,known,ddd,0.42105263157894735,0.0,normal,0.42105263157894735,0
1230,ddd,ddd,known,ddd,0.43478260869565216,0.0,normal,0.43478260869565216,0
1231,ddd,dde,known,dde,0.17391304347826086,0.0,anomaly,0.17391304347826086,0
1232,dde,ded,known,ded,0.0,0.0,anomaly,0.0,0
1233,ded,edd,known,edd,0.75,0.0,normal,0.75,0
1234,edd,ddd,known,ddd,0.6,0.0,normal,0.6,0
1235,ddd,ddc,known,ddc,0.34782608695652173,0.0,normal,0.34782608695652173,0
1236,ddc,dcc,known,dcc,0.625,0.0,normal,0.625,0
1237,dcc,ccb,known,ccb,0.16,0.0,anomaly,0.16,0
1238,ccb,cbc,known,cbc,0.30927835051546393,0.0,normal,0.30927835051546393,0
1239,cbc,bcd,known,bcd,0.0759493670886076,0.0,anomaly,0.0759493670886076,0
1240,bcd,cdd,known,cdd,0.26666666666666666,0.0,normal,0.26666666666666666,0
1241,cdd,ddd,known,ddd,0.42105263157894735,0.0,normal,0.42105263157894735,0
1242,ddd,ddc,known,ddc,0.34782608695652173,0.0,normal,0.34782608695652173,0
1243,ddc,dcb,known,dcb,0.1875,0.0,anomaly,0.1875,0
1244,dcb,cbb,known,cbb,0.35294117647058826,0.0,normal,0.35294117647058826,0
1245,cbb,bbc,known,bbc,0.23703703703703705,0.0,normal,0.23703703703703705,0
1246,bbc,bcc,known,bcc,0.4206896551724138,0.0,normal,0.4206896551724138,0
1247,bcc,ccc,known,ccc,0.4489795918367347,0.0,normal,0.4489795918367347,0
1248,ccc,ccc,known,ccc,0.5,0.0,normal,0.5,0
1249,ccc,ccd,known,ccd,0.07894736842105263,0.0,anomaly,0.07894736842105263,0
1250,ccd,cdd,known,cdd,0.36,0.0,normal,0.36,0
1251,cdd,ddd,known,ddd,0.42105263157894735,0.0,normal,0.42105263157894735,0
1252,ddd,ddd,known,ddd,0.43478260869565216,0.0,normal,0.43478260869565216,0
1253,ddd,ddc,known,ddc,0.34782608695652173,0.0,normal,0.34782608695652173,0
1254,ddc,dcc,known,dcc,0.625,0.0,normal,0.625,0
1255,dcc,ccd,known,ccd,0.28,0.0,normal,0.28,0
1256,ccd,cdc,known,cdc,0.36,0.0,normal,0.36,0
1257,cdc,dcc,known,dcc,0.36,0.0,normal,0.36,0
1258,dcc,ccc,known,ccc,0.48,0.0,normal,0.48,0
1259,ccc,ccc,known,ccc,0.5,0.0,normal,0.5,0
1260,ccc,ccc,known,ccc,0.5,0.0,normal,0.5,0
1261,ccc,ccd,known,ccd,0.07894736842105263,0.0,anomaly,0.07894736842105263,0
1262,ccd,cdd,known,cdd,0.36,0.0,normal,0.36,0
1263,cdd,ddd,known,ddd,0.42105263157894735,0.0,normal,0.42105263157894735,0
1264,ddd,ddd,known,ddd,0.43478260869565216,0.0,normal,0.43478260869565216,0
1265,ddd,ddd,known,ddd,0.43478260869565216,0.0,normal,0.43478260869565216,0
1266,ddd,dde,known,dde,0.17391304347826086,0.0,anomaly,0.17391304347826086,0
1267,dde,ded,known,ded,0.0,0.0,anomaly,0.0,0
1268,ded,edc,known,edc,0.0,0.0,anomaly,0.0,0
1269,edc,dcc,known,dcc,0.3333333333333333,0.0,normal,0.3333333333333333,0
1270,dcc,ccc,known,ccc,0.48,0.0,normal,0.48,0
1271,ccc,ccc,known,ccc,0.5,0.0,normal,0.5,0
1272,ccc,ccc,known,ccc,0.5,0.0,normal,0.5,0
1273,ccc,ccc,known,ccc,0.5,0.0,normal,0.5,0
1274,ccc,ccd,known,ccd,0.07894736842105263,0.0,anomaly,0.07894736842105263,0
1275,ccd,cdd,known,cdd,0.36,0.0,normal,0.36,0
1276,cdd,ddd,known,ddd,0.42105263157894735,0.0,normal,0.42105263157894735,0
1277,ddd,dde,known,dde,0.17391304347826086,0.0,anomaly,0.17391304347826086,0
1278,dde,dee,known,dee,0.8,0.0,normal,0.8,0
1279,dee,eed,known,eed,0.0,0.0,anomaly,0.0,0
1280,eed,edd,known,edd,0.2,0.0,normal,0.2,0
1281,edd,dde,known,dde,0.2,0.0,normal,0.2,0
1282,dde,dee,known,dee,0.8,0.0,normal,0.8,0
1283,dee,eed,known,eed,0.0,0.0,anomaly,0.0,0
1284,eed,edd,known,edd,0.2,0.0,normal,0.2,0
1285,edd,ddd,known,ddd,0.6,0.0,normal,0.6,0
1286,ddd,ddc,known,ddc,0.34782608695652173,0.0,normal,0.34782608695652173,0
1287,ddc,dcb,known,dcb,0.1875,0.0,anomaly,0.1875,0
1288,dcb,cbb,known,cbb,0.35294117647058826,0.0,normal,0.35294117647058826,0
1289,cbb,bbc,known,bbc,0.23703703703703705,0.0,normal,0.23703703703703705,0
1290,bbc,bcc,known,bcc,0.4206896551724138,0.0,normal,0.4206896551724138,0
1291,bcc,ccc,known,ccc,0.4489795918367347,0.0,normal,0.4489795918367347,0
1292,ccc,ccd,known,ccd,0.07894736842105263,0.0,anomaly,0.07894736842105263,0
1293,ccd,cdd,known,cdd,0.36,0.0,normal,0.36,0
1294,cdd,ddd,known,ddd,0.42105263157894735,0.0,normal,0.42105263157894735,0
1295,ddd,ddd,known,ddd,0.43478260869565216,0.0,normal,0.43478260869565216,0
1296,ddd,ddc,known,ddc,0.34782608695652173,0.0,normal,0.34782608695652173,0
1297,ddc,dcc,known,dcc,0.625,0.0,normal,0.625,0
1298,dcc,ccc,known,ccc,0.48,0.0,normal,0.48,0
1299,ccc,ccc,known,ccc,0.5,0.0,normal,0.5,0
1300,ccc,ccd,known,ccd,0.07894736842105263,0.0,anomaly,0.07894736842105263,0
1301,ccd,cdd,known,cdd,0.36,0.0,normal,0.36,0
1302,cdd,ddd,known,ddd,0.42105263157894735,0.0,normal,0.42105263157894735,0
1303,ddd,ddd,known,ddd,0.43478260869565216,0.0,normal,0.43478260869565216,0
1304,ddd,ddd,known,ddd,0.43478260869565216,0.0,normal,0.43478260869565216,0
1305,ddd,dde,known,dde,0.17391304347826086,0.0,anomaly,0.17391304347826086,0
1306,dde,ded,known,ded,0.0,0.0,anomaly,0.0,0
1307,ded,ede,known,ede,0.0,0.0,anomaly,0.0,0
1308,ede,ded,known,ded,0.3333333333333333,0.0,normal,0.3333333333333333,0
1309,ded,edd,known,edd,0.75,0.0,normal,0.75,0
1310,edd,ddc,known,ddc,0.2,0.0,normal,0.2,0
1311,ddc,dce,unseen,dcd,0.1875,0.0,anomaly,0.1875,1
1312,dcd,ced,known,ced,0.0,0.0,anomaly,0.0,0
1313,ced,edd,known,edd,0.0,0.0,anomaly,0.0,0
1314,edd,ddd,known,ddd,0.6,0.0,normal,0.6,0
1315,ddd,ddd,known,ddd,0.43478260869565216,0.0,normal,0.43478260869565216,0
1316,ddd,ddd,known,ddd,0.43478260869565216,0.0,normal,0.43478260869565216,0
1317,ddd,ddd,known,ddd,0.43478260869565216,0.0,normal,0.43478260869565216,0
1318,ddd,ddc,known,ddc,0.34782608695652173,0.0,normal,0.34782608695652173,0
1319,ddc,dcc,known,dcc,0.625,0.0,normal,0.625,0
1320,dcc,ccd,known,ccd,0.28,0.0,normal,0.28,0
1321,ccd,cdd,known,cdd,0.36,0.0,normal,0.36,0
1322,cdd,ddc,known,ddc,0.3684210526315789,0.0,normal,0.3684210526315789,0
1323,ddc,dcc,known,dcc,0.625,0.0,normal,0.625,0
1324,dcc,ccd,known,ccd,0.28,0.0,normal,0.28,0
1325,ccd,cdc,known,cdc,0.36,0.0,normal,0.36,0
1326,cdc,dcc,known,dcc,0.36,0.0,normal,0.36,0
1327,dcc,ccc,known,ccc,0.48,0.0,normal,0.48,0
1328,ccc,ccb,known,ccb,0.39473684210526316,0.0,normal,0.39473684210526316,0
1329,ccb,cbc,known,cbc,0.30927835051546393,0.0,normal,0.30927835051546393,0
1330,cbc,bcc,known,bcc,0.2911392405063291,0.0,normal,0.2911392405063291,0
1331,bcc,ccc,known,ccc,0.4489795918367347,0.0,normal,0.4489795918367347,0
1332,ccc,ccd,known,ccd,0.07894736842105263,0.0,anomaly,0.07894736842105263,0
1333,ccd,cdc,known,cdc,0.36,0.0,normal,0.36,0
1334,cdc,dcc,known,dcc,0.36,0.0,normal,0.36,0
1335,dcc,ccc,known,ccc,0.48,0.0,normal,0.48,0
1336,ccc,ccc,known,ccc,0.5,0.0,normal,0.5,0
1337,ccc,ccc,known,ccc,0.5,0.0,normal,0.5,0
1338,ccc,ccd,known,ccd,0.07894736842105263,0.0,anomaly,0.07894736842105263,0
1339,ccd,cdc,known,cdc,0.36,0.0,normal,0.36,0
1340,cdc,dcb,known,dcb,0.32,0.0,normal,0.32,0
1341,dcb,cbc,known,cbc,0.4117647058823529,0.0,normal,0.4117647058823529,0
1342,cbc,bcb,known,bcb,0.5443037974683544,0.0,normal,0.5443037974683544,0
1343,bcb,cbc,known,cbc,0.26865671641791045,0.0,normal,0.26865671641791045,0
1344,cbc,bcc,known,bcc,0.2911392405063291,0.0,normal,0.2911392405063291,0
1345,bcc,ccc,known,ccc,0.4489795918367347,0.0,normal,0.4489795918367347,0
1346,ccc,ccb,known,ccb,0.39473684210526316,0.0,normal,0.39473684210526316,0
1347,ccb,cbc,known,cbc,0.30927835051546393,0.0,normal,0.30927835051546393,0
1348,cbc,bcd,known,bcd,0.0759493670886076,0.0,anomaly,0.0759493670886076,0
1349,bcd,cdd,known,cdd,0.26666666666666666,0.0,normal,0.26666666666666666,0
1350,cdd,dde,known,dde,0.0,0.0,anomaly,0.0,0
1351,dde,ded,known,ded,0.0,0.0,anomaly,0.0,0
1352,ded,edc,known,edc,0.0,0.0,anomaly,0.0,0
1353,edc,dcd,known,dcd,0.6666666666666666,0.0,normal,0.6666666666666666,0
1354,dcd,cdc,known,cdc,0.29411764705882354,0.0,normal,0.29411764705882354,0
1355,cdc,dcb,known,dcb,0.32,0.0,normal,0.32,0
1356,dcb,cbb,known,cbb,0.35294117647058826,0.0,normal,0.35294117647058826,0
1357,cbb,bbb,known,bbb,0.6148148148148148,0.0,normal,0.6148148148148148,0
1358,bbb,bbc,known,bbc,0.17537313432835822,0.0,anomaly,0.17537313432835822,0
1359,bbc,bcb,known,bcb,0.47586206896551725,0.0,normal,0.47586206896551725,0
1360,bcb,cbc,known,cbc,0.26865671641791045,0.0,normal,0.26865671641791045,0
1361,cbc,bcc,known,bcc,0.2911392405063291,0.0,normal,0.2911392405063291,0
1362,bcc,ccb,known,ccb,0.45918367346938777,0.0,normal,0.45918367346938777,0
1363,ccb,cbc,known,cbc,0.30927835051546393,0.0,normal,0.30927835051546393,0
1364,cbc,bcc,known,bcc,0.2911392405063291,0.0,normal,0.2911392405063291,0
1365,bcc,ccc,known,ccc,0.4489795918367347,0.0,normal,0.4489795918367347,0
1366,ccc,ccc,known,ccc,0.5,0.0,normal,0.5,0
1367,ccc,ccb,known,ccb,0.39473684210526316,0.0,normal,0.39473684210526316,0
1368,ccb,cbc,known,cbc,0.30927835051546393,0.0,normal,0.30927835051546393,0
1369,cbc,bcc,known,bcc,0.2911392405063291,0.0,normal,0.2911392405063291,0
1370,bcc,ccb,known,ccb,0.45918367346938777,0.0,normal,0.45918367346938777,0
1371,ccb,cbb,known,cbb,0.5463917525773195,0.0,normal,0.5463917525773195,0
1372,cbb,bbb,known,bbb,0.6148148148148148,0.0,normal,0.6148148148148148,0
1373,bbb,bbb,known,bbb,0.6380597014925373,0.0,normal,0.6380597014925373,0
1374,bbb,bbb,known,bbb,0.6380597014925373,0.0,normal,0.6380597014925373,0
1375,bbb,bbb,known,bbb,0.6380597014925373,0.0,normal,0.6380597014925373,0
1376,bbb,bbb,known,bbb,0.6380597014925373,0.0,normal,0.6380597014925373,0
1377,bbb,bbc,known,bbc,0.17537313432835822,0.0,anomaly,0.17537313432835822,0
1378,bbc,bcb,known,bcb,0.47586206896551725,0.0,normal,0.47586206896551725,0
1379,bcb,cbb,known,cbb,0.5223880597014925,0.0,normal,0.5223880597014925,0
1380,cbb,bbb,known,bbb,0.6148148148148148,0.0,normal,0.6148148148148148,0
1381,bbb,bbc,known,bbc,0.17537313432835822,0.0,anomaly,0.17537313432835822,0
1382,bbc,bcc,known,bcc,0.4206896551724138,0.0,normal,0.4206896551724138,0
1383,bcc,ccd,known,ccd,0.061224489795918366,0.0,anomaly,0.061224489795918366,0
1384,ccd,cdc,known,cdc,0.36,0.0,normal,0.36,0
1385,cdc,dcd,known,dcd,0.32,0.0,normal,0.32,0
1386,dcd,cdd,known,cdd,0.23529411764705882,0.0,normal,0.23529411764705882,0
1387,cdd,ddc,known,ddc,0.3684210526315789,0.0,normal,0.3684210526315789,0
1388,ddc,dcc,known,dcc,0.625,0.0,normal,0.625,0
1389,dcc,ccd,known,ccd,0.28,0.0,normal,0.28,0
1390,ccd,cdb,known,cdb,0.2,0.0,normal,0.2,0
1391,cdb,dbb,known,dbb,0.4,0.0,normal,0.4,0
1392,dbb,bbb,known,bbb,0.5,0.0,normal,0.5,0
1393,bbb,bbc,known,bbc,0.17537313432835822,0.0,anomaly,0.17537313432835822,0
1394,bbc,bcc,known,bcc,0.4206896551724138,0.0,normal,0.4206896551724138,0
1395,bcc,ccd,known,ccd,0.061224489795918366,0.0,anomaly,0.061224489795918366,0
1396,ccd,cdc,known,cdc,0.36,0.0,normal,0.36,0
1397,cdc,dcc,known,dcc,0.36,0.0,normal,0.36,0
1398,dcc,ccc,known,ccc,0.48,0.0,normal,0.48,0
1399,ccc,ccc,known,ccc,0.5,0.0,normal,0.5,0
1400,ccc,ccc,known,ccc,0.5,0.0,normal,0.5,0
1401,ccc,ccb,known,ccb,0.39473684210526316,0.0,normal,0.39473684210526316,0
1402,ccb,cbb,known,cbb,0.5463917525773195,0.0,normal,0.5463917525773195,0
1403,cbb,bbc,known,bbc,0.23703703703703705,0.0,normal,0.23703703703703705,0
1404,bbc,bcb,known,bcb,0.47586206896551725,0.0,normal,0.47586206896551725,0
1405,bcb,cbb,known,cbb,0.5223880597014925,0.0,normal,0.5223880597014925,0
1406,cbb,bbb,known,bbb,0.6148148148148148,0.0,normal,0.6148148148148148,0
1407,bbb,bbb,known,bbb,0.6380597014925373,0.0,normal,0.6380597014925373,0
1408,bbb,bbb,known,bbb,0.6380597014925373,0.0,normal,0.6380597014925373,0
1409,bbb,bbb,known,bbb,0.6380597014925373,0.0,normal,0.6380597014925373,0
1410,bbb,bbc,known,bbc,0.17537313432835822,0.0,anomaly,0.17537313432835822,0
1411,bbc,bcc,known,bcc,0.4206896551724138,0.0,normal,0.4206896551724138,0
1412,bcc,ccc,known,ccc,0.4489795918367347,0.0,normal,0.4489795918367347,0
1413,ccc,ccc,known,ccc,0.5,0.0,normal,0.5,0
1414,ccc,ccc,known,ccc,0.5,0.0,normal,0.5,0
1415,ccc,ccd,known,ccd,0.07894736842105263,0.0,anomaly,0.07894736842105263,0
1416,ccd,cdd,known,cdd,0.36,0.0,normal,0.36,0
1417,cdd,ddd,known,ddd,0.42105263157894735,0.0,normal,0.42105263157894735,0
1418,ddd,ddd,known,ddd,0.43478260869565216,0.0,normal,0.43478260869565216,0
1419,ddd,ddc,known,ddc,0.34782608695652173,0.0,normal,0.34782608695652173,0
1420,ddc,dcc,known,dcc,0.625,0.0,normal,0.625,0
1421,dcc,ccc,known,ccc,0.48,0.0,normal,0.48,0
1422,ccc,ccc,known,ccc,0.5,0.0,normal,0.5,0
1423,ccc,ccc,known,ccc,0.5,0.0,normal,0.5,0
1424,ccc,ccc,known,ccc,0.5,0.0,normal,0.5,0
1425,ccc,ccb,known,ccb,0.39473684210526316,0.0,normal,0.39473684210526316,0
1426,ccb,cbd,known,cbd,0.07216494845360824,0.0,anomaly,0.07216494845360824,0
1427,cbd,bdd,known,bdd,0.10526315789473684,0.0,anomaly,0.10526315789473684,0
1428,bdd,ddc,known,ddc,0.0,0.0,anomaly,0.0,0
1429,ddc,dcc,known,dcc,0.625,0.0,normal,0.625,0
1430,dcc,ccc,known,ccc,0.48,0.0,normal,0.48,0
1431,ccc,ccb,known,ccb,0.39473684210526316,0.0,normal,0.39473684210526316,0
1432,ccb,cbb,known,cbb,0.5463917525773195,0.0,normal,0.5463917525773195,0
1433,cbb,bbb,known,bbb,0.6148148148148148,0.0,normal,0.6148148148148148,0
1434,bbb,bbb,known,bbb,0.6380597014925373,0.0,normal,0.6380597014925373,0
1435,bbb,bbb,known,bbb,0.6380597014925373,0.0,normal,0.6380597014925373,0
1436,bbb,bbc,known,bbc,0.17537313432835822,0.0,anomaly,0.17537313432835822,0
1437,bbc,bcc,known,bcc,0.4206896551724138,0.0,normal,0.4206896551724138,0
1438,bcc,ccc,known,ccc,0.4489795918367347,0.0,normal,0.4489795918367347,0
1439,ccc,ccc,known,ccc,0.5,0.0,normal,0.5,0
1440,ccc,ccb,known,ccb,0.39473684210526316,0.0,normal,0.39473684210526316,0
1441,ccb,cbc,known,cbc,0.30927835051546393,0.0,normal,0.30927835051546393,0
1442,cbc,bcb,known,bcb,0.5443037974683544,0.0,normal,0.5443037974683544,0
1443,bcb,cbb,known,cbb,0.5223880597014925,0.0,normal,0.5223880597014925,0
1444,cbb,bbb,known,bbb,0.6148148148148148,0.0,normal,0.6148148148148148,0
1445,bbb,bbc,known,bbc,0.17537313432835822,0.0,anomaly,0.17537313432835822,0
1446,bbc,bcc,known,bcc,0.4206896551724138,0.0,normal,0.4206896551724138,0
1447,bcc,ccc,known,ccc,0.4489795918367347,0.0,normal,0.4489795918367347,0
1448,ccc,ccc,known,ccc,0.5,0.0,normal,0.5,0
1449,ccc,ccc,known,ccc,0.5,0.0,normal,0.5,0
1450,ccc,ccc,known,ccc,0.5,0.0,normal,0.5,0
1451,ccc,ccb,known,ccb,0.39473684210526316,0.0,normal,0.39473684210526316,0
1452,ccb,cbb,known,cbb,0.5463917525773195,0.0,normal,0.5463917525773195,0
1453,cbb,bbc,known,bbc,0.23703703703703705,0.0,normal,0.23703703703703705,0
1454,bbc,bcb,known,bcb,0.47586206896551725,0.0,normal,0.47586206896551725,0
1455,bcb,cbb,known,cbb,0.5223880597014925,0.0,normal,0.5223880597014925,0
1456,cbb,bbc,known,bbc,0.23703703703703705,0.0,normal,0.23703703703703705,0
1457,bbc,bcd,known,bcd,0.04827586206896552,0.0,anomaly,0.04827586206896552,0
1458,bcd,cdd,known,cdd,0.26666666666666666,0.0,normal,0.26666666666666666,0
1459,cdd,ddd,known,ddd,0.42105263157894735,0.0,normal,0.42105263157894735,0
1460,ddd,ddb,known,ddb,0.043478260869565216,0.0,anomaly,0.043478260869565216,0
1461,ddb,dbc,known,dbc,0.8,0.0,normal,0.8,0
1462,dbc,bcc,known,bcc,0.35,0.0,normal,0.35,0
1463,bcc,ccc,known,ccc,0.4489795918367347,0.0,normal,0.4489795918367347,0
1464,ccc,ccc,known,ccc,0.5,0.0,normal,0.5,0
1465,ccc,ccc,known,ccc,0.5,0.0,normal,0.5,0
1466,ccc,ccc,known,ccc,0.5,0.0,normal,0.5,0
1467,ccc,ccd,known,ccd,0.07894736842105263,0.0,anomaly,0.07894736842105263,0
1468,ccd,cdd,known,cdd,0.36,0.0,normal,0.36,0
1469,cdd,ddc,known,ddc,0.3684210526315789,0.0,normal,0.3684210526315789,0
1470,ddc,dcc,known,dcc,0.625,0.0,normal,0.625,0
1471,dcc,ccc,known,ccc,0.48,0.0,normal,0.48,0
1472,ccc,ccd,known,ccd,0.07894736842105263,0.0,anomaly,0.07894736842105263,0
1473,ccd,cdc,known,cdc,0.36,0.0,normal,0.36,0
1474,cdc,dcd,known,dcd,0.32,0.0,normal,0.32,0
1475,dcd,cdd,known,cdd,0.23529411764705882,0.0,normal,0.23529411764705882,0
1476,cdd,ddc,known,ddc,0.3684210526315789,0.0,normal,0.3684210526315789,0
1477,ddc,dce,unseen,dcd,0.1875,0.0,anomaly,0.1875,1
1478,dcd,cee,unseen,cbe,0.0,0.0,anomaly,0.0,1
1479,cbe,eed,known,eed,0.0,0.0,anomaly,0.0,0
1480,eed,edc,known,edc,0.0,0.0,anomaly,0.0,0
1481,edc,dcd,known,dcd,0.6666666666666666,0.0,normal,0.6666666666666666,0
1482,dcd,cdc,known,cdc,0.29411764705882354,0.0,normal,0.29411764705882354,0
1483,cdc,dcc,known,dcc,0.36,0.0,normal,0.36,0
1484,dcc,ccd,known,ccd,0.28,0.0,normal,0.28,0
1485,ccd,cdd,known,cdd,0.36,0.0,normal,0.36,0
1486,cdd,ddd,known,ddd,0.42105263157894735,0.0,normal,0.42105263157894735,0
1487,ddd,ddd,known,ddd,0.43478260869565216,0.0,normal,0.43478260869565216,0
1488,ddd,dde,known,dde,0.17391304347826086,0.0,anomaly,0.17391304347826086,0
1489,dde,dee,known,dee,0.8,0.0,normal,0.8,0
1490,dee,eed,known,eed,0.0,0.0,anomaly,0.0,0
1491,eed,edd,known,edd,0.2,0.0,normal,0.2,0
1492,edd,ddd,known,ddd,0.6,0.0,normal,0.6,0
1493,ddd,ddd,known,ddd,0.43478260869565216,0.0,normal,0.43478260869565216,0
1494,ddd,dde,known,dde,0.17391304347826086,0.0,anomaly,0.17391304347826086,0
1495,dde,ded,known,ded,0.0,0.0,anomaly,0.0,0
1496,ded,edd,known,edd,0.75,0.0,normal,0.75,0
1497,edd,dde,known,dde,0.2,0.0,normal,0.2,0
1498,dde,ded,known,ded,0.0,0.0,anomaly,0.0,0
1499,ded,edd,known,edd,0.75,0.0,normal,0.75,0
1500,edd,ddd,known,ddd,0.6,0.0,normal,0.6,0
1501,ddd,ddc,known,ddc,0.34782608695652173,0.0,normal,0.34782608695652173,0
1502,ddc,dcb,known,dcb,0.1875,0.0,anomaly,0.1875,0
1503,dcb,cbc,known,cbc,0.4117647058823529,0.0,normal,0.4117647058823529,0
1504,cbc,bcc,known,bcc,0.2911392405063291,0.0,normal,0.2911392405063291,0
1505,bcc,ccd,known,ccd,0.061224489795918366,0.0,anomaly,0.061224489795918366,0
1506,ccd,cdd,known,cdd,0.36,0.0,normal,0.36,0
1507,cdd,ddd,known,ddd,0.42105263157894735,0.0,normal,0.42105263157894735,0
1508,ddd,ddd,known,ddd,0.43478260869565216,0.0,normal,0.43478260869565216,0
1509,ddd,ddc,known,ddc,0.34782608695652173,0.0,normal,0.34782608695652173,0
1510,ddc,dcc,known,dcc,0.625,0.0,normal,0.625,0
1511,dcc,ccd,known,ccd,0.28,0.0,normal,0.28,0
