time_step,actual_label,prediction_probability,decision
1,0,0.40180274844169617,normal
2,0,0.26402944326400757,normal
3,0,0.2413177490234375,normal
4,0,0.25690987706184387,normal
5,0,0.2776092290878296,normal
6,0,0.25712502002716064,normal
7,0,0.2464703470468521,normal
8,0,0.24639008939266205,normal
9,0,0.31799736618995667,normal
10,0,0.33888009190559387,normal
11,0,0.33567214012145996,normal
12,0,0.28079167008399963,normal
13,0,0.2544420063495636,normal
14,0,0.28894200921058655,normal
15,0,0.31437307596206665,normal
16,0,0.3059230148792267,normal
17,0,0.2780439257621765,normal
18,0,0.3165847063064575,normal
19,0,0.46394917368888855,normal
20,0,0.4375728666782379,normal
21,0,0.3414013683795929,normal
22,0,0.35541895031929016,normal
23,0,0.45650210976600647,normal
24,0,0.6119962930679321,anomaly
25,0,0.5487415790557861,anomaly
26,0,0.3963288366794586,normal
27,0,0.3179963231086731,normal
28,0,0.41838395595550537,normal
29,0,0.4134541451931,normal
30,0,0.4330722391605377,normal
31,0,0.347232460975647,normal
32,0,0.3760780096054077,normal
33,0,0.5432076454162598,anomaly
34,0,0.5367802381515503,anomaly
35,0,0.5820671319961548,anomaly
36,0,0.4289088249206543,normal
37,0,0.3683894872665405,normal
38,0,0.37062913179397583,normal
39,0,0.3327619433403015,normal
40,0,0.3194303512573242,normal
41,0,0.3691069483757019,normal
42,0,0.5245143175125122,anomaly
43,0,0.5088458061218262,anomaly
44,0,0.41108080744743347,normal
45,0,0.3447299897670746,normal
46,0,0.39427098631858826,normal
47,0,0.4401329457759857,normal
48,0,0.4734036326408386,normal
49,0,0.33175942301750183,normal
50,0,0.2674914300441742,normal
51,0,0.305558979511261,normal
52,0,0.31564897298812866,normal
53,0,0.30099013447761536,normal
54,0,0.2426718771457672,normal
55,0,0.2539524734020233,normal
56,0,0.302046537399292,normal
57,0,0.2866440713405609,normal
58,0,0.35700011253356934,normal
59,0,0.27427712082862854,normal
60,0,0.24234172701835632,normal
61,0,0.24258460104465485,normal
62,0,0.2351091504096985,normal
63,0,0.2249247431755066,normal
64,0,0.23229697346687317,normal
65,0,0.26892030239105225,normal
66,0,0.2870936095714569,normal
67,0,0.272929310798645,normal
68,0,0.24097926914691925,normal
69,0,0.24418732523918152,normal
70,0,0.26446714997291565,normal
71,0,0.32471081614494324,normal
72,0,0.33555713295936584,normal
73,0,0.2701747417449951,normal
74,0,0.31524115800857544,normal
75,0,0.37736478447914124,normal
76,0,0.3933715522289276,normal
77,0,0.3294360935688019,normal
78,0,0.29724031686782837,normal
79,0,0.3217637836933136,normal
80,0,0.38351550698280334,normal
81,0,0.4346175193786621,normal
82,0,0.317904531955719,normal
83,0,0.24633613228797913,normal
84,0,0.2584206163883209,normal
85,0,0.2645166218280792,normal
86,0,0.2937496602535248,normal
87,0,0.2427927404642105,normal
88,0,0.24921098351478577,normal
89,0,0.275804340839386,normal
90,0,0.27175813913345337,normal
91,0,0.3596048951148987,normal
92,0,0.2561802268028259,normal
93,0,0.27473458647727966,normal
94,0,0.38750892877578735,normal
95,0,0.45927706360816956,normal
96,0,0.5059770345687866,anomaly
97,0,0.3009672462940216,normal
98,0,0.3616512715816498,normal
99,0,0.579493522644043,anomaly
100,0,0.608877420425415,anomaly
101,0,0.6494421362876892,anomaly
102,0,0.41268739104270935,normal
103,0,0.2893737852573395,normal
104,0,0.2840769588947296,normal
105,0,0.3356286883354187,normal
106,0,0.28593382239341736,normal
107,0,0.2743646204471588,normal
108,0,0.21830713748931885,normal
109,0,0.24200206995010376,normal
110,0,0.27252432703971863,normal
111,0,0.2625943124294281,normal
112,0,0.30709031224250793,normal
113,0,0.23307394981384277,normal
114,0,0.22813090682029724,normal
115,0,0.23019291460514069,normal
116,0,0.23586131632328033,normal
117,0,0.251621812582016,normal
118,0,0.2224980741739273,normal
119,0,0.22826255857944489,normal
120,0,0.26960715651512146,normal
121,0,0.3245796263217926,normal
122,0,0.4793425500392914,normal
123,0,0.46321144700050354,normal
124,0,0.3320346176624298,normal
125,0,0.27470993995666504,normal
126,0,0.3519227206707001,normal
127,0,0.48811328411102295,normal
128,0,0.5922412872314453,anomaly
129,0,0.5114898681640625,anomaly
130,0,0.44365665316581726,normal
131,0,0.5488415360450745,anomaly
132,0,0.5899529457092285,anomaly
133,0,0.670025110244751,anomaly
134,0,0.44031593203544617,normal
135,0,0.35937198996543884,normal
136,0,0.39418765902519226,normal
137,0,0.4655224084854126,normal
138,0,0.49997571110725403,normal
139,0,0.37311455607414246,normal
140,0,0.2679097652435303,normal
141,0,0.2667974531650543,normal
142,0,0.29378384351730347,normal
143,0,0.34449514746665955,normal
144,0,0.32849961519241333,normal
145,0,0.23613043129444122,normal
146,0,0.2430073767900467,normal
147,0,0.2622845470905304,normal
148,0,0.2711077630519867,normal
149,0,0.26244989037513733,normal
150,0,0.2307884842157364,normal
151,0,0.22582216560840607,normal
152,0,0.2757352292537689,normal
153,0,0.2548401653766632,normal
154,0,0.26878413558006287,normal
155,0,0.28767266869544983,normal
156,0,0.3574833571910858,normal
157,0,0.37365472316741943,normal
158,0,0.2853551506996155,normal
159,0,0.3635576069355011,normal
160,0,0.25936079025268555,normal
161,0,0.28064393997192383,normal
162,0,0.30902162194252014,normal
163,0,0.3700867295265198,normal
164,0,0.3011245131492615,normal
165,0,0.24563872814178467,normal
166,0,0.3029297888278961,normal
167,0,0.3538598120212555,normal
168,0,0.4231245815753937,normal
169,0,0.3300480544567108,normal
170,0,0.2403552383184433,normal
171,0,0.237120121717453,normal
172,0,0.23825208842754364,normal
173,0,0.2683047354221344,normal
174,0,0.2772343158721924,normal
175,0,0.24415551126003265,normal
176,0,0.29238879680633545,normal
177,0,0.3613487482070923,normal
178,0,0.48891234397888184,normal
179,0,0.3495643734931946,normal
180,0,0.25860777497291565,normal
181,0,0.22913172841072083,normal
182,0,0.2542017996311188,normal
183,0,0.32390519976615906,normal
184,0,0.43377411365509033,normal
185,0,0.3865108788013458,normal
186,0,0.27463120222091675,normal
187,0,0.25580957531929016,normal
188,0,0.2861868143081665,normal
189,0,0.37918004393577576,normal
190,0,0.4459448754787445,normal
191,0,0.40641361474990845,normal
192,0,0.28829070925712585,normal
193,0,0.24782130122184753,normal
194,0,0.29781872034072876,normal
195,0,0.48440122604370117,normal
196,0,0.5933223366737366,anomaly
197,0,0.6803962588310242,anomaly
198,0,0.579418420791626,anomaly
199,0,0.36049869656562805,normal
200,0,0.27394795417785645,normal
201,0,0.30116361379623413,normal
202,0,0.40995681285858154,normal
203,0,0.6549968123435974,anomaly
204,0,0.7523764371871948,anomaly
205,0,0.7451122999191284,anomaly
206,0,0.6957079172134399,anomaly
207,0,0.44947129487991333,normal
208,0,0.3595593273639679,normal
209,0,0.3631178140640259,normal
210,0,0.5161119103431702,anomaly
211,0,0.5966397523880005,anomaly
212,0,0.5653611421585083,anomaly
213,0,0.4107343852519989,normal
214,0,0.27424806356430054,normal
215,0,0.2520297169685364,normal
216,0,0.2828494608402252,normal
217,0,0.33149254322052,normal
218,0,0.5092716813087463,anomaly
219,0,0.497694194316864,normal
220,0,0.4703541696071625,normal
221,0,0.3999771177768707,normal
222,0,0.2908104360103607,normal
223,0,0.28310105204582214,normal
224,0,0.290971964597702,normal
225,0,0.37001827359199524,normal
226,0,0.44016191363334656,normal
227,0,0.5659662485122681,anomaly
228,0,0.5533127784729004,anomaly
229,0,0.48822343349456787,normal
230,0,0.34837791323661804,normal
231,0,0.25215888023376465,normal
232,0,0.2902926504611969,normal
233,0,0.4052843153476715,normal
234,0,0.6455869674682617,anomaly
235,0,0.654829204082489,anomaly
236,0,0.42340341210365295,normal
237,0,0.28345048427581787,normal
238,0,0.2448560744524002,normal
239,0,0.26038211584091187,normal
240,0,0.426916241645813,normal
241,0,0.591871976852417,anomaly
242,0,0.6976561546325684,anomaly
243,0,0.6821061372756958,anomaly
244,0,0.4690250754356384,normal
245,0,0.3110882341861725,normal
246,0,0.271167129278183,normal
247,0,0.27989766001701355,normal
248,0,0.3758929669857025,normal
249,0,0.5796149373054504,anomaly
250,0,0.6056501865386963,anomaly
251,0,0.6581834554672241,anomaly
252,0,0.5607485771179199,anomaly
253,0,0.3976776897907257,normal
254,0,0.3257192075252533,normal
255,0,0.39688655734062195,normal
256,0,0.492783784866333,normal
257,0,0.7187997102737427,anomaly
258,0,0.7778387069702148,anomaly
259,0,0.8236523270606995,anomaly
260,0,0.7951266765594482,anomaly
261,0,0.6494635939598083,anomaly
262,0,0.5219950675964355,anomaly
263,0,0.3722556233406067,normal
264,0,0.4632493257522583,normal
265,0,0.5978637933731079,anomaly
266,0,0.7336373329162598,anomaly
267,0,0.7492656707763672,anomaly
268,0,0.717364490032196,anomaly
269,0,0.595443606376648,anomaly
270,0,0.4166809618473053,normal
271,0,0.39340347051620483,normal
272,0,0.55008864402771,anomaly
273,0,0.7269233465194702,anomaly
274,0,0.724898099899292,anomaly
275,0,0.7160201668739319,anomaly
276,0,0.526867151260376,anomaly
277,0,0.42843565344810486,normal
278,0,0.5291973948478699,anomaly
279,0,0.6763782501220703,anomaly
280,0,0.7560869455337524,anomaly
281,0,0.7553385496139526,anomaly
282,0,0.7272663116455078,anomaly
283,0,0.6247596740722656,anomaly
284,0,0.49331581592559814,normal
285,0,0.5843011140823364,anomaly
286,0,0.7485535144805908,anomaly
287,0,0.8449563384056091,anomaly
288,0,0.8573691844940186,anomaly
289,0,0.8486143350601196,anomaly
290,0,0.7848736643791199,anomaly
291,0,0.6545531153678894,anomaly
292,0,0.6213849782943726,anomaly
293,0,0.630371630191803,anomaly
294,0,0.8070434927940369,anomaly
295,0,0.8524836301803589,anomaly
296,0,0.8491039276123047,anomaly
297,0,0.7918651103973389,anomaly
298,0,0.7114683389663696,anomaly
299,0,0.5807386636734009,anomaly
300,0,0.6758816242218018,anomaly
301,0,0.7669411897659302,anomaly
302,0,0.8449651598930359,anomaly
303,0,0.8545063734054565,anomaly
304,0,0.8490259051322937,anomaly
305,0,0.8005284070968628,anomaly
306,0,0.704317033290863,anomaly
307,0,0.6186931133270264,anomaly
308,0,0.6909703016281128,anomaly
309,0,0.7846852540969849,anomaly
310,0,0.7868129014968872,anomaly
311,0,0.8068186640739441,anomaly
312,0,0.7455663681030273,anomaly
313,0,0.6540136933326721,anomaly
314,0,0.5851715803146362,anomaly
315,0,0.6113466024398804,anomaly
316,0,0.7417696714401245,anomaly
317,0,0.784014105796814,anomaly
318,0,0.7679040431976318,anomaly
319,0,0.7197555303573608,anomaly
320,0,0.5055556297302246,anomaly
321,0,0.38950788974761963,normal
322,0,0.44870635867118835,normal
323,0,0.5513253211975098,anomaly
324,0,0.700278639793396,anomaly
325,0,0.7050060033798218,anomaly
326,0,0.5834255814552307,anomaly
327,0,0.3637266159057617,normal
328,0,0.3164905607700348,normal
329,0,0.35127079486846924,normal
330,0,0.5491854548454285,anomaly
331,0,0.7250816822052002,anomaly
332,0,0.7445656657218933,anomaly
333,0,0.7566251158714294,anomaly
334,0,0.6081902384757996,anomaly
335,0,0.496368944644928,normal
336,0,0.4644506871700287,normal
337,0,0.5899609327316284,anomaly
338,0,0.6895413994789124,anomaly
339,0,0.616556704044342,anomaly
340,0,0.552688479423523,anomaly
341,0,0.5707048177719116,anomaly
342,0,0.662519097328186,anomaly
343,0,0.7906378507614136,anomaly
344,0,0.8089960813522339,anomaly
345,0,0.7684949636459351,anomaly
346,0,0.6749494671821594,anomaly
347,0,0.4947677552700043,normal
348,0,0.3581065833568573,normal
349,0,0.4655294418334961,normal
350,0,0.6349935531616211,anomaly
351,0,0.6715742349624634,anomaly
352,0,0.7173277139663696,anomaly
353,0,0.5271248817443848,anomaly
354,0,0.29646235704421997,normal
355,0,0.2512715458869934,normal
356,0,0.29748839139938354,normal
357,0,0.38226428627967834,normal
358,0,0.5237674713134766,anomaly
359,0,0.575585663318634,anomaly
360,0,0.4149119555950165,normal
361,0,0.29403483867645264,normal
362,0,0.27607426047325134,normal
363,0,0.3121711313724518,normal
364,0,0.4940316379070282,normal
365,0,0.4988493323326111,normal
366,0,0.6253882050514221,anomaly
367,0,0.5372573137283325,anomaly
368,0,0.44072481989860535,normal
369,0,0.42651066184043884,normal
370,0,0.37157097458839417,normal
371,0,0.47671228647232056,normal
372,0,0.5824020504951477,anomaly
373,0,0.5927953720092773,anomaly
374,0,0.6140700578689575,anomaly
375,0,0.47407886385917664,normal
376,0,0.42601504921913147,normal
377,0,0.49086543917655945,normal
378,0,0.5569514036178589,anomaly
379,0,0.6563738584518433,anomaly
380,0,0.6559484004974365,anomaly
381,0,0.5604780316352844,anomaly
382,0,0.4576112926006317,normal
383,0,0.4081445634365082,normal
384,0,0.42909660935401917,normal
385,0,0.606528639793396,anomaly
386,0,0.7827884554862976,anomaly
387,0,0.8266173005104065,anomaly
388,0,0.8558492064476013,anomaly
389,0,0.8200616240501404,anomaly
390,0,0.7639803290367126,anomaly
391,0,0.7173724174499512,anomaly
392,0,0.7979594469070435,anomaly
393,0,0.851769745349884,anomaly
394,0,0.853364109992981,anomaly
395,0,0.8166632652282715,anomaly
396,0,0.8006758689880371,anomaly
397,0,0.7728890776634216,anomaly
398,0,0.8063992261886597,anomaly
399,0,0.8348923921585083,anomaly
400,0,0.8315630555152893,anomaly
401,0,0.7500610947608948,anomaly
402,0,0.6896597146987915,anomaly
403,0,0.5607730150222778,anomaly
404,0,0.5150289535522461,anomaly
405,0,0.6772918701171875,anomaly
406,0,0.7495521306991577,anomaly
407,0,0.7671246528625488,anomaly
408,0,0.755973756313324,anomaly
409,0,0.6164084672927856,anomaly
410,0,0.39205336570739746,normal
411,0,0.3587803244590759,normal
412,0,0.4398658871650696,normal
413,0,0.6014820337295532,anomaly
414,0,0.6602360010147095,anomaly
415,0,0.6735907196998596,anomaly
416,0,0.4955591857433319,normal
417,0,0.36735889315605164,normal
418,0,0.3443620204925537,normal
419,0,0.4674611985683441,normal
420,0,0.5061187744140625,anomaly
421,0,0.6262302994728088,anomaly
422,0,0.6716036796569824,anomaly
423,0,0.681952953338623,anomaly
424,0,0.6045355200767517,anomaly
425,0,0.4903051555156708,normal
426,0,0.5133475065231323,anomaly
427,0,0.5548961162567139,anomaly
428,0,0.6979146003723145,anomaly
429,0,0.668749213218689,anomaly
430,0,0.699573278427124,anomaly
431,0,0.6652959585189819,anomaly
432,0,0.611103892326355,anomaly
433,0,0.7538883686065674,anomaly
434,0,0.8051522374153137,anomaly
435,0,0.8233895897865295,anomaly
436,0,0.7892173528671265,anomaly
437,0,0.6731390357017517,anomaly
438,0,0.570976197719574,anomaly
439,0,0.5698904395103455,anomaly
440,0,0.6722912788391113,anomaly
441,0,0.7822250127792358,anomaly
442,0,0.774781346321106,anomaly
443,0,0.836046576499939,anomaly
444,0,0.8003658652305603,anomaly
445,0,0.7293342351913452,anomaly
446,0,0.6200414299964905,anomaly
447,0,0.6622167825698853,anomaly
448,0,0.7027325630187988,anomaly
449,0,0.7910712361335754,anomaly
450,0,0.8286418914794922,anomaly
451,0,0.8155145645141602,anomaly
452,0,0.825308084487915,anomaly
453,0,0.716760516166687,anomaly
454,0,0.5960079431533813,anomaly
455,0,0.5715807676315308,anomaly
456,0,0.629350483417511,anomaly
457,0,0.6591839790344238,anomaly
458,0,0.6822711825370789,anomaly
459,0,0.576534628868103,anomaly
460,0,0.4473412334918976,normal
461,0,0.34687545895576477,normal
462,0,0.3478558361530304,normal
463,0,0.4552340805530548,normal
464,0,0.5124441385269165,anomaly
465,0,0.45842087268829346,normal
466,0,0.40163180232048035,normal
467,0,0.31631332635879517,normal
468,0,0.29907190799713135,normal
469,0,0.339168906211853,normal
470,0,0.4176075756549835,normal
471,0,0.5353929400444031,anomaly
472,0,0.5806460380554199,anomaly
473,0,0.47396257519721985,normal
474,0,0.2965554893016815,normal
475,0,0.24943523108959198,normal
476,0,0.22498777508735657,normal
477,0,0.26058393716812134,normal
478,0,0.2902606129646301,normal
479,0,0.2889043986797333,normal
480,0,0.32612308859825134,normal
481,0,0.2668541967868805,normal
482,0,0.2253895252943039,normal
483,0,0.23763011395931244,normal
484,0,0.25680777430534363,normal
485,0,0.32632339000701904,normal
486,0,0.3769373893737793,normal
487,0,0.3715294897556305,normal
488,0,0.369951456785202,normal
489,0,0.26144924759864807,normal
490,0,0.2454041838645935,normal
491,0,0.23940327763557434,normal
492,0,0.2872600257396698,normal
493,0,0.33456188440322876,normal
494,0,0.41380414366722107,normal
495,0,0.41972580552101135,normal
496,0,0.3814607262611389,normal
497,0,0.34467828273773193,normal
498,0,0.26137807965278625,normal
499,0,0.3064807951450348,normal
500,0,0.36967480182647705,normal
501,0,0.4741823077201843,normal
502,0,0.6203951239585876,anomaly
503,0,0.6638424396514893,anomaly
504,0,0.5936223268508911,anomaly
505,0,0.5319262742996216,anomaly
506,0,0.4491715133190155,normal
507,0,0.42992934584617615,normal
508,0,0.3402296304702759,normal
509,0,0.34297794103622437,normal
510,0,0.3235730826854706,normal
511,0,0.34896859526634216,normal
512,0,0.3466528654098511,normal
513,0,0.3128103017807007,normal
514,0,0.30217602849006653,normal
515,0,0.2724355459213257,normal
516,0,0.27696800231933594,normal
517,0,0.28842344880104065,normal
518,0,0.2545592784881592,normal
519,0,0.24432356655597687,normal
520,0,0.31150421500205994,normal
521,0,0.2906096577644348,normal
522,0,0.3914116322994232,normal
523,0,0.3815017640590668,normal
524,0,0.35160934925079346,normal
525,0,0.453277587890625,normal
526,0,0.37366846203804016,normal
527,0,0.3378186523914337,normal
528,0,0.425650417804718,normal
529,0,0.36069414019584656,normal
530,0,0.40324461460113525,normal
531,0,0.31489676237106323,normal
532,0,0.35554155707359314,normal
533,0,0.37895438075065613,normal
534,0,0.358398973941803,normal
535,0,0.32730981707572937,normal
536,0,0.23532068729400635,normal
537,0,0.22264543175697327,normal
538,0,0.23426802456378937,normal
539,0,0.2581985890865326,normal
540,0,0.24242046475410461,normal
541,0,0.24657265841960907,normal
542,0,0.2343894988298416,normal
543,0,0.23131677508354187,normal
544,0,0.25629520416259766,normal
545,0,0.34202200174331665,normal
546,0,0.3476080894470215,normal
547,0,0.30902594327926636,normal
548,0,0.27698665857315063,normal
549,0,0.30019232630729675,normal
550,0,0.3536933958530426,normal
551,0,0.4591514468193054,normal
552,0,0.40803638100624084,normal
553,0,0.33127668499946594,normal
554,0,0.30809301137924194,normal
555,0,0.30711615085601807,normal
556,0,0.3029603958129883,normal
557,0,0.2713855803012848,normal
558,0,0.24011081457138062,normal
559,0,0.23432300984859467,normal
560,0,0.26879313588142395,normal
561,0,0.2435283362865448,normal
562,0,0.25403258204460144,normal
563,0,0.23643435537815094,normal
564,0,0.22898104786872864,normal
565,0,0.23156456649303436,normal
566,0,0.2512649595737457,normal
567,0,0.28641200065612793,normal
568,0,0.2965505123138428,normal
569,1,0.27354884147644043,normal
570,1,0.25182878971099854,normal
571,1,0.22413130104541779,normal
572,1,0.22797615826129913,normal
573,1,0.24777399003505707,normal
574,1,0.2843323349952698,normal
575,1,0.3288252055644989,normal
576,1,0.30984431505203247,normal
577,1,0.2586480677127838,normal
578,1,0.22815412282943726,normal
579,1,0.23065674304962158,normal
580,1,0.25713756680488586,normal
581,1,0.28827810287475586,normal
582,1,0.26460176706314087,normal
583,1,0.2470868080854416,normal
584,1,0.22491252422332764,normal
585,1,0.22074353694915771,normal
586,1,0.22710596024990082,normal
587,1,0.2767697274684906,normal
588,1,0.2693243622779846,normal
589,1,0.28201213479042053,normal
590,1,0.25499221682548523,normal
591,1,0.22659927606582642,normal
592,1,0.23473161458969116,normal
593,1,0.26483744382858276,normal
594,1,0.33037593960762024,normal
595,1,0.2940148413181305,normal
596,1,0.27292588353157043,normal
597,1,0.2339276224374771,normal
598,1,0.21435973048210144,normal
599,1,0.2413550317287445,normal
600,1,0.2545822858810425,normal
601,1,0.25249385833740234,normal
602,1,0.2756255269050598,normal
603,1,0.2201286405324936,normal
604,1,0.2177962213754654,normal
605,1,0.21849805116653442,normal
606,1,0.23895592987537384,normal
607,1,0.2383781224489212,normal
608,1,0.25139638781547546,normal
609,1,0.24750696122646332,normal
610,1,0.24057336151599884,normal
611,1,0.2772830128669739,normal
612,1,0.3032788932323456,normal
613,1,0.3491741716861725,normal
614,1,0.2939305603504181,normal
615,1,0.23915985226631165,normal
616,1,0.23479418456554413,normal
617,1,0.26838111877441406,normal
618,1,0.28072887659072876,normal
619,1,0.2459225356578827,normal
620,1,0.2329767793416977,normal
621,1,0.2372230887413025,normal
622,1,0.2433757334947586,normal
623,1,0.29201728105545044,normal
624,1,0.33583730459213257,normal
625,1,0.3470975160598755,normal
626,1,0.3377145230770111,normal
627,1,0.31648796796798706,normal
628,1,0.3330095112323761,normal
629,1,0.4200845956802368,normal
630,1,0.36689233779907227,normal
631,1,0.4515611231327057,normal
632,1,0.4452587962150574,normal
633,1,0.37514880299568176,normal
634,1,0.5391579866409302,anomaly
635,1,0.540996789932251,anomaly
636,1,0.5159703493118286,anomaly
637,1,0.6343308687210083,anomaly
638,1,0.4936206638813019,normal
639,1,0.43715643882751465,normal
640,1,0.5622497200965881,anomaly
641,1,0.5068592429161072,anomaly
642,1,0.44185739755630493,normal
643,1,0.49765467643737793,normal
644,1,0.4757373332977295,normal
645,1,0.5198267698287964,anomaly
646,1,0.5322129726409912,anomaly
647,1,0.512988805770874,anomaly
648,1,0.4170114994049072,normal
649,1,0.5784013271331787,anomaly
650,1,0.5854859352111816,anomaly
651,1,0.5331734418869019,anomaly
652,1,0.6183091402053833,anomaly
653,1,0.6023837924003601,anomaly
654,1,0.5928909778594971,anomaly
655,1,0.6802773475646973,anomaly
656,1,0.6819571256637573,anomaly
657,1,0.6214233636856079,anomaly
658,1,0.6680237650871277,anomaly
659,1,0.6537882089614868,anomaly
660,1,0.6525124311447144,anomaly
661,1,0.6749632954597473,anomaly
662,1,0.7300269603729248,anomaly
663,1,0.7265850305557251,anomaly
664,1,0.6922893524169922,anomaly
665,1,0.7577571868896484,anomaly
666,1,0.7571222186088562,anomaly
667,1,0.6681455373764038,anomaly
668,1,0.7418285608291626,anomaly
669,1,0.6694531440734863,anomaly
670,1,0.7172200679779053,anomaly
671,1,0.7297159433364868,anomaly
672,1,0.746411144733429,anomaly
673,1,0.7749375104904175,anomaly
674,1,0.7379227876663208,anomaly
675,1,0.6935876607894897,anomaly
676,1,0.716781497001648,anomaly
677,1,0.7462907433509827,anomaly
678,1,0.6776401996612549,anomaly
679,1,0.7230727672576904,anomaly
680,1,0.6479239463806152,anomaly
681,1,0.5403863191604614,anomaly
682,1,0.5452854037284851,anomaly
683,1,0.5318256616592407,anomaly
684,1,0.5236724019050598,anomaly
685,1,0.633664071559906,anomaly
686,1,0.6490709185600281,anomaly
687,1,0.5304474830627441,anomaly
688,1,0.603208065032959,anomaly
689,1,0.6397006511688232,anomaly
690,1,0.7926952838897705,anomaly
691,1,0.7914873361587524,anomaly
692,1,0.8052850961685181,anomaly
693,1,0.8116980791091919,anomaly
694,1,0.751598596572876,anomaly
695,1,0.7166036367416382,anomaly
696,1,0.6733119487762451,anomaly
697,1,0.6444052457809448,anomaly
698,1,0.5221064686775208,anomaly
699,1,0.5999549031257629,anomaly
700,1,0.49726876616477966,normal
701,1,0.468749463558197,normal
702,1,0.558363676071167,anomaly
703,1,0.4623139202594757,normal
704,1,0.6664295196533203,anomaly
705,1,0.6849730610847473,anomaly
706,1,0.7894468903541565,anomaly
707,1,0.7963206768035889,anomaly
708,1,0.7021981477737427,anomaly
709,1,0.7474675178527832,anomaly
710,1,0.6927156448364258,anomaly
711,1,0.687799870967865,anomaly
712,1,0.6558204889297485,anomaly
713,1,0.5434441566467285,anomaly
714,1,0.4404866397380829,normal
715,1,0.46440449357032776,normal
716,1,0.6087160706520081,anomaly
717,1,0.6899977922439575,anomaly
718,1,0.7527170181274414,anomaly
719,1,0.7755663394927979,anomaly
720,1,0.8389407992362976,anomaly
721,1,0.8204149007797241,anomaly
722,1,0.826397180557251,anomaly
723,1,0.6695903539657593,anomaly
724,1,0.6197015643119812,anomaly
725,1,0.5761457681655884,anomaly
726,1,0.49211248755455017,normal
727,1,0.605725884437561,anomaly
728,1,0.5624179244041443,anomaly
729,1,0.6181988716125488,anomaly
730,1,0.7109689712524414,anomaly
731,1,0.794517993927002,anomaly
732,1,0.799126923084259,anomaly
733,1,0.7554690837860107,anomaly
734,1,0.7636879086494446,anomaly
735,1,0.723119854927063,anomaly
736,1,0.7009084224700928,anomaly
737,1,0.561686635017395,anomaly
738,1,0.573981761932373,anomaly
739,1,0.4433753490447998,normal
740,1,0.5421420335769653,anomaly
741,1,0.669186532497406,anomaly
742,1,0.6602088212966919,anomaly
743,1,0.7671886086463928,anomaly
744,1,0.7652393579483032,anomaly
745,1,0.7573345899581909,anomaly
746,1,0.7095353603363037,anomaly
747,1,0.7152937650680542,anomaly
748,1,0.620415449142456,anomaly
749,1,0.5592328310012817,anomaly
750,1,0.6287195682525635,anomaly
751,1,0.5200622081756592,anomaly
752,1,0.584946870803833,anomaly
753,1,0.5624171495437622,anomaly
754,1,0.6112260818481445,anomaly
755,1,0.6979112029075623,anomaly
756,1,0.7134425640106201,anomaly
757,1,0.7660661339759827,anomaly
758,1,0.8274146914482117,anomaly
759,1,0.8263024091720581,anomaly
760,1,0.7889452576637268,anomaly
761,1,0.7768423557281494,anomaly
762,1,0.7359515428543091,anomaly
763,1,0.6520651578903198,anomaly
764,1,0.6582596302032471,anomaly
765,1,0.6508015990257263,anomaly
766,1,0.6827332973480225,anomaly
767,1,0.6717127561569214,anomaly
768,1,0.7336874008178711,anomaly
769,1,0.6707643270492554,anomaly
770,1,0.6743296384811401,anomaly
771,1,0.7269467115402222,anomaly
772,1,0.7358214259147644,anomaly
773,1,0.6847756505012512,anomaly
774,1,0.656114935874939,anomaly
775,1,0.7203301191329956,anomaly
776,1,0.6970380544662476,anomaly
777,1,0.6291033029556274,anomaly
778,1,0.634830117225647,anomaly
779,1,0.6040680408477783,anomaly
780,1,0.6339970827102661,anomaly
781,1,0.46614766120910645,normal
782,1,0.5203084945678711,anomaly
783,1,0.4399193227291107,normal
784,1,0.4915720522403717,normal
785,1,0.6284478902816772,anomaly
786,1,0.6008648872375488,anomaly
787,1,0.6158458590507507,anomaly
788,1,0.706790566444397,anomaly
789,1,0.6827985048294067,anomaly
790,1,0.6502657532691956,anomaly
791,1,0.7348248362541199,anomaly
792,1,0.7198407649993896,anomaly
793,1,0.6830999851226807,anomaly
794,1,0.6689213514328003,anomaly
795,1,0.6305071115493774,anomaly
796,1,0.5376274585723877,anomaly
797,1,0.592208206653595,anomaly
798,1,0.5028800964355469,anomaly
799,1,0.5348774790763855,anomaly
800,1,0.5613635778427124,anomaly
801,1,0.6115380525588989,anomaly
802,1,0.5543525815010071,anomaly
803,1,0.6487767696380615,anomaly
804,1,0.75704425573349,anomaly
805,1,0.7530633807182312,anomaly
806,1,0.6390197277069092,anomaly
807,1,0.6992979049682617,anomaly
808,1,0.690462052822113,anomaly
809,1,0.6713188290596008,anomaly
810,1,0.6877166032791138,anomaly
811,1,0.6587268710136414,anomaly
812,1,0.540804922580719,anomaly
813,1,0.45693179965019226,normal
814,1,0.44509607553482056,normal
815,1,0.39430880546569824,normal
816,1,0.42548325657844543,normal
817,1,0.4896351099014282,normal
818,1,0.6005861759185791,anomaly
819,1,0.6451678276062012,anomaly
820,1,0.6439870595932007,anomaly
821,1,0.7060930132865906,anomaly
822,1,0.603375256061554,anomaly
823,1,0.6332241296768188,anomaly
824,1,0.6397377252578735,anomaly
825,1,0.7374586462974548,anomaly
826,1,0.699630856513977,anomaly
827,1,0.6510841846466064,anomaly
828,1,0.6242506504058838,anomaly
829,1,0.6018681526184082,anomaly
830,1,0.6862386465072632,anomaly
831,1,0.5428073406219482,anomaly
832,1,0.5033470988273621,anomaly
833,1,0.551382303237915,anomaly
834,1,0.4824061691761017,normal
835,1,0.5222611427307129,anomaly
836,1,0.5038870573043823,anomaly
837,1,0.5471731424331665,anomaly
838,1,0.5076724290847778,anomaly
839,1,0.5282695293426514,anomaly
840,1,0.5291063785552979,anomaly
841,1,0.5313138961791992,anomaly
842,1,0.5544813871383667,anomaly
843,1,0.5257619619369507,anomaly
844,1,0.6802262663841248,anomaly
845,1,0.6746689081192017,anomaly
846,1,0.6153118014335632,anomaly
847,1,0.6493624448776245,anomaly
848,1,0.6605374217033386,anomaly
849,1,0.63306725025177,anomaly
850,1,0.6256082057952881,anomaly
851,1,0.6375590562820435,anomaly
852,1,0.5958877801895142,anomaly
853,1,0.5891909599304199,anomaly
854,1,0.6288436651229858,anomaly
855,1,0.6386973857879639,anomaly
856,1,0.6704870462417603,anomaly
857,1,0.6508355140686035,anomaly
858,1,0.7182470560073853,anomaly
859,1,0.654932975769043,anomaly
860,1,0.5658348202705383,anomaly
861,1,0.5629273653030396,anomaly
862,1,0.5635976791381836,anomaly
863,1,0.47752365469932556,normal
864,1,0.4583131968975067,normal
865,1,0.51302570104599,anomaly
866,1,0.572250485420227,anomaly
867,1,0.614570140838623,anomaly
868,1,0.5749174356460571,anomaly
869,1,0.6544327735900879,anomaly
870,1,0.6116674542427063,anomaly
871,1,0.4712367057800293,normal
872,1,0.5106284618377686,anomaly
873,1,0.5110026001930237,anomaly
874,1,0.4851602017879486,normal
875,1,0.4235810339450836,normal
876,1,0.40447887778282166,normal
877,1,0.43303972482681274,normal
878,1,0.5306839942932129,anomaly
879,1,0.4788682758808136,normal
880,1,0.5159956216812134,anomaly
881,1,0.527114748954773,anomaly
882,1,0.47244879603385925,normal
883,1,0.5385165810585022,anomaly
884,1,0.46718695759773254,normal
885,1,0.5051436424255371,anomaly
886,1,0.3533763885498047,normal
887,1,0.2744751274585724,normal
888,1,0.2618286609649658,normal
889,1,0.3036332130432129,normal
890,1,0.2938395142555237,normal
891,1,0.2989615499973297,normal
892,1,0.32559138536453247,normal
893,1,0.28666946291923523,normal
894,1,0.3653293251991272,normal
895,1,0.36545318365097046,normal
896,1,0.36383628845214844,normal
897,1,0.36666378378868103,normal
898,1,0.338623583316803,normal
899,1,0.37847673892974854,normal
900,1,0.3674297630786896,normal
901,1,0.2930915057659149,normal
902,1,0.2683132588863373,normal
903,1,0.3065885901451111,normal
904,1,0.2890162169933319,normal
905,1,0.2684292197227478,normal
906,1,0.29071709513664246,normal
907,1,0.32976034283638,normal
908,1,0.28916093707084656,normal
909,1,0.3205074369907379,normal
910,1,0.32783934473991394,normal
911,1,0.37278085947036743,normal
912,1,0.31223949790000916,normal
913,1,0.26239916682243347,normal
914,1,0.27778249979019165,normal
915,1,0.28246361017227173,normal
916,1,0.24953745305538177,normal
917,1,0.2409074604511261,normal
918,1,0.2141990214586258,normal
919,1,0.22867561876773834,normal
920,1,0.2527787983417511,normal
921,1,0.24600419402122498,normal
922,1,0.2881512939929962,normal
923,1,0.2633236348628998,normal
924,1,0.232279971241951,normal
925,1,0.2253025323152542,normal
926,1,0.22091783583164215,normal
927,1,0.23971712589263916,normal
928,1,0.2922862768173218,normal
929,1,0.32654064893722534,normal
930,1,0.41280025243759155,normal
931,1,0.42064008116722107,normal
932,1,0.3946900963783264,normal
933,1,0.3236991763114929,normal
934,1,0.26746076345443726,normal
935,1,0.24919851124286652,normal
936,1,0.26658692955970764,normal
937,1,0.2657051682472229,normal
938,1,0.30617114901542664,normal
939,1,0.3255544900894165,normal
940,1,0.3091346323490143,normal
941,1,0.28360268473625183,normal
942,1,0.26256147027015686,normal
943,1,0.23808105289936066,normal
944,1,0.2393663227558136,normal
945,1,0.2665409445762634,normal
946,1,0.2820725440979004,normal
947,1,0.2961507737636566,normal
948,1,0.3092552423477173,normal
949,1,0.32391414046287537,normal
950,1,0.2857479155063629,normal
951,1,0.2738369107246399,normal
952,1,0.24581079185009003,normal
953,1,0.23602071404457092,normal
954,1,0.24758996069431305,normal
955,1,0.2838679552078247,normal
956,1,0.2792443037033081,normal
957,1,0.2645341753959656,normal
958,1,0.22991006076335907,normal
959,1,0.22429637610912323,normal
960,1,0.2129666805267334,normal
961,1,0.21789632737636566,normal
962,1,0.21862515807151794,normal
963,1,0.22084641456604004,normal
964,1,0.2133578658103943,normal
965,1,0.22365260124206543,normal
966,1,0.2434902936220169,normal
967,1,0.24683183431625366,normal
968,0,0.284140020608902,normal
969,0,0.2723214328289032,normal
970,0,0.22767561674118042,normal
971,0,0.23262162506580353,normal
972,0,0.24057362973690033,normal
973,0,0.247871994972229,normal
974,0,0.2864096462726593,normal
975,0,0.267914742231369,normal
976,0,0.2715865969657898,normal
977,0,0.23328442871570587,normal
978,0,0.21723471581935883,normal
979,0,0.21788527071475983,normal
980,0,0.22554446756839752,normal
981,0,0.22389976680278778,normal
982,0,0.2264847606420517,normal
983,0,0.22673991322517395,normal
984,0,0.23343324661254883,normal
985,0,0.2912486493587494,normal
986,0,0.33811596035957336,normal
987,0,0.3390984833240509,normal
988,0,0.3095112442970276,normal
989,0,0.26046738028526306,normal
990,0,0.2464609295129776,normal
991,0,0.23062554001808167,normal
992,0,0.2464418113231659,normal
993,0,0.2655108571052551,normal
994,0,0.25650304555892944,normal
995,0,0.259510338306427,normal
996,0,0.2710556387901306,normal
997,0,0.2253745049238205,normal
998,0,0.23416948318481445,normal
999,0,0.24815751612186432,normal
1000,0,0.23237517476081848,normal
1001,0,0.21851776540279388,normal
1002,0,0.23684698343276978,normal
1003,0,0.23816922307014465,normal
1004,0,0.26487240195274353,normal
1005,0,0.304604172706604,normal
1006,0,0.27124184370040894,normal
1007,0,0.3363908529281616,normal
1008,0,0.35188233852386475,normal
1009,0,0.2885591685771942,normal
1010,0,0.2332339733839035,normal
1011,0,0.21781015396118164,normal
1012,0,0.22184595465660095,normal
1013,0,0.23872730135917664,normal
1014,0,0.24647866189479828,normal
1015,0,0.2605385482311249,normal
1016,0,0.25406962633132935,normal
1017,0,0.24637047946453094,normal
1018,0,0.22084219753742218,normal
1019,0,0.22731223702430725,normal
1020,0,0.21968631446361542,normal
1021,0,0.22594885528087616,normal
1022,0,0.2345782071352005,normal
1023,0,0.2282659113407135,normal
1024,0,0.23346781730651855,normal
1025,0,0.2203272581100464,normal
1026,0,0.2339411824941635,normal
1027,0,0.24628086388111115,normal
1028,0,0.2253248542547226,normal
1029,0,0.2174043357372284,normal
1030,0,0.25598788261413574,normal
1031,0,0.27199986577033997,normal
1032,0,0.3416154384613037,normal
1033,0,0.3974049687385559,normal
1034,0,0.2922664284706116,normal
1035,0,0.2324952930212021,normal
1036,0,0.22052742540836334,normal
1037,0,0.22449159622192383,normal
1038,0,0.22493307292461395,normal
1039,0,0.26259374618530273,normal
1040,0,0.28981274366378784,normal
1041,0,0.30190569162368774,normal
1042,0,0.34680208563804626,normal
1043,0,0.2970108091831207,normal
1044,0,0.25786492228507996,normal
1045,0,0.2370758354663849,normal
1046,0,0.2190491110086441,normal
1047,0,0.2408631443977356,normal
1048,0,0.26234403252601624,normal
1049,0,0.32087579369544983,normal
1050,0,0.3666876256465912,normal
1051,0,0.35477691888809204,normal
1052,0,0.2690005302429199,normal
1053,0,0.23341718316078186,normal
1054,0,0.22516418993473053,normal
1055,0,0.24139659106731415,normal
1056,0,0.29070281982421875,normal
1057,0,0.2895679473876953,normal
1058,0,0.33204004168510437,normal
1059,0,0.2505395710468292,normal
1060,0,0.22209757566452026,normal
1061,0,0.22459733486175537,normal
1062,0,0.2212449461221695,normal
1063,0,0.22239428758621216,normal
1064,0,0.24891038239002228,normal
1065,0,0.23117272555828094,normal
1066,0,0.2210511863231659,normal
1067,0,0.2199159860610962,normal
1068,0,0.23500961065292358,normal
1069,0,0.24228675663471222,normal
1070,0,0.23623837530612946,normal
1071,0,0.21830451488494873,normal
1072,0,0.23057879507541656,normal
1073,0,0.23565524816513062,normal
1074,0,0.23787017166614532,normal
1075,0,0.23379947245121002,normal
1076,0,0.22681711614131927,normal
1077,0,0.23235468566417694,normal
1078,0,0.2383379191160202,normal
1079,0,0.22387860715389252,normal
1080,0,0.22298860549926758,normal
1081,0,0.23847754299640656,normal
1082,0,0.23426023125648499,normal
1083,0,0.22250424325466156,normal
1084,0,0.22185726463794708,normal
1085,0,0.22812135517597198,normal
1086,0,0.21952681243419647,normal
1087,0,0.22096163034439087,normal
1088,0,0.22352181375026703,normal
1089,0,0.2203953117132187,normal
1090,0,0.225450336933136,normal
1091,0,0.21643027663230896,normal
1092,0,0.22120903432369232,normal
1093,0,0.22202596068382263,normal
1094,0,0.22314392030239105,normal
1095,0,0.24823026359081268,normal
1096,0,0.23750348389148712,normal
1097,0,0.2234317511320114,normal
1098,0,0.22746743261814117,normal
1099,0,0.21489658951759338,normal
1100,0,0.21971124410629272,normal
1101,0,0.23739370703697205,normal
1102,0,0.24306060373783112,normal
1103,0,0.28142061829566956,normal
1104,0,0.3021140694618225,normal
1105,0,0.2641538381576538,normal
1106,0,0.25487250089645386,normal
1107,0,0.2355722188949585,normal
1108,0,0.23000463843345642,normal
1109,0,0.30377939343452454,normal
1110,0,0.34310460090637207,normal
1111,0,0.35245364904403687,normal
1112,0,0.35363009572029114,normal
1113,0,0.22827838361263275,normal
1114,0,0.21769286692142487,normal
1115,0,0.2204594761133194,normal
1116,0,0.22078697383403778,normal
1117,0,0.25811630487442017,normal
1118,0,0.28243809938430786,normal
1119,0,0.29209622740745544,normal
1120,0,0.28595229983329773,normal
1121,0,0.21825340390205383,normal
1122,0,0.23048388957977295,normal
1123,0,0.2469019591808319,normal
1124,0,0.24425336718559265,normal
1125,0,0.2187235951423645,normal
1126,0,0.23109985888004303,normal
1127,0,0.24191685020923615,normal
1128,0,0.2401893436908722,normal
1129,0,0.2507243752479553,normal
1130,0,0.2183191031217575,normal
1131,0,0.21980318427085876,normal
1132,0,0.22558088600635529,normal
1133,0,0.21754108369350433,normal
1134,0,0.2253657728433609,normal
1135,0,0.23394446074962616,normal
1136,0,0.23065359890460968,normal
1137,0,0.2270338237285614,normal
1138,0,0.22413291037082672,normal
1139,0,0.24115942418575287,normal
1140,0,0.2639208436012268,normal
1141,0,0.2698328495025635,normal
1142,0,0.2818267047405243,normal
1143,0,0.2788943648338318,normal
1144,0,0.2733239531517029,normal
1145,0,0.2811232805252075,normal
1146,0,0.2869029939174652,normal
1147,0,0.30031439661979675,normal
1148,0,0.2901729345321655,normal
1149,0,0.2927353084087372,normal
1150,0,0.29414308071136475,normal
1151,0,0.2959376275539398,normal
1152,0,0.3141160309314728,normal
1153,0,0.29458531737327576,normal
1154,0,0.30247536301612854,normal
1155,0,0.2911186218261719,normal
1156,0,0.30188244581222534,normal
1157,0,0.2994469404220581,normal
1158,0,0.2884022295475006,normal
1159,0,0.2828599512577057,normal
1160,0,0.29123347997665405,normal
1161,0,0.3059263527393341,normal
1162,0,0.2970925271511078,normal
1163,0,0.30068647861480713,normal
1164,0,0.30897921323776245,normal
1165,0,0.3055756092071533,normal
1166,0,0.31265702843666077,normal
1167,0,0.30323418974876404,normal
1168,0,0.2992098033428192,normal
1169,0,0.2988334000110626,normal
1170,0,0.29650312662124634,normal
1171,0,0.31276166439056396,normal
1172,0,0.3095895051956177,normal
1173,0,0.30688682198524475,normal
1174,0,0.299517959356308,normal
1175,0,0.30093565583229065,normal
1176,0,0.3057936728000641,normal
1177,0,0.30860039591789246,normal
1178,0,0.30304089188575745,normal
1179,0,0.3075956702232361,normal
1180,0,0.2974381744861603,normal
1181,0,0.30737876892089844,normal
1182,0,0.29624977707862854,normal
1183,0,0.3126620650291443,normal
1184,0,0.2921271324157715,normal
1185,0,0.2898361086845398,normal
1186,0,0.2871512472629547,normal
1187,0,0.31134769320487976,normal
1188,0,0.29851222038269043,normal
1189,0,0.2895917594432831,normal
1190,0,0.28654560446739197,normal
1191,0,0.29165294766426086,normal
1192,0,0.29193609952926636,normal
1193,0,0.3007684051990509,normal
1194,0,0.29628366231918335,normal
1195,0,0.2962785065174103,normal
1196,0,0.28911513090133667,normal
1197,0,0.3022880256175995,normal
1198,0,0.2986736595630646,normal
1199,0,0.2839033603668213,normal
1200,0,0.2841573655605316,normal
1201,0,0.27528175711631775,normal
1202,0,0.2987596094608307,normal
1203,0,0.3056747615337372,normal
1204,0,0.2909170091152191,normal
1205,0,0.28295162320137024,normal
1206,0,0.2624921500682831,normal
1207,0,0.2648926079273224,normal
1208,0,0.23965023458003998,normal
1209,0,0.24717947840690613,normal
1210,0,0.26412323117256165,normal
1211,0,0.2673242688179016,normal
1212,0,0.2682884633541107,normal
1213,0,0.24866636097431183,normal
1214,0,0.24523501098155975,normal
1215,0,0.23320525884628296,normal
1216,0,0.2454361617565155,normal
1217,0,0.24344174563884735,normal
1218,0,0.2648775577545166,normal
1219,0,0.27476784586906433,normal
1220,0,0.25773563981056213,normal
1221,0,0.25380635261535645,normal
1222,0,0.2394164800643921,normal
1223,0,0.2645646035671234,normal
1224,0,0.2610733211040497,normal
1225,0,0.2830533981323242,normal
1226,0,0.2842232882976532,normal
1227,0,0.3023526072502136,normal
1228,0,0.28898850083351135,normal
1229,0,0.2863852083683014,normal
1230,0,0.2814920246601105,normal
1231,0,0.2935420870780945,normal
1232,0,0.2668991684913635,normal
1233,0,0.27153298258781433,normal
1234,0,0.28651168942451477,normal
1235,0,0.29338744282722473,normal
1236,0,0.2994128167629242,normal
1237,0,0.3012218177318573,normal
1238,0,0.30294299125671387,normal
1239,0,0.2910524606704712,normal
1240,0,0.307778924703598,normal
1241,0,0.29164665937423706,normal
1242,0,0.30166730284690857,normal
1243,0,0.2946185767650604,normal
1244,0,0.2999782860279083,normal
1245,0,0.2980228066444397,normal
1246,0,0.29826590418815613,normal
1247,0,0.3069130480289459,normal
1248,0,0.30599796772003174,normal
1249,0,0.29088926315307617,normal
1250,0,0.2864202857017517,normal
1251,0,0.250385582447052,normal
1252,0,0.2768034040927887,normal
1253,0,0.27391642332077026,normal
1254,0,0.291342169046402,normal
1255,0,0.2832384407520294,normal
1256,0,0.3005118668079376,normal
1257,0,0.2861737310886383,normal
1258,0,0.2829457223415375,normal
1259,0,0.2872500717639923,normal
1260,0,0.2919972836971283,normal
1261,0,0.2979144752025604,normal
1262,0,0.31092312932014465,normal
1263,0,0.3065556287765503,normal
1264,0,0.311064749956131,normal
1265,0,0.2988119125366211,normal
1266,0,0.28769436478614807,normal
1267,0,0.2726835012435913,normal
1268,0,0.2722019553184509,normal
1269,0,0.2876811623573303,normal
1270,0,0.29543226957321167,normal
1271,0,0.28827619552612305,normal
1272,0,0.2945273816585541,normal
1273,0,0.2745620608329773,normal
1274,0,0.296514093875885,normal
1275,0,0.2758209705352783,normal
1276,0,0.278708279132843,normal
1277,0,0.27230486273765564,normal
1278,0,0.2940181493759155,normal
1279,0,0.2917182147502899,normal
1280,0,0.28013235330581665,normal
1281,0,0.26900169253349304,normal
1282,0,0.2672930061817169,normal
1283,0,0.2634267508983612,normal
1284,0,0.26544126868247986,normal
1285,0,0.2721902132034302,normal
1286,0,0.254583477973938,normal
1287,0,0.26203614473342896,normal
1288,0,0.24525406956672668,normal
1289,0,0.24929402768611908,normal
1290,0,0.23437874019145966,normal
1291,0,0.2418345808982849,normal
1292,0,0.25153934955596924,normal
1293,0,0.2604271173477173,normal
1294,0,0.282085120677948,normal
1295,0,0.27444034814834595,normal
1296,0,0.2822648584842682,normal
1297,0,0.25693178176879883,normal
1298,0,0.24860888719558716,normal
1299,0,0.2505931556224823,normal
1300,0,0.25682541728019714,normal
1301,0,0.28520095348358154,normal
1302,0,0.27231085300445557,normal
1303,0,0.26320746541023254,normal
1304,0,0.24771827459335327,normal
1305,0,0.26132437586784363,normal
1306,0,0.2459389865398407,normal
1307,0,0.24375346302986145,normal
1308,0,0.23736777901649475,normal
1309,0,0.232949361205101,normal
1310,0,0.2521890103816986,normal
1311,0,0.27324178814888,normal
1312,0,0.2750875651836395,normal
1313,0,0.26639804244041443,normal
1314,0,0.2553924024105072,normal
1315,0,0.2603159546852112,normal
1316,0,0.2864423096179962,normal
1317,0,0.2955029606819153,normal
1318,0,0.2953489124774933,normal
1319,0,0.29149770736694336,normal
1320,0,0.2766708731651306,normal
1321,0,0.2898971140384674,normal
1322,0,0.2874917685985565,normal
1323,0,0.2896265685558319,normal
1324,0,0.29091885685920715,normal
1325,0,0.28052064776420593,normal
1326,0,0.2929365038871765,normal
1327,0,0.28610485792160034,normal
1328,0,0.2753109633922577,normal
1329,0,0.27060261368751526,normal
1330,0,0.2652980089187622,normal
1331,0,0.28024378418922424,normal
1332,0,0.28407105803489685,normal
1333,0,0.2902032136917114,normal
1334,0,0.2722102999687195,normal
1335,0,0.2707854211330414,normal
1336,0,0.2768762707710266,normal
1337,0,0.2678256034851074,normal
1338,0,0.270199716091156,normal
1339,0,0.2771144509315491,normal
1340,0,0.27446430921554565,normal
1341,0,0.2688702940940857,normal
1342,0,0.27019888162612915,normal
1343,0,0.2740127742290497,normal
1344,0,0.28387054800987244,normal
1345,0,0.284746378660202,normal
1346,0,0.26889917254447937,normal
1347,0,0.2797452211380005,normal
1348,0,0.28870266675949097,normal
1349,0,0.2803458571434021,normal
1350,0,0.2909860610961914,normal
1351,0,0.29084664583206177,normal
1352,0,0.29045093059539795,normal
1353,0,0.2949049770832062,normal
1354,0,0.28867051005363464,normal
1355,0,0.29683005809783936,normal
1356,0,0.28462955355644226,normal
1357,0,0.2965429425239563,normal
1358,0,0.3017202317714691,normal
1359,0,0.2903870642185211,normal
1360,0,0.30128684639930725,normal
1361,0,0.30227968096733093,normal
1362,0,0.30369967222213745,normal
1363,0,0.2943325638771057,normal
1364,0,0.2994385063648224,normal
1365,0,0.2841956913471222,normal
1366,0,0.2870790958404541,normal
1367,0,0.2922688126564026,normal
1368,0,0.28052932024002075,normal
1369,0,0.2804350256919861,normal
1370,0,0.26060232520103455,normal
1371,0,0.2569621503353119,normal
1372,0,0.2589341700077057,normal
1373,0,0.25413697957992554,normal
1374,0,0.260434091091156,normal
1375,0,0.24757106602191925,normal
1376,0,0.25896739959716797,normal
1377,0,0.2553362250328064,normal
1378,0,0.25606608390808105,normal
1379,0,0.25500327348709106,normal
1380,0,0.25400257110595703,normal
1381,0,0.2595595419406891,normal
1382,0,0.2556886076927185,normal
1383,0,0.26772648096084595,normal
1384,0,0.26337000727653503,normal
1385,0,0.273744136095047,normal
1386,0,0.28043508529663086,normal
1387,0,0.2700544595718384,normal
1388,0,0.2830393314361572,normal
1389,0,0.2712286114692688,normal
1390,0,0.27713483572006226,normal
1391,0,0.2762523591518402,normal
1392,0,0.2830795645713806,normal
1393,0,0.2858443856239319,normal
1394,0,0.28045013546943665,normal
1395,0,0.2753661870956421,normal
1396,0,0.29106640815734863,normal
1397,0,0.29082900285720825,normal
1398,0,0.29768407344818115,normal
1399,0,0.3068722188472748,normal
1400,0,0.2873415946960449,normal
1401,0,0.28458648920059204,normal
1402,0,0.2770148813724518,normal
1403,0,0.2745381295681,normal
1404,0,0.2686736583709717,normal
1405,0,0.27590471506118774,normal
1406,0,0.2790568172931671,normal
1407,0,0.2650626003742218,normal
1408,0,0.264247864484787,normal
1409,0,0.2679724395275116,normal
1410,0,0.2473040670156479,normal
1411,0,0.24575665593147278,normal
1412,0,0.23254983127117157,normal
1413,0,0.2375308722257614,normal
1414,0,0.24906547367572784,normal
1415,0,0.24742664396762848,normal
1416,0,0.25969868898391724,normal
1417,0,0.2607133388519287,normal
1418,0,0.2775755822658539,normal
1419,0,0.27548038959503174,normal
1420,0,0.27941256761550903,normal
1421,0,0.27098801732063293,normal
1422,0,0.29166311025619507,normal
1423,0,0.2801852524280548,normal
1424,0,0.29845407605171204,normal
1425,0,0.29026833176612854,normal
1426,0,0.29156818985939026,normal
1427,0,0.28846627473831177,normal
1428,0,0.2903614938259125,normal
1429,0,0.2933289706707001,normal
1430,0,0.28344058990478516,normal
1431,0,0.2983724772930145,normal
1432,0,0.2941743731498718,normal
1433,0,0.30074185132980347,normal
1434,0,0.29035684466362,normal
1435,0,0.28999921679496765,normal
1436,0,0.2760746479034424,normal
1437,0,0.2799152433872223,normal
1438,0,0.2647407352924347,normal
1439,0,0.2732521593570709,normal
1440,0,0.27325260639190674,normal
1441,0,0.25826340913772583,normal
1442,0,0.27244678139686584,normal
1443,0,0.26049256324768066,normal
1444,0,0.27630603313446045,normal
1445,0,0.26708710193634033,normal
1446,0,0.2675118148326874,normal
1447,0,0.26164737343788147,normal
1448,0,0.2779539227485657,normal
1449,0,0.25348833203315735,normal
1450,0,0.26239222288131714,normal
1451,0,0.26191526651382446,normal
1452,0,0.27537524700164795,normal
1453,0,0.277976393699646,normal
1454,0,0.2689102590084076,normal
1455,0,0.27489346265792847,normal
1456,0,0.2530015707015991,normal
1457,0,0.26675522327423096,normal
1458,0,0.26925230026245117,normal
1459,0,0.2690162658691406,normal
1460,0,0.26327088475227356,normal
1461,0,0.2630132734775543,normal
1462,0,0.2574196755886078,normal
1463,0,0.2584834396839142,normal
1464,0,0.25754210352897644,normal
1465,0,0.24554948508739471,normal
1466,0,0.2659653425216675,normal
1467,0,0.2593289315700531,normal
1468,0,0.2673799693584442,normal
1469,0,0.2589094042778015,normal
1470,0,0.25251510739326477,normal
1471,0,0.25317153334617615,normal
1472,0,0.2766801714897156,normal
1473,0,0.29118043184280396,normal
1474,0,0.2873396575450897,normal
1475,0,0.2855655550956726,normal
1476,0,0.269408643245697,normal
1477,0,0.2796326279640198,normal
1478,0,0.27874556183815,normal
1479,0,0.28866255283355713,normal
1480,0,0.2909605801105499,normal
1481,0,0.28105878829956055,normal
1482,0,0.2754920423030853,normal
1483,0,0.2845982015132904,normal
1484,0,0.283834308385849,normal
1485,0,0.2726811170578003,normal
1486,0,0.28509247303009033,normal
1487,0,0.27260613441467285,normal
1488,0,0.2734573185443878,normal
1489,0,0.26515233516693115,normal
1490,0,0.26904532313346863,normal
1491,0,0.26127976179122925,normal
1492,0,0.26349183917045593,normal
1493,0,0.24762888252735138,normal
1494,0,0.2472722977399826,normal
1495,0,0.24789860844612122,normal
1496,0,0.2568974792957306,normal
1497,0,0.25289618968963623,normal
1498,0,0.274790495634079,normal
1499,0,0.2609004080295563,normal
1500,0,0.24840004742145538,normal
1501,0,0.2443884015083313,normal
1502,0,0.23555485904216766,normal
1503,0,0.24032829701900482,normal
1504,0,0.24945366382598877,normal
1505,0,0.24077053368091583,normal
1506,0,0.24331970512866974,normal
1507,0,0.23238921165466309,normal
1508,0,0.2516495883464813,normal
1509,0,0.23425337672233582,normal
1510,0,0.2354692667722702,normal
1511,0,0.227212592959404,normal
1512,0,0.2297513782978058,normal
1513,0,0.22425352036952972,normal
1514,0,0.22799021005630493,normal
1515,0,0.23184989392757416,normal
1516,0,0.2390621304512024,normal
1517,0,0.24279078841209412,normal
1518,0,0.246946781873703,normal
1519,0,0.23972219228744507,normal
1520,0,0.24995332956314087,normal
1521,0,0.23274192214012146,normal
1522,0,0.23886924982070923,normal
1523,0,0.23867963254451752,normal
1524,0,0.24964381754398346,normal
1525,0,0.2593132257461548,normal
1526,0,0.26096493005752563,normal
1527,0,0.25351569056510925,normal
1528,0,0.26176244020462036,normal
1529,0,0.26939868927001953,normal
1530,0,0.26503634452819824,normal
1531,0,0.24095091223716736,normal
1532,0,0.25040963292121887,normal
1533,0,0.24934682250022888,normal
1534,0,0.253786563873291,normal
1535,0,0.24951794743537903,normal
1536,0,0.25397399067878723,normal
1537,0,0.25597289204597473,normal
1538,0,0.2676037549972534,normal
1539,0,0.26551371812820435,normal
1540,0,0.25883492827415466,normal
1541,0,0.26286348700523376,normal
1542,0,0.2637604773044586,normal
1543,0,0.25981175899505615,normal
1544,0,0.2752067446708679,normal
1545,0,0.2768894135951996,normal
1546,0,0.2897166907787323,normal
1547,0,0.29094788432121277,normal
1548,0,0.27946221828460693,normal
1549,0,0.28174909949302673,normal
1550,0,0.28495392203330994,normal
1551,0,0.25812432169914246,normal
1552,0,0.2457706183195114,normal
1553,0,0.24382571876049042,normal
1554,0,0.25966617465019226,normal
1555,0,0.24993835389614105,normal
1556,0,0.2516329288482666,normal
1557,0,0.24070745706558228,normal
1558,0,0.2426014542579651,normal
1559,0,0.23362791538238525,normal
1560,0,0.23384760320186615,normal
1561,0,0.23172195255756378,normal
1562,0,0.2298530638217926,normal
1563,0,0.23477570712566376,normal
1564,0,0.22780007123947144,normal
1565,0,0.23581546545028687,normal
1566,0,0.24001984298229218,normal
1567,0,0.25010907649993896,normal
1568,0,0.251669704914093,normal
1569,0,0.26032310724258423,normal
1570,0,0.256134033203125,normal
1571,0,0.26260310411453247,normal
1572,0,0.27122339606285095,normal
1573,0,0.282358318567276,normal
1574,0,0.28452005982398987,normal
1575,0,0.2852281332015991,normal
1576,0,0.2610902786254883,normal
1577,0,0.2598380744457245,normal
1578,0,0.23272883892059326,normal
1579,0,0.23587778210639954,normal
1580,0,0.2264903038740158,normal
1581,0,0.22013559937477112,normal
1582,0,0.22959724068641663,normal
1583,0,0.23147474229335785,normal
1584,0,0.2288753092288971,normal
1585,0,0.2240125983953476,normal
1586,0,0.2322722226381302,normal
1587,0,0.23545603454113007,normal
1588,0,0.23702305555343628,normal
1589,0,0.24449235200881958,normal
1590,0,0.2414831519126892,normal
1591,0,0.25843575596809387,normal
1592,0,0.2560634911060333,normal
1593,0,0.2781948447227478,normal
1594,0,0.282606840133667,normal
1595,0,0.2766798138618469,normal
1596,0,0.259880393743515,normal
1597,0,0.25596991181373596,normal
1598,0,0.26948627829551697,normal
1599,0,0.26755890250205994,normal
1600,0,0.22336216270923615,normal
1601,0,0.2168082892894745,normal
1602,0,0.22289544343948364,normal
1603,0,0.22461433708667755,normal
1604,0,0.22291259467601776,normal
1605,0,0.2306590974330902,normal
1606,0,0.22070641815662384,normal
1607,0,0.22196431457996368,normal
1608,0,0.22821912169456482,normal
1609,0,0.2382938414812088,normal
1610,0,0.24970890581607819,normal
1611,0,0.2634732723236084,normal
1612,0,0.2732328176498413,normal
1613,0,0.2620328366756439,normal
1614,0,0.26711490750312805,normal
1615,0,0.27370378375053406,normal
1616,0,0.25682908296585083,normal
1617,0,0.27043238282203674,normal
1618,0,0.2626052498817444,normal
1619,0,0.25222697854042053,normal
1620,0,0.24668434262275696,normal
1621,0,0.24997824430465698,normal
1622,0,0.23545454442501068,normal
1623,0,0.23398791253566742,normal
1624,0,0.22303147614002228,normal
1625,0,0.22714835405349731,normal
1626,0,0.23754870891571045,normal
1627,0,0.24571284651756287,normal
1628,0,0.2379860281944275,normal
1629,0,0.24749816954135895,normal
1630,0,0.25771331787109375,normal
1631,0,0.2725082337856293,normal
1632,0,0.2629181742668152,normal
1633,0,0.2702580392360687,normal
1634,0,0.28861281275749207,normal
1635,0,0.2871505916118622,normal
1636,0,0.28765401244163513,normal
1637,0,0.28892356157302856,normal
1638,0,0.27775251865386963,normal
1639,0,0.2950945496559143,normal
1640,0,0.298903226852417,normal
1641,0,0.2832578122615814,normal
1642,0,0.2709672152996063,normal
1643,0,0.2726540267467499,normal
1644,0,0.2524036467075348,normal
1645,0,0.2505267858505249,normal
1646,0,0.2657131850719452,normal
1647,0,0.2657824754714966,normal
1648,0,0.2891016900539398,normal
1649,0,0.290987491607666,normal
1650,0,0.2775782346725464,normal
1651,0,0.2647993266582489,normal
1652,0,0.2821006774902344,normal
1653,0,0.2935940623283386,normal
1654,0,0.2902413308620453,normal
1655,0,0.28729161620140076,normal
1656,0,0.27538037300109863,normal
1657,0,0.2860206961631775,normal
1658,0,0.28911298513412476,normal
1659,0,0.27742087841033936,normal
1660,0,0.27949047088623047,normal
1661,0,0.2874448895454407,normal
1662,0,0.2773888111114502,normal
1663,0,0.2841295301914215,normal
1664,0,0.2952699363231659,normal
1665,0,0.29156988859176636,normal
1666,0,0.30471980571746826,normal
1667,0,0.3028755486011505,normal
1668,0,0.3009986877441406,normal
1669,0,0.27986371517181396,normal
1670,0,0.2830936014652252,normal
1671,0,0.27208492159843445,normal
1672,0,0.2778065800666809,normal
1673,0,0.2960514426231384,normal
1674,0,0.29768648743629456,normal
1675,0,0.28130197525024414,normal
1676,0,0.28830239176750183,normal
1677,0,0.3035873770713806,normal
1678,0,0.28799471259117126,normal
1679,0,0.2699153423309326,normal
1680,0,0.24857774376869202,normal
1681,0,0.2651977241039276,normal
1682,0,0.265238881111145,normal
1683,0,0.2264937162399292,normal
1684,0,0.22773948311805725,normal
1685,0,0.23085832595825195,normal
1686,0,0.23472237586975098,normal
1687,0,0.2288765162229538,normal
1688,0,0.2403494119644165,normal
1689,0,0.24130599200725555,normal
1690,0,0.24552017450332642,normal
1691,0,0.2583368718624115,normal
1692,0,0.2745274603366852,normal
1693,0,0.2559877038002014,normal
1694,0,0.26979243755340576,normal
1695,0,0.2626362144947052,normal
1696,0,0.26535314321517944,normal
1697,0,0.25395384430885315,normal
1698,0,0.2615385353565216,normal
1699,0,0.2534189522266388,normal
1700,0,0.2538437247276306,normal
1701,0,0.28792181611061096,normal
1702,0,0.2802625894546509,normal
1703,0,0.2755054533481598,normal
1704,0,0.2575705647468567,normal
1705,0,0.28849607706069946,normal
1706,0,0.2862720787525177,normal
1707,0,0.28579628467559814,normal
1708,0,0.2691367268562317,normal
1709,0,0.2820878326892853,normal
1710,0,0.3012056052684784,normal
1711,0,0.28051984310150146,normal
1712,0,0.2676352262496948,normal
1713,0,0.2612520456314087,normal
1714,0,0.25226402282714844,normal
1715,1,0.2425990104675293,normal
1716,1,0.2576289772987366,normal
1717,1,0.2652612030506134,normal
1718,1,0.2553696036338806,normal
1719,1,0.27283868193626404,normal
1720,1,0.26163700222969055,normal
1721,1,0.2513408064842224,normal
1722,1,0.2533693313598633,normal
1723,1,0.26565414667129517,normal
1724,1,0.26129350066185,normal
1725,1,0.2694523334503174,normal
1726,1,0.2832426130771637,normal
1727,1,0.27620190382003784,normal
1728,1,0.26261213421821594,normal
1729,1,0.2692314088344574,normal
1730,1,0.2692819833755493,normal
1731,1,0.27593526244163513,normal
1732,1,0.2859443128108978,normal
1733,1,0.2769307494163513,normal
1734,1,0.26691287755966187,normal
1735,1,0.25945019721984863,normal
1736,1,0.25861844420433044,normal
1737,1,0.28908586502075195,normal
1738,1,0.2816832959651947,normal
1739,1,0.2534215748310089,normal
1740,1,0.23764221370220184,normal
1741,1,0.2562520205974579,normal
1742,1,0.26020318269729614,normal
1743,1,0.2640587091445923,normal
1744,1,0.2506519556045532,normal
1745,1,0.24009564518928528,normal
1746,1,0.2401367872953415,normal
1747,1,0.24482017755508423,normal
1748,1,0.23372118175029755,normal
1749,1,0.2522849142551422,normal
1750,1,0.25870853662490845,normal
1751,1,0.25492873787879944,normal
1752,1,0.24000653624534607,normal
1753,1,0.23956416547298431,normal
1754,1,0.22869570553302765,normal
1755,1,0.2508409917354584,normal
1756,1,0.23580977320671082,normal
1757,1,0.25044360756874084,normal
1758,1,0.2413075566291809,normal
1759,1,0.2602997124195099,normal
1760,1,0.249540776014328,normal
1761,1,0.25009241700172424,normal
1762,1,0.2309308648109436,normal
1763,1,0.2311636358499527,normal
1764,1,0.22790749371051788,normal
1765,1,0.23531478643417358,normal
1766,1,0.234546959400177,normal
1767,1,0.231187105178833,normal
1768,1,0.22019894421100616,normal
1769,1,0.23409809172153473,normal
1770,1,0.22775770723819733,normal
1771,1,0.23453788459300995,normal
1772,1,0.22170531749725342,normal
1773,1,0.23073050379753113,normal
1774,1,0.22949013113975525,normal
1775,1,0.22976985573768616,normal
1776,1,0.22071461379528046,normal
1777,1,0.2324344664812088,normal
1778,1,0.2557271122932434,normal
1779,1,0.2618112564086914,normal
1780,1,0.2569088339805603,normal
1781,1,0.2496197670698166,normal
1782,1,0.26440492272377014,normal
1783,1,0.2640623450279236,normal
1784,1,0.25986215472221375,normal
1785,1,0.25725728273391724,normal
1786,1,0.2463236004114151,normal
1787,1,0.2685564160346985,normal
1788,1,0.264812707901001,normal
1789,1,0.2593955099582672,normal
1790,1,0.23653599619865417,normal
1791,1,0.2341768741607666,normal
1792,1,0.2195485681295395,normal
1793,1,0.22259488701820374,normal
1794,1,0.2269635647535324,normal
1795,1,0.21553237736225128,normal
1796,1,0.22116051614284515,normal
1797,1,0.21824195981025696,normal
1798,1,0.21155482530593872,normal
1799,1,0.2215808779001236,normal
1800,1,0.22142022848129272,normal
1801,1,0.2409404069185257,normal
1802,1,0.2565605044364929,normal
1803,1,0.2718447744846344,normal
1804,1,0.25596898794174194,normal
1805,1,0.25410914421081543,normal
1806,1,0.26452362537384033,normal
1807,1,0.26545780897140503,normal
1808,1,0.26420217752456665,normal
1809,1,0.26198893785476685,normal
1810,1,0.2661456763744354,normal
1811,1,0.24513626098632812,normal
1812,1,0.24475814402103424,normal
1813,1,0.24549302458763123,normal
1814,1,0.24862773716449738,normal
1815,1,0.2516297698020935,normal
1816,1,0.22156763076782227,normal
1817,1,0.2246718406677246,normal
1818,1,0.2228533923625946,normal
1819,1,0.23263218998908997,normal
1820,1,0.2228090912103653,normal
1821,1,0.21662431955337524,normal
1822,1,0.22380176186561584,normal
1823,1,0.2143339216709137,normal
1824,1,0.2121400535106659,normal
1825,1,0.21822842955589294,normal
1826,1,0.21734188497066498,normal
1827,1,0.21711674332618713,normal
1828,1,0.21965768933296204,normal
1829,1,0.23549653589725494,normal
1830,1,0.2356405258178711,normal
1831,1,0.23623761534690857,normal
1832,1,0.22773826122283936,normal
1833,1,0.23262861371040344,normal
1834,1,0.24542954564094543,normal
1835,1,0.26059457659721375,normal
1836,1,0.26679274439811707,normal
1837,1,0.24614092707633972,normal
1838,1,0.23771728575229645,normal
1839,1,0.2553871273994446,normal
1840,1,0.23150475323200226,normal
1841,1,0.23428988456726074,normal
1842,1,0.218849316239357,normal
1843,1,0.22261327505111694,normal
1844,1,0.2166561633348465,normal
1845,1,0.2173483520746231,normal
1846,1,0.2131299525499344,normal
1847,1,0.21587719023227692,normal
1848,1,0.22438593208789825,normal
1849,1,0.21527093648910522,normal
1850,1,0.22333677113056183,normal
1851,1,0.22486887872219086,normal
1852,1,0.2426445335149765,normal
1853,1,0.22929051518440247,normal
1854,1,0.24407269060611725,normal
1855,1,0.23293988406658173,normal
1856,1,0.24598577618598938,normal
1857,1,0.2537318766117096,normal
1858,1,0.2637062966823578,normal
1859,1,0.26951560378074646,normal
1860,1,0.24611108005046844,normal
1861,1,0.247097909450531,normal
1862,1,0.23769673705101013,normal
1863,1,0.23440712690353394,normal
1864,1,0.23349665105342865,normal
1865,1,0.235890731215477,normal
1866,1,0.23442904651165009,normal
1867,1,0.23991042375564575,normal
1868,1,0.22950950264930725,normal
1869,1,0.24559202790260315,normal
1870,1,0.2512015700340271,normal
1871,1,0.24556870758533478,normal
1872,1,0.23422832787036896,normal
1873,1,0.2252160757780075,normal
1874,1,0.233526811003685,normal
1875,1,0.24306218326091766,normal
1876,1,0.24923311173915863,normal
1877,1,0.25851425528526306,normal
1878,1,0.25324612855911255,normal
1879,1,0.23061949014663696,normal
1880,1,0.2321922332048416,normal
1881,1,0.2440444380044937,normal
1882,1,0.25796881318092346,normal
1883,1,0.25220248103141785,normal
1884,1,0.25842103362083435,normal
1885,1,0.2581915259361267,normal
1886,1,0.2539669871330261,normal
1887,1,0.2534066438674927,normal
1888,1,0.2381221354007721,normal
1889,1,0.2622597813606262,normal
1890,1,0.27750515937805176,normal
1891,1,0.28422045707702637,normal
1892,1,0.2641938328742981,normal
1893,1,0.267132967710495,normal
1894,1,0.2561337947845459,normal
1895,1,0.26774507761001587,normal
1896,1,0.23899056017398834,normal
1897,1,0.24512642621994019,normal
1898,1,0.23952670395374298,normal
1899,1,0.2424013763666153,normal
1900,1,0.2537950277328491,normal
1901,1,0.26407450437545776,normal
1902,1,0.260651171207428,normal
1903,1,0.26608625054359436,normal
1904,1,0.25545534491539,normal
1905,1,0.26935333013534546,normal
1906,1,0.25916793942451477,normal
1907,1,0.2508692443370819,normal
1908,1,0.23921281099319458,normal
1909,1,0.23473533987998962,normal
1910,1,0.24963432550430298,normal
1911,1,0.2554933726787567,normal
1912,1,0.2652076780796051,normal
1913,1,0.27395886182785034,normal
1914,1,0.25027382373809814,normal
1915,1,0.25960099697113037,normal
1916,1,0.25537097454071045,normal
1917,1,0.25432637333869934,normal
1918,1,0.23478122055530548,normal
1919,1,0.24060630798339844,normal
1920,1,0.23336659371852875,normal
1921,1,0.2389909327030182,normal
1922,1,0.22817488014698029,normal
1923,1,0.24840323626995087,normal
1924,1,0.24775391817092896,normal
1925,1,0.23713406920433044,normal
1926,1,0.23344862461090088,normal
1927,1,0.23995661735534668,normal
1928,1,0.24483563005924225,normal
1929,1,0.23976902663707733,normal
1930,1,0.23067085444927216,normal
1931,1,0.22744663059711456,normal
1932,1,0.22882254421710968,normal
1933,1,0.23952560126781464,normal
1934,1,0.2496146410703659,normal
1935,1,0.24826830625534058,normal
1936,1,0.2465716451406479,normal
1937,1,0.22545847296714783,normal
1938,1,0.22181455790996552,normal
1939,1,0.22647853195667267,normal
1940,1,0.23226001858711243,normal
1941,1,0.24589750170707703,normal
1942,1,0.237299382686615,normal
1943,1,0.23511195182800293,normal
1944,1,0.23524591326713562,normal
1945,1,0.23569148778915405,normal
1946,1,0.2320450246334076,normal
1947,1,0.22929608821868896,normal
1948,1,0.25178009271621704,normal
1949,1,0.25145334005355835,normal
1950,1,0.25200939178466797,normal
1951,1,0.23643018305301666,normal
1952,1,0.25324302911758423,normal
1953,1,0.25297707319259644,normal
1954,1,0.25121405720710754,normal
1955,1,0.25504156947135925,normal
1956,1,0.24548301100730896,normal
1957,1,0.2556714117527008,normal
1958,1,0.2319156676530838,normal
1959,1,0.2499101758003235,normal
1960,1,0.2600327730178833,normal
1961,1,0.27104029059410095,normal
1962,1,0.2663806080818176,normal
1963,1,0.27465274930000305,normal
1964,1,0.2573017179965973,normal
1965,1,0.26477354764938354,normal
1966,1,0.24555392563343048,normal
1967,1,0.24902158975601196,normal
1968,1,0.253373384475708,normal
1969,1,0.2623332738876343,normal
1970,1,0.2748014032840729,normal
1971,1,0.23101496696472168,normal
1972,1,0.24297262728214264,normal
1973,1,0.23368674516677856,normal
1974,1,0.23613546788692474,normal
1975,1,0.2195265293121338,normal
1976,1,0.2173115313053131,normal
1977,1,0.221580371260643,normal
1978,1,0.22913725674152374,normal
1979,1,0.22799500823020935,normal
1980,1,0.23146352171897888,normal
1981,1,0.2237866073846817,normal
1982,1,0.23946698009967804,normal
1983,1,0.22278933227062225,normal
1984,1,0.2221076488494873,normal
1985,1,0.2209625244140625,normal
1986,1,0.2248033583164215,normal
1987,1,0.22147609293460846,normal
1988,1,0.23544742166996002,normal
1989,1,0.22755400836467743,normal
1990,1,0.23288945853710175,normal
1991,1,0.21545109152793884,normal
1992,1,0.2202613651752472,normal
1993,1,0.2311907857656479,normal
1994,1,0.25331440567970276,normal
1995,1,0.26295003294944763,normal
1996,1,0.2681024372577667,normal
1997,1,0.2522064447402954,normal
1998,1,0.24561434984207153,normal
1999,1,0.23687401413917542,normal
2000,1,0.2544052302837372,normal
2001,1,0.25791439414024353,normal
2002,1,0.25604313611984253,normal
2003,1,0.25629910826683044,normal
2004,1,0.25019776821136475,normal
2005,1,0.2688330411911011,normal
2006,1,0.2564559578895569,normal
2007,1,0.24999208748340607,normal
2008,1,0.24767635762691498,normal
2009,1,0.2468246966600418,normal
2010,1,0.24705979228019714,normal
2011,1,0.211566761136055,normal
2012,1,0.21814842522144318,normal
2013,1,0.2176705151796341,normal
2014,1,0.22100067138671875,normal
2015,1,0.22486138343811035,normal
2016,1,0.23136842250823975,normal
2017,1,0.24058778584003448,normal
2018,1,0.2448550909757614,normal
2019,1,0.26194533705711365,normal
2020,1,0.2598709464073181,normal
2021,1,0.2774333953857422,normal
2022,1,0.2670024335384369,normal
2023,1,0.27178525924682617,normal
2024,1,0.24802972376346588,normal
2025,1,0.2503201961517334,normal
2026,1,0.2539876103401184,normal
2027,1,0.23780272901058197,normal
2028,1,0.24186895787715912,normal
2029,1,0.21703608334064484,normal
2030,1,0.2183828502893448,normal
2031,1,0.2193923145532608,normal
2032,1,0.21316277980804443,normal
2033,1,0.21465405821800232,normal
2034,1,0.21937443315982819,normal
2035,1,0.23522453010082245,normal
2036,1,0.23465771973133087,normal
2037,1,0.244902104139328,normal
2038,1,0.23386399447917938,normal
2039,1,0.2500084340572357,normal
2040,1,0.23638243973255157,normal
2041,1,0.2501194179058075,normal
2042,1,0.2488822191953659,normal
2043,1,0.25361818075180054,normal
2044,1,0.25949960947036743,normal
2045,1,0.24230030179023743,normal
2046,1,0.23930244147777557,normal
2047,1,0.22772017121315002,normal
2048,1,0.21888984739780426,normal
2049,1,0.2286553531885147,normal
2050,1,0.21819569170475006,normal
2051,1,0.21796903014183044,normal
2052,1,0.2228948175907135,normal
2053,1,0.21572726964950562,normal
2054,1,0.2229122668504715,normal
2055,1,0.22762984037399292,normal
2056,1,0.23800037801265717,normal
2057,1,0.2325671911239624,normal
2058,1,0.22576667368412018,normal
2059,1,0.2251659333705902,normal
2060,1,0.22190460562705994,normal
2061,1,0.22567220032215118,normal
2062,1,0.2137032449245453,normal
2063,1,0.22795496881008148,normal
2064,1,0.23298779129981995,normal
2065,1,0.25146883726119995,normal
2066,1,0.24035659432411194,normal
2067,1,0.25174033641815186,normal
2068,1,0.248557448387146,normal
2069,1,0.2583101987838745,normal
2070,1,0.2515815794467926,normal
2071,1,0.2476959377527237,normal
2072,1,0.2466464340686798,normal
2073,1,0.261529803276062,normal
2074,1,0.2597729563713074,normal
2075,1,0.2710458040237427,normal
2076,1,0.26921698451042175,normal
2077,1,0.2694034278392792,normal
2078,1,0.2707653045654297,normal
2079,1,0.2689428925514221,normal
2080,1,0.25097155570983887,normal
2081,1,0.2620333433151245,normal
2082,1,0.2519066631793976,normal
2083,1,0.27114400267601013,normal
2084,1,0.2675529718399048,normal
2085,1,0.2568453550338745,normal
2086,1,0.2563069760799408,normal
2087,1,0.25931575894355774,normal
2088,1,0.23283664882183075,normal
2089,1,0.24671611189842224,normal
2090,1,0.23279237747192383,normal
2091,1,0.23735693097114563,normal
2092,1,0.22922569513320923,normal
2093,1,0.23690927028656006,normal
2094,1,0.22769621014595032,normal
2095,1,0.23443876206874847,normal
2096,1,0.22792194783687592,normal
2097,1,0.2288571149110794,normal
2098,1,0.23322057723999023,normal
2099,1,0.24232220649719238,normal
2100,1,0.23902197182178497,normal
2101,1,0.23869524896144867,normal
2102,1,0.2512988746166229,normal
2103,1,0.2589290142059326,normal
2104,1,0.2567489445209503,normal
2105,1,0.2518828213214874,normal
2106,1,0.24263735115528107,normal
2107,1,0.24642373621463776,normal
2108,1,0.2624942660331726,normal
2109,1,0.26385316252708435,normal
2110,1,0.28099343180656433,normal
2111,1,0.2835392355918884,normal
2112,1,0.2763655185699463,normal
2113,1,0.2535857558250427,normal
2114,1,0.25707608461380005,normal
2115,1,0.2444082349538803,normal
2116,1,0.2561134099960327,normal
2117,1,0.25867027044296265,normal
2118,0,0.26659220457077026,normal
2119,0,0.27612388134002686,normal
2120,0,0.27129995822906494,normal
2121,0,0.26220664381980896,normal
2122,0,0.2613932192325592,normal
2123,0,0.2459770143032074,normal
2124,0,0.25818559527397156,normal
2125,0,0.25430533289909363,normal
2126,0,0.25178655982017517,normal
2127,0,0.2583784759044647,normal
2128,0,0.27531933784484863,normal
2129,0,0.26268482208251953,normal
2130,0,0.2743835151195526,normal
2131,0,0.26041990518569946,normal
2132,0,0.2437564879655838,normal
2133,0,0.24298565089702606,normal
2134,0,0.25566089153289795,normal
2135,0,0.24623973667621613,normal
2136,0,0.2476600557565689,normal
2137,0,0.23929069936275482,normal
2138,0,0.2246779054403305,normal
2139,0,0.23073473572731018,normal
2140,0,0.24691088497638702,normal
2141,0,0.2588827311992645,normal
2142,0,0.2621026933193207,normal
2143,0,0.24924227595329285,normal
2144,0,0.2564719319343567,normal
2145,0,0.26108208298683167,normal
2146,0,0.24263931810855865,normal
2147,0,0.24391503632068634,normal
2148,0,0.2564830780029297,normal
2149,0,0.2464926838874817,normal
2150,0,0.2672211825847626,normal
2151,0,0.26319944858551025,normal
2152,0,0.25280505418777466,normal
2153,0,0.2494032233953476,normal
2154,0,0.25686579942703247,normal
2155,0,0.24651716649532318,normal
2156,0,0.24492569267749786,normal
2157,0,0.2650631368160248,normal
2158,0,0.25534752011299133,normal
2159,0,0.2607630491256714,normal
2160,0,0.25729745626449585,normal
2161,0,0.25812315940856934,normal
2162,0,0.24021431803703308,normal
2163,0,0.24137616157531738,normal
2164,0,0.23573724925518036,normal
2165,0,0.23051168024539948,normal
2166,0,0.24578554928302765,normal
2167,0,0.2523639500141144,normal
2168,0,0.23997089266777039,normal
2169,0,0.2336534708738327,normal
2170,0,0.24231314659118652,normal
2171,0,0.2370055913925171,normal
2172,0,0.2338903248310089,normal
2173,0,0.23205526173114777,normal
2174,0,0.238958939909935,normal
2175,0,0.2405063360929489,normal
2176,0,0.22520603239536285,normal
2177,0,0.23570694029331207,normal
2178,0,0.23837821185588837,normal
2179,0,0.24671152234077454,normal
2180,0,0.2427644282579422,normal
2181,0,0.23987148702144623,normal
2182,0,0.23544976115226746,normal
2183,0,0.2363828718662262,normal
2184,0,0.23383280634880066,normal
2185,0,0.23925116658210754,normal
2186,0,0.2420695275068283,normal
2187,0,0.24268271028995514,normal
2188,0,0.24074825644493103,normal
2189,0,0.25669053196907043,normal
2190,0,0.2589208483695984,normal
2191,0,0.25228485465049744,normal
2192,0,0.274730384349823,normal
2193,0,0.28905364871025085,normal
2194,0,0.27303221821784973,normal
2195,0,0.2570042610168457,normal
2196,0,0.2531123161315918,normal
2197,0,0.2655050456523895,normal
2198,0,0.25085482001304626,normal
2199,0,0.26203545928001404,normal
2200,0,0.2517837882041931,normal
2201,0,0.25597721338272095,normal
2202,0,0.24719937145709991,normal
2203,0,0.26282569766044617,normal
2204,0,0.25936147570610046,normal
2205,0,0.25985559821128845,normal
2206,0,0.276478111743927,normal
2207,0,0.28173577785491943,normal
2208,0,0.27444061636924744,normal
2209,0,0.28721481561660767,normal
2210,0,0.2927630841732025,normal
2211,0,0.28002941608428955,normal
2212,0,0.2933019995689392,normal
2213,0,0.3025442659854889,normal
2214,0,0.2735517919063568,normal
2215,0,0.265267014503479,normal
2216,0,0.27246424555778503,normal
2217,0,0.267377108335495,normal
2218,0,0.24975240230560303,normal
2219,0,0.24829234182834625,normal
2220,0,0.2559605538845062,normal
2221,0,0.2740309536457062,normal
2222,0,0.2553991675376892,normal
2223,0,0.24220462143421173,normal
2224,0,0.2375611811876297,normal
2225,0,0.24112024903297424,normal
2226,0,0.23435570299625397,normal
2227,0,0.24155189096927643,normal
2228,0,0.22701941430568695,normal
2229,0,0.23219457268714905,normal
2230,0,0.22957441210746765,normal
2231,0,0.24082998931407928,normal
2232,0,0.24986201524734497,normal
2233,0,0.27247607707977295,normal
2234,0,0.27297842502593994,normal
2235,0,0.2557787299156189,normal
2236,0,0.269696980714798,normal
2237,0,0.26504695415496826,normal
2238,0,0.27088597416877747,normal
2239,0,0.2680421769618988,normal
2240,0,0.27005964517593384,normal
2241,0,0.2454676479101181,normal
2242,0,0.2561829090118408,normal
2243,0,0.2564750909805298,normal
2244,0,0.24263140559196472,normal
2245,0,0.23312443494796753,normal
2246,0,0.24187378585338593,normal
2247,0,0.23713809251785278,normal
2248,0,0.24798162281513214,normal
2249,0,0.2554176151752472,normal
2250,0,0.26952722668647766,normal
2251,0,0.28191450238227844,normal
2252,0,0.27548569440841675,normal
2253,0,0.2791762948036194,normal
2254,0,0.2926640212535858,normal
2255,0,0.27115002274513245,normal
2256,0,0.28896164894104004,normal
2257,0,0.28312045335769653,normal
2258,0,0.2600540816783905,normal
2259,0,0.24622663855552673,normal
2260,0,0.24598248302936554,normal
2261,0,0.23807473480701447,normal
2262,0,0.23753708600997925,normal
2263,0,0.24881836771965027,normal
2264,0,0.24842260777950287,normal
2265,0,0.25231170654296875,normal
2266,0,0.2656043469905853,normal
2267,0,0.26224011182785034,normal
2268,0,0.2805766761302948,normal
2269,0,0.283288836479187,normal
2270,0,0.2763020098209381,normal
2271,0,0.2578168213367462,normal
2272,0,0.2778850197792053,normal
2273,0,0.27602919936180115,normal
2274,0,0.28163406252861023,normal
2275,0,0.26931390166282654,normal
2276,0,0.26853811740875244,normal
2277,0,0.26169705390930176,normal
2278,0,0.2550700306892395,normal
2279,0,0.22362668812274933,normal
2280,0,0.23920617997646332,normal
2281,0,0.245696023106575,normal
2282,0,0.2406008094549179,normal
2283,0,0.2371186465024948,normal
2284,0,0.2530486285686493,normal
2285,0,0.24581490457057953,normal
2286,0,0.24095317721366882,normal
2287,0,0.2351246476173401,normal
2288,0,0.23558135330677032,normal
2289,0,0.23808661103248596,normal
2290,0,0.24492770433425903,normal
2291,0,0.25071418285369873,normal
2292,0,0.24523460865020752,normal
2293,0,0.2719678580760956,normal
2294,0,0.27619513869285583,normal
2295,0,0.26998481154441833,normal
2296,0,0.26878729462623596,normal
2297,0,0.2725987136363983,normal
2298,0,0.27900904417037964,normal
2299,0,0.2728370428085327,normal
2300,0,0.2781442105770111,normal
2301,0,0.26213106513023376,normal
2302,0,0.28730273246765137,normal
2303,0,0.29283407330513,normal
2304,0,0.2747247815132141,normal
2305,0,0.26264238357543945,normal
2306,0,0.27042296528816223,normal
2307,0,0.2706535756587982,normal
2308,0,0.25227129459381104,normal
2309,0,0.26428231596946716,normal
2310,0,0.24551348388195038,normal
2311,0,0.23365271091461182,normal
2312,0,0.23247168958187103,normal
2313,0,0.2365102469921112,normal
2314,0,0.22730118036270142,normal
2315,0,0.23502252995967865,normal
2316,0,0.24198508262634277,normal
2317,0,0.2380015254020691,normal
2318,0,0.23448926210403442,normal
2319,0,0.24620307981967926,normal
2320,0,0.2367536425590515,normal
2321,0,0.22109495103359222,normal
2322,0,0.23098012804985046,normal
2323,0,0.2603166699409485,normal
2324,0,0.2665392756462097,normal
2325,0,0.2761005759239197,normal
2326,0,0.2630813717842102,normal
2327,0,0.2856556177139282,normal
2328,0,0.2802400588989258,normal
2329,0,0.2702406644821167,normal
2330,0,0.2633949816226959,normal
2331,0,0.27246302366256714,normal
2332,0,0.25726479291915894,normal
2333,0,0.2671363353729248,normal
2334,0,0.2767657935619354,normal
2335,0,0.26748043298721313,normal
2336,0,0.2531294822692871,normal
2337,0,0.27208563685417175,normal
2338,0,0.26006218791007996,normal
2339,0,0.252951055765152,normal
2340,0,0.2518576979637146,normal
2341,0,0.24840712547302246,normal
2342,0,0.23874029517173767,normal
2343,0,0.2443632036447525,normal
2344,0,0.2499752789735794,normal
2345,0,0.22881440818309784,normal
2346,0,0.24469450116157532,normal
2347,0,0.2604258060455322,normal
2348,0,0.26189684867858887,normal
2349,0,0.2470773458480835,normal
2350,0,0.23657023906707764,normal
2351,0,0.25086334347724915,normal
2352,0,0.2647819221019745,normal
2353,0,0.2674919366836548,normal
2354,0,0.25823232531547546,normal
2355,0,0.26065948605537415,normal
2356,0,0.252851277589798,normal
2357,0,0.2667155861854553,normal
2358,0,0.2682633697986603,normal
2359,0,0.2613358795642853,normal
2360,0,0.2718745768070221,normal
2361,0,0.2692543864250183,normal
2362,0,0.26475733518600464,normal
2363,0,0.2567143738269806,normal
2364,0,0.24884583055973053,normal
2365,0,0.22729083895683289,normal
2366,0,0.23822055757045746,normal
2367,0,0.23094522953033447,normal
2368,0,0.2325364202260971,normal
2369,0,0.23012197017669678,normal
2370,0,0.23663339018821716,normal
2371,0,0.22191721200942993,normal
2372,0,0.2273343950510025,normal
2373,0,0.22979138791561127,normal
2374,0,0.23468688130378723,normal
2375,0,0.23964913189411163,normal
2376,0,0.24298258125782013,normal
2377,0,0.24226154386997223,normal
2378,0,0.23415443301200867,normal
2379,0,0.236318439245224,normal
2380,0,0.2575616240501404,normal
2381,0,0.26783302426338196,normal
2382,0,0.2791347801685333,normal
2383,0,0.27406060695648193,normal
2384,0,0.28085824847221375,normal
2385,0,0.26611512899398804,normal
2386,0,0.2707773447036743,normal
2387,0,0.23964205384254456,normal
2388,0,0.24051788449287415,normal
2389,0,0.2482861578464508,normal
2390,0,0.24917243421077728,normal
2391,0,0.2443142533302307,normal
2392,0,0.23090092837810516,normal
2393,0,0.21935072541236877,normal
2394,0,0.2283860743045807,normal
2395,0,0.22592325508594513,normal
2396,0,0.22675283253192902,normal
2397,0,0.22228799760341644,normal
2398,0,0.24108687043190002,normal
2399,0,0.23810946941375732,normal
2400,0,0.24618998169898987,normal
2401,0,0.24381683766841888,normal
2402,0,0.25698357820510864,normal
2403,0,0.2564728558063507,normal
2404,0,0.2578270137310028,normal
2405,0,0.25845324993133545,normal
2406,0,0.2646152675151825,normal
2407,0,0.25301817059516907,normal
2408,0,0.26480579376220703,normal
2409,0,0.26315197348594666,normal
2410,0,0.2554205656051636,normal
2411,0,0.26475846767425537,normal
2412,0,0.24990135431289673,normal
2413,0,0.2623497545719147,normal
2414,0,0.26957541704177856,normal
2415,0,0.2812008559703827,normal
2416,0,0.2727467119693756,normal
2417,0,0.2633143663406372,normal
2418,0,0.2642092704772949,normal
2419,0,0.28761711716651917,normal
2420,0,0.2781156897544861,normal
2421,0,0.2700822949409485,normal
2422,0,0.26524481177330017,normal
2423,0,0.2495030164718628,normal
2424,0,0.2663610279560089,normal
2425,0,0.262633353471756,normal
2426,0,0.26670560240745544,normal
2427,0,0.2516995668411255,normal
2428,0,0.26734355092048645,normal
2429,0,0.2691517770290375,normal
2430,0,0.2560436427593231,normal
2431,0,0.2609195113182068,normal
2432,0,0.27387386560440063,normal
2433,0,0.2714144289493561,normal
2434,0,0.2819066643714905,normal
2435,0,0.27270859479904175,normal
2436,0,0.2796701192855835,normal
2437,0,0.2792057693004608,normal
2438,0,0.267853707075119,normal
2439,0,0.2814449667930603,normal
2440,0,0.28190550208091736,normal
2441,0,0.2751004099845886,normal
2442,0,0.26872873306274414,normal
2443,0,0.27969232201576233,normal
2444,0,0.26960405707359314,normal
2445,0,0.27319371700286865,normal
2446,0,0.2804790139198303,normal
2447,0,0.2600550353527069,normal
2448,0,0.25658681988716125,normal
2449,0,0.26510411500930786,normal
2450,0,0.2725560963153839,normal
2451,0,0.256926953792572,normal
2452,0,0.23831777274608612,normal
2453,0,0.22958286106586456,normal
2454,0,0.22932147979736328,normal
2455,0,0.23191983997821808,normal
2456,0,0.23718735575675964,normal
2457,0,0.23793740570545197,normal
2458,0,0.22815681993961334,normal
2459,0,0.24608458578586578,normal
2460,0,0.2482234388589859,normal
2461,0,0.2507939338684082,normal
2462,0,0.2580285966396332,normal
2463,0,0.2665212154388428,normal
2464,0,0.2534157633781433,normal
2465,0,0.25540557503700256,normal
2466,0,0.2664354145526886,normal
2467,0,0.26538002490997314,normal
2468,0,0.2745985686779022,normal
2469,0,0.28714969754219055,normal
2470,0,0.2714100480079651,normal
2471,0,0.2666647434234619,normal
2472,0,0.266155481338501,normal
2473,0,0.2742733955383301,normal
2474,0,0.2823621928691864,normal
2475,0,0.2812361419200897,normal
2476,0,0.2727073132991791,normal
2477,0,0.2906496822834015,normal
2478,0,0.28103286027908325,normal
2479,0,0.2726041376590729,normal
2480,0,0.27183854579925537,normal
2481,0,0.2841610014438629,normal
2482,0,0.27361565828323364,normal
2483,0,0.2829493582248688,normal
2484,0,0.29279452562332153,normal
2485,0,0.2859514057636261,normal
2486,0,0.28011152148246765,normal
2487,0,0.2970890402793884,normal
2488,0,0.28214243054389954,normal
2489,0,0.2645165026187897,normal
2490,0,0.264950156211853,normal
2491,0,0.2660214900970459,normal
2492,0,0.24073953926563263,normal
2493,0,0.2532902657985687,normal
2494,0,0.2524872422218323,normal
2495,0,0.24440576136112213,normal
2496,0,0.24402111768722534,normal
2497,0,0.2529710829257965,normal
2498,0,0.22631315886974335,normal
2499,0,0.23365448415279388,normal
2500,0,0.23646660149097443,normal
2501,0,0.23686206340789795,normal
2502,0,0.23694631457328796,normal
2503,0,0.2558157444000244,normal
2504,0,0.24039258062839508,normal
2505,0,0.23203937709331512,normal
2506,0,0.24257218837738037,normal
2507,0,0.24534940719604492,normal
2508,0,0.22191151976585388,normal
2509,0,0.22035808861255646,normal
2510,0,0.24291184544563293,normal
2511,0,0.22553257644176483,normal
2512,0,0.22221603989601135,normal
2513,0,0.23456649482250214,normal
2514,0,0.22217264771461487,normal
2515,0,0.21653196215629578,normal
2516,0,0.23513592779636383,normal
2517,0,0.2465301901102066,normal
2518,0,0.2506086230278015,normal
2519,0,0.24103493988513947,normal
2520,0,0.24283520877361298,normal
2521,0,0.23729896545410156,normal
2522,0,0.24871496856212616,normal
2523,0,0.2551672160625458,normal
2524,0,0.24409349262714386,normal
2525,0,0.23776552081108093,normal
2526,0,0.2634720504283905,normal
2527,0,0.2598085403442383,normal
2528,0,0.24438604712486267,normal
2529,0,0.2534894347190857,normal
2530,0,0.2709771692752838,normal
2531,0,0.25655677914619446,normal
2532,0,0.2377052754163742,normal
2533,0,0.2574443817138672,normal
2534,0,0.2750425636768341,normal
2535,0,0.2663881182670593,normal
2536,0,0.2803741991519928,normal
2537,0,0.29433542490005493,normal
2538,0,0.2865719497203827,normal
2539,0,0.2516888380050659,normal
2540,0,0.2681572735309601,normal
2541,0,0.2902834713459015,normal
2542,0,0.28382840752601624,normal
2543,0,0.27907049655914307,normal
2544,0,0.266981303691864,normal
2545,0,0.2336246818304062,normal
2546,0,0.2447694092988968,normal
2547,0,0.25415652990341187,normal
2548,0,0.24849432706832886,normal
2549,0,0.22878512740135193,normal
2550,0,0.25348517298698425,normal
2551,0,0.25538939237594604,normal
2552,0,0.22409944236278534,normal
2553,0,0.2268972098827362,normal
2554,0,0.23166009783744812,normal
2555,0,0.24235698580741882,normal
2556,0,0.21465161442756653,normal
2557,0,0.22823785245418549,normal
2558,0,0.24447134137153625,normal
2559,0,0.21130086481571198,normal
2560,0,0.24320439994335175,normal
2561,0,0.2421044260263443,normal
2562,0,0.2187313288450241,normal
2563,0,0.2504875063896179,normal
2564,0,0.23243770003318787,normal
2565,0,0.2182784080505371,normal
2566,0,0.2155841737985611,normal
2567,0,0.2352859079837799,normal
2568,0,0.2292311042547226,normal
2569,0,0.22075128555297852,normal
2570,0,0.22862745821475983,normal
2571,0,0.2561662793159485,normal
2572,0,0.23629805445671082,normal
2573,0,0.2262413501739502,normal
2574,0,0.24220091104507446,normal
2575,0,0.24847286939620972,normal
2576,0,0.21793514490127563,normal
2577,0,0.22928670048713684,normal
2578,0,0.22920414805412292,normal
2579,0,0.2244122475385666,normal
2580,0,0.21539461612701416,normal
2581,0,0.22902721166610718,normal
2582,0,0.22331412136554718,normal
2583,0,0.21135546267032623,normal
2584,0,0.2359456717967987,normal
2585,0,0.21955572068691254,normal
2586,0,0.2173788696527481,normal
2587,0,0.2357860803604126,normal
2588,0,0.22106897830963135,normal
2589,0,0.22352653741836548,normal
2590,0,0.266718327999115,normal
2591,0,0.24329432845115662,normal
2592,0,0.24094316363334656,normal
2593,0,0.29985278844833374,normal
2594,0,0.26849737763404846,normal
2595,0,0.21528735756874084,normal
2596,0,0.24210138618946075,normal
2597,0,0.24674616754055023,normal
2598,0,0.2192627638578415,normal
2599,0,0.25271451473236084,normal
2600,0,0.2816521227359772,normal
2601,0,0.22627697885036469,normal
2602,0,0.266089528799057,normal
2603,0,0.25186431407928467,normal
2604,0,0.22281479835510254,normal
2605,0,0.21987254917621613,normal
2606,0,0.23462918400764465,normal
2607,0,0.23234374821186066,normal
2608,0,0.23225612938404083,normal
2609,0,0.26927244663238525,normal
2610,0,0.22030775249004364,normal
2611,0,0.23835717141628265,normal
2612,0,0.22363737225532532,normal
2613,0,0.21992872655391693,normal
2614,0,0.22507870197296143,normal
2615,0,0.23561102151870728,normal
2616,0,0.22825460135936737,normal
2617,0,0.22689098119735718,normal
2618,0,0.24040301144123077,normal
2619,0,0.22807350754737854,normal
2620,0,0.21769484877586365,normal
2621,0,0.22680124640464783,normal
2622,0,0.2262813150882721,normal
2623,0,0.2134484201669693,normal
2624,0,0.24166981875896454,normal
2625,0,0.25078415870666504,normal
2626,0,0.23287935554981232,normal
2627,0,0.28817218542099,normal
2628,0,0.24419201910495758,normal
2629,0,0.22372958064079285,normal
2630,0,0.25598570704460144,normal
2631,0,0.2405642718076706,normal
2632,0,0.21557766199111938,normal
2633,0,0.24961809813976288,normal
2634,0,0.21633736789226532,normal
2635,0,0.21946319937705994,normal
2636,0,0.23281027376651764,normal
2637,0,0.2133961021900177,normal
2638,0,0.2309345155954361,normal
2639,0,0.23240408301353455,normal
2640,0,0.21791338920593262,normal
2641,0,0.21844898164272308,normal
2642,0,0.22952060401439667,normal
2643,0,0.21781760454177856,normal
2644,0,0.21514949202537537,normal
2645,0,0.2424168586730957,normal
2646,0,0.21482476592063904,normal
2647,0,0.2244485765695572,normal
2648,0,0.24639397859573364,normal
2649,0,0.21986447274684906,normal
2650,0,0.24205799400806427,normal
2651,0,0.2403160184621811,normal
2652,0,0.21464037895202637,normal
2653,0,0.24489934742450714,normal
2654,0,0.23890838027000427,normal
2655,0,0.21678675711154938,normal
2656,0,0.24627116322517395,normal
2657,0,0.21818339824676514,normal
2658,0,0.21092964708805084,normal
2659,0,0.22178468108177185,normal
2660,0,0.2436119168996811,normal
2661,0,0.2504618167877197,normal
2662,0,0.24473461508750916,normal
2663,0,0.22789503633975983,normal
2664,0,0.22028297185897827,normal
2665,0,0.2190578281879425,normal
2666,0,0.22612325847148895,normal
2667,0,0.21832866966724396,normal
2668,0,0.23617015779018402,normal
2669,0,0.2312573492527008,normal
2670,0,0.21736568212509155,normal
2671,0,0.22524341940879822,normal
2672,0,0.21146425604820251,normal
2673,0,0.21928389370441437,normal
2674,0,0.22262099385261536,normal
2675,0,0.21916677057743073,normal
2676,0,0.23174801468849182,normal
2677,0,0.23279045522212982,normal
2678,0,0.23657485842704773,normal
2679,0,0.23212067782878876,normal
2680,0,0.22025945782661438,normal
2681,0,0.2278357893228531,normal
2682,0,0.23091091215610504,normal
2683,0,0.2146041840314865,normal
2684,0,0.2369142472743988,normal
2685,0,0.21233180165290833,normal
2686,0,0.22751303017139435,normal
2687,0,0.2269286811351776,normal
2688,0,0.23104892671108246,normal
2689,0,0.23132693767547607,normal
2690,0,0.24354912340641022,normal
2691,0,0.23874224722385406,normal
2692,0,0.22564265131950378,normal
2693,0,0.23933030664920807,normal
2694,0,0.22561374306678772,normal
2695,0,0.217952698469162,normal
2696,0,0.2409493327140808,normal
2697,0,0.21389438211917877,normal
2698,0,0.21919488906860352,normal
2699,0,0.2291882038116455,normal
2700,0,0.21752548217773438,normal
2701,0,0.22655899822711945,normal
2702,0,0.23014622926712036,normal
2703,0,0.2369288057088852,normal
2704,0,0.23237694799900055,normal
2705,0,0.2597556710243225,normal
2706,0,0.26236775517463684,normal
2707,0,0.25535306334495544,normal
2708,0,0.2405887097120285,normal
2709,0,0.2532646358013153,normal
2710,0,0.24917790293693542,normal
2711,0,0.24113024771213531,normal
2712,0,0.22007325291633606,normal
2713,0,0.21937572956085205,normal
2714,0,0.2545013725757599,normal
2715,0,0.21786560118198395,normal
2716,0,0.21393297612667084,normal
2717,0,0.2413296401500702,normal
2718,0,0.22077761590480804,normal
2719,0,0.21428528428077698,normal
2720,0,0.2276322841644287,normal
2721,0,0.21972495317459106,normal
2722,0,0.21118488907814026,normal
2723,0,0.23096197843551636,normal
2724,0,0.2241026908159256,normal
2725,0,0.2268800586462021,normal
2726,0,0.2396693378686905,normal
2727,0,0.24000130593776703,normal
2728,0,0.23541106283664703,normal
2729,0,0.22362124919891357,normal
2730,0,0.23526746034622192,normal
2731,0,0.22321918606758118,normal
2732,0,0.22755269706249237,normal
2733,0,0.22656573355197906,normal
2734,0,0.23991505801677704,normal
2735,0,0.2259296178817749,normal
2736,0,0.2134714126586914,normal
2737,0,0.23023158311843872,normal
2738,0,0.22941340506076813,normal
2739,0,0.21837635338306427,normal
2740,0,0.23145684599876404,normal
2741,0,0.23497779667377472,normal
2742,0,0.21681880950927734,normal
2743,0,0.24912723898887634,normal
2744,0,0.24476832151412964,normal
2745,0,0.21249642968177795,normal
2746,0,0.24035422503948212,normal
2747,0,0.2280304878950119,normal
2748,0,0.21510232985019684,normal
2749,0,0.21536710858345032,normal
2750,0,0.2321033477783203,normal
2751,0,0.21856877207756042,normal
2752,0,0.21667569875717163,normal
2753,0,0.23095479607582092,normal
2754,0,0.2124755084514618,normal
2755,0,0.2179112583398819,normal
2756,0,0.229671448469162,normal
2757,0,0.21929164230823517,normal
2758,0,0.2147940993309021,normal
2759,0,0.2204548418521881,normal
2760,0,0.22605155408382416,normal
2761,0,0.23712031543254852,normal
2762,0,0.23448987305164337,normal
2763,0,0.22826243937015533,normal
2764,0,0.2332620769739151,normal
2765,0,0.23340526223182678,normal
2766,0,0.2298744022846222,normal
2767,0,0.23486016690731049,normal
2768,0,0.26026368141174316,normal
2769,0,0.24717432260513306,normal
2770,0,0.23326583206653595,normal
2771,0,0.23347629606723785,normal
2772,0,0.23841139674186707,normal
2773,0,0.22238104045391083,normal
2774,0,0.23108619451522827,normal
2775,0,0.2273632287979126,normal
2776,0,0.22808738052845,normal
2777,0,0.23547163605690002,normal
2778,0,0.24679683148860931,normal
2779,0,0.23399117588996887,normal
2780,0,0.24081140756607056,normal
2781,0,0.2315586358308792,normal
2782,0,0.22710898518562317,normal
2783,0,0.2167966365814209,normal
2784,0,0.21343854069709778,normal
2785,0,0.22892539203166962,normal
2786,0,0.24795976281166077,normal
2787,0,0.23802797496318817,normal
2788,0,0.22968751192092896,normal
2789,0,0.2302822321653366,normal
2790,0,0.2199213057756424,normal
2791,0,0.21398846805095673,normal
2792,0,0.2286192774772644,normal
2793,0,0.22471930086612701,normal
2794,0,0.22599424421787262,normal
2795,0,0.23334847390651703,normal
2796,0,0.24119719862937927,normal
2797,0,0.23251579701900482,normal
2798,0,0.24666523933410645,normal
2799,0,0.25728705525398254,normal
2800,0,0.255044162273407,normal
2801,0,0.2452547699213028,normal
2802,0,0.24388794600963593,normal
2803,0,0.24620871245861053,normal
2804,0,0.23814205825328827,normal
2805,0,0.2592749297618866,normal
2806,0,0.24102488160133362,normal
2807,0,0.23556365072727203,normal
2808,0,0.2251054346561432,normal
2809,0,0.23535455763339996,normal
2810,0,0.241873100399971,normal
2811,0,0.24137619137763977,normal
2812,0,0.2220083326101303,normal
2813,0,0.22411590814590454,normal
2814,0,0.2304951399564743,normal
2815,0,0.2161434292793274,normal
2816,0,0.22487713396549225,normal
2817,0,0.2348378747701645,normal
2818,0,0.21291545033454895,normal
2819,0,0.2467471808195114,normal
2820,0,0.23494847118854523,normal
2821,0,0.21633052825927734,normal
2822,0,0.2320055067539215,normal
2823,0,0.2302134782075882,normal
2824,0,0.21583467721939087,normal
2825,0,0.21687187254428864,normal
2826,0,0.24582794308662415,normal
2827,0,0.2201281636953354,normal
2828,0,0.21490202844142914,normal
2829,0,0.2394646555185318,normal
2830,0,0.2178684026002884,normal
2831,0,0.22530926764011383,normal
2832,0,0.22601288557052612,normal
2833,0,0.23720963299274445,normal
2834,0,0.23746810853481293,normal
2835,0,0.23156122863292694,normal
2836,0,0.22715948522090912,normal
2837,0,0.2344876527786255,normal
2838,0,0.2373218536376953,normal
2839,0,0.24019500613212585,normal
2840,0,0.23381835222244263,normal
2841,0,0.2475658655166626,normal
2842,0,0.23776459693908691,normal
2843,0,0.24685443937778473,normal
2844,0,0.22161071002483368,normal
2845,0,0.21547961235046387,normal
2846,0,0.23081016540527344,normal
2847,0,0.22458712756633759,normal
2848,0,0.22255919873714447,normal
2849,0,0.2359510064125061,normal
2850,0,0.23415960371494293,normal
2851,0,0.23051713407039642,normal
2852,0,0.21966834366321564,normal
2853,0,0.21445326507091522,normal
2854,0,0.21972887217998505,normal
2855,0,0.2346496284008026,normal
2856,0,0.25260940194129944,normal
2857,0,0.23935286700725555,normal
2858,0,0.21295179426670074,normal
2859,0,0.23413899540901184,normal
2860,0,0.22185929119586945,normal
2861,0,0.22025373578071594,normal
2862,0,0.22441159188747406,normal
2863,0,0.23129479587078094,normal
2864,0,0.22016800940036774,normal
2865,0,0.22346004843711853,normal
2866,0,0.26218166947364807,normal
2867,0,0.2239537090063095,normal
2868,1,0.2394440919160843,normal
2869,1,0.26045548915863037,normal
2870,1,0.21505756676197052,normal
2871,1,0.21425066888332367,normal
2872,1,0.22587577998638153,normal
2873,1,0.22652627527713776,normal
2874,1,0.2202874720096588,normal
2875,1,0.23361435532569885,normal
2876,1,0.23079633712768555,normal
2877,1,0.22593918442726135,normal
2878,1,0.23254923522472382,normal
2879,1,0.22780880331993103,normal
2880,1,0.22001361846923828,normal
2881,1,0.24830329418182373,normal
2882,1,0.22149863839149475,normal
2883,1,0.24193452298641205,normal
2884,1,0.2552303373813629,normal
2885,1,0.21394063532352448,normal
2886,1,0.23166169226169586,normal
2887,1,0.21952824294567108,normal
2888,1,0.212145134806633,normal
2889,1,0.23035158216953278,normal
2890,1,0.2297983467578888,normal
2891,1,0.22426921129226685,normal
2892,1,0.22414293885231018,normal
2893,1,0.22163546085357666,normal
2894,1,0.21628667414188385,normal
2895,1,0.2336934357881546,normal
2896,1,0.2249993085861206,normal
2897,1,0.23632964491844177,normal
2898,1,0.27279287576675415,normal
2899,1,0.2283911108970642,normal
2900,1,0.2684815227985382,normal
2901,1,0.2564603388309479,normal
2902,1,0.22114720940589905,normal
2903,1,0.23863008618354797,normal
2904,1,0.2163492739200592,normal
2905,1,0.21248580515384674,normal
2906,1,0.21595188975334167,normal
2907,1,0.21822421252727509,normal
2908,1,0.2338303178548813,normal
2909,1,0.22690074145793915,normal
2910,1,0.22956794500350952,normal
2911,1,0.227818563580513,normal
2912,1,0.23610574007034302,normal
2913,1,0.2330435812473297,normal
2914,1,0.22814461588859558,normal
2915,1,0.21708431839942932,normal
2916,1,0.22241869568824768,normal
2917,1,0.22442708909511566,normal
2918,1,0.21276386082172394,normal
2919,1,0.2274722009897232,normal
2920,1,0.22995372116565704,normal
2921,1,0.21150439977645874,normal
2922,1,0.24853336811065674,normal
2923,1,0.22954337298870087,normal
2924,1,0.21956735849380493,normal
2925,1,0.23966291546821594,normal
2926,1,0.22287540137767792,normal
2927,1,0.2164786159992218,normal
2928,1,0.22472505271434784,normal
2929,1,0.22540177404880524,normal
2930,1,0.21164549887180328,normal
2931,1,0.22662940621376038,normal
2932,1,0.22199510037899017,normal
2933,1,0.22084976732730865,normal
2934,1,0.2166249006986618,normal
2935,1,0.22430361807346344,normal
2936,1,0.22465160489082336,normal
2937,1,0.2123195081949234,normal
2938,1,0.22273938357830048,normal
2939,1,0.2244798094034195,normal
2940,1,0.21540816128253937,normal
2941,1,0.22246605157852173,normal
2942,1,0.21814729273319244,normal
2943,1,0.2138507217168808,normal
2944,1,0.23287850618362427,normal
2945,1,0.2161794751882553,normal
2946,1,0.23154345154762268,normal
2947,1,0.2452186644077301,normal
2948,1,0.2186158150434494,normal
2949,1,0.2576329708099365,normal
2950,1,0.23724029958248138,normal
2951,1,0.22295252978801727,normal
2952,1,0.25429844856262207,normal
2953,1,0.22476355731487274,normal
2954,1,0.2267223745584488,normal
2955,1,0.2451428472995758,normal
2956,1,0.21325576305389404,normal
2957,1,0.22971540689468384,normal
2958,1,0.2217322289943695,normal
2959,1,0.21934489905834198,normal
2960,1,0.21794046461582184,normal
2961,1,0.21252183616161346,normal
2962,1,0.21982645988464355,normal
2963,1,0.21549537777900696,normal
2964,1,0.22570757567882538,normal
2965,1,0.22079645097255707,normal
2966,1,0.22087179124355316,normal
2967,1,0.21687421202659607,normal
2968,1,0.2183249294757843,normal
2969,1,0.22304272651672363,normal
2970,1,0.2439584583044052,normal
2971,1,0.23332072794437408,normal
2972,1,0.23115895688533783,normal
2973,1,0.22691956162452698,normal
2974,1,0.21740706264972687,normal
2975,1,0.21956878900527954,normal
2976,1,0.22255848348140717,normal
2977,1,0.21337537467479706,normal
2978,1,0.217609703540802,normal
2979,1,0.23254312574863434,normal
2980,1,0.21571564674377441,normal
2981,1,0.23247548937797546,normal
2982,1,0.2568703293800354,normal
2983,1,0.22155725955963135,normal
2984,1,0.24055752158164978,normal
2985,1,0.2178983986377716,normal
2986,1,0.22518104314804077,normal
2987,1,0.21370147168636322,normal
2988,1,0.22243371605873108,normal
2989,1,0.22754357755184174,normal
2990,1,0.21171298623085022,normal
2991,1,0.22658826410770416,normal
2992,1,0.2191796600818634,normal
2993,1,0.21151475608348846,normal
2994,1,0.2246946543455124,normal
2995,1,0.217776358127594,normal
2996,1,0.21374095976352692,normal
2997,1,0.22959624230861664,normal
2998,1,0.21200865507125854,normal
2999,1,0.2193973958492279,normal
3000,1,0.22102618217468262,normal
3001,1,0.21378681063652039,normal
3002,1,0.2171584516763687,normal
3003,1,0.22471661865711212,normal
3004,1,0.21531957387924194,normal
3005,1,0.22051824629306793,normal
3006,1,0.23172463476657867,normal
3007,1,0.21326375007629395,normal
3008,1,0.24112598598003387,normal
3009,1,0.2286800891160965,normal
3010,1,0.211299329996109,normal
3011,1,0.22391122579574585,normal
3012,1,0.21708960831165314,normal
3013,1,0.2194155752658844,normal
3014,1,0.22189556062221527,normal
3015,1,0.21304595470428467,normal
3016,1,0.23760147392749786,normal
3017,1,0.23057939112186432,normal
3018,1,0.21986019611358643,normal
3019,1,0.24768540263175964,normal
3020,1,0.2130979746580124,normal
3021,1,0.22403784096240997,normal
3022,1,0.23424449563026428,normal
3023,1,0.2213442474603653,normal
3024,1,0.2329254150390625,normal
3025,1,0.2548362910747528,normal
3026,1,0.23431353271007538,normal
3027,1,0.23923905193805695,normal
3028,1,0.28704172372817993,normal
3029,1,0.2273157387971878,normal
3030,1,0.25646427273750305,normal
3031,1,0.2934351861476898,normal
3032,1,0.2611285448074341,normal
3033,1,0.31045565009117126,normal
3034,1,0.28370946645736694,normal
3035,1,0.24015052616596222,normal
3036,1,0.28480154275894165,normal
3037,1,0.22914831340312958,normal
3038,1,0.23595020174980164,normal
3039,1,0.22707140445709229,normal
3040,1,0.2289152890443802,normal
3041,1,0.2690414488315582,normal
3042,1,0.22231470048427582,normal
3043,1,0.24610687792301178,normal
3044,1,0.23223882913589478,normal
3045,1,0.21488894522190094,normal
3046,1,0.22891215980052948,normal
3047,1,0.22492560744285583,normal
3048,1,0.21233361959457397,normal
3049,1,0.23009535670280457,normal
3050,1,0.23170344531536102,normal
3051,1,0.21732859313488007,normal
3052,1,0.2467939853668213,normal
3053,1,0.21558871865272522,normal
3054,1,0.22064942121505737,normal
3055,1,0.24086974561214447,normal
3056,1,0.21459296345710754,normal
3057,1,0.24214154481887817,normal
3058,1,0.22639276087284088,normal
3059,1,0.21560470759868622,normal
3060,1,0.2226840704679489,normal
3061,1,0.2187221199274063,normal
3062,1,0.22112932801246643,normal
3063,1,0.2248888909816742,normal
3064,1,0.24174126982688904,normal
3065,1,0.23495618999004364,normal
3066,1,0.23055197298526764,normal
3067,1,0.22667275369167328,normal
3068,1,0.21941843628883362,normal
3069,1,0.2247779816389084,normal
3070,1,0.22396571934223175,normal
3071,1,0.22247609496116638,normal
3072,1,0.21777918934822083,normal
3073,1,0.22087688744068146,normal
3074,1,0.2156461924314499,normal
3075,1,0.2198897898197174,normal
3076,1,0.21531015634536743,normal
3077,1,0.21922576427459717,normal
3078,1,0.22977733612060547,normal
3079,1,0.2244003415107727,normal
3080,1,0.23140347003936768,normal
3081,1,0.22214239835739136,normal
3082,1,0.22259503602981567,normal
3083,1,0.22930267453193665,normal
3084,1,0.2261407971382141,normal
3085,1,0.22385402023792267,normal
3086,1,0.21938185393810272,normal
3087,1,0.21855364739894867,normal
3088,1,0.2191617339849472,normal
3089,1,0.2247045338153839,normal
3090,1,0.23858653008937836,normal
3091,1,0.2308933287858963,normal
3092,1,0.2365739792585373,normal
3093,1,0.224979430437088,normal
3094,1,0.22085008025169373,normal
3095,1,0.22502192854881287,normal
3096,1,0.22450704872608185,normal
3097,1,0.22687314450740814,normal
3098,1,0.21761177480220795,normal
3099,1,0.21495799720287323,normal
3100,1,0.21253567934036255,normal
3101,1,0.2258659452199936,normal
3102,1,0.21477283537387848,normal
3103,1,0.23537898063659668,normal
3104,1,0.249826580286026,normal
3105,1,0.22839823365211487,normal
3106,1,0.269962340593338,normal
3107,1,0.21669901907444,normal
3108,1,0.2218533158302307,normal
3109,1,0.2227805256843567,normal
3110,1,0.21478895843029022,normal
3111,1,0.22346729040145874,normal
3112,1,0.21709603071212769,normal
3113,1,0.2161334753036499,normal
3114,1,0.22272968292236328,normal
3115,1,0.22302255034446716,normal
3116,1,0.2263760268688202,normal
3117,1,0.22677135467529297,normal
3118,1,0.22474323213100433,normal
3119,1,0.21687543392181396,normal
3120,1,0.22799107432365417,normal
3121,1,0.23111574351787567,normal
3122,1,0.24394766986370087,normal
3123,1,0.232195183634758,normal
3124,1,0.23923322558403015,normal
3125,1,0.2300427258014679,normal
3126,1,0.2355474978685379,normal
3127,1,0.22161231935024261,normal
3128,1,0.22401975095272064,normal
3129,1,0.226737380027771,normal
3130,1,0.22735841572284698,normal
3131,1,0.23123691976070404,normal
3132,1,0.22460296750068665,normal
3133,1,0.22106842696666718,normal
3134,1,0.22246597707271576,normal
3135,1,0.21106363832950592,normal
3136,1,0.23314018547534943,normal
3137,1,0.2205454558134079,normal
3138,1,0.22037142515182495,normal
3139,1,0.25615012645721436,normal
3140,1,0.21681256592273712,normal
3141,1,0.21960459649562836,normal
3142,1,0.24193035066127777,normal
3143,1,0.21550261974334717,normal
3144,1,0.22215063869953156,normal
3145,1,0.23820054531097412,normal
3146,1,0.21146295964717865,normal
3147,1,0.22021730244159698,normal
3148,1,0.2273983657360077,normal
3149,1,0.21152931451797485,normal
3150,1,0.2289145290851593,normal
3151,1,0.24111095070838928,normal
3152,1,0.21285507082939148,normal
3153,1,0.25364255905151367,normal
3154,1,0.22851477563381195,normal
3155,1,0.21883493661880493,normal
3156,1,0.2357899397611618,normal
3157,1,0.22083643078804016,normal
3158,1,0.222080796957016,normal
3159,1,0.2230852246284485,normal
3160,1,0.2304667830467224,normal
3161,1,0.22794948518276215,normal
3162,1,0.22286520898342133,normal
3163,1,0.21352295577526093,normal
3164,1,0.2387932687997818,normal
3165,1,0.22165122628211975,normal
3166,1,0.21864834427833557,normal
3167,1,0.2461259514093399,normal
3168,1,0.21866242587566376,normal
3169,1,0.21455451846122742,normal
3170,1,0.22850671410560608,normal
3171,1,0.2174953818321228,normal
3172,1,0.2109161615371704,normal
3173,1,0.23297081887722015,normal
3174,1,0.22014892101287842,normal
3175,1,0.2182481735944748,normal
3176,1,0.22235357761383057,normal
3177,1,0.2276817262172699,normal
3178,1,0.21422980725765228,normal
3179,1,0.22236226499080658,normal
3180,1,0.23989444971084595,normal
3181,1,0.21032334864139557,normal
3182,1,0.22398167848587036,normal
3183,1,0.22322902083396912,normal
3184,1,0.22068817913532257,normal
3185,1,0.21840667724609375,normal
3186,1,0.22044724225997925,normal
3187,1,0.23269762098789215,normal
3188,1,0.24110731482505798,normal
3189,1,0.24312525987625122,normal
3190,1,0.2330494374036789,normal
3191,1,0.23007693886756897,normal
3192,1,0.21848058700561523,normal
3193,1,0.22063866257667542,normal
3194,1,0.2253551483154297,normal
3195,1,0.22111618518829346,normal
3196,1,0.2126448005437851,normal
3197,1,0.21789361536502838,normal
3198,1,0.2213042974472046,normal
3199,1,0.21224988996982574,normal
3200,1,0.22280126810073853,normal
3201,1,0.2296735942363739,normal
3202,1,0.21653108298778534,normal
3203,1,0.2523914873600006,normal
3204,1,0.24115298688411713,normal
3205,1,0.21548202633857727,normal
3206,1,0.24155646562576294,normal
3207,1,0.22329214215278625,normal
3208,1,0.21364891529083252,normal
3209,1,0.22201180458068848,normal
3210,1,0.22089624404907227,normal
3211,1,0.21030071377754211,normal
3212,1,0.22139030694961548,normal
3213,1,0.21745234727859497,normal
3214,1,0.22532036900520325,normal
3215,1,0.22663791477680206,normal
3216,1,0.22225838899612427,normal
3217,1,0.21199536323547363,normal
3218,1,0.231375589966774,normal
3219,1,0.22433705627918243,normal
3220,1,0.2125212699174881,normal
3221,1,0.24080495536327362,normal
3222,1,0.22014693915843964,normal
3223,1,0.2192373424768448,normal
3224,1,0.2237091064453125,normal
3225,1,0.2228216677904129,normal
3226,1,0.2290092408657074,normal
3227,1,0.21727074682712555,normal
3228,1,0.2520396411418915,normal
3229,1,0.23556473851203918,normal
3230,1,0.23727025091648102,normal
3231,1,0.26720038056373596,normal
3232,1,0.22690916061401367,normal
3233,1,0.24046698212623596,normal
3234,1,0.2290930598974228,normal
3235,1,0.21515409648418427,normal
3236,1,0.23183777928352356,normal
3237,1,0.2180957794189453,normal
3238,1,0.22057181596755981,normal
3239,1,0.21884870529174805,normal
3240,1,0.2183043360710144,normal
3241,1,0.2231912463903427,normal
3242,1,0.22625504434108734,normal
3243,1,0.23027224838733673,normal
3244,1,0.2422361969947815,normal
3245,1,0.24252063035964966,normal
3246,1,0.2377568781375885,normal
3247,1,0.24526992440223694,normal
3248,1,0.2418203055858612,normal
3249,1,0.22181342542171478,normal
3250,1,0.2374357432126999,normal
3251,1,0.2404019832611084,normal
3252,1,0.23518215119838715,normal
3253,1,0.21861006319522858,normal
3254,1,0.2200978696346283,normal
3255,1,0.21096111834049225,normal
3256,1,0.2443387806415558,normal
3257,1,0.2346082627773285,normal
3258,1,0.23388414084911346,normal
3259,1,0.2839020788669586,normal
3260,1,0.2167556881904602,normal
3261,1,0.2216138392686844,normal
3262,1,0.22633394598960876,normal
3263,1,0.22172504663467407,normal
3264,1,0.23801444470882416,normal
3265,1,0.2714138925075531,normal
3266,1,0.27202826738357544,normal
3267,1,0.2602091431617737,normal
3268,1,0.23240052163600922,normal
3269,1,0.21049360930919647,normal
3270,1,0.2177436351776123,normal
3271,1,0.2218516319990158,normal
3272,1,0.2206699401140213,normal
3273,0,0.21681047976016998,normal
3274,0,0.23081161081790924,normal
3275,0,0.2352115660905838,normal
3276,0,0.22207926213741302,normal
3277,0,0.22864849865436554,normal
3278,0,0.23368428647518158,normal
3279,0,0.23431693017482758,normal
3280,0,0.21424296498298645,normal
3281,0,0.23142854869365692,normal
3282,0,0.23154516518115997,normal
3283,0,0.21513277292251587,normal
3284,0,0.22945964336395264,normal
3285,0,0.23152725398540497,normal
3286,0,0.2173932045698166,normal
3287,0,0.21477150917053223,normal
3288,0,0.23000991344451904,normal
3289,0,0.22914531826972961,normal
3290,0,0.2315416932106018,normal
3291,0,0.2557325065135956,normal
3292,0,0.2706417143344879,normal
3293,0,0.2577241361141205,normal
3294,0,0.2283075600862503,normal
3295,0,0.21846294403076172,normal
3296,0,0.23927833139896393,normal
3297,0,0.22606123983860016,normal
3298,0,0.21140873432159424,normal
3299,0,0.22241972386837006,normal
3300,0,0.22674928605556488,normal
3301,0,0.22022679448127747,normal
3302,0,0.2264825999736786,normal
3303,0,0.22226881980895996,normal
3304,0,0.21396595239639282,normal
3305,0,0.22917242348194122,normal
3306,0,0.22090449929237366,normal
3307,0,0.21609069406986237,normal
3308,0,0.2195713222026825,normal
3309,0,0.22539012134075165,normal
3310,0,0.21121439337730408,normal
3311,0,0.23018068075180054,normal
3312,0,0.23655307292938232,normal
3313,0,0.2193235158920288,normal
3314,0,0.267470121383667,normal
3315,0,0.24423223733901978,normal
3316,0,0.2395331859588623,normal
3317,0,0.2569781541824341,normal
3318,0,0.21587146818637848,normal
3319,0,0.22307509183883667,normal
3320,0,0.2163044959306717,normal
3321,0,0.21757465600967407,normal
3322,0,0.22581368684768677,normal
3323,0,0.22398534417152405,normal
3324,0,0.22494569420814514,normal
3325,0,0.22468385100364685,normal
3326,0,0.2146894782781601,normal
3327,0,0.21966896951198578,normal
3328,0,0.2246314436197281,normal
3329,0,0.22035068273544312,normal
3330,0,0.21700870990753174,normal
3331,0,0.23235535621643066,normal
3332,0,0.21446910500526428,normal
3333,0,0.23019525408744812,normal
3334,0,0.25487035512924194,normal
3335,0,0.21298135817050934,normal
3336,0,0.24890917539596558,normal
3337,0,0.23552259802818298,normal
3338,0,0.21879416704177856,normal
3339,0,0.23771019279956818,normal
3340,0,0.22390592098236084,normal
3341,0,0.22321221232414246,normal
3342,0,0.22928354144096375,normal
3343,0,0.22712500393390656,normal
3344,0,0.22911496460437775,normal
3345,0,0.22200128436088562,normal
3346,0,0.21107682585716248,normal
3347,0,0.2283022701740265,normal
3348,0,0.22000908851623535,normal
3349,0,0.21456918120384216,normal
3350,0,0.22066810727119446,normal
3351,0,0.23126351833343506,normal
3352,0,0.22476013004779816,normal
3353,0,0.2262670397758484,normal
3354,0,0.22361169755458832,normal
3355,0,0.2238633632659912,normal
3356,0,0.22868569195270538,normal
3357,0,0.22290366888046265,normal
3358,0,0.21841417253017426,normal
3359,0,0.2178417146205902,normal
3360,0,0.22025161981582642,normal
3361,0,0.21974733471870422,normal
3362,0,0.23572003841400146,normal
3363,0,0.22618737816810608,normal
3364,0,0.22402334213256836,normal
3365,0,0.22808395326137543,normal
3366,0,0.222049742937088,normal
3367,0,0.21631701290607452,normal
3368,0,0.2287449985742569,normal
3369,0,0.24523936212062836,normal
3370,0,0.2457961142063141,normal
3371,0,0.22087106108665466,normal
3372,0,0.2161930352449417,normal
3373,0,0.22818125784397125,normal
3374,0,0.22179563343524933,normal
3375,0,0.22458824515342712,normal
3376,0,0.23038432002067566,normal
3377,0,0.22664333879947662,normal
3378,0,0.23409970104694366,normal
3379,0,0.2249566614627838,normal
3380,0,0.2263077348470688,normal
3381,0,0.22091498970985413,normal
3382,0,0.2306668907403946,normal
3383,0,0.22249683737754822,normal
3384,0,0.2345208376646042,normal
3385,0,0.22413742542266846,normal
3386,0,0.22045500576496124,normal
3387,0,0.21497659385204315,normal
3388,0,0.22488263249397278,normal
3389,0,0.21558180451393127,normal
3390,0,0.22781841456890106,normal
3391,0,0.22217462956905365,normal
3392,0,0.220759317278862,normal
3393,0,0.22827796638011932,normal
3394,0,0.21150386333465576,normal
3395,0,0.2176070511341095,normal
3396,0,0.21947824954986572,normal
3397,0,0.2348487675189972,normal
3398,0,0.2204904407262802,normal
3399,0,0.2344335913658142,normal
3400,0,0.22355112433433533,normal
3401,0,0.2221037596464157,normal
3402,0,0.23266799747943878,normal
3403,0,0.2155793458223343,normal
3404,0,0.23116591572761536,normal
3405,0,0.22507278621196747,normal
3406,0,0.23314698040485382,normal
3407,0,0.23375384509563446,normal
3408,0,0.22047744691371918,normal
3409,0,0.2507520914077759,normal
3410,0,0.2235812246799469,normal
3411,0,0.24288927018642426,normal
3412,0,0.2426806092262268,normal
3413,0,0.22318345308303833,normal
3414,0,0.22107155621051788,normal
3415,0,0.21183331310749054,normal
3416,0,0.23598913848400116,normal
3417,0,0.22092750668525696,normal
3418,0,0.22524026036262512,normal
3419,0,0.220841184258461,normal
3420,0,0.2244298905134201,normal
3421,0,0.22966544330120087,normal
3422,0,0.2168176919221878,normal
3423,0,0.22854095697402954,normal
3424,0,0.2341485321521759,normal
3425,0,0.22348789870738983,normal
3426,0,0.27307018637657166,normal
3427,0,0.24806305766105652,normal
3428,0,0.2648487091064453,normal
3429,0,0.2920340299606323,normal
3430,0,0.23831115663051605,normal
3431,0,0.24934953451156616,normal
3432,0,0.2415132075548172,normal
3433,0,0.2124795764684677,normal
3434,0,0.22775249183177948,normal
3435,0,0.21555861830711365,normal
3436,0,0.21460559964179993,normal
3437,0,0.22439417243003845,normal
3438,0,0.2197790890932083,normal
3439,0,0.22137296199798584,normal
3440,0,0.2212052196264267,normal
3441,0,0.21882037818431854,normal
3442,0,0.22724218666553497,normal
3443,0,0.22222764790058136,normal
3444,0,0.22490538656711578,normal
3445,0,0.22114701569080353,normal
3446,0,0.22167517244815826,normal
3447,0,0.22585484385490417,normal
3448,0,0.21806369721889496,normal
3449,0,0.2280692756175995,normal
3450,0,0.22113436460494995,normal
3451,0,0.21923404932022095,normal
3452,0,0.225349560379982,normal
3453,0,0.21861299872398376,normal
3454,0,0.2125987559556961,normal
3455,0,0.2336108237504959,normal
3456,0,0.2198132425546646,normal
3457,0,0.2248716950416565,normal
3458,0,0.2571827471256256,normal
3459,0,0.21759511530399323,normal
3460,0,0.22755810618400574,normal
3461,0,0.23382875323295593,normal
3462,0,0.21275442838668823,normal
3463,0,0.2253587692975998,normal
3464,0,0.24248160421848297,normal
3465,0,0.21731583774089813,normal
3466,0,0.2603124678134918,normal
3467,0,0.25238266587257385,normal
3468,0,0.22656534612178802,normal
3469,0,0.2727578282356262,normal
3470,0,0.2214614301919937,normal
3471,0,0.22392725944519043,normal
3472,0,0.2382751852273941,normal
3473,0,0.2239113301038742,normal
3474,0,0.2578316032886505,normal
3475,0,0.2446056455373764,normal
3476,0,0.21210013329982758,normal
3477,0,0.23180294036865234,normal
3478,0,0.22299525141716003,normal
3479,0,0.21420228481292725,normal
3480,0,0.24418027698993683,normal
3481,0,0.2329476922750473,normal
3482,0,0.2256007343530655,normal
3483,0,0.24650618433952332,normal
3484,0,0.218209370970726,normal
3485,0,0.213638573884964,normal
3486,0,0.23033399879932404,normal
3487,0,0.2165769338607788,normal
3488,0,0.22257116436958313,normal
3489,0,0.2366289347410202,normal
3490,0,0.2149656116962433,normal
3491,0,0.21805280447006226,normal
3492,0,0.2246859073638916,normal
3493,0,0.22807036340236664,normal
3494,0,0.21484072506427765,normal
3495,0,0.24330393970012665,normal
3496,0,0.24020320177078247,normal
3497,0,0.21742451190948486,normal
3498,0,0.24536538124084473,normal
3499,0,0.2191137820482254,normal
3500,0,0.22955001890659332,normal
3501,0,0.2244645208120346,normal
3502,0,0.21788614988327026,normal
3503,0,0.22507305443286896,normal
3504,0,0.21907033026218414,normal
3505,0,0.2131904512643814,normal
3506,0,0.2289184033870697,normal
3507,0,0.2237878441810608,normal
3508,0,0.2231186181306839,normal
3509,0,0.23227784037590027,normal
3510,0,0.2224847376346588,normal
3511,0,0.22011935710906982,normal
3512,0,0.2425364851951599,normal
3513,0,0.2205800563097,normal
3514,0,0.211819127202034,normal
3515,0,0.22021916508674622,normal
3516,0,0.22089524567127228,normal
3517,0,0.21721482276916504,normal
3518,0,0.22321189939975739,normal
3519,0,0.22681240737438202,normal
3520,0,0.21381783485412598,normal
3521,0,0.2509158253669739,normal
3522,0,0.2251271903514862,normal
3523,0,0.21736210584640503,normal
3524,0,0.23445488512516022,normal
3525,0,0.21224670112133026,normal
3526,0,0.2193666249513626,normal
3527,0,0.2291882038116455,normal
3528,0,0.21599425375461578,normal
3529,0,0.21836277842521667,normal
3530,0,0.22402618825435638,normal
3531,0,0.22007043659687042,normal
3532,0,0.21147434413433075,normal
3533,0,0.22373417019844055,normal
3534,0,0.2280634194612503,normal
3535,0,0.21429190039634705,normal
3536,0,0.25173455476760864,normal
3537,0,0.22980201244354248,normal
3538,0,0.2130676805973053,normal
3539,0,0.23623190820217133,normal
3540,0,0.2181764394044876,normal
3541,0,0.21161244809627533,normal
3542,0,0.225680872797966,normal
3543,0,0.21915371716022491,normal
3544,0,0.20987868309020996,normal
3545,0,0.22736689448356628,normal
3546,0,0.22076986730098724,normal
3547,0,0.21807394921779633,normal
3548,0,0.2234662026166916,normal
3549,0,0.22101271152496338,normal
3550,0,0.23030920326709747,normal
3551,0,0.24360282719135284,normal
3552,0,0.2434726506471634,normal
3553,0,0.22762517631053925,normal
3554,0,0.23014144599437714,normal
3555,0,0.21830783784389496,normal
3556,0,0.2198743373155594,normal
3557,0,0.2313375025987625,normal
3558,0,0.21329009532928467,normal
3559,0,0.22961314022541046,normal
3560,0,0.22968937456607819,normal
3561,0,0.21654678881168365,normal
3562,0,0.2393929660320282,normal
3563,0,0.2299843728542328,normal
3564,0,0.21357908844947815,normal
3565,0,0.22692787647247314,normal
3566,0,0.22712305188179016,normal
3567,0,0.21195454895496368,normal
3568,0,0.22925157845020294,normal
3569,0,0.21757759153842926,normal
3570,0,0.2149035632610321,normal
3571,0,0.22608236968517303,normal
3572,0,0.21979102492332458,normal
3573,0,0.21007554233074188,normal
3574,0,0.22237737476825714,normal
3575,0,0.21839383244514465,normal
3576,0,0.22893668711185455,normal
3577,0,0.22601643204689026,normal
3578,0,0.21814371645450592,normal
3579,0,0.2303992658853531,normal
3580,0,0.22585755586624146,normal
3581,0,0.21867600083351135,normal
3582,0,0.2357204705476761,normal
3583,0,0.22595053911209106,normal
3584,0,0.21350717544555664,normal
3585,0,0.2254752367734909,normal
3586,0,0.23196959495544434,normal
3587,0,0.21196405589580536,normal
3588,0,0.24275323748588562,normal
3589,0,0.21497605741024017,normal
3590,0,0.2184322029352188,normal
3591,0,0.22668792307376862,normal
3592,0,0.22745099663734436,normal
3593,0,0.21514810621738434,normal
3594,0,0.22562415897846222,normal
3595,0,0.22552506625652313,normal
3596,0,0.22382761538028717,normal
3597,0,0.22621168196201324,normal
3598,0,0.22694508731365204,normal
3599,0,0.22095058858394623,normal
3600,0,0.23192180693149567,normal
3601,0,0.2244720160961151,normal
3602,0,0.2240515649318695,normal
3603,0,0.23587767779827118,normal
3604,0,0.2125965654850006,normal
3605,0,0.2338639497756958,normal
3606,0,0.23102474212646484,normal
3607,0,0.21363405883312225,normal
3608,0,0.237711101770401,normal
3609,0,0.21921250224113464,normal
3610,0,0.21588584780693054,normal
3611,0,0.22682827711105347,normal
3612,0,0.219130277633667,normal
3613,0,0.21013584733009338,normal
3614,0,0.22190605103969574,normal
3615,0,0.21883872151374817,normal
3616,0,0.2182193547487259,normal
3617,0,0.2354070395231247,normal
3618,0,0.24348539113998413,normal
3619,0,0.24568435549736023,normal
3620,0,0.2395484298467636,normal
3621,0,0.23611395061016083,normal
3622,0,0.23340433835983276,normal
3623,0,0.22587117552757263,normal
3624,0,0.22687716782093048,normal
3625,0,0.21989138424396515,normal
3626,0,0.22621117532253265,normal
3627,0,0.2223464399576187,normal
3628,0,0.21687452495098114,normal
3629,0,0.2144259214401245,normal
3630,0,0.23298507928848267,normal
3631,0,0.22234702110290527,normal
3632,0,0.22549647092819214,normal
3633,0,0.25425344705581665,normal
3634,0,0.2163039594888687,normal
3635,0,0.21985600888729095,normal
3636,0,0.24632325768470764,normal
3637,0,0.22768592834472656,normal
3638,0,0.22796879708766937,normal
3639,0,0.2659094035625458,normal
3640,0,0.21980831027030945,normal
3641,0,0.21495287120342255,normal
3642,0,0.2385680228471756,normal
3643,0,0.21288131177425385,normal
3644,0,0.22175699472427368,normal
3645,0,0.22532275319099426,normal
3646,0,0.23450961709022522,normal
3647,0,0.22612765431404114,normal
3648,0,0.22618378698825836,normal
3649,0,0.2141241580247879,normal
3650,0,0.22335894405841827,normal
3651,0,0.22464023530483246,normal
3652,0,0.21836712956428528,normal
3653,0,0.22522500157356262,normal
3654,0,0.23803101480007172,normal
3655,0,0.24292758107185364,normal
3656,0,0.22397704422473907,normal
3657,0,0.22042202949523926,normal
3658,0,0.23562026023864746,normal
3659,0,0.22125788033008575,normal
3660,0,0.21636977791786194,normal
3661,0,0.23840337991714478,normal
3662,0,0.21257172524929047,normal
3663,0,0.21250759065151215,normal
3664,0,0.2265084683895111,normal
3665,0,0.2155388593673706,normal
3666,0,0.22614988684654236,normal
3667,0,0.2248513102531433,normal
3668,0,0.22382734715938568,normal
3669,0,0.22154296934604645,normal
3670,0,0.22741366922855377,normal
3671,0,0.22496697306632996,normal
3672,0,0.23124034702777863,normal
3673,0,0.2261585146188736,normal
3674,0,0.23454013466835022,normal
3675,0,0.22819766402244568,normal
3676,0,0.22839133441448212,normal
3677,0,0.2257022112607956,normal
3678,0,0.22840717434883118,normal
3679,0,0.2413901537656784,normal
3680,0,0.23141054809093475,normal
3681,0,0.23631702363491058,normal
3682,0,0.23562820255756378,normal
3683,0,0.23313239216804504,normal
3684,0,0.2176816463470459,normal
3685,0,0.21638096868991852,normal
3686,0,0.22414661943912506,normal
3687,0,0.21967852115631104,normal
3688,0,0.225749209523201,normal
3689,0,0.22466173768043518,normal
3690,0,0.23070985078811646,normal
3691,0,0.23010392487049103,normal
3692,0,0.2404009997844696,normal
3693,0,0.22877801954746246,normal
3694,0,0.21821969747543335,normal
3695,0,0.23881779611110687,normal
3696,0,0.24776147305965424,normal
3697,0,0.2436809539794922,normal
3698,0,0.23077155649662018,normal
3699,0,0.24984405934810638,normal
3700,0,0.24924468994140625,normal
3701,0,0.21977604925632477,normal
3702,0,0.21892286837100983,normal
3703,0,0.2409469187259674,normal
3704,0,0.24265986680984497,normal
3705,0,0.24264439940452576,normal
3706,0,0.2416745275259018,normal
3707,0,0.24109284579753876,normal
3708,0,0.21278396248817444,normal
3709,0,0.22576552629470825,normal
3710,0,0.22509771585464478,normal
3711,0,0.2192138135433197,normal
3712,0,0.21874265372753143,normal
3713,0,0.22360330820083618,normal
3714,0,0.2191695272922516,normal
3715,0,0.24244290590286255,normal
3716,0,0.2409544587135315,normal
3717,0,0.23887909948825836,normal
3718,0,0.27810126543045044,normal
3719,0,0.22469359636306763,normal
3720,0,0.2516556978225708,normal
3721,0,0.24367783963680267,normal
3722,0,0.21070696413516998,normal
3723,0,0.23191308975219727,normal
3724,0,0.22907888889312744,normal
3725,0,0.2218385487794876,normal
3726,0,0.21803997457027435,normal
3727,0,0.23446239531040192,normal
3728,0,0.22798018157482147,normal
3729,0,0.21899530291557312,normal
3730,0,0.23029011487960815,normal
3731,0,0.2407752424478531,normal
3732,0,0.22356465458869934,normal
3733,0,0.21360976994037628,normal
3734,0,0.24541296064853668,normal
3735,0,0.23605374991893768,normal
3736,0,0.23546364903450012,normal
3737,0,0.3026215732097626,normal
3738,0,0.24867776036262512,normal
3739,0,0.2251097708940506,normal
3740,0,0.25494977831840515,normal
3741,0,0.24111710488796234,normal
3742,0,0.21645289659500122,normal
3743,0,0.2142406553030014,normal
3744,0,0.23776187002658844,normal
3745,0,0.21681366860866547,normal
3746,0,0.221773162484169,normal
3747,0,0.2471645027399063,normal
3748,0,0.21642617881298065,normal
3749,0,0.22194546461105347,normal
3750,0,0.2367238849401474,normal
3751,0,0.21747379004955292,normal
3752,0,0.21382571756839752,normal
3753,0,0.23093554377555847,normal
3754,0,0.22824928164482117,normal
3755,0,0.21611668169498444,normal
3756,0,0.2230158895254135,normal
3757,0,0.2254721075296402,normal
3758,0,0.2188233584165573,normal
3759,0,0.21396470069885254,normal
3760,0,0.23381133377552032,normal
3761,0,0.23321229219436646,normal
3762,0,0.2235131412744522,normal
3763,0,0.22493986785411835,normal
3764,0,0.23283608257770538,normal
3765,0,0.2267659455537796,normal
3766,0,0.2136116474866867,normal
3767,0,0.23380424082279205,normal
3768,0,0.22663463652133942,normal
3769,0,0.21821080148220062,normal
3770,0,0.2521713078022003,normal
3771,0,0.21596819162368774,normal
3772,0,0.2184138298034668,normal
3773,0,0.2182612121105194,normal
3774,0,0.2245815545320511,normal
3775,0,0.21472685039043427,normal
3776,0,0.23769430816173553,normal
3777,0,0.253522127866745,normal
3778,0,0.22156383097171783,normal
3779,0,0.2770861089229584,normal
3780,0,0.24309727549552917,normal
3781,0,0.22419308125972748,normal
3782,0,0.23504520952701569,normal
3783,0,0.2293778955936432,normal
3784,0,0.24890270829200745,normal
3785,0,0.21999505162239075,normal
3786,0,0.2293318659067154,normal
3787,0,0.24340946972370148,normal
3788,0,0.2217755913734436,normal
3789,0,0.21836651861667633,normal
3790,0,0.22470948100090027,normal
3791,0,0.2275286167860031,normal
3792,0,0.21018707752227783,normal
3793,0,0.2224036604166031,normal
3794,0,0.23087549209594727,normal
3795,0,0.22680188715457916,normal
3796,0,0.21506765484809875,normal
3797,0,0.24000170826911926,normal
3798,0,0.231450155377388,normal
3799,0,0.22191274166107178,normal
3800,0,0.23171165585517883,normal
3801,0,0.2524074912071228,normal
3802,0,0.2443699836730957,normal
3803,0,0.2250080406665802,normal
3804,0,0.23276786506175995,normal
3805,0,0.25602370500564575,normal
3806,0,0.24492469429969788,normal
3807,0,0.21366940438747406,normal
3808,0,0.2267303615808487,normal
3809,0,0.22162440419197083,normal
3810,0,0.22786688804626465,normal
3811,0,0.21802841126918793,normal
3812,0,0.22397740185260773,normal
3813,0,0.24942763149738312,normal
3814,0,0.23768888413906097,normal
3815,0,0.2583414912223816,normal
3816,0,0.2880421578884125,normal
3817,0,0.22807753086090088,normal
3818,0,0.2257484793663025,normal
3819,0,0.21429625153541565,normal
3820,0,0.22567296028137207,normal
3821,0,0.23384881019592285,normal
3822,0,0.22175171971321106,normal
3823,0,0.21178966760635376,normal
3824,0,0.22362616658210754,normal
3825,0,0.23602823913097382,normal
3826,0,0.22006067633628845,normal
3827,0,0.22618255019187927,normal
3828,0,0.24623863399028778,normal
3829,0,0.23500032722949982,normal
3830,0,0.229963481426239,normal
3831,0,0.2161228507757187,normal
3832,0,0.24036814272403717,normal
3833,0,0.26119303703308105,normal
3834,0,0.2668077349662781,normal
3835,0,0.23244179785251617,normal
3836,0,0.24177323281764984,normal
3837,0,0.26595255732536316,normal
3838,0,0.25319018959999084,normal
3839,0,0.2386886179447174,normal
3840,0,0.24578380584716797,normal
3841,0,0.2680767774581909,normal
3842,0,0.23727154731750488,normal
3843,0,0.21467804908752441,normal
3844,0,0.23304080963134766,normal
3845,0,0.2620142102241516,normal
3846,0,0.2607276141643524,normal
3847,0,0.22691936790943146,normal
3848,0,0.22266145050525665,normal
3849,0,0.23491330444812775,normal
3850,0,0.24812842905521393,normal
3851,0,0.23269686102867126,normal
3852,0,0.24227142333984375,normal
3853,0,0.24952349066734314,normal
3854,0,0.23170287907123566,normal
3855,0,0.21398460865020752,normal
3856,0,0.23327364027500153,normal
3857,0,0.25660502910614014,normal
3858,0,0.25059014558792114,normal
3859,0,0.2198069840669632,normal
3860,0,0.23046478629112244,normal
3861,0,0.23682597279548645,normal
3862,0,0.24932979047298431,normal
3863,0,0.21585778892040253,normal
3864,0,0.21764397621154785,normal
3865,0,0.2438906580209732,normal
3866,0,0.2337709218263626,normal
3867,0,0.22538454830646515,normal
3868,0,0.26486629247665405,normal
3869,0,0.24026751518249512,normal
3870,0,0.2284775823354721,normal
3871,0,0.22749093174934387,normal
3872,0,0.2371567040681839,normal
3873,0,0.2549799084663391,normal
3874,0,0.21929924190044403,normal
3875,0,0.23694869875907898,normal
3876,0,0.2592327296733856,normal
3877,0,0.22940386831760406,normal
3878,0,0.23172125220298767,normal
3879,0,0.249815434217453,normal
3880,0,0.22748874127864838,normal
3881,0,0.21149177849292755,normal
3882,0,0.2209634929895401,normal
3883,0,0.2301911562681198,normal
3884,0,0.2424616515636444,normal
3885,0,0.2302098125219345,normal
3886,0,0.22931629419326782,normal
3887,0,0.23962147533893585,normal
3888,0,0.2358141392469406,normal
3889,0,0.21866552531719208,normal
3890,0,0.22519157826900482,normal
3891,0,0.24317380785942078,normal
3892,0,0.2401830554008484,normal
3893,0,0.21936862170696259,normal
3894,0,0.24521993100643158,normal
3895,0,0.24087226390838623,normal
3896,0,0.21863362193107605,normal
3897,0,0.2181181162595749,normal
3898,0,0.22367160022258759,normal
3899,0,0.22952641546726227,normal
3900,0,0.21373723447322845,normal
3901,0,0.21762873232364655,normal
3902,0,0.2270149141550064,normal
3903,0,0.22945818305015564,normal
3904,0,0.21459268033504486,normal
3905,0,0.21659500896930695,normal
3906,0,0.23200780153274536,normal
3907,0,0.23041114211082458,normal
3908,0,0.21501518785953522,normal
3909,0,0.2207145094871521,normal
3910,0,0.23052962124347687,normal
3911,0,0.23436444997787476,normal
3912,0,0.2175830453634262,normal
3913,0,0.23678314685821533,normal
3914,0,0.25744307041168213,normal
3915,0,0.25641947984695435,normal
3916,0,0.2255839854478836,normal
3917,0,0.23261351883411407,normal
3918,0,0.25196152925491333,normal
3919,0,0.2353302389383316,normal
3920,0,0.2253812551498413,normal
3921,0,0.23405243456363678,normal
3922,0,0.2553187310695648,normal
3923,0,0.23180057108402252,normal
3924,0,0.21644467115402222,normal
3925,0,0.2272646129131317,normal
3926,0,0.23733185231685638,normal
3927,0,0.2439568191766739,normal
3928,0,0.25184231996536255,normal
3929,0,0.24950505793094635,normal
3930,0,0.2328282743692398,normal
3931,0,0.22999414801597595,normal
3932,0,0.253307968378067,normal
3933,0,0.24504685401916504,normal
3934,0,0.2177823930978775,normal
3935,0,0.22255809605121613,normal
3936,0,0.2329472452402115,normal
3937,0,0.21873065829277039,normal
3938,0,0.21365801990032196,normal
3939,0,0.23146891593933105,normal
3940,0,0.24839510023593903,normal
3941,0,0.237999826669693,normal
3942,0,0.23067571222782135,normal
3943,0,0.244139164686203,normal
3944,0,0.2501518130302429,normal
3945,0,0.23149949312210083,normal
3946,0,0.21985481679439545,normal
3947,0,0.24006438255310059,normal
3948,0,0.2412371188402176,normal
3949,0,0.22355306148529053,normal
3950,0,0.2178199291229248,normal
3951,0,0.24009853601455688,normal
3952,0,0.2417847365140915,normal
3953,0,0.22791433334350586,normal
3954,0,0.23446384072303772,normal
3955,0,0.22632759809494019,normal
3956,0,0.2155444324016571,normal
3957,0,0.233229860663414,normal
3958,0,0.23067034780979156,normal
3959,0,0.23937036097049713,normal
3960,0,0.21386562287807465,normal
3961,0,0.21741656959056854,normal
3962,0,0.22988858819007874,normal
3963,0,0.220115527510643,normal
3964,0,0.21230942010879517,normal
3965,0,0.22723355889320374,normal
3966,0,0.23505297303199768,normal
3967,0,0.2394789755344391,normal
3968,0,0.21170103549957275,normal
3969,0,0.21967564523220062,normal
3970,0,0.23424746096134186,normal
3971,0,0.2282363772392273,normal
3972,0,0.21215420961380005,normal
3973,0,0.21968024969100952,normal
3974,0,0.23018251359462738,normal
3975,0,0.22162869572639465,normal
3976,0,0.21380877494812012,normal
3977,0,0.2255105972290039,normal
3978,0,0.2290704846382141,normal
3979,0,0.21813251078128815,normal
3980,0,0.21986360847949982,normal
3981,0,0.2356811761856079,normal
3982,0,0.2160954773426056,normal
3983,0,0.21746468544006348,normal
3984,0,0.24164102971553802,normal
3985,0,0.22468942403793335,normal
3986,0,0.21777738630771637,normal
3987,0,0.24184387922286987,normal
3988,0,0.23954467475414276,normal
3989,0,0.23372888565063477,normal
3990,0,0.24318259954452515,normal
3991,0,0.286080002784729,normal
3992,0,0.23793895542621613,normal
3993,0,0.2213759422302246,normal
3994,0,0.22788098454475403,normal
3995,0,0.23856984078884125,normal
3996,0,0.22659100592136383,normal
3997,0,0.21503032743930817,normal
3998,0,0.23338162899017334,normal
3999,0,0.22924987971782684,normal
4000,0,0.21401111781597137,normal
4001,0,0.21338018774986267,normal
4002,0,0.22345416247844696,normal
4003,0,0.21877530217170715,normal
4004,0,0.21475425362586975,normal
4005,0,0.22284792363643646,normal
4006,0,0.2281523048877716,normal
4007,0,0.21785464882850647,normal
4008,0,0.23520085215568542,normal
4009,0,0.23586082458496094,normal
4010,0,0.21945080161094666,normal
4011,0,0.21547892689704895,normal
4012,0,0.2217509001493454,normal
4013,0,0.2288600355386734,normal
4014,0,0.22751706838607788,normal
4015,0,0.21761523187160492,normal
4016,0,0.24857938289642334,normal
4017,0,0.23937858641147614,normal
4018,0,0.22213114798069,normal
4019,0,0.22632057964801788,normal
4020,0,0.23266121745109558,normal
4021,0,0.22769196331501007,normal
4022,0,0.221365824341774,normal
4023,0,0.21605184674263,normal
4024,1,0.237330824136734,normal
4025,1,0.2337997555732727,normal
4026,1,0.22256433963775635,normal
4027,1,0.22401025891304016,normal
4028,1,0.24456019699573517,normal
4029,1,0.23355749249458313,normal
4030,1,0.22377322614192963,normal
4031,1,0.25878000259399414,normal
4032,1,0.267360657453537,normal
4033,1,0.24737918376922607,normal
4034,1,0.259199321269989,normal
4035,1,0.3083326816558838,normal
4036,1,0.23589996993541718,normal
4037,1,0.21710842847824097,normal
4038,1,0.23152178525924683,normal
4039,1,0.23725980520248413,normal
4040,1,0.2256593257188797,normal
4041,1,0.21479184925556183,normal
4042,1,0.2298133820295334,normal
4043,1,0.2330414205789566,normal
4044,1,0.22457584738731384,normal
4045,1,0.22589637339115143,normal
4046,1,0.227375790476799,normal
4047,1,0.24088908731937408,normal
4048,1,0.22482047975063324,normal
4049,1,0.21449315547943115,normal
4050,1,0.2420237511396408,normal
4051,1,0.22179503738880157,normal
4052,1,0.2136039286851883,normal
4053,1,0.21438764035701752,normal
4054,1,0.22104252874851227,normal
4055,1,0.23683401942253113,normal
4056,1,0.24671180546283722,normal
4057,1,0.2532441020011902,normal
4058,1,0.24289190769195557,normal
4059,1,0.21851564943790436,normal
4060,1,0.2186172753572464,normal
4061,1,0.24334706366062164,normal
4062,1,0.2451774626970291,normal
4063,1,0.21707448363304138,normal
4064,1,0.23120060563087463,normal
4065,1,0.22670847177505493,normal
4066,1,0.22278067469596863,normal
4067,1,0.21152029931545258,normal
4068,1,0.21896564960479736,normal
4069,1,0.2292894870042801,normal
4070,1,0.22876040637493134,normal
4071,1,0.2378772646188736,normal
4072,1,0.2607268691062927,normal
4073,1,0.24379420280456543,normal
4074,1,0.23812638223171234,normal
4075,1,0.2597266733646393,normal
4076,1,0.2953547537326813,normal
4077,1,0.2610017657279968,normal
4078,1,0.24789085984230042,normal
4079,1,0.2970295250415802,normal
4080,1,0.254980206489563,normal
4081,1,0.22816860675811768,normal
4082,1,0.26501768827438354,normal
4083,1,0.2642204761505127,normal
4084,1,0.2505771815776825,normal
4085,1,0.2779169976711273,normal
4086,1,0.22588908672332764,normal
4087,1,0.2568552792072296,normal
4088,1,0.2675628662109375,normal
4089,1,0.2162644863128662,normal
4090,1,0.25507229566574097,normal
4091,1,0.2287093997001648,normal
4092,1,0.2221660614013672,normal
4093,1,0.25278881192207336,normal
4094,1,0.23550014197826385,normal
4095,1,0.23688335716724396,normal
4096,1,0.26101621985435486,normal
4097,1,0.24824529886245728,normal
4098,1,0.22281023859977722,normal
4099,1,0.26917508244514465,normal
4100,1,0.23359422385692596,normal
4101,1,0.22669148445129395,normal
4102,1,0.26788467168807983,normal
4103,1,0.22307392954826355,normal
4104,1,0.2377929389476776,normal
4105,1,0.2514978051185608,normal
4106,1,0.21899662911891937,normal
4107,1,0.2509113550186157,normal
4108,1,0.23144103586673737,normal
4109,1,0.27600738406181335,normal
4110,1,0.278045654296875,normal
4111,1,0.2376941740512848,normal
4112,1,0.30356350541114807,normal
4113,1,0.22963343560695648,normal
4114,1,0.2382921576499939,normal
4115,1,0.25265130400657654,normal
4116,1,0.25970011949539185,normal
4117,1,0.2789105474948883,normal
4118,1,0.29679667949676514,normal
4119,1,0.27009400725364685,normal
4120,1,0.2634703814983368,normal
4121,1,0.29253268241882324,normal
4122,1,0.23588894307613373,normal
4123,1,0.2803318500518799,normal
4124,1,0.2793225646018982,normal
4125,1,0.23169821500778198,normal
4126,1,0.26722049713134766,normal
4127,1,0.23630376160144806,normal
4128,1,0.24382679164409637,normal
4129,1,0.2832389771938324,normal
4130,1,0.25448077917099,normal
4131,1,0.2787153720855713,normal
4132,1,0.2596750259399414,normal
4133,1,0.2778802812099457,normal
4134,1,0.28560781478881836,normal
4135,1,0.23753732442855835,normal
4136,1,0.3084763288497925,normal
4137,1,0.3044215142726898,normal
4138,1,0.23869237303733826,normal
4139,1,0.2823474705219269,normal
4140,1,0.27442294359207153,normal
4141,1,0.26642149686813354,normal
4142,1,0.30156007409095764,normal
4143,1,0.3394155502319336,normal
4144,1,0.25853556394577026,normal
4145,1,0.3255433142185211,normal
4146,1,0.26617783308029175,normal
4147,1,0.23727430403232574,normal
4148,1,0.28204965591430664,normal
4149,1,0.2419101893901825,normal
4150,1,0.22871552407741547,normal
4151,1,0.25275281071662903,normal
4152,1,0.2255246937274933,normal
4153,1,0.22163617610931396,normal
4154,1,0.22713474929332733,normal
4155,1,0.21218469738960266,normal
4156,1,0.22264820337295532,normal
4157,1,0.2258765548467636,normal
4158,1,0.2274874746799469,normal
4159,1,0.21649470925331116,normal
4160,1,0.21424414217472076,normal
4161,1,0.21918818354606628,normal
4162,1,0.21873711049556732,normal
4163,1,0.21641306579113007,normal
4164,1,0.22230039536952972,normal
4165,1,0.21802181005477905,normal
4166,1,0.21213208138942719,normal
4167,1,0.23445884883403778,normal
4168,1,0.22674427926540375,normal
4169,1,0.21605487167835236,normal
4170,1,0.24970416724681854,normal
4171,1,0.2169274240732193,normal
4172,1,0.2137346863746643,normal
4173,1,0.2271714210510254,normal
4174,1,0.22241535782814026,normal
4175,1,0.21482300758361816,normal
4176,1,0.23131050169467926,normal
4177,1,0.22754032909870148,normal
4178,1,0.24175399541854858,normal
4179,1,0.2704535126686096,normal
4180,1,0.2432638555765152,normal
4181,1,0.3329024910926819,normal
4182,1,0.2760257422924042,normal
4183,1,0.2519356608390808,normal
4184,1,0.272917777299881,normal
4185,1,0.21129463613033295,normal
4186,1,0.23491668701171875,normal
4187,1,0.21558064222335815,normal
4188,1,0.2222082018852234,normal
4189,1,0.22626641392707825,normal
4190,1,0.22362472116947174,normal
4191,1,0.23003587126731873,normal
4192,1,0.2232680767774582,normal
4193,1,0.21291807293891907,normal
4194,1,0.24399219453334808,normal
4195,1,0.21778176724910736,normal
4196,1,0.2243160456418991,normal
4197,1,0.24364343285560608,normal
4198,1,0.21231137216091156,normal
4199,1,0.22000756859779358,normal
4200,1,0.2219456285238266,normal
4201,1,0.21259653568267822,normal
4202,1,0.227224200963974,normal
4203,1,0.2245868593454361,normal
4204,1,0.22706449031829834,normal
4205,1,0.24815970659255981,normal
4206,1,0.21620939671993256,normal
4207,1,0.25119245052337646,normal
4208,1,0.23287144303321838,normal
4209,1,0.2280619591474533,normal
4210,1,0.2652520537376404,normal
4211,1,0.22428107261657715,normal
4212,1,0.2514178156852722,normal
4213,1,0.24640505015850067,normal
4214,1,0.26716670393943787,normal
4215,1,0.2739419639110565,normal
4216,1,0.22641605138778687,normal
4217,1,0.2753778100013733,normal
4218,1,0.27423813939094543,normal
4219,1,0.3041805624961853,normal
4220,1,0.38137614727020264,normal
4221,1,0.2846241891384125,normal
4222,1,0.2862187623977661,normal
4223,1,0.3172495365142822,normal
4224,1,0.238912895321846,normal
4225,1,0.3091103136539459,normal
4226,1,0.2715816795825958,normal
4227,1,0.26772257685661316,normal
4228,1,0.32850420475006104,normal
4229,1,0.26152268052101135,normal
4230,1,0.2974946200847626,normal
4231,1,0.3000065088272095,normal
4232,1,0.2466411590576172,normal
4233,1,0.3311546742916107,normal
4234,1,0.2540445625782013,normal
4235,1,0.25679486989974976,normal
4236,1,0.2794181704521179,normal
4237,1,0.2247118502855301,normal
4238,1,0.2266838550567627,normal
4239,1,0.2159326672554016,normal
4240,1,0.24823112785816193,normal
4241,1,0.22967205941677094,normal
4242,1,0.2206796407699585,normal
4243,1,0.2533690929412842,normal
4244,1,0.21218673884868622,normal
4245,1,0.22303107380867004,normal
4246,1,0.23628635704517365,normal
4247,1,0.21081604063510895,normal
4248,1,0.23348134756088257,normal
4249,1,0.2218276858329773,normal
4250,1,0.21963775157928467,normal
4251,1,0.21844831109046936,normal
4252,1,0.22087381780147552,normal
4253,1,0.228576198220253,normal
4254,1,0.22502410411834717,normal
4255,1,0.21557947993278503,normal
4256,1,0.22390864789485931,normal
4257,1,0.21435301005840302,normal
4258,1,0.21703726053237915,normal
4259,1,0.22651654481887817,normal
4260,1,0.21600644290447235,normal
4261,1,0.22708013653755188,normal
4262,1,0.22531002759933472,normal
4263,1,0.22758670151233673,normal
4264,1,0.21645140647888184,normal
4265,1,0.21382559835910797,normal
4266,1,0.2223929911851883,normal
4267,1,0.2114351987838745,normal
4268,1,0.22318144142627716,normal
4269,1,0.22385559976100922,normal
4270,1,0.21156324446201324,normal
4271,1,0.2404755800962448,normal
4272,1,0.21619190275669098,normal
4273,1,0.2215363085269928,normal
4274,1,0.24025678634643555,normal
4275,1,0.21240639686584473,normal
4276,1,0.22526657581329346,normal
4277,1,0.2182983160018921,normal
4278,1,0.21330076456069946,normal
4279,1,0.23839911818504333,normal
4280,1,0.21430164575576782,normal
4281,1,0.22950288653373718,normal
4282,1,0.23830458521842957,normal
4283,1,0.21269793808460236,normal
4284,1,0.2238495945930481,normal
4285,1,0.21453814208507538,normal
4286,1,0.21766498684883118,normal
4287,1,0.23047183454036713,normal
4288,1,0.22186267375946045,normal
4289,1,0.21948672831058502,normal
4290,1,0.23135137557983398,normal
4291,1,0.223223477602005,normal
4292,1,0.22081682085990906,normal
4293,1,0.21934564411640167,normal
4294,1,0.23645895719528198,normal
4295,1,0.2233143150806427,normal
4296,1,0.22451460361480713,normal
4297,1,0.2413148283958435,normal
4298,1,0.2187107354402542,normal
4299,1,0.23788751661777496,normal
4300,1,0.2608948051929474,normal
4301,1,0.23498646914958954,normal
4302,1,0.28738054633140564,normal
4303,1,0.24099399149417877,normal
4304,1,0.2649461030960083,normal
4305,1,0.2788925766944885,normal
4306,1,0.2804863154888153,normal
4307,1,0.3490428030490875,normal
4308,1,0.3212928771972656,normal
4309,1,0.2942977249622345,normal
4310,1,0.24399633705615997,normal
4311,1,0.29697689414024353,normal
4312,1,0.2584112286567688,normal
4313,1,0.2683810591697693,normal
4314,1,0.26034969091415405,normal
4315,1,0.22303514182567596,normal
4316,1,0.23799313604831696,normal
4317,1,0.21321535110473633,normal
4318,1,0.2279897779226303,normal
4319,1,0.21592658758163452,normal
4320,1,0.21860168874263763,normal
4321,1,0.22634819149971008,normal
4322,1,0.21100015938282013,normal
4323,1,0.2247401773929596,normal
4324,1,0.220138818025589,normal
4325,1,0.21443648636341095,normal
4326,1,0.26068824529647827,normal
4327,1,0.2398882657289505,normal
4328,1,0.2785325348377228,normal
4329,1,0.3183930814266205,normal
4330,1,0.23954391479492188,normal
4331,1,0.2664819359779358,normal
4332,1,0.24078115820884705,normal
4333,1,0.2598792612552643,normal
4334,1,0.2558348774909973,normal
4335,1,0.2988356053829193,normal
4336,1,0.2632085084915161,normal
4337,1,0.2336357980966568,normal
4338,1,0.2634703516960144,normal
4339,1,0.24638327956199646,normal
4340,1,0.23221354186534882,normal
4341,1,0.2507818639278412,normal
4342,1,0.2154913991689682,normal
4343,1,0.2507247030735016,normal
4344,1,0.23112450540065765,normal
4345,1,0.2252381443977356,normal
4346,1,0.2587321698665619,normal
4347,1,0.2166726142168045,normal
4348,1,0.23666706681251526,normal
4349,1,0.22888422012329102,normal
4350,1,0.2115873098373413,normal
4351,1,0.22652457654476166,normal
4352,1,0.21695375442504883,normal
4353,1,0.21402987837791443,normal
4354,1,0.22836974263191223,normal
4355,1,0.2155626267194748,normal
4356,1,0.22114455699920654,normal
4357,1,0.22506682574748993,normal
4358,1,0.22812607884407043,normal
4359,1,0.24039089679718018,normal
4360,1,0.24141569435596466,normal
4361,1,0.27291905879974365,normal
4362,1,0.2404385507106781,normal
4363,1,0.23305989801883698,normal
4364,1,0.25250229239463806,normal
4365,1,0.23382686078548431,normal
4366,1,0.24670137465000153,normal
4367,1,0.3163682222366333,normal
4368,1,0.24826835095882416,normal
4369,1,0.32919934391975403,normal
4370,1,0.3047255873680115,normal
4371,1,0.23798254132270813,normal
4372,1,0.30228427052497864,normal
4373,1,0.23250100016593933,normal
4374,1,0.21256417036056519,normal
4375,1,0.23621948063373566,normal
4376,1,0.22663187980651855,normal
4377,1,0.2216746211051941,normal
4378,1,0.22845444083213806,normal
4379,1,0.2344609647989273,normal
4380,1,0.2270849049091339,normal
4381,1,0.22500362992286682,normal
4382,1,0.2327689230442047,normal
4383,1,0.24033993482589722,normal
4384,1,0.22879420220851898,normal
4385,1,0.23154757916927338,normal
4386,1,0.22818432748317719,normal
4387,1,0.23119832575321198,normal
4388,1,0.2566588222980499,normal
4389,1,0.24199315905570984,normal
4390,1,0.2218855768442154,normal
4391,1,0.24891474843025208,normal
4392,1,0.24021592736244202,normal
4393,1,0.22636418044567108,normal
4394,1,0.2122938334941864,normal
4395,1,0.23855358362197876,normal
4396,1,0.22741176187992096,normal
4397,1,0.22149504721164703,normal
4398,1,0.21865373849868774,normal
4399,1,0.2321874350309372,normal
4400,1,0.23405037820339203,normal
4401,1,0.2173774093389511,normal
4402,1,0.23159196972846985,normal
4403,1,0.23659741878509521,normal
4404,1,0.2182406783103943,normal
4405,1,0.21369324624538422,normal
4406,1,0.22796763479709625,normal
4407,1,0.2404562085866928,normal
4408,1,0.2252354919910431,normal
4409,1,0.22998052835464478,normal
4410,1,0.22334899008274078,normal
4411,1,0.22340671718120575,normal
4412,1,0.21973469853401184,normal
4413,1,0.2279072105884552,normal
4414,1,0.2155945599079132,normal
4415,1,0.22075338661670685,normal
4416,1,0.24089591205120087,normal
4417,1,0.21452602744102478,normal
4418,1,0.22220949828624725,normal
4419,1,0.23477105796337128,normal
4420,1,0.2147054523229599,normal
4421,1,0.21542435884475708,normal
4422,1,0.2235824316740036,normal
4423,1,0.2243417203426361,normal
4424,1,0.2138468623161316,normal
4425,1,0.22254954278469086,normal
4426,1,0.22577813267707825,normal
4427,1,0.22073405981063843,normal
4428,1,0.23047292232513428,normal
4429,0,0.22686773538589478,normal
4430,0,0.21927236020565033,normal
4431,0,0.22027689218521118,normal
4432,0,0.22480161488056183,normal
4433,0,0.21538110077381134,normal
4434,0,0.22388307750225067,normal
4435,0,0.21866536140441895,normal
4436,0,0.2241663783788681,normal
4437,0,0.23870597779750824,normal
4438,0,0.24670344591140747,normal
4439,0,0.2442106306552887,normal
4440,0,0.23536288738250732,normal
4441,0,0.24246364831924438,normal
4442,0,0.23528853058815002,normal
4443,0,0.23814883828163147,normal
4444,0,0.23298746347427368,normal
4445,0,0.22670511901378632,normal
4446,0,0.23716449737548828,normal
4447,0,0.22073078155517578,normal
4448,0,0.22374345362186432,normal
4449,0,0.2278168946504593,normal
4450,0,0.22405339777469635,normal
4451,0,0.21610942482948303,normal
4452,0,0.2147713154554367,normal
4453,0,0.22602888941764832,normal
4454,0,0.21274197101593018,normal
4455,0,0.2289770096540451,normal
4456,0,0.22598177194595337,normal
4457,0,0.21296939253807068,normal
4458,0,0.22270779311656952,normal
4459,0,0.21626783907413483,normal
4460,0,0.23131738603115082,normal
4461,0,0.22811073064804077,normal
4462,0,0.23354782164096832,normal
4463,0,0.22950510680675507,normal
4464,0,0.22645257413387299,normal
4465,0,0.21975667774677277,normal
4466,0,0.23022925853729248,normal
4467,0,0.23395240306854248,normal
4468,0,0.22793592512607574,normal
4469,0,0.2230348438024521,normal
4470,0,0.23887939751148224,normal
4471,0,0.2440309375524521,normal
4472,0,0.24016723036766052,normal
4473,0,0.23785917460918427,normal
4474,0,0.24756573140621185,normal
4475,0,0.2439918965101242,normal
4476,0,0.2308238446712494,normal
4477,0,0.24130704998970032,normal
4478,0,0.2445301115512848,normal
4479,0,0.2397605925798416,normal
4480,0,0.2429300993680954,normal
4481,0,0.25745055079460144,normal
4482,0,0.23627208173274994,normal
4483,0,0.23513878881931305,normal
4484,0,0.23338809609413147,normal
4485,0,0.24584394693374634,normal
4486,0,0.2370271235704422,normal
4487,0,0.23608984053134918,normal
4488,0,0.23745791614055634,normal
4489,0,0.2496040314435959,normal
4490,0,0.2441563606262207,normal
4491,0,0.24373528361320496,normal
4492,0,0.23972700536251068,normal
4493,0,0.22828565537929535,normal
4494,0,0.2355012744665146,normal
4495,0,0.23933617770671844,normal
4496,0,0.2368433177471161,normal
4497,0,0.23153328895568848,normal
4498,0,0.2482774555683136,normal
4499,0,0.23629820346832275,normal
4500,0,0.23777998983860016,normal
4501,0,0.22776930034160614,normal
4502,0,0.22497162222862244,normal
4503,0,0.22403688728809357,normal
4504,0,0.22536616027355194,normal
4505,0,0.22180868685245514,normal
4506,0,0.21476557850837708,normal
4507,0,0.2304173856973648,normal
4508,0,0.21441349387168884,normal
4509,0,0.21813499927520752,normal
4510,0,0.24938395619392395,normal
4511,0,0.22197218239307404,normal
4512,0,0.239167720079422,normal
4513,0,0.2782840132713318,normal
4514,0,0.21490925550460815,normal
4515,0,0.23562736809253693,normal
4516,0,0.22639428079128265,normal
4517,0,0.21621011197566986,normal
4518,0,0.234054833650589,normal
4519,0,0.21054042875766754,normal
4520,0,0.23022174835205078,normal
4521,0,0.22799503803253174,normal
4522,0,0.21882082521915436,normal
4523,0,0.22543048858642578,normal
4524,0,0.22082673013210297,normal
4525,0,0.22269651293754578,normal
4526,0,0.22383634746074677,normal
4527,0,0.23250839114189148,normal
4528,0,0.22594530880451202,normal
4529,0,0.23486775159835815,normal
4530,0,0.22632122039794922,normal
4531,0,0.2204122394323349,normal
4532,0,0.2330443561077118,normal
4533,0,0.22701022028923035,normal
4534,0,0.21434947848320007,normal
4535,0,0.23434434831142426,normal
4536,0,0.22023876011371613,normal
4537,0,0.21386763453483582,normal
4538,0,0.23009195923805237,normal
4539,0,0.2181173413991928,normal
